{"attributes": {"name": "Assembly", "color.vertex": null, "color.edge": null, "color.face": null}, "dva": {"x": 0.0, "y": 0.0, "z": 0.0, "is_planned": false, "is_placed": false}, "dea": {}, "vertex": {"0": {"x": -0.26, "y": -0.28, "z": 0.015, "is_planned": true, "is_placed": false, "element": {"frame": {"point": [-0.26, -0.28, 0.015], "xaxis": [1.0, 0.0, 0.0], "yaxis": [-0.0, 1.0, 0.0]}, "_source": {"dtype": "compas.geometry.primitives.shapes.box/Box", "data": {"frame": {"point": [-0.26, -0.28, 0.008], "xaxis": [1.0, 0.0, 0.0], "yaxis": [-0.0, 1.0, 0.0]}, "xsize": 0.06, "ysize": 0.03, "zsize": 0.014}}, "trajectory": [{"values": [-6.023, 4.448, -2.312, 5.718, 1.571, -2.882], "types": [0, 0, 0, 0, 0, 0], "velocities": [0.0, 0.0, 0.0, 0.0, 0.0, 0.0], "accelerations": [-0.9976948177593383, 0.0, 0.0, 0.0, 0.0, 0.0], "effort": [0.0, 0.0, 0.0, 0.0, 0.0, 0.0], "time_from_start": {"secs": 0, "nsecs": 0}}, {"values": [-6.026539336689875, 4.445524041124942, -2.3122329853836754, 5.720689917727743, 1.5707963863573025, -2.8849466850330012], "types": [0, 0, 0, 0, 0, 0], "velocities": [-0.021009963957496446, 0.09216653962668218, 0.025370626047306825, -0.11765010691060059, -0.0012086478932131677, -0.017491991552496162], "accelerations": [0.44637645605569404, 2.5828040044427003, 0.5978179372076905, -3.1782222827225826, 0.025680104048594988, 0.3716302061694541], "effort": [0.0, 0.0, 0.0, 0.0, 0.0, 0.0], "time_from_start": {"secs": 0, "nsecs": 84231993}}, {"values": [-6.02653944241128, 4.467758156318273, -2.306666618015603, 5.692889435166333, 1.5707963863572327, -2.884946790754406], "types": [0, 0, 0, 0, 0, 0], "velocities": [-1.4788306258675114e-06, 0.3061876387327048, 0.08273931981393709, -0.38892695854673104, -9.752731217516964e-13, -1.4788306258675114e-06], "accelerations": [-1.167479497479629e-05, 2.3335803551502203, 0.7377823621976536, -3.0713627173485065, -7.699437483542311e-12, -1.167479497479629e-05], "effort": [0.0, 0.0, 0.0, 0.0, 0.0, 0.0], "time_from_start": {"secs": 0, "nsecs": 188262149}}, {"values": [-6.026539548132361, 4.489466911935407, -2.3005691046203998, 5.665083166153989, 1.570796386357163, -2.884946896475488], "types": [0, 0, 0, 0, 0, 0], "velocities": [-2.216123149052854e-06, 0.4486314718944633, 0.13397358399449302, -0.5826050558890867, -1.461513772643135e-12, -2.216123154284354e-06], "accelerations": [-1.13403445407063e-05, 2.0633192962064526, 0.9082453948608249, -2.971564691067945, -7.478948554082334e-12, -1.1340344756661392e-05], "effort": [0.0, 0.0, 0.0, 0.0, 0.0, 0.0], "time_from_start": {"secs": 0, "nsecs": 242718143}}, {"values": [-6.02653965385312, 4.510630027253067, -2.2939489034562603, 5.637299849672184, 1.5707963863570933, -2.8849470021962467], "types": [0, 0, 0, 0, 0, 0], "velocities": [-2.4743697110374735e-06, 0.4887658527297636, 0.1609176198283242, -0.649683472558223, -1.6318297650730194e-12, -2.4743697111066528e-06], "accelerations": [7.710434362138394e-07, -0.46102661901219455, 0.23131547173859665, 0.2297111472741273, 5.083816879552301e-13, 7.710439227228988e-07], "effort": [0.0, 0.0, 0.0, 0.0, 0.0, 0.0], "time_from_start": {"secs": 0, "nsecs": 285161920}}, {"values": [-6.026539759573557, 4.531229447764143, -2.2868148639343664, 5.609566389639209, 1.5707963863570236, -2.884947107916683], "types": [0, 0, 0, 0, 0, 0], "velocities": [-2.182377977690286e-06, 0.42000619243770276, 0.15181878021415413, -0.571824972651975, -1.439267361304351e-12, -2.182377972527965e-06], "accelerations": [1.1193754528190275e-05, -2.393398043501731, -0.5704430542688103, 2.9638410977707808, 7.38213690148869e-12, 1.1193754318456182e-05], "effort": [0.0, 0.0, 0.0, 0.0, 0.0, 0.0], "time_from_start": {"secs": 0, "nsecs": 328174477}}, {"values": [-6.026539865293669, 4.5512493371214635, -2.279176167572177, 5.581907803919693, 1.5707963863569538, -2.8849472136367957], "types": [0, 0, 0, 0, 0, 0], "velocities": [-1.3448794292756796e-06, 0.2524795707722734, 0.09900659491701284, -0.35148616568936536, -8.86943576160382e-13, -1.3448794309200143e-06], "accelerations": [1.1801446368056884e-05, -2.2809202226301415, -0.8141931305927269, 3.095113353223562, 7.782991762263228e-12, 1.1801446333526214e-05], "effort": [0.0, 0.0, 0.0, 0.0, 0.0, 0.0], "time_from_start": {"secs": 0, "nsecs": 383616499}}, {"values": [-6.0265399710134595, 4.570676067956541, -2.271042253275498, 5.55434715878793, 1.5707963863568841, -2.8849473193565864], "types": [0, 0, 0, 0, 0, 0], "velocities": [0.0, 0.0, 0.0, 0.0, 0.0, 0.0], "accelerations": [1.1595414138431383e-05, -2.130736249516947, -0.8921329167285887, 3.0228691662462177, 7.647154156834167e-12, 1.159541418713937e-05], "effort": [0.0, 0.0, 0.0, 0.0, 0.0, 0.0], "time_from_start": {"secs": 0, "nsecs": 518652638}}, {"values": [-6.0265399710134595, 4.570676067956541, -2.271042253275498, 5.55434715878793, 1.5707963863568841, -2.8849473193565864], "types": [0, 0, 0, 0, 0, 0], "velocities": [0.0, 0.0, 0.0, 0.0, 0.0, 0.0], "accelerations": [3.0326055273207104, 0.0, 0.0, 0.0, 0.0, 0.0], "effort": [0.0, 0.0, 0.0, 0.0, 0.0, 0.0], "time_from_start": {"secs": 0, "nsecs": 0}}, {"values": [-5.931685781799077, 4.582327866538846, -2.284059257510593, 5.554284381941286, 1.5719027893390776, -2.791744581334888], "types": [0, 0, 0, 0, 0, 0], "velocities": [0.6517790372787834, 0.08006391837240986, -0.0894447631556769, -0.00043136347491117574, 0.0076025136744004955, 0.6404312910443173], "accelerations": [3.0905210944972756, 0.37963667820786623, -0.42411754830142223, -0.0020453832393483437, 0.03604861086057514, 3.0367138268394216], "effort": [0.0, 0.0, 0.0, 0.0, 0.0, 0.0], "time_from_start": {"secs": 0, "nsecs": 250112441}}, {"values": [-5.836831592584693, 4.593979665121152, -2.2970762617456884, 5.554221605094641, 1.5730091923212712, -2.698541843313189], "types": [0, 0, 0, 0, 0, 0], "velocities": [1.0561552366288902, 0.1297371069298198, -0.14493800750374858, -0.0006989896373721244, 0.012319258781754907, 1.0377671312680559], "accelerations": [2.8902699442027977, 0.3550380169529638, -0.39663673703667757, -0.0019128520789630059, 0.033712831368791385, 2.8399491330076754], "effort": [0.0, 0.0, 0.0, 0.0, 0.0, 0.0], "time_from_start": {"secs": 0, "nsecs": 352733851}}, {"values": [-5.741977403370311, 4.6056314637034586, -2.3100932659807834, 5.5541588282479974, 1.5741155953034647, -2.6053391052914905], "types": [0, 0, 0, 0, 0, 0], "velocities": [1.2905101771655096, 0.15852504541221263, -0.1770989408135673, -0.0008540915288575329, 0.015052833410868039, 1.2680418540592435], "accelerations": [2.771780623397434, 0.3404829012364933, -0.38037624286660277, -0.0018344329183859948, 0.0323307423015947, 2.723522760942384], "effort": [0.0, 0.0, 0.0, 0.0, 0.0, 0.0], "time_from_start": {"secs": 0, "nsecs": 432577540}}, {"values": [-5.647123214155927, 4.617283262285764, -2.323110270215879, 5.554096051401353, 1.5752219982856583, -2.5121363672697923], "types": [0, 0, 0, 0, 0, 0], "velocities": [1.4813567840684794, 0.18196846148236093, -0.2032891503434252, -0.0009803985298866033, 0.017278915956802962, 1.4555657415420167], "accelerations": [2.749280068031698, 0.33771895436957833, -0.3772884527866225, -0.0018195414946170251, 0.03206829019723946, 2.7014139496773164], "effort": [0.0, 0.0, 0.0, 0.0, 0.0, 0.0], "time_from_start": {"secs": 0, "nsecs": 500669935}}, {"values": [-5.552269024941545, 4.62893506086807, -2.336127274450974, 5.554033274554708, 1.5763284012678518, -2.4189336292480936], "types": [0, 0, 0, 0, 0, 0], "velocities": [1.4813567840684794, 0.18196846148236093, -0.2032891503434252, -0.0009803985298866033, 0.017278915956802962, 1.45556574154202], "accelerations": [-2.749280068031698, -0.33771895436957833, 0.3772884527866225, 0.0018195414946170251, -0.03206829019723946, -2.7014139496772165], "effort": [0.0, 0.0, 0.0, 0.0, 0.0, 0.0], "time_from_start": {"secs": 0, "nsecs": 561098479}}, {"values": [-5.457414835727161, 4.640586859450376, -2.3491442786860692, 5.553970497708064, 1.5774348042500455, -2.325730891226395], "types": [0, 0, 0, 0, 0, 0],