{"picking_configuration": {"values": [0.91700000000000004, 5.0170000000000003, 2.6840000000000002, 3.294, -1.571, 0.91700000000000004], "types": [0, 0, 0, 0, 0, 0], "joint_names": []}, "safelevel_vector": [0.0, 0.0, 0.050000000000000003], "element0": {"_source": {"data": {"ysize": 0.02, "xsize": 0.23000000000000001, "frame": {"yaxis": [0.0, 1.0, 0.0], "xaxis": [1.0, 0.0, 0.0], "point": [0.0, 0.0, 0.0025000000000000001]}, "zsize": 0.0050000000000000001}, "dtype": "compas.geometry.shapes.box/Box"}, "_mesh": {"compas": "0.17.2", "datatype": "compas.datastructures/Mesh", "data": {"facedata": {"0": {}, "1": {}, "2": {}, "3": {}, "4": {}, "5": {}}, "dva": {"z": 0.0, "y": 0.0, "x": 0.0}, "face": {"0": [0, 1, 2, 3], "1": [0, 3, 5, 4], "2": [3, 2, 6, 5], "3": [2, 1, 7, 6], "4": [1, 0, 4, 7], "5": [4, 5, 6, 7]}, "edgedata": {}, "dfa": {}, "max_vertex": 7, "dea": {}, "attributes": {"name": "Box"}, "max_face": 5, "vertex": {"0": {"z": 0.0, "y": -0.01, "x": -0.115}, "1": {"z": 0.0, "y": 0.01, "x": -0.115}, "2": {"z": 0.0, "y": 0.01, "x": 0.115}, "3": {"z": 0.0, "y": -0.01, "x": 0.115}, "4": {"z": 0.0050000000000000001, "y": -0.01, "x": -0.115}, "5": {"z": 0.0050000000000000001, "y": -0.01, "x": 0.115}, "6": {"z": 0.0050000000000000001, "y": 0.01, "x": 0.115}, "7": {"z": 0.0050000000000000001, "y": 0.01, "x": -0.115}}}}, "frame": {"yaxis": [0.0, 1.0, 0.0], "xaxis": [1.0, 0.0, 0.0], "point": [0.0, 0.0, 0.0050000000000000001]}, "_tool_frame": {"yaxis": [0.0, 1.0, 0.0], "xaxis": [1.0, 0.0, 0.0], "point": [0.0, 0.0, 0.0050000000000000001]}}, "picking_frame": {"yaxis": [0.0, 1.0, 0.0], "xaxis": [1.0, 0.0, 0.0], "point": [0.074999999999999997, 0.41599999999999998, 0.0060000000000000001]}, "tolerance_vector": [0.0, 0.0, 0.001]}