# File generated by ImageToStl.com - Free Image and 3D model conversion tools

mtllib base.mtl

o obj1
v -0.0310232 -0.08448371 0.08564815
v -0.04522221 -0.07781304 0.08564816
v -0.04531747 -0.0779769 0.0807982
v -0.03108853 -0.08466163 0.08079818
v -0.05816959 -0.06892288 0.0807982
v -0.06925408 -0.05777491 0.08079821
v -0.06950424 -0.05798328 0.07594818
v -0.05837964 -0.06917185 0.07594818
v -0.07744464 0.04501353 0.08564819
v -0.06890906 0.05811927 0.08564819
v -0.06905421 0.05824194 0.08079822
v -0.07760773 0.0451083 0.08079822
v 0.06882961 0.05743552 0.08564808
v 0.07817305 0.04485775 0.08564808
v 0.07833762 0.0449524 0.08079811
v 0.06897451 0.0575564 0.08079811
v 0.04477465 -0.07806976 0.0856481
v 0.03054058 -0.08465994 0.08564811
v 0.03060471 -0.08483822 0.08079814
v 0.04486858 -0.07823415 0.08079813
v -0.08465917 -0.03053992 0.0856482
v -0.08867681 -0.01537466 0.0856482
v -0.0888635 -0.01540726 0.08079823
v -0.08483745 -0.03060454 0.08079823
v 0.00026619 0.08988433 0.08564814
v 0.01587491 0.08865318 0.08564812
v 0.01590834 0.08883986 0.08079816
v 0.00026675 0.09007363 0.08079817
v 0.08414735 -0.03091227 0.08564807
v 0.07793929 -0.04526416 0.08564807
v 0.07810343 -0.04535947 0.0807981
v 0.08432455 -0.03097712 0.0807981
v -0.05804734 -0.06877804 0.08564817
v -0.05761816 0.06909599 0.08564818
v -0.05773921 0.06924149 0.08079821
v 0.08464479 0.03052557 0.08564807
v 0.08482307 0.03058959 0.0807981
v 0.01537477 -0.08867704 0.08564812
v 0.01540743 -0.08886379 0.08079815
v -0.0900045 0.00026017 0.0856482
v -0.09019404 0.00026071 0.08079823
v 0.03103415 0.0844628 0.08564811
v 0.0310993 0.08464066 0.08079814
v 0.06873978 -0.05803456 0.08564808
v 0.06888456 -0.05815675 0.08079811
v -0.06910852 -0.05765319 0.08564818
v -0.04478354 0.07805695 0.08564817
v -0.04487754 0.07822134 0.0807982
v 0.08867715 0.01537467 0.08564807
v 0.08886389 0.01540715 0.0807981
v -0.00025727 -0.08999948 0.08564813
v -0.01588124 -0.08858756 0.08564814
v -0.0159145 -0.08877412 0.08079817
v -0.00025781 -0.09018902 0.08079816
v -0.00025727 -0.08999948 0.08564813
v -0.00025781 -0.09018902 0.08079816
v -0.0900045 0.00026017 0.0856482
v -0.08855669 0.01586425 0.0856482
v -0.08874313 0.01589763 0.08079823
v -0.09019404 0.00026071 0.08079823
v 0.04518971 0.0777975 0.0856481
v 0.04528513 0.07796135 0.08079813
v 0.05766361 -0.06911233 0.08564809
v 0.05778539 -0.06925782 0.08079812
v -0.07807055 -0.04477649 0.08564819
v -0.07823494 -0.04487109 0.08079822
v -0.03054065 0.08469028 0.08564816
v -0.03060467 0.08486861 0.08079819
v 0.08998052 -0.00024909 0.08564807
v 0.09017 -0.00024961 0.0807981
v -0.08461598 0.03109841 0.0856482
v -0.0847942 0.03116392 0.08079823
v 0.05815234 0.06885697 0.08564809
v 0.05827507 0.06900199 0.08079812
v -0.01537461 0.08867692 0.08564815
v 0.00026619 0.08988433 0.08564814
v 0.00026675 0.09007363 0.08079817
v -0.01540703 0.08886367 0.08079818
v 0.08998052 -0.00024909 0.08564807
v 0.08871135 -0.01592349 0.08564807
v 0.08889815 -0.01595674 0.0807981
v 0.09017 -0.00024961 0.0807981
v -0.00025875 -0.09051476 0.07594813
v 0.01546304 -0.08918476 0.07594812
v 0.04544875 0.07824292 0.0759481
v 0.03121183 0.08494637 0.07594811
v -0.07851753 -0.04503285 0.07594819
v 0.05848523 0.06925119 0.07594809
v -0.08514389 -0.0307148 0.0759482
v 0.07862056 0.04511476 0.07594808
v 0.06922365 0.05776436 0.07594808
v -0.08918454 -0.01546293 0.0759482
v 0.08512944 0.03070033 0.07594807
v -0.09051979 0.00026166 0.0759482
v 0.08918487 0.01546252 0.07594807
v -0.0890637 0.01595503 0.0759482
v -0.09051979 0.00026166 0.0759482
v 0.09049568 -0.00025052 0.07594807
v -0.07788805 0.04527126 0.07594819
v -0.08510046 0.03127645 0.0759482
v 0.08921924 -0.01601468 0.07594807
v 0.09049568 -0.00025052 0.07594807
v -0.0693036 0.05845205 0.07594819
v 0.07838554 -0.04552296 0.07594807
v 0.08462913 -0.03108893 0.07594807
v -0.05794814 0.06949159 0.07594818
v 0.06913334 -0.0583671 0.07594808
v -0.04503997 0.07850386 0.07594817
v -0.01597196 -0.08909479 0.07594814
v -0.00025875 -0.09051476 0.07594813
v 0.05799376 -0.06950798 0.07594809
v -0.03071548 0.08517516 0.07594816
v -0.03120083 -0.0849674 0.07594815
v 0.04503094 -0.07851674 0.0759481
v 0.00026771 0.09039895 0.07594814
v -0.01546241 0.08918464 0.07594815
v -0.04548084 -0.07825859 0.07594817
v 0.03071539 -0.08514464 0.07594811
v 0.0159658 0.08916078 0.07594813
v 0.00026771 0.09039895 0.07594814
vn 0.34444 0.938 0.03903
vn 0.5021 0.86393 0.03903
vn 0.50176 0.86338 0.05304
vn 0.34422 0.93739 0.05307
vn 0.64407 0.76312 0.05307
vn 0.76679 0.63971 0.05307
vn 0.76615 0.63916 0.06696
vn 0.64352 0.76249 0.06699
vn 0.86388 -0.5022 0.03885
vn 0.7717 -0.63479 0.03912
vn 0.77118 -0.63439 0.05316
vn 0.86333 -0.50186 0.0528
vn -0.76726 -0.64015 0.03888
vn -0.86137 -0.50647 0.0391
vn -0.86082 -0.50613 0.05316
vn -0.76677 -0.63975 0.05283
vn -0.49691 0.86692 0.039
vn -0.33913 0.93993 0.03903
vn -0.33892 0.93932 0.05307
vn -0.49657 0.86637 0.05307
vn 0.93995 0.33907 0.03903
vn 0.98452 0.17085 0.03903
vn 0.98388 0.17076 0.05307
vn 0.93934 0.33885 0.05307
vn -0.07856 -0.99615 0.03888
vn -0.17317 -0.98412 0.03906
vn -0.17307 -0.98348 0.0531
vn -0.0785 -0.99551 0.05283
vn -0.938 0.34444 0.03885
vn -0.86903 0.49322 0.03909
vn -0.86845 0.49292 0.05313
vn -0.93741 0.3442 0.05283
vn 0.64448 0.76363 0.03903
vn 0.63635 -0.77042 0.03897
vn 0.63594 -0.76992 0.05304
vn -0.94133 -0.33522 0.039
vn -0.94072 -0.33501 0.05304
vn -0.17069 0.98455 0.03903
vn -0.17057 0.98391 0.05307
vn 0.99566 0.08454 0.03888
vn 0.99502 0.08448 0.05286
vn -0.34722 -0.93697 0.039
vn -0.34697 -0.93638 0.05304
vn -0.76116 0.64739 0.03903
vn -0.76066 0.64698 0.05304
vn 0.76729 0.64011 0.03906
vn 0.49883 -0.86582 0.039
vn 0.49849 -0.86527 0.05307
vn -0.98455 -0.17069 0.03903
vn -0.98391 -0.17057 0.05307
vn 0.08991 0.99519 0.03888
vn 0.17631 0.98356 0.03903
vn 0.17622 0.98292 0.05307
vn 0.08985 0.99455 0.05286
vn -0.08423 0.99569 0.03888
vn -0.08417 0.99505 0.05286
vn 0.99497 -0.09232 0.03888
vn 0.98436 -0.17182 0.039
vn 0.98372 -0.1717 0.05304
vn 0.99433 -0.09226 0.05286
vn -0.49817 -0.8662 0.03906
vn -0.49783 -0.86565 0.05304
vn -0.64096 0.76658 0.03906
vn -0.64057 0.76606 0.05307
vn 0.8668 0.49712 0.03906
vn 0.86623 0.49682 0.05307
vn 0.33931 -0.93986 0.03903
vn 0.33907 -0.93926 0.05307
vn -0.99578 -0.08307 0.03888
vn -0.99515 -0.08301 0.05286
vn 0.93358 -0.35622 0.0391
vn 0.93298 -0.35598 0.05316
vn -0.65243 -0.75684 0.03913
vn -0.65201 -0.75635 0.05313
vn 0.16611 -0.98533 0.03903
vn 0.07691 -0.99628 0.03885
vn 0.07685 -0.99564 0.05283
vn 0.16602 -0.98469 0.05307
vn -0.99598 0.08063 0.03891
vn -0.98159 0.18696 0.03906
vn -0.98096 0.18681 0.05313
vn -0.99534 0.08057 0.05289
vn -0.08408 0.99422 0.06675
vn -0.17042 0.98309 0.06699
vn -0.49743 -0.86491 0.06699
vn -0.34667 -0.93559 0.06699
vn 0.86551 0.49639 0.06699
vn -0.65141 -0.75576 0.06705
vn 0.93855 0.33858 0.06699
vn -0.86012 -0.50567 0.06708
vn -0.76614 -0.6392 0.06675
vn 0.98306 0.1706 0.06702
vn -0.93993 -0.33473 0.06699
vn 0.99419 0.08442 0.06675
vn -0.98309 -0.17045 0.06699
vn 0.98289 -0.17158 0.06699
vn 0.99351 -0.09217 0.06671
vn -0.99432 -0.08292 0.06675
vn 0.86261 -0.50145 0.06668
vn 0.93222 -0.3556 0.06711
vn -0.98014 0.18659 0.06711
vn -0.99451 0.08051 0.06678
vn 0.77049 -0.63391 0.06708
vn -0.86769 0.49255 0.06708
vn -0.93662 0.34392 0.06674
vn 0.63541 -0.76926 0.06702
vn -0.76004 0.64642 0.06699
vn 0.49807 -0.86454 0.06702
vn 0.17606 0.98209 0.06702
vn 0.08979 0.99372 0.06674
vn -0.64002 0.76543 0.06699
vn 0.33879 -0.93847 0.06705
vn 0.34392 0.93661 0.06699
vn -0.49615 0.86565 0.06702
vn 0.07678 -0.99481 0.06671
vn 0.1659 -0.98386 0.06699
vn 0.50134 0.86265 0.06699
vn -0.33861 0.93854 0.06702
vn -0.17292 -0.98265 0.06705
vn -0.07843 -0.99468 0.06672
vt 0.98252 0.59835
vt 0.98229 0.60961
vt 0.97858 0.60957
vt 0.97882 0.59829
vt 0.97847 0.62139
vt 0.97847 0.6334
vt 0.97476 0.63342
vt 0.97476 0.62137
vt 0.47114 0.89975
vt 0.471 0.91143
vt 0.4673 0.91142
vt 0.46744 0.89972
vt 0.98728 0.47827
vt 0.98738 0.49011
vt 0.98368 0.49015
vt 0.98358 0.47828
vt 0.98325 0.74929
vt 0.98348 0.76055
vt 0.97977 0.76061
vt 0.97954 0.74933
vt 0.98252 0.65644
vt 0.98286 0.66681
vt 0.97915 0.66689
vt 0.97882 0.6565
vt 0.98839 0.4238
vt 0.98795 0.43286
vt 0.98425 0.43278
vt 0.98468 0.42369
vt 0.98349 0.70259
vt 0.98324 0.71367
vt 0.97953 0.71364
vt 0.97978 0.70253
vt 0.98217 0.6214
vt 0.47101 0.92345
vt 0.4673 0.92347
vt 0.98762 0.50136
vt 0.98391 0.50142
vt 0.98381 0.77093
vt 0.98011 0.77101
vt 0.98329 0.67599
vt 0.97959 0.67609
vt 0.98762 0.44329
vt 0.98391 0.44323
vt 0.98313 0.72553
vt 0.97942 0.72552
vt 0.98217 0.63338
vt 0.47112 0.93523
vt 0.46742 0.93526
vt 0.98795 0.51173
vt 0.98425 0.51182
vt 0.98329 0.5788
vt 0.98286 0.58798
vt 0.97915 0.58789
vt 0.97959 0.5787
vt 0.98424 0.78011
vt 0.98054 0.78022
vt 0.47212 0.86885
vt 0.47169 0.87804
vt 0.46799 0.87796
vt 0.46842 0.86875
vt 0.98739 0.45452
vt 0.98368 0.45448
vt 0.98313 0.73749
vt 0.97942 0.7375
vt 0.98229 0.64518
vt 0.97858 0.64522
vt 0.47135 0.94651
vt 0.46765 0.94657
vt 0.98839 0.5209
vt 0.98468 0.521
vt 0.47135 0.88838
vt 0.46764 0.88832
vt 0.98726 0.46634
vt 0.98356 0.46632
vt 0.47169 0.95686
vt 0.47212 0.96598
vt 0.46842 0.96608
vt 0.46798 0.95695
vt 0.98424 0.68294
vt 0.98381 0.69205
vt 0.9801 0.69197
vt 0.98054 0.68283
vt 0.97683 0.78039
vt 0.9764 0.77116
vt 0.97997 0.45442
vt 0.9802 0.44312
vt 0.97487 0.64528
vt 0.97985 0.4663
vt 0.97511 0.6566
vt 0.97997 0.49021
vt 0.97987 0.4783
vt 0.97544 0.66704
vt 0.9802 0.50152
vt 0.97588 0.67627
vt 0.98054 0.51196
vt 0.46428 0.87781
vt 0.46471 0.86857
vt 0.98098 0.52118
vt 0.46373 0.89965
vt 0.46393 0.88821
vt 0.97639 0.69183
vt 0.97683 0.68266
vt 0.46358 0.9114
vt 0.97582 0.71357
vt 0.97607 0.70242
vt 0.46359 0.92349
vt 0.97571 0.72549
vt 0.46371 0.93533
vt 0.97544 0.58775
vt 0.97588 0.57852
vt 0.97571 0.73752
vt 0.46394 0.94667
vt 0.97511 0.59819
vt 0.97583 0.74939
vt 0.46471 0.96626
vt 0.46428 0.95709
vt 0.97487 0.60951
vt 0.97606 0.76072
vt 0.98054 0.43264
vt 0.98098 0.42352
usemtl mat0
f 1/1/1 2/2/2 3/3/3
f 1/1/1 3/3/3 4/4/4
f 5/5/5 6/6/6 7/7/7
f 5/5/5 7/7/7 8/8/8
f 9/9/9 10/10/10 11/11/11
f 9/9/9 11/11/11 12/12/12
f 13/13/13 14/14/14 15/15/15
f 13/13/13 15/15/15 16/16/16
f 17/17/17 18/18/18 19/19/19
f 17/17/17 19/19/19 20/20/20
f 21/21/21 22/22/22 23/23/23
f 21/21/21 23/23/23 24/24/24
f 25/25/25 26/26/26 27/27/27
f 25/25/25 27/27/27 28/28/28
f 29/29/29 30/30/30 31/31/31
f 29/29/29 31/31/31 32/32/32
f 2/2/2 33/33/33 5/5/5
f 2/2/2 5/5/5 3/3/3
f 10/10/10 34/34/34 35/35/35
f 10/10/10 35/35/35 11/11/11
f 14/14/14 36/36/36 37/37/37
f 14/14/14 37/37/37 15/15/15
f 18/18/18 38/38/38 39/39/39
f 18/18/18 39/39/39 19/19/19
f 22/22/22 40/40/40 41/41/41
f 22/22/22 41/41/41 23/23/23
f 26/26/26 42/42/42 43/43/43
f 26/26/26 43/43/43 27/27/27
f 30/30/30 44/44/44 45/45/45
f 30/30/30 45/45/45 31/31/31
f 33/33/33 46/46/46 6/6/6
f 33/33/33 6/6/6 5/5/5
f 34/34/34 47/47/47 48/48/48
f 34/34/34 48/48/48 35/35/35
f 36/36/36 49/49/49 50/50/50
f 36/36/36 50/50/50 37/37/37
f 51/51/51 52/52/52 53/53/53
f 51/51/51 53/53/53 54/54/54
f 38/38/38 55/55/55 56/56/56
f 38/38/38 56/56/56 39/39/39
f 57/57/57 58/58/58 59/59/59
f 57/57/57 59/59/59 60/60/60
f 42/42/42 61/61/61 62/62/62
f 42/42/42 62/62/62 43/43/43
f 44/44/44 63/63/63 64/64/64
f 44/44/44 64/64/64 45/45/45
f 46/46/46 65/65/65 66/66/66
f 46/46/46 66/66/66 6/6/6
f 47/47/47 67/67/67 68/68/68
f 47/47/47 68/68/68 48/48/48
f 49/49/49 69/69/69 70/70/70
f 49/49/49 70/70/70 50/50/50
f 52/52/52 1/1/1 4/4/4
f 52/52/52 4/4/4 53/53/53
f 71/71/71 9/9/9 12/12/12
f 71/71/71 12/12/12 72/72/72
f 61/61/61 73/73/73 74/74/74
f 61/61/61 74/74/74 62/62/62
f 63/63/63 17/17/17 20/20/20
f 63/63/63 20/20/20 64/64/64
f 65/65/65 21/21/21 24/24/24
f 65/65/65 24/24/24 66/66/66
f 75/75/75 76/76/76 77/77/77
f 75/75/75 77/77/77 78/78/78
f 79/79/79 80/80/80 81/81/81
f 79/79/79 81/81/81 82/82/82
f 39/39/39 56/56/56 83/83/83
f 39/39/39 83/83/83 84/84/84
f 43/43/43 62/62/62 85/85/85
f 43/43/43 85/85/85 86/86/86
f 6/6/6 66/66/66 87/87/87
f 6/6/6 87/87/87 7/7/7
f 62/62/62 74/74/74 88/88/88
f 62/62/62 88/88/88 85/85/85
f 66/66/66 24/24/24 89/89/89
f 66/66/66 89/89/89 87/87/87
f 16/16/16 15/15/15 90/90/90
f 16/16/16 90/90/90 91/91/91
f 24/24/24 23/23/23 92/92/92
f 24/24/24 92/92/92 89/89/89
f 15/15/15 37/37/37 93/93/93
f 15/15/15 93/93/93 90/90/90
f 23/23/23 41/41/41 94/94/94
f 23/23/23 94/94/94 92/92/92
f 37/37/37 50/50/50 95/95/95
f 37/37/37 95/95/95 93/93/93
f 60/60/60 59/59/59 96/96/96
f 60/60/60 96/96/96 97/97/97
f 50/50/50 70/70/70 98/98/98
f 50/50/50 98/98/98 95/95/95
f 72/72/72 12/12/12 99/99/99
f 72/72/72 99/99/99 100/100/100
f 82/82/82 81/81/81 101/101/101
f 82/82/82 101/101/101 102/102/102
f 12/12/12 11/11/11 103/103/103
f 12/12/12 103/103/103 99/99/99
f 32/32/32 31/31/31 104/104/104
f 32/32/32 104/104/104 105/105/105
f 11/11/11 35/35/35 106/106/106
f 11/11/11 106/106/106 103/103/103
f 31/31/31 45/45/45 107/107/107
f 31/31/31 107/107/107 104/104/104
f 35/35/35 48/48/48 108/108/108
f 35/35/35 108/108/108 106/106/106
f 54/54/54 53/53/53 109/109/109
f 54/54/54 109/109/109 110/110/110
f 45/45/45 64/64/64 111/111/111
f 45/45/45 111/111/111 107/107/107
f 48/48/48 68/68/68 112/112/112
f 48/48/48 112/112/112 108/108/108
f 53/53/53 4/4/4 113/113/113
f 53/53/53 113/113/113 109/109/109
f 64/64/64 20/20/20 114/114/114
f 64/64/64 114/114/114 111/111/111
f 78/78/78 77/77/77 115/115/115
f 78/78/78 115/115/115 116/116/116
f 4/4/4 3/3/3 117/117/117
f 4/4/4 117/117/117 113/113/113
f 20/20/20 19/19/19 118/118/118
f 20/20/20 118/118/118 114/114/114
f 28/28/28 27/27/27 119/119/119
f 28/28/28 119/119/119 120/120/120
f 3/3/3 5/5/5 8/8/8
f 3/3/3 8/8/8 117/117/117
f 19/19/19 39/39/39 84/84/84
f 19/19/19 84/84/84 118/118/118
f 27/27/27 43/43/43 86/86/86
f 27/27/27 86/86/86 119/119/119
f 59/59/59 72/72/72 100/100/100
f 59/59/59 100/100/100 96/96/96
f 58/58/58 71/71/71 72/72/72
f 58/58/58 72/72/72 59/59/59
f 68/68/68 78/78/78 116/116/116
f 68/68/68 116/116/116 112/112/112
f 67/67/67 75/75/75 78/78/78
f 67/67/67 78/78/78 68/68/68
f 74/74/74 16/16/16 91/91/91
f 74/74/74 91/91/91 88/88/88
f 73/73/73 13/13/13 16/16/16
f 73/73/73 16/16/16 74/74/74
f 81/81/81 32/32/32 105/105/105
f 81/81/81 105/105/105 101/101/101
f 80/80/80 29/29/29 32/32/32
f 80/80/80 32/32/32 81/81/81
# Vertices: 120, normals: 120, texture coordinates: 120, faces: 144

o obj2
v -0.00025727 -0.08999948 0.08564813
v -0.00025725 -0.08999948 0.10764814
v -0.01588123 -0.08858756 0.10764815
v -0.01588124 -0.08858756 0.08564814
v -0.03102318 -0.08448371 0.10764816
v -0.0310232 -0.08448371 0.08564815
v -0.0452222 -0.07781304 0.10764817
v -0.04522221 -0.07781304 0.08564816
v -0.05804732 -0.06877804 0.10764818
v -0.05804734 -0.06877804 0.08564817
v -0.0691085 -0.05765319 0.10764819
v -0.06910852 -0.05765319 0.08564818
v -0.07807053 -0.04477649 0.1076482
v -0.07807055 -0.04477649 0.08564819
v -0.08465915 -0.03053992 0.1076482
v -0.08465917 -0.03053992 0.0856482
v -0.08867679 -0.01537466 0.10764821
v -0.08867681 -0.01537466 0.0856482
v -0.09000448 0.00026017 0.10764821
v -0.0900045 0.00026017 0.0856482
v -0.0900045 0.00026017 0.0856482
v -0.09000448 0.00026017 0.10764821
v -0.08855667 0.01586425 0.10764821
v -0.08855669 0.01586425 0.0856482
v -0.08461598 0.03109841 0.0856482
v -0.08461596 0.03109841 0.10764821
v -0.07744463 0.04501353 0.1076482
v -0.07744464 0.04501353 0.08564819
v -0.06890905 0.05811927 0.10764819
v -0.06890906 0.05811927 0.08564819
v -0.05761814 0.06909599 0.10764819
v -0.05761816 0.06909599 0.08564818
v -0.04478353 0.07805695 0.10764818
v -0.04478354 0.07805695 0.08564817
v -0.03054064 0.08469028 0.10764817
v -0.03054065 0.08469028 0.08564816
v -0.01537461 0.08867692 0.08564815
v -0.01537459 0.08867692 0.10764816
v 0.00026621 0.08988433 0.10764814
v 0.00026619 0.08988433 0.08564814
v 0.00026619 0.08988433 0.08564814
v 0.00026621 0.08988433 0.10764814
v 0.01587492 0.08865318 0.10764813
v 0.01587491 0.08865318 0.08564812
v 0.03103417 0.0844628 0.10764812
v 0.03103415 0.0844628 0.08564811
v 0.04518972 0.0777975 0.10764811
v 0.04518971 0.0777975 0.0856481
v 0.05815236 0.06885697 0.1076481
v 0.05815234 0.06885697 0.08564809
v 0.06882961 0.05743552 0.08564808
v 0.06882963 0.05743552 0.10764809
v 0.07817307 0.04485775 0.10764808
v 0.07817305 0.04485775 0.08564808
v 0.08464481 0.03052557 0.10764808
v 0.08464479 0.03052557 0.08564807
v 0.08867717 0.01537467 0.10764808
v 0.08867715 0.01537467 0.08564807
v 0.08998054 -0.00024909 0.10764807
v 0.08998052 -0.00024909 0.08564807
v 0.08998052 -0.00024909 0.08564807
v 0.08998054 -0.00024909 0.10764807
v 0.08871137 -0.01592349 0.10764807
v 0.08871135 -0.01592349 0.08564807
v 0.08414735 -0.03091227 0.08564807
v 0.08414737 -0.03091227 0.10764808
v 0.0779393 -0.04526416 0.10764808
v 0.07793929 -0.04526416 0.08564807
v 0.0687398 -0.05803456 0.10764809
v 0.06873978 -0.05803456 0.08564808
v 0.05766363 -0.06911233 0.1076481
v 0.05766361 -0.06911233 0.08564809
v 0.04477467 -0.07806976 0.10764811
v 0.04477465 -0.07806976 0.0856481
v 0.03054059 -0.08465994 0.10764812
v 0.03054058 -0.08465994 0.08564811
v 0.01537478 -0.08867704 0.10764813
v 0.01537477 -0.08867704 0.08564812
v -0.00025725 -0.08999948 0.10764814
v -0.00025727 -0.08999948 0.08564813
vn 0.09 0.99594 0
vn 0.0654 0.72404 0.68665
vn 0.12806 0.71433 0.68799
vn 0.17646 0.98431 0
vn 0.25014 0.68123 0.68801
vn 0.34471 0.93871 0
vn 0.36465 0.62745 0.688
vn 0.50246 0.8646 0
vn 0.46807 0.55459 0.68799
vn 0.64497 0.76421 0
vn 0.55725 0.46487 0.68802
vn 0.76787 0.6406 0
vn 0.62953 0.36105 0.688
vn 0.86745 0.49753 0
vn 0.68264 0.24625 0.68801
vn 0.94067 0.33932 0
vn 0.715 0.12409 0.68802
vn 0.98527 0.171 0
vn 0.70457 0.05982 0.70711
vn 0.99642 0.0846 0
vn 0.99572 -0.09238 0
vn 0.32588 -0.03021 0.94493
vn 0.71351 -0.12455 0.68949
vn 0.98511 -0.17195 0
vn 0.93431 -0.35646 0
vn 0.6825 -0.26039 0.68293
vn 0.62089 -0.36092 0.69587
vn 0.86454 -0.50256 0
vn 0.56409 -0.46404 0.68299
vn 0.77227 -0.6353 0
vn 0.46133 -0.55851 0.68938
vn 0.63684 -0.771 0
vn 0.36224 -0.62874 0.6881
vn 0.4992 -0.86649 0
vn 0.24656 -0.68298 0.68756
vn 0.33955 -0.94059 0
vn 0.16627 -0.98608 0
vn 0.12074 -0.71615 0.68743
vn 0.05582 -0.72317 0.68841
vn 0.07697 -0.99703 0
vn -0.07862 -0.9969 0
vn -0.05695 -0.72213 0.68941
vn -0.12605 -0.71635 0.68626
vn -0.17332 -0.98487 0
vn -0.252 -0.68009 0.68846
vn -0.34746 -0.9377 0
vn -0.36125 -0.62814 0.68915
vn -0.49856 -0.86686 0
vn -0.47646 -0.55273 0.68372
vn -0.65293 -0.75742 0
vn -0.76786 -0.64062 0
vn -0.55236 -0.46084 0.69464
vn -0.62903 -0.36986 0.68375
vn -0.86204 -0.50683 0
vn -0.68265 -0.24311 0.68912
vn -0.94204 -0.3355 0
vn -0.71528 -0.124 0.68775
vn -0.9853 -0.17081 0
vn -0.70466 -0.05878 0.7071
vn -0.99654 -0.08313 0
vn -0.99674 0.08069 0
vn -0.32537 0.02634 0.94522
vn -0.71683 0.13651 0.68375
vn -0.98235 0.18705 0
vn -0.93872 0.34469 0
vn -0.67527 0.24794 0.69465
vn -0.63471 0.36025 0.68364
vn -0.86968 0.49362 0
vn -0.55176 0.4693 0.68943
vn -0.76174 0.64788 0
vn -0.46575 0.557 0.68762
vn -0.64145 0.76716 0
vn -0.36083 0.62955 0.68809
vn -0.49728 0.86759 0
vn -0.24629 0.68265 0.68799
vn -0.33937 0.94065 0
vn -0.12397 0.71504 0.688
vn -0.17081 0.9853 0
vn -0.06128 0.72443 0.68662
vn -0.08429 0.99644 0
vt 0.95676 0.68266
vt 0.97356 0.68266
vt 0.97356 0.69183
vt 0.95676 0.69183
vt 0.97356 0.70221
vt 0.95677 0.70221
vt 0.97357 0.71346
vt 0.95677 0.71346
vt 0.97357 0.72526
vt 0.95677 0.72526
vt 0.97357 0.73724
vt 0.95677 0.73724
vt 0.97357 0.74904
vt 0.95677 0.74904
vt 0.97356 0.76029
vt 0.95677 0.76029
vt 0.97356 0.77066
vt 0.95676 0.77066
vt 0.97356 0.77985
vt 0.95676 0.77985
vt 0.57967 0.84152
vt 0.56287 0.84152
vt 0.56286 0.83233
vt 0.57965 0.83233
vt 0.57964 0.822
vt 0.56284 0.822
vt 0.56284 0.81062
vt 0.57964 0.81062
vt 0.56283 0.79894
vt 0.57963 0.79894
vt 0.56283 0.78692
vt 0.57963 0.78692
vt 0.56284 0.77515
vt 0.57963 0.77515
vt 0.56284 0.76386
vt 0.57964 0.76386
vt 0.57965 0.75351
vt 0.56286 0.75351
vt 0.56287 0.74439
vt 0.57967 0.74439
vt 0.08383 0.96779
vt 0.06704 0.96779
vt 0.06702 0.95872
vt 0.08382 0.95872
vt 0.06701 0.9483
vt 0.08381 0.9483
vt 0.06701 0.93707
vt 0.08381 0.93707
vt 0.067 0.92525
vt 0.0838 0.92525
vt 0.0838 0.91332
vt 0.06701 0.91332
vt 0.06701 0.90147
vt 0.08381 0.90147
vt 0.06701 0.89023
vt 0.08381 0.89023
vt 0.06702 0.87985
vt 0.08382 0.87985
vt 0.06704 0.87069
vt 0.08383 0.87069
vt 0.06699 0.61006
vt 0.08379 0.61006
vt 0.0838 0.61918
vt 0.067 0.61918
vt 0.06701 0.62972
vt 0.08381 0.62972
vt 0.08381 0.64081
vt 0.06701 0.64081
vt 0.08382 0.65266
vt 0.06702 0.65266
vt 0.08382 0.66462
vt 0.06702 0.66462
vt 0.08381 0.67643
vt 0.06701 0.67643
vt 0.08381 0.68768
vt 0.06701 0.68768
vt 0.0838 0.69806
vt 0.067 0.69806
vt 0.08379 0.70724
vt 0.06699 0.70724
usemtl mat0
f 121/121/121 122/122/122 123/123/123
f 121/121/121 123/123/123 124/124/124
f 124/124/124 123/123/123 125/125/125
f 124/124/124 125/125/125 126/126/126
f 126/126/126 125/125/125 127/127/127
f 126/126/126 127/127/127 128/128/128
f 128/128/128 127/127/127 129/129/129
f 128/128/128 129/129/129 130/130/130
f 130/130/130 129/129/129 131/131/131
f 130/130/130 131/131/131 132/132/132
f 132/132/132 131/131/131 133/133/133
f 132/132/132 133/133/133 134/134/134
f 134/134/134 133/133/133 135/135/135
f 134/134/134 135/135/135 136/136/136
f 136/136/136 135/135/135 137/137/137
f 136/136/136 137/137/137 138/138/138
f 138/138/138 137/137/137 139/139/139
f 138/138/138 139/139/139 140/140/140
f 141/141/141 142/142/142 143/143/143
f 141/141/141 143/143/143 144/144/144
f 145/145/145 146/146/146 147/147/147
f 145/145/145 147/147/147 148/148/148
f 148/148/148 147/147/147 149/149/149
f 148/148/148 149/149/149 150/150/150
f 150/150/150 149/149/149 151/151/151
f 150/150/150 151/151/151 152/152/152
f 152/152/152 151/151/151 153/153/153
f 152/152/152 153/153/153 154/154/154
f 154/154/154 153/153/153 155/155/155
f 154/154/154 155/155/155 156/156/156
f 157/157/157 158/158/158 159/159/159
f 157/157/157 159/159/159 160/160/160
f 161/161/161 162/162/162 163/163/163
f 161/161/161 163/163/163 164/164/164
f 164/164/164 163/163/163 165/165/165
f 164/164/164 165/165/165 166/166/166
f 166/166/166 165/165/165 167/167/167
f 166/166/166 167/167/167 168/168/168
f 168/168/168 167/167/167 169/169/169
f 168/168/168 169/169/169 170/170/170
f 171/171/171 172/172/172 173/173/173
f 171/171/171 173/173/173 174/174/174
f 174/174/174 173/173/173 175/175/175
f 174/174/174 175/175/175 176/176/176
f 176/176/176 175/175/175 177/177/177
f 176/176/176 177/177/177 178/178/178
f 178/178/178 177/177/177 179/179/179
f 178/178/178 179/179/179 180/180/180
f 181/181/181 182/182/182 183/183/183
f 181/181/181 183/183/183 184/184/184
f 185/185/185 186/186/186 187/187/187
f 185/185/185 187/187/187 188/188/188
f 188/188/188 187/187/187 189/189/189
f 188/188/188 189/189/189 190/190/190
f 190/190/190 189/189/189 191/191/191
f 190/190/190 191/191/191 192/192/192
f 192/192/192 191/191/191 193/193/193
f 192/192/192 193/193/193 194/194/194
f 194/194/194 193/193/193 195/195/195
f 194/194/194 195/195/195 196/196/196
f 196/196/196 195/195/195 197/197/197
f 196/196/196 197/197/197 198/198/198
f 198/198/198 197/197/197 199/199/199
f 198/198/198 199/199/199 200/200/200
f 144/144/144 143/143/143 146/146/146
f 144/144/144 146/146/146 145/145/145
f 156/156/156 155/155/155 158/158/158
f 156/156/156 158/158/158 157/157/157
f 170/170/170 169/169/169 172/172/172
f 170/170/170 172/172/172 171/171/171
f 184/184/184 183/183/183 186/186/186
f 184/184/184 186/186/186 185/185/185
f 142/142/142 139/139/139 137/137/137
f 182/182/182 179/179/179 177/177/177
f 137/137/137 135/135/135 147/147/147
f 135/135/135 133/133/133 147/147/147
f 133/133/133 131/131/131 147/147/147
f 131/131/131 129/129/129 147/147/147
f 129/129/129 127/127/127 147/147/147
f 127/127/127 125/125/125 147/147/147
f 125/125/125 123/123/123 147/147/147
f 123/123/123 122/122/122 147/147/147
f 122/122/122 159/159/159 147/147/147
f 159/159/159 158/158/158 155/155/155
f 147/147/147 159/159/159 153/153/153
f 155/155/155 153/153/153 159/159/159
f 153/153/153 151/151/151 147/147/147
f 151/151/151 149/149/149 147/147/147
f 147/147/147 146/146/146 143/143/143
f 137/137/137 147/147/147 142/142/142
f 147/147/147 143/143/143 142/142/142
f 177/177/177 175/175/175 172/172/172
f 175/175/175 173/173/173 172/172/172
f 172/172/172 169/169/169 167/167/167
f 177/177/177 172/172/172 186/186/186
f 167/167/167 165/165/165 172/172/172
f 165/165/165 163/163/163 162/162/162
f 162/162/162 199/199/199 186/186/186
f 199/199/199 197/197/197 186/186/186
f 197/197/197 195/195/195 186/186/186
f 195/195/195 193/193/193 186/186/186
f 193/193/193 191/191/191 186/186/186
f 191/191/191 189/189/189 186/186/186
f 189/189/189 187/187/187 186/186/186
f 162/162/162 172/172/172 165/165/165
f 172/172/172 162/162/162 186/186/186
f 177/177/177 186/186/186 182/182/182
f 186/186/186 183/183/183 182/182/182
# Vertices: 80, normals: 80, texture coordinates: 80, faces: 108

o obj3
v -0.08661185 0.08661561 0.01905164
v -0.074567 0.09717837 0.0190511
v -0.07459521 0.09721467 0.00024822
v -0.08664555 0.08664565 0.00024823
v 0.0914235 0.0701518 0.02978755
v 0.09979353 0.0576198 0.02978791
v 0.10571923 0.06103747 0.0206051
v 0.09684125 0.07430875 0.0206014
v 0.01598606 -0.12142129 0.01904937
v -3.44E-06 -0.12249678 0.01905354
v -9E-08 -0.12251028 0.00019225
v 0.01598963 -0.12145279 0.00019224
v -0.0794557 -0.0831899 0.02988698
v -0.09142347 -0.07015179 0.02978768
v -0.09684124 -0.07430874 0.02060155
v -0.08631394 -0.08631371 0.02060178
v 0.12248909 -2.9E-07 0.01905193
v 0.12144078 -0.01598812 0.01905161
v 0.12145277 -0.01598979 0.0001921
v 0.12256618 -1.33E-06 0.00024801
v -0.0317007 0.11831111 0.01905032
v -0.01598606 0.1214213 0.0190494
v -0.01599579 0.1215084 0.00024812
v -0.0317037 0.11831921 0.00019222
v -0.03231666 0.11040561 0.02988695
v -0.01504073 0.1142495 0.02978673
v -0.01593242 0.1210212 0.02060143
v -0.03159538 0.11792261 0.02060677
v -0.10607983 -0.061245 0.01905119
v -0.11316482 -0.0468742 0.01905232
v -0.11316323 -0.04687366 0.00019227
v -0.10607324 -0.06124118 0.00019227
v -0.09717777 -0.07456677 0.01905113
v -0.0971701 -0.07456127 0.00019232
v 0.1214399 0.01598768 0.01905216
v 0.12150839 0.01599579 0.00024801
v -0.04687509 0.11316542 0.01905182
v -0.04687368 0.11316322 0.00019223
v -0.08661303 -0.08661322 0.01905192
v -0.08664566 -0.08664553 0.00024822
v 0.11316482 0.04687427 0.01905216
v 0.11831461 0.03170221 0.01905189
v 0.1183735 0.03171729 0.00024807
v 0.11316321 0.04687367 0.00019211
v -0.061236 0.10606193 0.01904906
v -0.0612412 0.10607323 0.00019224
v 0.03170071 -0.1183111 0.01905026
v 0.03170368 -0.1183192 0.00019222
v -0.07455336 -0.09716004 0.01904886
v -0.07456142 -0.09716999 0.0001923
v 0.10607983 0.06124501 0.01905104
v 0.10607322 0.06124119 0.00019211
v 0.03231668 -0.1104056 0.02988689
v 0.01504075 -0.11424959 0.02978676
v 0.01593243 -0.12102129 0.0206014
v 0.03159539 -0.1179226 0.02060672
v -0.06124442 -0.10607894 0.01905097
v -0.07455336 -0.09716004 0.01904886
v -0.07456142 -0.09716999 0.0001923
v -0.06126929 -0.10612174 0.0002482
v 0.09717778 0.07456678 0.01905099
v 0.09721466 0.07459521 0.00024809
v 0.03170062 0.11831347 0.01905152
v 0.04687477 0.11316627 0.01905151
v 0.04687379 0.11316317 0.00019216
v 0.03170383 0.11831917 0.00019217
v 0.10606205 -0.06123696 0.01905208
v 0.09717739 -0.07456695 0.01905093
v 0.09721456 -0.07459532 0.00024809
v 0.10607314 -0.06124131 0.00019211
v -0.09717738 0.07456696 0.01905108
v -0.09721458 0.07459533 0.00024824
v 0.0468751 -0.11316541 0.01905174
v 0.04689446 -0.11321521 0.00024818
v -0.04687476 -0.11316625 0.01905158
v -0.04687382 -0.11316315 0.00019228
v 0.08661304 0.08661323 0.0190518
v 0.08664563 0.08664554 0.0002481
v -0.09142756 0.07015049 0.02978656
v -0.07945804 0.08318798 0.02988698
v -0.08631299 0.08631466 0.02060178
v -0.09684109 0.07430887 0.02060147
v 0.06123601 -0.10606192 0.01904896
v 0.06124118 -0.10607322 0.0001922
v -0.03170062 -0.11831346 0.01905156
v -0.03171744 -0.11837346 0.00024818
v 0.07455337 0.09716005 0.01904876
v 0.07456139 0.09717 0.00019214
v -0.11316586 0.04687507 0.01905173
v -0.10606205 0.06123698 0.01905224
v -0.10612176 0.06126929 0.00024824
v -0.11316317 0.04687381 0.00019228
v 0.07456706 -0.09717836 0.01905099
v 0.07456127 -0.09717008 0.00019219
v -0.03231388 -0.11040656 0.02988694
v -0.04517268 -0.10569536 0.02988695
v -0.04671049 -0.11276745 0.02059859
v -0.0315953 -0.11791906 0.02060252
v 0.06894862 0.0919683 0.02988687
v 0.07945572 0.08318991 0.02988686
v 0.08631395 0.08631372 0.02060165
v 0.07431644 0.09684581 0.02060065
v -0.10647455 0.04410095 0.0297967
v -0.09979307 0.05761355 0.02978657
v -0.10571465 0.06103635 0.02060459
v -0.11277436 0.04671306 0.0206018
v 0.08661186 -0.0866156 0.01905151
v 0.08664553 -0.08664564 0.00024809
v -0.01598812 -0.12144287 0.01905099
v -0.01598981 -0.12145277 0.00019226
v 0.06124442 0.10607896 0.01905089
v 0.06124131 0.10607316 0.00019215
v -0.12144078 0.01598813 0.0190518
v -0.11831527 0.03170241 0.01905206
v -0.11831918 0.03170385 0.00019228
v -0.12145279 0.0159898 0.00019228
v 0.09717739 -0.07456695 0.01905093
v 0.09721456 -0.07459532 0.00024809
v 0.11831527 -0.03170246 0.01905188
v 0.11316586 -0.04687506 0.01905156
v 0.11321515 -0.04689461 0.00024814
v 0.11831916 -0.03170383 0.0001921
v -0.11412107 0.01372697 0.029887
v -0.11179246 0.02750147 0.029887
v -0.11791806 0.03159525 0.02060243
v -0.12103447 0.01593216 0.02060832
v 0.01504125 0.11426178 0.02979333
v 0.0323139 0.11040657 0.0298869
v 0.0315953 0.11791907 0.02060247
v 0.01593258 0.12102128 0.02060144
v 9.1E-07 0.12249689 0.01905352
v 7E-08 0.12251029 0.0001922
v -0.11831461 -0.0317022 0.01905207
v -0.1214399 -0.01598767 0.01905235
v -0.12145281 -0.01598964 0.00019228
v -0.11837352 -0.03171728 0.00024825
v -0.12248909 3E-07 0.01905212
v -0.1225103 8E-08 0.00019228
v 0.01598813 0.12144288 0.01905097
v 0.03170062 0.11831347 0.01905152
v 0.03170383 0.11831917 0.00019217
v 0.01598978 0.12145278 0.00019218
v 0.11412109 -0.01372695 0.02988683
v 0.11177248 -0.02721566 0.02988683
v 0.11791807 -0.03159523 0.02060226
v 0.12103448 -0.01593215 0.02060814
v 0.09142758 -0.07015047 0.02978642
v 0.079458 -0.08318797 0.02988686
v 0.086313 -0.08631459 0.02060165
v 0.0968411 -0.07430886 0.02060133
v 0.05750817 -0.09960099 0.02988687
v 0.04517257 -0.10569541 0.02988688
v 0.0467134 -0.11277411 0.02060168
v 0.06103753 -0.10572242 0.02060673
v 0.11412131 0.01372682 0.02988683
v 0.1150111 -3.24E-06 0.02988683
v 0.12206609 3.19E-06 0.02060158
v 0.1210209 0.01593243 0.02060119
v -0.05750266 0.09960415 0.02988697
v -0.04517255 0.10569542 0.02988696
v -0.04671339 0.11277412 0.02060175
v -0.06103752 0.10572243 0.02060682
v 4.96E-06 -0.11524488 0.02978947
v -7.5E-07 -0.12207768 0.02060422
v 0.10648253 0.04410098 0.02979934
v 0.11277442 0.04671286 0.02060163
v -0.0689486 -0.09196829 0.02988697
v -0.07431643 -0.0968458 0.02060076
v -0.01504123 -0.11426177 0.02979341
v -0.01593257 -0.12102127 0.02060147
v -4.94E-06 0.11524489 0.02978941
v -5.2E-07 0.12207769 0.02060422
v 0.0451727 0.10569537 0.02988689
v 0.0575083 0.09960093 0.02988688
v 0.06103265 0.10571146 0.02060119
v 0.0467105 0.11276747 0.02059852
v 0.0323139 0.11040657 0.0298869
v 0.0315953 0.11791907 0.02060247
v -0.05750828 -0.09960092 0.02988696
v -0.06103265 -0.10571145 0.02060128
v -0.0689486 -0.09196829 0.02988697
v -0.07431643 -0.0968458 0.02060076
v -0.06894848 0.09196839 0.02988697
v -0.07430868 0.09684113 0.02060146
v -0.09979351 -0.05761979 0.02978811
v -0.10571922 -0.06103746 0.02060525
v 0.11177132 0.02722083 0.02988684
v 0.11791951 0.03159372 0.02060796
v -0.10648251 -0.04410097 0.0297995
v -0.11277461 -0.04671208 0.0206018
v 0.079458 -0.08318797 0.02988686
v 0.06894851 -0.09196838 0.02988686
v 0.07430869 -0.09684112 0.02060134
v 0.086313 -0.08631459 0.02060165
v -0.10647455 0.04410095 0.0297967
v -0.11277436 0.04671306 0.0206018
v -0.1117713 -0.02722082 0.029887
v -0.1179195 -0.03159371 0.02060813
v -0.11412109 -0.01372681 0.029887
v -0.12102099 -0.01593242 0.02060137
v 0.10647457 -0.04410094 0.0297966
v 0.11277436 -0.04671305 0.02060163
v -0.11501108 -3.1E-06 0.029887
v -0.12206608 -3.17E-06 0.02060176
v 0.10647457 -0.04410094 0.0297966
v 0.09979309 -0.05761354 0.02978641
v 0.10571465 -0.06103633 0.02060443
v 0.11277436 -0.04671305 0.02060163
v -0.11316586 0.04687507 0.01905173
v -0.11316317 0.04687381 0.00019228
v -0.03166491 -0.11818006 0.01984406
v -0.04681772 -0.11302775 0.01984233
v -0.06117171 -0.10595235 0.01984316
v -0.08651016 -0.08651023 0.01984378
v -0.0970619 -0.07447796 0.01984349
v -0.10595672 -0.06117425 0.01984528
v -0.11303071 -0.04681859 0.01984404
v -0.1181808 -0.03166524 0.01984702
v -0.12234348 -1.45E-06 0.01984401
v -0.12130317 0.01596876 0.01984688
v -0.11818057 0.03166612 0.0198441
v -0.10594555 0.06116999 0.01984521
v -0.09706163 0.07447809 0.01984329
v -0.08650909 0.08651178 0.01984396
v -0.06116996 0.10594943 0.01984456
v -0.04681966 0.11303092 0.01984348
v -0.03166542 0.11818071 0.01984514
v 8E-08 0.12235329 0.01984583
v 0.01596881 0.12129748 0.01984327
v 0.03166491 0.11818007 0.01984402
v 0.06117171 0.10595236 0.01984307
v 0.07447516 0.09705538 0.01984135
v 0.08651017 0.08651024 0.01984366
v 0.10595673 0.06117426 0.01984513
v 0.11303062 0.04681884 0.01984388
v 0.11818081 0.03166525 0.01984684
v 0.12234349 1.46E-06 0.01984382
v 0.12130318 -0.01596875 0.0198467
v 0.11818057 -0.03166611 0.01984392
v 0.10594555 -0.06116997 0.01984505
v 0.09706164 -0.07447808 0.01984314
v 0.09706164 -0.07447808 0.01984314
v 0.0865091 -0.08651177 0.01984383
v 0.06116997 -0.10594942 0.01984446
v 0.04681967 -0.11303091 0.01984341
v 0.03166543 -0.1181808 0.01984509
v 0.01596801 -0.12128689 0.01984196
v -2.07E-06 -0.12235328 0.01984584
v 0.07447807 -0.0970622 0.01984311
v 0.11303116 -0.04681927 0.01984349
v 0.1212959 0.01596861 0.01984373
v 0.09706191 0.07447797 0.01984335
v 0.03166491 0.11818007 0.01984402
v 0.04681773 0.11302777 0.01984226
v -0.015968 0.1212869 0.01984199
v -0.07447801 0.09706221 0.01984323
v -0.11303116 0.04681928 0.01984366
v -0.11303116 0.04681928 0.01984366
v -0.12129589 -0.0159686 0.01984392
v -0.07447515 -0.09705537 0.01984146
v -0.07447515 -0.09705537 0.01984146
v -0.0159688 -0.12129747 0.01984329
v -0.08608981 -0.03105825 0.06956365
v -0.09018643 -0.01563113 0.06956365
v -0.09550263 -0.00896805 0.05944076
v -0.08891145 -0.03207415 0.06223651
v 0.07946479 0.04560715 0.06956353
v 0.08607583 0.03102988 0.06956352
v 0.08889638 0.03205884 0.06223638
v 0.08209949 0.0471111 0.06223639
v -0.09149719 0.00024944 0.06956365
v -0.09452523 0.00027329 0.06223652
v 0.09014956 0.01565159 0.06956352
v 0.09550425 0.00896937 0.05944025
v -0.09014952 0.01617831 0.06956365
v -0.09593374 0.00929922 0.05845806
v 0.09162196 -0.00028681 0.06956352
v 0.09450009 -0.00026155 0.06223638
v -0.08580731 0.03149878 0.06956365
v -0.0791308 0.04598717 0.06956365
v -0.08133458 0.04727452 0.06223651
v -0.08886611 0.03266048 0.06223651
v 0.08984627 -0.01609241 0.06956352
v 0.09608175 -0.00930207 0.05845552
v -0.06997166 0.05904136 0.06956364
v -0.07237021 0.06103889 0.0622365
v 0.08599484 -0.03156661 0.06956352
v 0.07912999 -0.04598705 0.06956352
v 0.08185404 -0.0475376 0.06223638
v 0.08837396 -0.03246485 0.06223638
v -0.05861476 0.07027998 0.06956363
v -0.0554867 0.07820794 0.05944139
v 0.07912999 -0.04598705 0.06956352
v 0.06993389 -0.0590274 0.06956353
v 0.07219248 -0.06094977 0.06223639
v 0.08185404 -0.0475376 0.06223638
v -0.04553571 0.07935347 0.06956362
v -0.04703292 0.08197769 0.06223648
v -0.00026132 -0.0915222 0.06956358
v -0.01614982 -0.09008655 0.06956359
v -0.01667883 -0.0930371 0.06223646
v -0.00027019 -0.09451996 0.06223644
v 0.05863391 -0.07027903 0.06956354
v 0.0555285 -0.07822771 0.05944022
v -0.03107972 0.08624287 0.06956361
v -0.03994795 0.0877675 0.05845784
v -0.03154821 -0.08591368 0.06956361
v -0.03998365 -0.08719166 0.05944071
v 0.04553275 -0.07939054 0.06956355
v 0.04702357 -0.08199103 0.06223641
v -0.01556726 0.08975256 0.0695636
v 0.0002344 0.09167419 0.06956359
v 0.00027956 0.09439908 0.06223645
v -0.01614662 0.09313107 0.06223646
v -0.04598772 -0.07913025 0.06956362
v -0.04749334 -0.08172138 0.06223648
v 0.03105715 -0.08609206 0.06956356
v 0.03994742 -0.08774746 0.05845771
v 0.01615862 0.09005491 0.06956358
v 0.01667228 0.09310613 0.06223644
v -0.05902963 -0.06994242 0.06956363
v -0.05601389 -0.07846928 0.05845773
v 0.01563505 -0.09017693 0.06956357
v 0.01614728 -0.09313106 0.06223643
v 0.03153976 0.08591405 0.06956356
v 0.03999271 0.08717265 0.0594409
v -0.05902963 -0.06994242 0.06956363
v -0.07027827 -0.05862946 0.06956364
v -0.07257974 -0.06054902 0.0622365
v -0.05601389 -0.07846928 0.05845773
v 0.03153976 0.08591405 0.06956356
v 0.04598692 0.07913061 0.06956355
v 0.04745986 0.08170518 0.06223641
v 0.03999271 0.08717265 0.0594409
v -0.07939229 -0.04553461 0.06956364
v -0.0819919 -0.04702568 0.06223651
v 0.05909009 0.06999935 0.06956354
v 0.05610062 0.07854892 0.05845556
v 0.07009721 0.05846107 0.06956353
v 0.07228679 0.06032014 0.06223639
v 0.06922365 0.05776436 0.07594808
v 0.07862056 0.04511476 0.07594808
v -0.07851753 -0.04503285 0.07594819
v -0.08514389 -0.0307148 0.0759482
v 0.04544875 0.07824292 0.0759481
v 0.05848523 0.06925119 0.07594809
v -0.06950424 -0.05798328 0.07594818
v 0.03121183 0.08494637 0.07594811
v 0.01546304 -0.08918476 0.07594812
v -0.00025875 -0.09051476 0.07594813
v -0.05837964 -0.06917185 0.07594818
v 0.0159658 0.08916078 0.07594813
v 0.03121183 0.08494637 0.07594811
v 0.03071539 -0.08514464 0.07594811
v -0.04548084 -0.07825859 0.07594817
v -0.05837964 -0.06917185 0.07594818
v 0.00026771 0.09039895 0.07594814
v 0.04503094 -0.07851674 0.0759481
v -0.03120083 -0.0849674 0.07594815
v -0.01546241 0.08918464 0.07594815
v 0.05799376 -0.06950798 0.07594809
v -0.01597196 -0.08909479 0.07594814
v -0.04503997 0.07850386 0.07594817
v -0.03071548 0.08517516 0.07594816
v 0.06913334 -0.0583671 0.07594808
v -0.05794814 0.06949159 0.07594818
v 0.07838554 -0.04552296 0.07594807
v -0.0693036 0.05845205 0.07594819
v 0.08462913 -0.03108893 0.07594807
v 0.07838554 -0.04552296 0.07594807
v -0.07788805 0.04527126 0.07594819
v 0.09049568 -0.00025052 0.07594807
v 0.08921924 -0.01601468 0.07594807
v -0.08510046 0.03127645 0.0759482
v 0.08918487 0.01546252 0.07594807
v -0.09051979 0.00026166 0.0759482
v -0.0890637 0.01595503 0.0759482
v 0.08512944 0.03070033 0.07594807
v -0.08918454 -0.01546293 0.0759482
v -0.08510046 0.03127645 0.0759482
v -0.08580731 0.03149878 0.06956365
v -0.08886611 0.03266048 0.06223651
v -0.09329204 -0.0355361 0.05218407
v -0.08656138 -0.04977333 0.052179
v -0.0776444 -0.06275051 0.05218048
v -0.0775051 0.06307755 0.05217876
v -0.08613102 0.04993348 0.05217482
v -0.09326541 0.03591138 0.05218103
v 0.01586625 0.09860508 0.05218209
v 0.00018252 0.0997756 0.05217804
v -0.01552364 0.09861713 0.05217925
v 0.09328065 0.0355283 0.05218501
v 0.08663599 0.04982383 0.05217851
v 0.07745283 0.06259972 0.05217763
v 0.07739357 -0.06300948 0.05218067
v 0.08646898 -0.05011169 0.05217767
v 0.08646898 -0.05011169 0.05217767
v 0.09293717 -0.03579198 0.05218066
v -0.01586863 -0.09855983 0.05218223
v -0.00017509 -0.09985475 0.05217923
v 0.01552089 -0.09861719 0.05218023
v 0.03588452 -0.09306515 0.05226778
v -0.03594627 -0.09302945 0.05226681
v -0.06265266 -0.07760865 0.05226779
v -0.0985392 -0.0153846 0.05226692
v -0.09326541 0.03591138 0.05218103
v -0.09852308 0.01554442 0.05226829
v -0.06257239 0.0776302 0.05226947
v -0.03588429 0.09308322 0.05226802
v 0.0359508 0.0930154 0.05226802
v 0.01586625 0.09860508 0.05218209
v 0.01667228 0.09310613 0.06223644
v 0.06271387 0.07767977 0.05226299
v 0.09854021 0.01538395 0.0522666
v 0.09863323 -0.0154649 0.05226284
v 0.06259867 -0.07764992 0.05226663
v -0.01541244 -0.10609027 0.04075584
v -0.03211496 -0.10211076 0.04091952
v 0.03195119 -0.1021704 0.0409215
v 0.01523769 -0.10611269 0.04075157
v -8.54E-05 -0.10722628 0.04075272
v -0.09958845 -0.03969507 0.04075989
v -0.10448718 -0.02274214 0.04091988
v -0.07250644 -0.07875567 0.04092152
v -0.08427752 -0.06625384 0.04075231
v -0.09289748 -0.05353425 0.0407516
v -0.08421026 0.06641667 0.04075076
v -0.07236198 0.07886085 0.0409205
v -0.10446066 0.02309681 0.04092149
v -0.09957153 0.03988224 0.04075691
v -0.09957153 0.03988224 0.04075691
v -0.09268242 0.05361205 0.04074851
v 0.01541098 0.10611278 0.04075576
v 0.03211708 0.10210347 0.04091996
v 0.0359508 0.0930154 0.05226802
v -0.03195193 0.10218062 0.04092174
v -0.01523891 0.1061128 0.04075143
v 8.903E-05 0.10718689 0.04075171
v 0.09958276 0.03969097 0.04076022
v 0.10448792 0.02324444 0.04091954
v 0.07253873 0.07879013 0.04091874
v 0.08418219 0.06617862 0.04075004
v 0.09293464 0.05356007 0.04075135
v 0.08415386 -0.0663831 0.04075152
v 0.07237597 -0.07886996 0.0409189
v 0.07237597 -0.07886996 0.0409189
v 0.08415386 -0.0663831 0.04075152
v 0.10450469 -0.02342248 0.04091871
v 0.09940729 -0.03982328 0.04075592
v 0.09940729 -0.03982328 0.04075592
v 0.09285126 -0.05370013 0.04075009
v 0.09285126 -0.05370013 0.04075009
v 0.08646898 -0.05011169 0.05217767
v 0.07739357 -0.06300948 0.05218067
v -0.03588431 0.09308316 0.02988695
v -0.03994797 0.08776744 0.02988695
v 0.06259866 -0.07764992 0.02988687
v 0.07237596 -0.07886996 0.02988686
v -0.04703294 0.08197769 0.02988696
v -0.05548672 0.07820788 0.02988696
v 0.03999269 0.08717265 0.02988689
v 0.03595079 0.09301534 0.0298869
v 0.05610062 0.07854892 0.05845556
v 0.06271387 0.07767977 0.05226299
v 0.06271385 0.07767977 0.02988687
v 0.05610059 0.07854892 0.02988688
v 0.09550423 0.00896931 0.02988685
v 0.09854019 0.01538395 0.02988685
v -0.07250644 -0.07875567 0.04092152
v -0.0794557 -0.0831899 0.02988698
v -0.07250645 -0.07875567 0.02988697
v 0.09863321 -0.01546495 0.02988684
v 0.09608173 -0.00930213 0.02988685
v -0.06265266 -0.07760865 0.05226779
v -0.06265267 -0.07760865 0.02988696
v 0.05552848 -0.07822771 0.02988687
v 0.07253873 0.07879013 0.04091874
v 0.07945572 0.08318991 0.02988686
v 0.07253872 0.07879007 0.02988687
v 0.04745978 0.08170518 0.02988689
v -0.1117713 -0.02722082 0.029887
v -0.10448718 -0.02274214 0.04091988
v -0.10448719 -0.02274214 0.029887
v 0.05610059 0.07854892 0.02988688
v -0.0985392 -0.0153846 0.05226692
v -0.09853922 -0.0153846 0.02988699
v 0.11177132 0.02722083 0.02988684
v 0.10448792 0.02324444 0.04091954
v 0.10448791 0.02324444 0.02988684
v 0.09854021 0.01538395 0.0522666
v 0.09854019 0.01538395 0.02988685
v 0.09450006 -0.00026156 0.02988685
v 0.03195119 -0.1021704 0.0409215
v 0.03231668 -0.1104056 0.02988689
v 0.03195118 -0.1021704 0.02988689
v 0.03588452 -0.09306515 0.05226778
v 0.0358845 -0.09306515 0.02988689
v -0.03195193 0.10218062 0.04092174
v -0.03231666 0.11040561 0.02988695
v -0.03195194 0.10218062 0.02988695
v -0.03231388 -0.11040656 0.02988694
v -0.03211496 -0.10211076 0.04091952
v -0.03211497 -0.10211076 0.02988694
v -0.03195194 0.10218062 0.02988695
v -0.03594627 -0.09302945 0.05226681
v -0.03594628 -0.09302945 0.02988694
v 0.04702354 -0.08199103 0.02988688
v 0.03211708 0.10210347 0.04091996
v 0.03211701 0.10210348 0.0298869
v -0.04749337 -0.08172138 0.02988695
v -0.03998367 -0.08719166 0.02988695
v 0.0399474 -0.08774746 0.02988689
v -0.05601391 -0.07846928 0.02988696
v 0.05263203 0.08161183 0.02943478
v 0.05725187 0.08289106 0.02943478
v 0.05725186 0.08289106 0.02073846
v 0.05263202 0.08161183 0.02073847
v 0.0358845 -0.09306515 0.02988689
v 0.06167824 -0.0908177 0.02943477
v 0.06037868 -0.08620222 0.02943477
v 0.06037867 -0.08620222 0.02073846
v 0.06167823 -0.0908177 0.02073846
v -0.06048009 0.09548261 0.02943487
v -0.06167375 0.09083829 0.02943487
v -0.06167375 0.09083829 0.02073855
v -0.0604801 0.09548261 0.02073855
v -0.03998365 -0.08719166 0.05944071
v -0.03998367 -0.08719166 0.02988695
v -0.09452525 0.00027329 0.02988699
v -0.09550266 -0.00896805 0.02988699
v 0.04329443 0.09079501 0.02943479
v 0.04457378 0.08617517 0.02943479
v 0.04457377 0.08617517 0.02073847
v 0.04329443 0.09079501 0.02073848
v -0.10446066 0.02309681 0.04092149
v -0.11179246 0.02750147 0.029887
v -0.10446046 0.02309681 0.029887
v -0.09593376 0.00929922 0.02988699
v 0.1003919 -0.00811821 0.02943475
v 0.10502859 -0.00933433 0.02943474
v 0.10502859 -0.00933433 0.02073843
v 0.10039189 -0.00811821 0.02073843
v -0.10446046 0.02309681 0.029887
v -0.0985231 0.01554442 0.02988699
v -0.09550263 -0.00896805 0.05944076
v -0.09550266 -0.00896805 0.02988699
v 0.10450469 -0.02342248 0.02988684
v -0.07945804 0.08318798 0.02988698
v -0.07236198 0.07886085 0.0409205
v -0.07236199 0.07886085 0.02988698
v -0.0625724 0.0776302 0.02988697
v -0.07236199 0.07886085 0.02988698
v -0.04786179 0.0990034 0.02943486
v -0.05250589 0.10019673 0.02943486
v -0.0525059 0.10019673 0.02073855
v -0.0478618 0.0990034 0.02073854
v 0.05253881 -0.10061212 0.02988688
v 0.04768395 -0.09937704 0.02988688
v 0.03231668 -0.1104056 0.02988689
v 0.04517257 -0.10569541 0.02988688
v 0.05736046 -0.09925421 0.02988687
v 0.05750817 -0.09960099 0.02988687
v 0.06085777 -0.09566732 0.02988687
v 0.06894851 -0.09196838 0.02988686
v 0.06209279 -0.09081246 0.02988687
v 0.079458 -0.08318797 0.02988686
v 0.1133835 -0.00486708 0.02988683
v 0.10986119 -0.00842697 0.02988684
v 0.11177248 -0.02721566 0.02988683
v 0.11412109 -0.01372695 0.02988683
v 0.1097725 0.00832974 0.02988684
v 0.1133323 0.00480729 0.02988683
v 0.11412131 0.01372682 0.02988683
v 0.11177132 0.02722083 0.02988684
v 0.06089288 0.09577925 0.02988688
v 0.06222951 0.09095277 0.02988688
v 0.07945572 0.08318991 0.02988686
v 0.06894862 0.0919683 0.02988687
v 0.04764778 0.09921035 0.02988689
v 0.05247427 0.10054676 0.02988688
v 0.0451727 0.10569537 0.02988689
v 0.0323139 0.11040657 0.0298869
v -0.05251036 0.10061103 0.02988696
v -0.0476583 0.09936431 0.02988696
v -0.03231666 0.11040561 0.02988695
v -0.04517255 0.10569542 0.02988696
v -0.06208806 0.09083406 0.02988697
v -0.06084136 0.09568604 0.02988697
v -0.06894848 0.09196839 0.02988697
v -0.07945804 0.08318798 0.02988698
v -0.11352438 0.00448992 0.029887
v -0.11019387 0.00818433 0.029887
v -0.11179246 0.02750147 0.029887
v -0.11412107 0.01372697 0.029887
v -0.10933298 -0.0084369 0.029887
v -0.11302748 -0.00510637 0.029887
v -0.11412109 -0.01372681 0.029887
v -0.1117713 -0.02722082 0.029887
v -0.06088034 -0.0957746 0.02988696
v -0.06222109 -0.09094787 0.02988696
v -0.0794557 -0.0831899 0.02988698
v -0.0689486 -0.09196829 0.02988697
v -0.0573058 -0.09928418 0.02988696
v -0.05750828 -0.09960092 0.02988696
v -0.05245529 -0.10053635 0.02988695
v -0.04517268 -0.10569536 0.02988695
v -0.04762869 -0.09919548 0.02988695
v -0.03231388 -0.11040656 0.02988694
v -0.04778228 -0.08243425 0.02988695
v -0.04420779 -0.08594389 0.02988695
v -0.03998367 -0.08719166 0.02988695
v -0.04749337 -0.08172138 0.02988695
v -0.05263261 -0.08118213 0.02988696
v -0.05601391 -0.07846928 0.02988696
v -0.09536902 0.00061919 0.02988699
v -0.09640614 -0.00424551 0.02988699
v -0.09550266 -0.00896805 0.02988699
v -0.09452525 0.00027329 0.02988699
v -0.09690318 0.00535071 0.02988699
v -0.09593376 0.00929922 0.02988699
v -0.04748546 0.08260265 0.02988696
v -0.05231105 0.0812563 0.02988696
v -0.05548672 0.07820788 0.02988696
v -0.04703294 0.08197769 0.02988696
v -0.04398005 0.0861813 0.02988695
v -0.03994797 0.08776744 0.02988695
v 0.04778713 0.08245339 0.02988689
v 0.04421669 0.085965 0.02988689
v 0.03999269 0.08717265 0.02988689
v 0.04745978 0.08170518 0.02988689
v 0.05263549 0.08119751 0.02988688
v 0.05610059 0.07854892 0.02988688
v 0.09530508 -0.0001254 0.02988685
v 0.09657561 0.00471861 0.02988685
v 0.09550423 0.00896931 0.02988685
v 0.09450006 -0.00026156 0.02988685
v 0.09662681 -0.0049557 0.02988685
v 0.09608173 -0.00930213 0.02988685
v 0.04747117 -0.08261634 0.02988688
v 0.05229313 -0.08125849 0.02988688
v 0.05552848 -0.07822771 0.02988687
v 0.04702354 -0.08199103 0.02988688
v 0.04397423 -0.08620328 0.02988688
v 0.0399474 -0.08774746 0.02988689
v 0.04273916 -0.09105814 0.02988688
v 0.0358845 -0.09306515 0.02988689
v -0.04286698 -0.09077056 0.02988695
v -0.03594628 -0.09302945 0.02988694
v -0.05745939 -0.08252293 0.02988696
v -0.06265267 -0.07760865 0.02988696
v -0.09973673 -0.00793992 0.02988699
v -0.09853922 -0.0153846 0.02988699
v -0.10059757 0.0086813 0.02988699
v -0.0985231 0.01554442 0.02988699
v -0.05716293 0.08250299 0.02988696
v -0.0625724 0.0776302 0.02988697
v -0.04273336 0.09103329 0.02988695
v -0.03588431 0.09308316 0.02988695
v 0.04287993 0.09079155 0.02988689
v 0.03595079 0.09301534 0.0298869
v 0.05746173 0.08253397 0.02988688
v 0.06271385 0.07767977 0.02988687
v 0.10009801 0.00827855 0.02988684
v 0.09854019 0.01538395 0.02988685
v 0.1001867 -0.00847816 0.02988684
v 0.09863321 -0.01546495 0.02988684
v 0.05714787 -0.0824935 0.02988687
v 0.06259866 -0.07764992 0.02988687
v 0.04409677 -0.0958801 0.02988688
v 0.03195118 -0.1021704 0.02988689
v -0.04411911 -0.09562094 0.02988695
v -0.03211497 -0.10211076 0.02988694
v -0.06096903 -0.08609748 0.02988696
v -0.07250645 -0.07875567 0.02988697
v -0.10446828 -0.00947409 0.029887
v -0.10448719 -0.02274214 0.029887
v -0.10546227 0.00971849 0.029887
v -0.10446046 0.02309681 0.029887
v -0.06074171 0.0860087 0.02988697
v -0.07236199 0.07886085 0.02988698
v -0.0440797 0.09585865 0.02988696
v -0.03195194 0.10218062 0.02988695
v 0.04413581 0.09563967 0.02988689
v 0.03211701 0.10210348 0.0298869
v 0.0609737 0.08610465 0.02988688
v 0.07253872 0.07879007 0.02988687
v 0.10492841 0.00960028 0.02988684
v 0.10448791 0.02324444 0.02988684
v 0.10503079 -0.0097487 0.02988684
v 0.10450469 -0.02342248 0.02988684
v 0.06073463 -0.0859905 0.02988687
v 0.07237596 -0.07886996 0.02988686
v 0.1146541 -2.3E-05 0.02988683
v 0.1150111 -3.24E-06 0.02988683
v 0.05732239 0.09929092 0.02988688
v 0.0575083 0.09960093 0.02988688
v -0.05733565 0.09926471 0.02988697
v -0.05750266 0.09960415 0.02988697
v -0.11456158 -0.00037481 0.029887
v -0.11501108 -3.1E-06 0.029887
v 0.05253326 -0.10019772 0.02943478
v 0.04788655 -0.0990156 0.02943478
v 0.05714905 -0.09889807 0.02943477
v 0.05253326 -0.10019772 0.02943478
v 0.05253881 -0.10061212 0.02988688
v 0.05736046 -0.09925421 0.02988687
v 0.06049627 -0.09546466 0.02943477
v 0.06085777 -0.09566732 0.02988687
v 0.06049627 -0.09546466 0.02943477
v 0.06085777 -0.09566732 0.02988687
v 0.06209279 -0.09081246 0.02988687
v 0.1130236 -0.00466174 0.02943474
v 0.10965209 -0.00806922 0.02943474
v 0.10986119 -0.00842697 0.02988684
v 0.1133835 -0.00486708 0.02988683
v 0.1095672 0.00796979 0.02943474
v 0.1129747 0.00459831 0.02943474
v 0.1133323 0.00480729 0.02988683
v 0.1097725 0.00832974 0.02988684
v 0.06053566 0.09556909 0.02943472
v 0.0618152 0.09094931 0.02943478
v 0.06222951 0.09095277 0.02988688
v 0.06089288 0.09577925 0.02988688
v 0.04785795 0.09885326 0.02943479
v 0.05247742 0.10013246 0.02943473
v 0.05247427 0.10054676 0.02988688
v 0.04764778 0.09921035 0.02988689
v -0.0476583 0.09936431 0.02988696
v -0.05251036 0.10061103 0.02988696
v -0.06167375 0.09083829 0.02943487
v -0.06048009 0.09548261 0.02943487
v -0.11315538 0.00430156 0.02943491
v -0.10996837 0.00783665 0.0294349
v -0.10914468 -0.00806789 0.0294349
v -0.11267978 -0.00488083 0.02943491
v -0.11302748 -0.00510637 0.029887
v -0.10933298 -0.0084369 0.029887
v -0.06052343 -0.09556413 0.02943486
v -0.06180653 -0.09094412 0.02943486
v -0.06222109 -0.09094787 0.02988696
v -0.06088034 -0.0957746 0.02988696
v -0.05710195 -0.09892345 0.02943486
v -0.0573058 -0.09928418 0.02988696
v -0.05245917 -0.10012195 0.02943486
v -0.05710195 -0.09892345 0.02943486
v -0.04783915 -0.09883857 0.02943485
v -0.05245917 -0.10012195 0.02943486
v -0.05245529 -0.10053635 0.02988695
v -0.04762869 -0.09919548 0.02988695
v -0.04798613 -0.08279498 0.02943485
v -0.0445647 -0.0861543 0.02943485
v -0.04420779 -0.08594389 0.02988695
v -0.04778228 -0.08243425 0.02988695
v -0.05262897 -0.08159644 0.02943486
v -0.04798613 -0.08279498 0.02943485
v -0.04778228 -0.08243425 0.02988695
v -0.05263261 -0.08118213 0.02988696
v -0.09578279 0.00059776 0.02943489
v -0.09677521 -0.00405716 0.02943489
v -0.09640614 -0.00424551 0.02988699
v -0.09536902 0.00061919 0.02988699
v -0.09725079 0.00512517 0.02943489
v -0.09690318 0.00535071 0.02988699
v -0.04769658 0.08295932 0.02943486
v -0.05231534 0.08167061 0.02943486
v -0.05231105 0.0812563 0.02988696
v -0.04748546 0.08260265 0.02988696
v -0.04434065 0.08638473 0.02943486
v -0.04398005 0.0861813 0.02988695
v 0.04799157 0.08281388 0.02943479
v 0.04421669 0.085965 0.02988689
v 0.04778713 0.08245339 0.02988689
v 0.05263203 0.08161183 0.02943478
v 0.04799157 0.08281388 0.02943479
v 0.09571939 -0.00012321 0.02943475
v 0.09693557 0.00451339 0.02943475
v 0.09698456 -0.00474673 0.02943475
v 0.09571939 -0.00012321 0.02943475
v 0.09530508 -0.0001254 0.02988685
v 0.09662681 -0.0049557 0.02988685
v 0.04768289 -0.08297254 0.02943478
v 0.05229807 -0.0816728 0.02943478
v 0.05229313 -0.08125849 0.02988688
v 0.04747117 -0.08261634 0.02988688
v 0.04433561 -0.08640588 0.02943478
v 0.04768289 -0.08297254 0.02943478
v 0.04315347 -0.09105289 0.02943479
v -0.04328099 -0.09077431 0.02943485
v -0.04286698 -0.09077056 0.02988695
v -0.05724899 -0.08287985 0.02943486
v -0.05745939 -0.08252293 0.02988696
v -0.09677521 -0.00405716 0.02943489
v -0.09996221 -0.00759231 0.0294349
v -0.09973673 -0.00793992 0.02988699
v -0.09640614 -0.00424551 0.02988699
v -0.10078587 0.00831223 0.0294349
v -0.10059757 0.0086813 0.02988699
v -0.05231534 0.08167061 0.02943486
v -0.05695938 0.08286395 0.02943487
v -0.04314767 0.09102906 0.02943486
v -0.04434065 0.08638473 0.02943486
v -0.04398005 0.0861813 0.02988695
v -0.04273336 0.09103329 0.02988695
v 0.04287993 0.09079155 0.02988689
v 0.05263549 0.08119751 0.02988688
v 0.05746173 0.08253397 0.02988688
v 0.10030711 0.0079208 0.02943475
v 0.1003919 -0.00811821 0.02943475
v 0.1001867 -0.00847816 0.02988684
v 0.05694539 -0.08285494 0.02943478
v 0.05714787 -0.0824935 0.02988687
v 0.04788655 -0.0990156 0.02943478
v 0.04445321 -0.09566838 0.02943478
v 0.04409677 -0.0958801 0.02988688
v 0.04768395 -0.09937704 0.02988688
v 0.04315347 -0.09105289 0.02943479
v 0.04273916 -0.09105814 0.02988688
v -0.04447953 -0.0954171 0.02943485
v -0.04411911 -0.09562094 0.02988695
v -0.04447953 -0.0954171 0.02943485
v -0.04411911 -0.09562094 0.02988695
v -0.06180653 -0.09094412 0.02943486
v -0.060608 -0.08630133 0.02943486
v -0.05724899 -0.08287985 0.02943486
v -0.10448978 -0.00906031 0.0294349
v -0.10914468 -0.00806789 0.0294349
v -0.10448978 -0.00906031 0.0294349
v -0.10446828 -0.00947409 0.029887
v -0.10996837 0.00783665 0.0294349
v -0.10544087 0.00930465 0.0294349
v -0.10546227 0.00971849 0.029887
v -0.11019387 0.00818433 0.029887
v -0.10078587 0.00831223 0.0294349
v -0.10059757 0.0086813 0.02988699
v -0.06038473 0.08621957 0.02943487
v -0.06208806 0.09083406 0.02988697
v -0.06074171 0.0860087 0.02988697
v -0.05695938 0.08286395 0.02943487
v -0.05716293 0.08250299 0.02988696
v -0.04786179 0.0990034 0.02943486
v -0.04443638 0.09564783 0.02943486
v -0.0440797 0.09585865 0.02988696
v -0.0476583 0.09936431 0.02988696
v 0.04449636 0.09543547 0.02943479
v 0.04785795 0.09885326 0.02943479
v 0.04329443 0.09079501 0.02943479
v 0.06061285 0.08630879 0.02943478
v 0.0609737 0.08610465 0.02988688
v 0.06061285 0.08630879 0.02943478
v 0.0609737 0.08610465 0.02988688
v 0.10493061 0.00918597 0.02943474
v 0.1095672 0.00796979 0.02943474
v 0.1097725 0.00832974 0.02988684
v 0.10492841 0.00960028 0.02988684
v 0.10030711 0.0079208 0.02943475
v 0.10009801 0.00827855 0.02988684
v 0.10503079 -0.0097487 0.02988684
v 0.10502859 -0.00933433 0.02943474
v 0.1003919 -0.00811821 0.02943475
v 0.06073463 -0.0859905 0.02988687
v 0.05694539 -0.08285494 0.02943478
v 0.05714787 -0.0824935 0.02988687
v 0.1142398 -2.52E-05 0.02943474
v 0.1130236 -0.00466174 0.02943474
v 0.1133835 -0.00486708 0.02988683
v 0.1146541 -2.3E-05 0.02988683
v 0.05711794 0.09893037 0.02943472
v 0.05732239 0.09929092 0.02988688
v 0.05711794 0.09893037 0.02943472
v 0.05732239 0.09929092 0.02988688
v -0.05712483 0.09890797 0.02943487
v -0.05733565 0.09926471 0.02988697
v -0.05712483 0.09890797 0.02943487
v -0.11414788 -0.00035338 0.02943491
v -0.11315538 0.00430156 0.02943491
v -0.11352438 0.00448992 0.029887
v -0.11456158 -0.00037481 0.029887
v 0.09693557 0.00451339 0.02073843
v 0.09571938 -0.00012321 0.02073843
v 0.09628795 -0.0001202 0.0202481
v 0.09742945 0.00423175 0.0202481
v -0.06038474 0.08621958 0.02073855
v -0.05989515 0.08650895 0.02024822
v -0.06110506 0.09084419 0.02024822
v 0.04799156 0.08281388 0.02073847
v 0.05263202 0.08161183 0.02073847
v 0.05262719 0.0821804 0.02024814
v 0.0482714 0.08330866 0.02024814
v -0.10078588 0.00831223 0.02073858
v -0.10544088 0.00930465 0.02073858
v -0.10541168 0.00874091 0.02024825
v -0.10104248 0.00780935 0.02024825
v 0.04457377 0.08617517 0.02073847
v 0.04506378 0.08646354 0.02024814
v -0.10544088 0.00930465 0.02073858
v -0.10996838 0.00783665 0.02073859
v -0.10966118 0.00736298 0.02024826
v -0.10541168 0.00874091 0.02024825
v -0.11315538 0.00430156 0.02943491
v -0.11315538 0.00430156 0.02073859
v -0.10996838 0.00783665 0.02073859
v 0.05694539 -0.08285494 0.02073846
v 0.09693557 0.00451339 0.02943475
v 0.09693557 0.00451339 0.02073843
v 0.1003071 0.0079208 0.02073843
v -0.10914469 -0.00806789 0.02073859
v -0.11267979 -0.00488083 0.02073859
v 0.11423979 -2.519E-05 0.02073842
v 0.11302359 -0.00466174 0.02073842
v 0.10039189 -0.00811821 0.02073843
v 0.09698455 -0.00474673 0.02073843
v -0.06052344 -0.09556413 0.02073855
v -0.06180654 -0.09094412 0.02073855
v 0.1129747 0.00459831 0.02073842
v 0.05229807 -0.0816728 0.02073846
v 0.05694539 -0.08285494 0.02073846
v -0.05710195 -0.09892345 0.02073854
v 0.05711793 0.09893037 0.02073847
v 0.06053566 0.09556909 0.02073846
v 0.04788655 -0.0990156 0.02073847
v 0.0444532 -0.09566838 0.02073847
v -0.05710195 -0.09892345 0.02943486
v -0.05245917 -0.10012195 0.02073854
v -0.05710195 -0.09892345 0.02073854
v 0.05247741 0.10013246 0.02073847
v 0.05711793 0.09893037 0.02073847
v 0.04315346 -0.09105289 0.02073847
v -0.04783915 -0.09883857 0.02073854
v -0.05712484 0.09890797 0.02073855
v -0.04447953 -0.0954171 0.02073853
v -0.04798613 -0.08279498 0.02073854
v -0.04456471 -0.0861543 0.02073854
v -0.06048009 0.09548261 0.02943487
v -0.0604801 0.09548261 0.02073855
v -0.043281 -0.09077431 0.02073853
v -0.04447953 -0.0954171 0.02073853
v -0.05262897 -0.08159644 0.02073854
v -0.04798613 -0.08279498 0.02073854
v -0.11414789 -0.00035338 0.02073859
v -0.11315538 0.00430156 0.02073859
v -0.060608 -0.08630133 0.02943486
v -0.060608 -0.08630133 0.02073855
v -0.0957828 0.00059776 0.02073858
v -0.09677522 -0.00405716 0.02073858
v -0.060608 -0.08630133 0.02943486
v -0.060608 -0.08630133 0.02073855
v -0.05724899 -0.08287985 0.02073854
v -0.09725079 0.00512517 0.02073858
v -0.10914468 -0.00806789 0.0294349
v -0.10448979 -0.00906031 0.02073858
v -0.10914469 -0.00806789 0.02073859
v -0.04769659 0.08295932 0.02073854
v -0.05231535 0.08167061 0.02073855
v -0.09996222 -0.00759231 0.02073858
v -0.04434066 0.08638474 0.02073854
v 0.04799156 0.08281388 0.02073847
v 0.04799157 0.08281388 0.02943479
v 0.04799156 0.08281388 0.02073847
v 0.09693557 0.00451339 0.02943475
v 0.09571938 -0.00012321 0.02073843
v 0.09693557 0.00451339 0.02073843
v -0.05695939 0.08286395 0.02073855
v -0.0478618 0.0990034 0.02073854
v -0.04443638 0.09564783 0.02073854
v 0.04768289 -0.08297254 0.02073847
v 0.04788655 -0.0990156 0.02943478
v 0.05253326 -0.10019772 0.02073846
v 0.04788655 -0.0990156 0.02073847
v -0.04314767 0.09102906 0.02073854
v 0.04433561 -0.08640588 0.02943478
v 0.04433561 -0.08640588 0.02073847
v 0.05714905 -0.09889807 0.02073846
v 0.04449636 0.09543547 0.02943479
v 0.04449635 0.09543547 0.02073847
v 0.04785794 0.09885326 0.02073847
v 0.04433561 -0.08640588 0.02943478
v 0.04433561 -0.08640588 0.02073847
v 0.06049627 -0.09546466 0.02073846
v 0.04449636 0.09543547 0.02943479
v 0.04449635 0.09543547 0.02073847
v 0.06049627 -0.09546466 0.02073846
v 0.06181519 0.09094931 0.02073846
v 0.06061284 0.08630879 0.02073846
v 0.11302359 -0.00466174 0.02073842
v 0.10965209 -0.00806922 0.02073842
v 0.06061284 0.08630879 0.02073846
v -0.09677522 -0.00405716 0.02073858
v 0.1095672 0.00796979 0.02073842
v 0.1049306 0.00918597 0.02073843
v 0.1095672 0.00796979 0.02073842
v -0.10078588 0.00831223 0.02073858
v -0.05695938 0.08286395 0.02943487
v -0.05695939 0.08286395 0.02073855
v -0.04434066 0.08638474 0.02073854
v -0.11265248 0.00404497 0.02024826
v -0.11024848 0.00281812 0.02024826
v -0.10819268 0.00509854 0.02024826
v 0.05696349 0.08338107 0.02024813
v 0.05558454 0.08572377 0.02024814
v 0.05260436 0.08489861 0.02024814
v 0.06110978 -0.09082492 0.02024813
v 0.05988985 -0.08649279 0.02024813
v 0.05755221 -0.08788212 0.02024813
v 0.05839091 -0.09085943 0.02024813
v -0.05998497 0.09520331 0.02024822
v -0.06110506 0.09084419 0.02024822
v -0.05838571 0.09087213 0.02024822
v -0.05761622 0.09386804 0.02024822
v 0.04386282 0.09079971 0.02024814
v 0.04740654 0.08784231 0.02024814
v 0.04658103 0.09082236 0.02024814
v 0.10067359 -0.00762438 0.0202481
v 0.10502559 -0.00876582 0.0202481
v 0.10501119 -0.00604755 0.0202481
v 0.10202029 -0.00526315 0.0202481
v -0.06038474 0.08621958 0.02073855
v -0.05695939 0.08286395 0.02073855
v -0.05668038 0.08335939 0.02024822
v -0.05989515 0.08650895 0.02024822
v 0.09747539 -0.00445985 0.0202481
v 0.09628795 -0.0001202 0.0202481
v -0.04443638 0.09564783 0.02073854
v -0.0478618 0.0990034 0.02073854
v -0.04814105 0.09850797 0.02024821
v -0.04492567 0.09535839 0.02024821
v 0.05229807 -0.0816728 0.02073846
v 0.04768289 -0.08297254 0.02073847
v 0.04797352 -0.08346142 0.02024814
v 0.05230535 -0.08224149 0.02024813
v 0.04788655 -0.0990156 0.02073847
v 0.05253326 -0.10019772 0.02073846
v 0.05252635 -0.09962912 0.02024813
v 0.04816448 -0.09851951 0.02024814
v -0.04314767 0.09102906 0.02073854
v -0.04371637 0.09102316 0.02024821
v 0.04433561 -0.08640588 0.02073847
v 0.04483169 -0.08668399 0.02024814
v 0.05714905 -0.09889807 0.02073846
v 0.05685836 -0.09840919 0.02024813
v 0.04785794 0.09885326 0.02073847
v 0.04449635 0.09543547 0.02073847
v 0.04499137 0.09515532 0.02024814
v 0.048146 0.09836325 0.02024814
v 0.04315346 -0.09105289 0.02073847
v 0.04372215 -0.09104568 0.02024814
v 0.06049627 -0.09546466 0.02073846
v 0.06000024 -0.09518661 0.02024813
v 0.04329443 0.09079501 0.02073848
v -0.043281 -0.09077431 0.02073853
v -0.04456471 -0.0861543 0.02073854
v -0.0450546 -0.0864432 0.02024821
v -0.04384999 -0.09077956 0.0202482
v 0.06167823 -0.0908177 0.02073846
v 0.06061284 0.08630879 0.02073846
v 0.06181519 0.09094931 0.02073846
v 0.06124668 0.09094454 0.02024813
v 0.06011806 0.08658899 0.02024813
v -0.05262897 -0.08159644 0.02073854
v -0.05724899 -0.08287985 0.02073854
v -0.05695978 -0.08336974 0.02024821
v -0.05262355 -0.08216513 0.02024821
v 0.10965209 -0.00806922 0.02073842
v 0.11302359 -0.00466174 0.02073842
v 0.11252979 -0.00438011 0.02024809
v 0.10936519 -0.00757837 0.02024809
v 0.05725186 0.08289106 0.02073846
v -0.09996222 -0.00759231 0.02073858
v -0.09677522 -0.00405716 0.02073858
v -0.09727804 -0.00380044 0.02024825
v -0.10026939 -0.00711857 0.02024825
v 0.1129747 0.00459831 0.02073842
v 0.1095672 0.00796979 0.02073842
v 0.1092856 0.00747591 0.02024809
v 0.11248369 0.00431138 0.02024809
v 0.1049306 0.00918597 0.02073843
v 0.1049336 0.0086174 0.0202481
v -0.09725079 0.00512517 0.02073858
v -0.10078588 0.00831223 0.02073858
v -0.10104248 0.00780935 0.02024825
v -0.09772441 0.00481809 0.02024825
v 0.06053566 0.09556909 0.02073846
v 0.06004565 0.09528072 0.02024813
v 0.1003071 0.0079208 0.02073843
v 0.1005939 0.0074299 0.0202481
v -0.05231535 0.08167061 0.02073855
v -0.05232119 0.08223935 0.02024822
v 0.05247741 0.10013246 0.02073847
v 0.05248218 0.09956391 0.02024814
v 0.10502859 -0.00933433 0.02073843
v -0.04434066 0.08638474 0.02073854
v -0.04483646 0.08666405 0.02024821
v -0.0525059 0.10019673 0.02073855
v -0.05249993 0.099628 0.02024821
v 0.10039189 -0.00811821 0.02073843
v 0.04506378 0.08646354 0.02024814
v 0.04386282 0.09079971 0.02024814
v -0.0604801 0.09548261 0.02073855
v -0.06167375 0.09083829 0.02073855
v 0.06037867 -0.08620222 0.02073846
v -0.11315538 0.00430156 0.02073859
v 0.05694539 -0.08285494 0.02073846
v 0.05666697 -0.08335103 0.02024813
v -0.11267979 -0.00488083 0.02073859
v -0.10914469 -0.00806789 0.02073859
v -0.10888809 -0.00756501 0.02024826
v -0.11220619 -0.00457375 0.02024826
v 0.11423979 -2.519E-05 0.02073842
v 0.11367129 -2.82E-05 0.02024809
v 0.09698455 -0.00474673 0.02073843
v 0.09747539 -0.00445985 0.0202481
v -0.06003355 -0.09527529 0.02024822
v -0.06123816 -0.09093887 0.02024822
v -0.06052344 -0.09556413 0.02073855
v -0.05710195 -0.09892345 0.02073854
v -0.05682211 -0.09842837 0.02024821
v -0.06003355 -0.09527529 0.02024822
v 0.05711793 0.09893037 0.02073847
v 0.05683773 0.09843565 0.02024813
v 0.0444532 -0.09566838 0.02073847
v 0.04494208 -0.09537775 0.02024814
v -0.05245917 -0.10012195 0.02073854
v -0.05246405 -0.09955329 0.02024821
v 0.04494208 -0.09537775 0.02024814
v 0.04372215 -0.09104568 0.02024814
v -0.04783915 -0.09883857 0.02073854
v -0.04812788 -0.09834868 0.02024821
v -0.05712484 0.09890797 0.02073855
v -0.0568354 0.09841844 0.02024822
v -0.04447953 -0.0954171 0.02073853
v -0.04497491 -0.09513725 0.02024821
v -0.04798613 -0.08279498 0.02073854
v -0.04826603 -0.08329011 0.02024821
v -0.11414789 -0.00035338 0.02073859
v -0.11358409 -0.00032418 0.02024826
v -0.060608 -0.08630133 0.02073855
v -0.06180654 -0.09094412 0.02073855
v -0.06123816 -0.09093887 0.02024822
v -0.06011317 -0.08658118 0.02024822
v -0.0957828 0.00059776 0.02073858
v -0.09634654 0.00056856 0.02024825
v -0.11220619 -0.00457375 0.02024826
v -0.11358409 -0.00032418 0.02024826
v -0.10448979 -0.00906031 0.02073858
v -0.10451899 -0.00849651 0.02024825
v -0.04769659 0.08295932 0.02073854
v -0.04798603 0.08344891 0.02024821
v 0.09979063 0.00288505 0.0202481
v 0.0990061 -0.00010582 0.0202481
v 0.09927909 -0.00010437 0.0199981
v 0.10002769 0.00274992 0.0199981
v -0.05838571 0.09087213 0.02024822
v -0.05755472 0.08789274 0.02024822
v -0.0573197 0.08803167 0.01999822
v -0.05811273 0.09087494 0.01999822
v 0.0496112 0.08567401 0.02024814
v 0.0526024 0.08517154 0.01999814
v 0.04974555 0.08591154 0.01999814
v -0.10226928 0.00540532 0.02024825
v -0.10527208 0.00604547 0.02024825
v -0.10525808 0.00577487 0.01999825
v -0.10239248 0.00516392 0.01999825
v 0.04740654 0.08784231 0.02024814
v 0.0496112 0.08567401 0.02024814
v 0.04974555 0.08591154 0.01999814
v 0.04764174 0.08798071 0.01999814
v -0.10527208 0.00604547 0.02024825
v -0.10804518 0.00487114 0.01999825
v -0.10525808 0.00577487 0.01999825
v 0.05533748 -0.08572288 0.02024813
v 0.1019655 0.00508314 0.0202481
v -0.10766129 -0.00516091 0.02024826
v -0.10994169 -0.00310515 0.02024826
v 0.11095299 -4.259E-05 0.02024809
v 0.11016859 -0.00303352 0.02024809
v 0.09982221 -0.00308823 0.0202481
v -0.05769102 -0.09389425 0.02024821
v -0.05851917 -0.09091396 0.02024822
v 0.11013689 0.00293988 0.02024809
v 0.05234003 -0.08496036 0.02024813
v -0.05548392 -0.09606123 0.02024821
v 0.05549854 0.09607024 0.02024813
v 0.05770295 0.09390201 0.02024813
v 0.0494939 -0.09614767 0.02024813
v 0.04727911 -0.09398848 0.02024814
v -0.05248933 -0.09683437 0.02024821
v 0.05250483 0.0968457 0.02024814
v 0.04644072 -0.09101111 0.02024814
v -0.04950886 -0.09600646 0.02024821
v -0.05545162 0.09607765 0.02024822
v -0.05247222 0.09690901 0.02024822
v -0.04734205 -0.09379936 0.02024821
v -0.04960381 -0.08565724 0.02024821
v -0.04739665 -0.08782424 0.02024821
v -0.04656892 -0.09080447 0.02024821
v -0.05259881 -0.08488411 0.02024821
v -0.11088869 -0.00018458 0.02024826
v -0.05774604 -0.08791906 0.02024822
v -0.09904198 0.00042897 0.02024825
v -0.09968214 -0.00257372 0.02024825
v -0.05557874 -0.08571196 0.02024821
v -0.09998891 0.00334949 0.02024825
v -0.10465859 -0.00580107 0.02024825
v -0.04936981 0.08578965 0.02024821
v -0.05234909 0.08495834 0.02024822
v -0.10173799 -0.00485413 0.02024825
v -0.04720509 0.08799931 0.02024821
v -0.10226928 0.00540532 0.02024825
v -0.05755472 0.08789274 0.02024822
v -0.05534481 0.08572813 0.02024822
v -0.04947631 0.09613922 0.02024821
v -0.04726671 0.09397462 0.02024821
v 0.04936253 -0.08579876 0.02024814
v 0.05249184 -0.09691025 0.02024813
v -0.0464351 0.09099522 0.02024821
v 0.0472036 -0.08801348 0.02024814
v 0.05546915 -0.09607185 0.02024813
v 0.04735678 0.09381583 0.02024814
v 0.04952502 0.09602048 0.02024814
v 0.05762839 -0.09385706 0.02024813
v 0.05852841 0.09092189 0.02024813
v 0.05775271 0.08792849 0.02024813
v 0.10799369 -0.0052315 0.02024809
v 0.107939 0.00511467 0.02024809
v 0.104948 0.00589925 0.0202481
v 0.0523433 -0.08523335 0.01999813
v 0.04950231 -0.08603348 0.01999814
v 0.04950231 -0.08603348 0.01724826
v 0.0523433 -0.08523335 0.01724825
v -0.04750173 0.09383568 0.01999821
v -0.04961012 0.09590134 0.01999821
v -0.04961012 0.09590134 0.01724834
v -0.04750174 0.09383568 0.01724833
v 0.09927909 -0.00010437 0.0199981
v 0.10005779 -0.00295043 0.0199981
v 0.10005779 -0.00295043 0.01724822
v 0.09927909 -0.00010437 0.01724822
v -0.0552107 0.08596602 0.01999822
v -0.0552107 0.08596602 0.01724834
v -0.0573197 0.08803167 0.01724834
v 0.10002769 0.00274992 0.0199981
v 0.10002769 0.00274992 0.01724822
v -0.05811274 0.09087494 0.01724834
v -0.05534481 0.08572813 0.02024822
v 0.0990061 -0.00010582 0.0202481
v 0.09982221 -0.00308823 0.0202481
v -0.04961012 0.09590134 0.01999821
v -0.04750173 0.09383568 0.01999821
v 0.05234003 -0.08496036 0.02024813
v 0.04936253 -0.08579876 0.02024814
v 0.05248808 -0.0966372 0.01999813
v 0.04962772 -0.09590949 0.01999813
v -0.0464351 0.09099522 0.02024821
v -0.04726671 0.09397462 0.02024821
v -0.04670845 0.09099236 0.01999821
v 0.04744178 -0.088147 0.01999814
v 0.04950231 -0.08603348 0.01999814
v 0.05249184 -0.09691025 0.02024813
v 0.05546915 -0.09607185 0.02024813
v 0.05532962 -0.09583713 0.01999813
v 0.05248808 -0.0966372 0.01999813
v 0.04759419 0.0936813 0.01999814
v 0.04966348 0.09578528 0.01999814
v 0.0467137 -0.09100765 0.01999814
v 0.05762839 -0.09385706 0.02024813
v 0.05739021 -0.09372355 0.01999813
v 0.04685401 0.09082469 0.01999814
v -0.04656892 -0.09080447 0.02024821
v -0.04739665 -0.08782424 0.02024821
v -0.04763185 -0.08796288 0.01999821
v -0.04684185 -0.09080698 0.01999821
v 0.05811762 -0.09086289 0.01999813
v 0.05739021 -0.09372355 0.01999813
v 0.05825548 0.09091963 0.01999813
v 0.05751549 0.08806296 0.01999813
v -0.05259881 -0.08488411 0.02024821
v -0.05557874 -0.08571196 0.02024821
v -0.05544011 -0.08594716 0.01999821
v -0.05259631 -0.0851571 0.01999821
v 0.10799369 -0.0052315 0.02024809
v 0.11016859 -0.00303352 0.02024809
v 0.10993149 -0.00289828 0.01999809
v 0.10785599 -0.00499582 0.01999809
v 0.05558454 0.08572377 0.02024814
v 0.05775271 0.08792849 0.02024813
v 0.05751549 0.08806296 0.01999813
v 0.05544601 0.08595903 0.01999813
v -0.10173799 -0.00485413 0.02024825
v -0.09968214 -0.00257372 0.02024825
v -0.09992354 -0.00245052 0.01999825
v -0.10188539 -0.0046268 0.01999825
v 0.1078037 0.00487762 0.01999809
v 0.10990129 0.00280213 0.01999809
v 0.107939 0.00511467 0.02024809
v 0.104948 0.00589925 0.0202481
v 0.1049494 0.0056262 0.0199981
v 0.1078037 0.00487762 0.01999809
v -0.10239248 0.00516392 0.01999825
v -0.10021628 0.00320191 0.01999825
v 0.05852841 0.09092189 0.02024813
v 0.05770295 0.09390201 0.02024813
v 0.05746769 0.0937636 0.01999813
v 0.05825548 0.09091963 0.01999813
v 0.1019655 0.00508314 0.0202481
v 0.1021032 0.00484747 0.0199981
v -0.05235201 0.08523139 0.01999822
v -0.0552107 0.08596602 0.01999822
v 0.05250483 0.0968457 0.02024814
v 0.04952502 0.09602048 0.02024814
v 0.04966348 0.09578528 0.01999814
v 0.0525074 0.09657271 0.01999814
v 0.10501119 -0.00604755 0.0202481
v 0.10500979 -0.00577468 0.0199981
v -0.04670845 0.09099236 0.01999821
v -0.04744303 0.08813336 0.01999821
v -0.04947631 0.09613922 0.02024821
v -0.05247222 0.09690901 0.02024822
v -0.05246942 0.09663596 0.01999821
v -0.04961012 0.09590134 0.01999821
v 0.10500979 -0.00577468 0.0199981
v 0.10215549 -0.00502598 0.0199981
v 0.04658103 0.09082236 0.02024814
v 0.04685401 0.09082469 0.01999814
v -0.05811273 0.09087494 0.01999822
v -0.0573784 0.09373393 0.01999822
v 0.05839091 -0.09085943 0.02024813
v 0.05755221 -0.08788212 0.02024813
v 0.05731779 -0.08802165 0.01999813
v 0.05811762 -0.09086289 0.01999813
v 0.05260436 0.08489861 0.02024814
v 0.0526024 0.08517154 0.01999814
v -0.11000708 0.00269492 0.01999826
v 0.05520427 -0.08596106 0.01999813
v 0.05731779 -0.08802165 0.01999813
v 0.1021032 0.00484747 0.0199981
v -0.10994169 -0.00310515 0.02024826
v -0.10766129 -0.00516091 0.02024826
v -0.10753809 -0.00491957 0.01999825
v -0.10971429 -0.00295769 0.01999826
v 0.11068009 -4.403E-05 0.01999809
v 0.10993149 -0.00289828 0.01999809
v 0.10202029 -0.00526315 0.0202481
v 0.10215549 -0.00502598 0.0199981
v -0.05851917 -0.09091396 0.02024822
v -0.05769102 -0.09389425 0.02024821
v -0.05745582 -0.09375555 0.01999821
v -0.05824588 -0.09091145 0.01999822
v 0.11095299 -4.259E-05 0.02024809
v 0.11013689 0.00293988 0.02024809
v 0.10990129 0.00280213 0.01999809
v 0.11068009 -4.403E-05 0.01999809
v 0.05533748 -0.08572288 0.02024813
v 0.05520427 -0.08596106 0.01999813
v -0.05548392 -0.09606123 0.02024821
v -0.05534957 -0.09582353 0.01999821
v 0.05536407 0.09583272 0.01999813
v 0.05746769 0.0937636 0.01999813
v 0.04727911 -0.09398848 0.02024814
v 0.0494939 -0.09614767 0.02024813
v 0.04962772 -0.09590949 0.01999813
v 0.04751414 -0.09384895 0.01999814
v -0.05249177 -0.09656132 0.01999821
v -0.05534957 -0.09582353 0.01999821
v 0.05549854 0.09607024 0.02024813
v 0.05536407 0.09583272 0.01999813
v 0.04644072 -0.09101111 0.02024814
v 0.0467137 -0.09100765 0.01999814
v -0.05248933 -0.09683437 0.02024821
v -0.04950886 -0.09600646 0.02024821
v -0.04964756 -0.09577126 0.01999821
v -0.05249177 -0.09656132 0.01999821
v -0.05545162 0.09607765 0.02024822
v -0.05531268 0.09584262 0.01999822
v -0.04734205 -0.09379936 0.02024821
v -0.04757969 -0.09366501 0.01999821
v -0.04973798 -0.08589489 0.01999821
v -0.04763185 -0.08796288 0.01999821
v -0.05531268 0.09584262 0.01999822
v -0.04684185 -0.09080698 0.01999821
v -0.04757969 -0.09366501 0.01999821
v -0.04960381 -0.08565724 0.02024821
v -0.04973798 -0.08589489 0.01999821
v -0.11061799 -0.00017057 0.01999826
v -0.05824588 -0.09091145 0.01999822
v -0.05750828 -0.08805341 0.01999821
v -0.09931259 0.00041495 0.01999825
v -0.09992354 -0.00245052 0.01999825
v -0.11088869 -0.00018458 0.02024826
v -0.11061799 -0.00017057 0.01999826
v -0.05544011 -0.08594716 0.01999821
v -0.09904198 0.00042897 0.02024825
v -0.09998891 0.00334949 0.02024825
v -0.10021628 0.00320191 0.01999825
v -0.09931259 0.00041495 0.01999825
v -0.10467259 -0.00553046 0.01999825
v -0.10753809 -0.00491957 0.01999825
v -0.05234909 0.08495834 0.02024822
v -0.04936981 0.08578965 0.02024821
v -0.04950875 0.08602473 0.01999821
v -0.05235201 0.08523139 0.01999822
v -0.10465859 -0.00580107 0.02024825
v -0.10467259 -0.00553046 0.01999825
v -0.04720509 0.08799931 0.02024821
v -0.04744303 0.08813336 0.01999821
v -0.05259632 -0.0851571 0.01724833
v -0.05750828 -0.08805341 0.01724834
v -0.05249177 -0.09656132 0.01724833
v -0.10971429 -0.00295769 0.01724838
v -0.09992354 -0.00245052 0.01724837
v -0.10525808 0.00577487 0.01724838
v -0.0573197 0.08803167 0.01724834
v -0.05235201 0.08523139 0.01724834
v -0.04750174 0.09383568 0.01724833
v 0.0526024 0.08517154 0.01724826
v 0.05751549 0.08806296 0.01724826
v 0.0525074 0.09657271 0.01724826
v 0.10002769 0.00274992 0.01724822
v 0.10005779 -0.00295043 0.01724822
v 0.10500979 -0.00577468 0.01724822
v 0.04744178 -0.08814699 0.01724826
v 0.04751414 -0.09384895 0.01724826
v 0.05739021 -0.09372355 0.01724825
v 0.04962772 -0.09590949 0.01999813
v 0.05248808 -0.0966372 0.01724825
v 0.04962772 -0.09590949 0.01724826
v -0.04670846 0.09099236 0.01724833
v 0.04744178 -0.088147 0.01999814
v 0.04744178 -0.08814699 0.01724826
v 0.05532962 -0.09583713 0.01724825
v 0.04759419 0.0936813 0.01999814
v 0.04759419 0.0936813 0.01724826
v 0.04966348 0.09578528 0.01724826
v 0.04744178 -0.088147 0.01999814
v 0.0467137 -0.09100765 0.01724826
v 0.04744178 -0.08814699 0.01724826
v 0.05739021 -0.09372355 0.01724825
v 0.04759419 0.0936813 0.01999814
v 0.046854 0.09082469 0.01724826
v 0.04759419 0.0936813 0.01724826
v -0.04763185 -0.08796288 0.01724833
v -0.04684185 -0.09080698 0.01724833
v 0.05739021 -0.09372355 0.01999813
v 0.05811762 -0.09086289 0.01724825
v 0.05739021 -0.09372355 0.01724825
v 0.05751549 0.08806296 0.01999813
v 0.05825548 0.09091963 0.01724826
v 0.05751549 0.08806296 0.01724826
v -0.05544011 -0.08594716 0.01724833
v -0.05259632 -0.0851571 0.01724833
v 0.10993149 -0.00289828 0.01724821
v 0.10785599 -0.00499582 0.01724822
v 0.05751549 0.08806296 0.01724826
v 0.05544601 0.08595903 0.01724826
v -0.09992354 -0.00245052 0.01724837
v -0.10188539 -0.0046268 0.01724837
v 0.1078037 0.00487762 0.01999809
v 0.10780369 0.00487762 0.01724822
v 0.10990129 0.00280213 0.01724821
v 0.10494939 0.0056262 0.01724822
v 0.10780369 0.00487762 0.01724822
v -0.10239248 0.00516392 0.01999825
v -0.10239249 0.00516392 0.01724837
v -0.10021629 0.00320191 0.01724837
v 0.05746768 0.0937636 0.01724826
v 0.10210319 0.00484747 0.01724822
v -0.0552107 0.08596602 0.01999822
v -0.05235201 0.08523139 0.01724834
v -0.0552107 0.08596602 0.01724834
v 0.0525074 0.09657271 0.01724826
v 0.10500979 -0.00577468 0.01724822
v -0.04744303 0.08813336 0.01999821
v -0.04744303 0.08813336 0.01724833
v -0.05246942 0.09663596 0.01724834
v -0.04961012 0.09590134 0.01724834
v 0.10215549 -0.00502598 0.0199981
v 0.10215549 -0.00502598 0.01724822
v 0.04764174 0.08798071 0.01724826
v -0.0573784 0.09373393 0.01999822
v -0.0573784 0.09373393 0.01724834
v 0.05731779 -0.08802165 0.01724825
v 0.0526024 0.08517154 0.01724826
v -0.10804518 0.00487114 0.01999825
v -0.11000708 0.00269492 0.01999826
v -0.11000709 0.00269492 0.01724838
v -0.10804518 0.00487114 0.01724838
v 0.05520427 -0.08596106 0.01999813
v 0.05520427 -0.08596106 0.01724825
v 0.10002769 0.00274992 0.0199981
v 0.10002769 0.00274992 0.01724822
v -0.10753809 -0.00491957 0.01724838
v -0.10971429 -0.00295769 0.01724838
v 0.10993149 -0.00289828 0.01999809
v 0.11068009 -4.403E-05 0.01724821
v 0.10993149 -0.00289828 0.01724821
v 0.10215549 -0.00502598 0.01724822
v -0.05745582 -0.09375555 0.01724834
v -0.05824588 -0.09091145 0.01724834
v 0.05520427 -0.08596106 0.01724825
v -0.05534957 -0.09582353 0.01724833
v 0.05536407 0.09583272 0.01999813
v 0.05536407 0.09583272 0.01724826
v 0.04962772 -0.09590949 0.01724826
v 0.04751414 -0.09384895 0.01724826
v -0.05534957 -0.09582353 0.01999821
v -0.05249177 -0.09656132 0.01724833
v -0.05534957 -0.09582353 0.01724833
v 0.05536407 0.09583272 0.01724826
v -0.04964756 -0.09577126 0.01724833
v -0.05531268 0.09584262 0.01724834
v -0.04757969 -0.09366501 0.01724833
v -0.04973798 -0.08589489 0.01999821
v -0.04973798 -0.08589489 0.01724833
v -0.0573784 0.09373393 0.01999822
v -0.0573784 0.09373393 0.01724834
v -0.04757969 -0.09366501 0.01999821
v -0.04757969 -0.09366501 0.01724833
v -0.04973798 -0.08589489 0.01724833
v -0.11000708 0.00269492 0.01999826
v -0.11061799 -0.00017057 0.01724838
v -0.11000709 0.00269492 0.01724838
v -0.05750828 -0.08805341 0.01999821
v -0.05750828 -0.08805341 0.01724834
v -0.09992354 -0.00245052 0.01999825
v -0.09931259 0.00041495 0.01724837
v -0.09992354 -0.00245052 0.01724837
v -0.05750828 -0.08805341 0.01999821
v -0.05750828 -0.08805341 0.01724834
v -0.10753809 -0.00491957 0.01999825
v -0.10467259 -0.00553046 0.01724837
v -0.10753809 -0.00491957 0.01724838
v -0.04950875 0.08602473 0.01724834
v -0.04744303 0.08813336 0.01724833
v -0.10525808 0.00577487 0.01724838
v 0.04974555 0.08591154 0.01724826
v -0.10239249 0.00516392 0.01724837
v 0.04974555 0.08591154 0.01999814
v 0.04974555 0.08591154 0.01724826
v 0.10571465 -0.06103633 0.02060443
v 0.0968411 -0.07430886 0.02060133
v 0.0968411 -0.07430886 0.02060133
v 0.06124131 0.10607316 0.00019215
v -0.10607324 -0.06124118 0.00019227
v -0.0612412 0.10607323 0.00019224
v -0.05824588 -0.09091145 0.01724834
v -0.05745582 -0.09375555 0.01724834
v -0.05534957 -0.09582353 0.01724833
v -0.04964756 -0.09577126 0.01724833
v -0.04757969 -0.09366501 0.01724833
v -0.04684185 -0.09080698 0.01724833
v -0.04763185 -0.08796288 0.01724833
v -0.04973798 -0.08589489 0.01724833
v -0.05544011 -0.08594716 0.01724833
v -0.10804518 0.00487114 0.01724838
v -0.11000709 0.00269492 0.01724838
v -0.11061799 -0.00017057 0.01724838
v -0.10753809 -0.00491957 0.01724838
v -0.10467259 -0.00553046 0.01724837
v -0.10188539 -0.0046268 0.01724837
v -0.09931259 0.00041495 0.01724837
v -0.10021629 0.00320191 0.01724837
v -0.10239249 0.00516392 0.01724837
v -0.04961012 0.09590134 0.01724834
v -0.05246942 0.09663596 0.01724834
v -0.05531268 0.09584262 0.01724834
v -0.0573784 0.09373393 0.01724834
v -0.05811274 0.09087494 0.01724834
v -0.0552107 0.08596602 0.01724834
v -0.04950875 0.08602473 0.01724834
v -0.04744303 0.08813336 0.01724833
v -0.04670846 0.09099236 0.01724833
v 0.05825548 0.09091963 0.01724826
v 0.05746768 0.0937636 0.01724826
v 0.05536407 0.09583272 0.01724826
v 0.04966348 0.09578528 0.01724826
v 0.04759419 0.0936813 0.01724826
v 0.046854 0.09082469 0.01724826
v 0.04764174 0.08798071 0.01724826
v 0.04974555 0.08591154 0.01724826
v 0.05544601 0.08595903 0.01724826
v 0.10785599 -0.00499582 0.01724822
v 0.10993149 -0.00289828 0.01724821
v 0.11068009 -4.403E-05 0.01724821
v 0.10990129 0.00280213 0.01724821
v 0.10780369 0.00487762 0.01724822
v 0.10494939 0.0056262 0.01724822
v 0.10210319 0.00484747 0.01724822
v 0.09927909 -0.00010437 0.01724822
v 0.10215549 -0.00502598 0.01724822
v 0.04962772 -0.09590949 0.01724826
v 0.05248808 -0.0966372 0.01724825
v 0.05532962 -0.09583713 0.01724825
v 0.05811762 -0.09086289 0.01724825
v 0.05731779 -0.08802165 0.01724825
v 0.05520427 -0.08596106 0.01724825
v 0.0523433 -0.08523335 0.01724825
v 0.04950231 -0.08603348 0.01724826
v 0.0467137 -0.09100765 0.01724826
v 0.06124118 -0.10607322 0.0001922
v 0.04689446 -0.11321521 0.00024818
v 0.03170368 -0.1183192 0.00019222
v 0.01598963 -0.12145279 0.00019224
v -0.01598981 -0.12145277 0.00019226
v -9E-08 -0.12251028 0.00019225
v -0.03171744 -0.11837346 0.00024818
v -0.04687382 -0.11316315 0.00019228
v -0.06126929 -0.10612174 0.0002482
v -0.07456142 -0.09716999 0.0001923
v -0.08664566 -0.08664553 0.00024822
v -0.0971701 -0.07456127 0.00019232
v -0.11316323 -0.04687366 0.00019227
v -0.11831918 0.03170385 0.00019228
v -0.11837352 -0.03171728 0.00024825
v -0.12145281 -0.01598964 0.00019228
v -0.1225103 8E-08 0.00019228
v -0.12145279 0.0159898 0.00019228
v -0.11316317 0.04687381 0.00019228
v -0.10612176 0.06126929 0.00024824
v -0.09721458 0.07459533 0.00024824
v -0.08664555 0.08664565 0.00024823
v -0.07459521 0.09721467 0.00024822
v -0.04687368 0.11316322 0.00019223
v -0.0317037 0.11831921 0.00019222
v -0.01599579 0.1215084 0.00024812
v 7E-08 0.12251029 0.0001922
v 0.01598978 0.12145278 0.00019218
v 0.03170383 0.11831917 0.00019217
v 0.04687379 0.11316317 0.00019216
v 0.07456139 0.09717 0.00019214
v 0.10607322 0.06124119 0.00019211
v 0.08664563 0.08664554 0.0002481
v 0.09721466 0.07459521 0.00024809
v 0.11316321 0.04687367 0.00019211
v 0.12145277 -0.01598979 0.0001921
v 0.1183735 0.03171729 0.00024807
v 0.12150839 0.01599579 0.00024801
v 0.12256618 -1.33E-06 0.00024801
v 0.11831916 -0.03170383 0.0001921
v 0.11321515 -0.04689461 0.00024814
v 0.10607314 -0.06124131 0.00019211
v 0.09721456 -0.07459532 0.00024809
v 0.08664553 -0.08664564 0.00024809
v 0.07456127 -0.09717008 0.00019219
vn 0.70411 -0.70411 0.09189
vn 0.6055 -0.79053 0.09183
vn 0.60738 -0.7944 0.00241
vn 0.70712 -0.70709 0.00241
vn -0.63298 -0.49307 0.59684
vn -0.69551 -0.40417 0.59406
vn -0.76402 -0.4411 0.47085
vn -0.69679 -0.53772 0.4747
vn -0.13029 0.98783 0.085
vn -0.00046 0.996 0.08939
vn -0.00024 1 0.00098
vn -0.13071 0.99142 0.00131
vn 0.56649 0.56842 0.59665
vn 0.63362 0.49479 0.59474
vn 0.69679 0.53772 0.4747
vn 0.62161 0.61936 0.47958
vn -0.99576 0.00046 0.09202
vn -0.98774 0.13001 0.0864
vn -0.99126 0.13193 0.00159
vn -0.99999 0.00192 0.00397
vn 0.25797 -0.96243 0.08469
vn 0.12989 -0.98778 0.08609
vn 0.12995 -0.99151 0.00348
vn 0.26082 -0.96539 0.00027
vn 0.20869 -0.77454 0.5971
vn 0.11188 -0.79618 0.59463
vn 0.11753 -0.87509 0.46948
vn 0.22633 -0.85094 0.474
vn 0.86264 0.49812 0.08789
vn 0.91996 0.3814 0.09058
vn 0.92309 0.38458 -0.00015
vn 0.86594 0.50014 -0.00043
vn 0.79009 0.6063 0.09037
vn 0.79393 0.60801 0.00031
vn -0.98724 -0.12995 0.09208
vn -0.99139 -0.13093 0.00354
vn 0.38137 -0.92001 0.09025
vn 0.38316 -0.92368 6E-05
vn 0.70411 0.70423 0.0911
vn 0.70744 0.70677 0.00195
vn -0.91996 -0.3814 0.09058
vn -0.96216 -0.25797 0.08774
vn -0.96557 -0.26012 0.00229
vn -0.92309 -0.38458 -0.00015
vn 0.49847 -0.86309 0.08127
vn 0.49902 -0.86659 0.00113
vn -0.25758 0.96258 0.08423
vn -0.25807 0.96612 0.0011
vn 0.65574 0.75054 0.08185
vn 0.65677 0.75409 0.00067
vn -0.86264 -0.49812 0.08789
vn -0.86645 -0.49927 0.00037
vn -0.20866 0.77441 0.59728
vn -0.11194 0.79612 0.59469
vn -0.11753 0.87512 0.46942
vn -0.22633 0.85092 0.47403
vn 0.49866 0.86193 0.09174
vn 0.55445 0.82818 0.08188
vn 0.55775 0.83001 0.00174
vn 0.50082 0.86555 0.00183
vn -0.79025 -0.60592 0.09146
vn -0.7944 -0.60738 0.00244
vn -0.32018 -0.94348 0.08567
vn -0.38112 -0.91985 0.09287
vn -0.38286 -0.92381 0
vn -0.32179 -0.94681 0.00034
vn -0.86315 0.49787 0.08423
vn -0.82844 0.55258 0.0914
vn -0.83277 0.55361 0.00143
vn -0.86621 0.49968 0.00122
vn 0.79026 -0.60587 0.09171
vn 0.79346 -0.60861 0.00278
vn -0.38097 0.92007 0.09131
vn -0.38244 0.92398 0.00223
vn 0.38075 0.91996 0.09327
vn 0.38213 0.92411 0.00076
vn -0.7038 -0.70448 0.0915
vn -0.70614 -0.70807 0.00195
vn 0.63612 -0.49124 0.59501
vn 0.56432 -0.56646 0.60055
vn 0.62268 -0.62125 0.47573
vn 0.69902 -0.53641 0.4729
vn -0.49878 0.86287 0.08167
vn -0.50146 0.86518 0.00031
vn 0.25816 0.96217 0.08707
vn 0.25993 0.96562 0.00253
vn -0.60629 -0.791 0.08204
vn -0.60761 -0.79424 0.00037
vn 0.89305 -0.4406 0.09131
vn 0.86287 -0.49817 0.08533
vn 0.86634 -0.49944 0.00256
vn 0.8983 -0.43938 -0.00015
vn -0.60586 0.79038 0.09073
vn -0.60801 0.79393 0.00024
vn 0.20833 0.77156 0.60108
vn 0.31569 0.72883 0.60758
vn 0.33705 0.81044 0.47915
vn 0.22743 0.85192 0.47171
vn -0.47878 -0.63644 0.60474
vn -0.56689 -0.56878 0.59592
vn -0.62161 -0.61936 0.47958
vn -0.53791 -0.69853 0.47192
vn 0.72117 -0.35653 0.59397
vn 0.6945 -0.40209 0.59665
vn 0.76572 -0.44216 0.46709
vn 0.79096 -0.39012 0.47137
vn -0.70387 0.70442 0.09147
vn -0.70584 0.70837 0.00241
vn 0.12995 0.98728 0.09165
vn 0.12919 0.99162 0.00055
vn -0.49838 -0.8622 0.09067
vn -0.50014 -0.86594 -0.00027
vn 0.98774 -0.13001 0.0864
vn 0.96228 -0.25786 0.0868
vn 0.96585 -0.25911 0.00034
vn 0.99139 -0.13093 0.00076
vn -0.74869 0.65656 0.09162
vn -0.7518 0.65939 0.00247
vn -0.96234 0.25746 0.08722
vn -0.91963 0.38195 0.09159
vn -0.9235 0.38359 0.00208
vn -0.96631 0.25736 0.00031
vn 0.79087 -0.09568 0.60446
vn 0.77442 -0.20729 0.59775
vn 0.8501 -0.22865 0.47439
vn 0.87172 -0.11616 0.47604
vn -0.10853 -0.79661 0.59467
vn -0.17444 -0.78113 0.59951
vn -0.17536 -0.85809 0.48264
vn -0.115 -0.87365 0.47278
vn 0.00049 -0.99599 0.08945
vn -0.00076 -1 0.00177
vn 0.9623 0.25758 0.08735
vn 0.98737 0.12995 0.09061
vn 0.99153 0.12989 0.00137
vn 0.96604 0.25837 0.00229
vn 0.99586 -6E-05 0.09092
vn 1 -9E-05 0.00098
vn -0.13035 -0.98726 0.09125
vn -0.19435 -0.97716 0.08597
vn -0.19545 -0.98071 0.00043
vn -0.13099 -0.99138 0.00058
vn -0.79013 0.09632 0.60533
vn -0.77592 0.20628 0.59616
vn -0.84859 0.22914 0.47686
vn -0.87172 0.11616 0.47604
vn -0.63511 0.4927 0.59488
vn -0.59006 0.54074 0.59952
vn -0.59204 0.53152 0.60578
vn -0.63669 0.48846 0.59668
vn -0.39758 0.68941 0.60551
vn -0.31219 0.73281 0.60459
vn -0.33431 0.81127 0.47967
vn -0.44161 0.76481 0.46908
vn -0.78878 -0.09086 0.60792
vn -0.79618 -6E-05 0.60507
vn -0.87891 -0.00034 0.47698
vn -0.87154 -0.11344 0.47702
vn 0.39755 -0.68943 0.60551
vn 0.31216 -0.73281 0.6046
vn 0.33431 -0.81127 0.47967
vn 0.44161 -0.76481 0.46908
vn -0.00107 0.80438 0.59411
vn -3E-05 0.88176 0.4717
vn -0.74444 -0.30401 0.59447
vn -0.81437 -0.33769 0.47198
vn 0.51972 0.60408 0.60414
vn 0.57896 0.66024 0.47843
vn 0.10892 0.79647 0.59479
vn 0.115 0.87365 0.47278
vn 0.00079 -0.80386 0.59481
vn 3E-05 -0.88176 0.4717
vn -0.31569 -0.72883 0.60758
vn -0.39822 -0.68958 0.60489
vn -0.43932 -0.76112 0.47717
vn -0.33705 -0.81044 0.47915
vn -0.26461 -0.75362 0.6017
vn -0.28661 -0.84178 0.45745
vn 0.39822 0.68958 0.60489
vn 0.43932 0.76112 0.47717
vn 0.44234 0.66302 0.60394
vn 0.49194 0.73713 0.46328
vn 0.47318 -0.6374 0.60813
vn 0.53431 -0.69768 0.47724
vn 0.69598 0.40315 0.5942
vn 0.76402 0.4411 0.47085
vn -0.77224 -0.20515 0.6013
vn -0.85155 -0.22893 0.47165
vn 0.74418 0.30431 0.59464
vn 0.81436 0.33767 0.47202
vn -0.52088 0.6056 0.6016
vn -0.47318 0.6374 0.60813
vn -0.5343 0.69767 0.47726
vn -0.63032 0.65217 0.42117
vn 0.76771 -0.24382 0.59259
vn 0.83458 -0.28029 0.47424
vn 0.77174 0.20375 0.60242
vn 0.85155 0.22896 0.47164
vn 0.78877 0.09086 0.60794
vn 0.87156 0.11344 0.47698
vn -0.76752 0.24409 0.59274
vn -0.84057 0.32662 0.43216
vn 0.79619 9E-05 0.60505
vn 0.87891 0.00031 0.47698
vn -0.71843 0.35518 0.59809
vn -0.69729 0.40091 0.59419
vn -0.6945 0.40151 0.59705
vn -0.72102 0.35525 0.59492
vn 0.94304 -0.32024 0.09015
vn 0.94687 -0.32161 3E-05
vn 0.25014 0.93435 0.2538
vn 0.3691 0.8901 0.26738
vn 0.48269 0.83543 0.2628
vn 0.68235 0.68235 0.26231
vn 0.76542 0.58743 0.2628
vn 0.83671 0.48321 0.25773
vn 0.89165 0.36922 0.26198
vn 0.93425 0.2505 0.25383
vn 0.96499 0.00012 0.26228
vn 0.95898 -0.12592 0.25395
vn 0.93382 -0.25035 0.25557
vn 0.83879 -0.48391 0.24952
vn 0.76555 -0.58734 0.26262
vn 0.68223 -0.68223 0.26292
vn 0.48529 -0.83956 0.24422
vn 0.36919 -0.89159 0.26225
vn 0.25047 -0.9354 0.24958
vn 0.00024 -0.96563 0.25993
vn -0.12623 -0.9564 0.26338
vn -0.18818 -0.94891 0.25328
vn -0.48269 -0.83543 0.2628
vn -0.58981 -0.76941 0.24522
vn -0.68235 -0.68235 0.26231
vn -0.83671 -0.48321 0.25773
vn -0.89167 -0.36922 0.26194
vn -0.93425 -0.2505 0.25383
vn -0.96499 -0.00012 0.26228
vn -0.95898 0.12592 0.25395
vn -0.93382 0.25032 0.2556
vn -0.83879 0.48391 0.24952
vn -0.80247 0.5361 0.26198
vn -0.72557 0.63624 0.26222
vn -0.68222 0.68222 0.26295
vn -0.48529 0.83956 0.24422
vn -0.36919 0.89159 0.26222
vn -0.25047 0.9354 0.24958
vn -0.12656 0.95973 0.2508
vn -0.00024 0.96564 0.25987
vn -0.58701 0.76564 0.26311
vn -0.89125 0.36983 0.26249
vn -0.95681 -0.12565 0.26216
vn -0.76542 -0.58743 0.2628
vn -0.31108 -0.916 0.25331
vn -0.3691 -0.8901 0.26738
vn 0.12656 -0.95971 0.25087
vn 0.58701 -0.76564 0.26308
vn 0.91369 -0.31066 0.26204
vn 0.86523 -0.42755 0.26189
vn 0.95683 0.12565 0.2621
vn 0.53864 0.80614 0.24498
vn 0.63864 0.72962 0.24452
vn 0.12623 0.9564 0.26338
vn 0.90824 0.3224 0.26676
vn 0.94986 0.17759 0.25733
vn 0.88705 0.12382 0.44476
vn 0.85564 0.29351 0.4263
vn -0.83062 -0.4859 0.27199
vn -0.90968 -0.31853 0.26649
vn -0.85662 -0.2903 0.42654
vn -0.78005 -0.45862 0.42566
vn 0.96077 0.0062 0.27727
vn 0.91851 0.02136 0.39483
vn -0.94985 -0.18064 0.25523
vn -0.88601 -0.12327 0.44699
vn 0.94396 -0.18083 0.27611
vn 0.89306 -0.14091 0.4273
vn -0.95885 -0.00085 0.28392
vn -0.92318 -0.03705 0.38259
vn 0.8722 -0.41829 0.25358
vn 0.83292 -0.48089 0.27385
vn 0.79131 -0.45245 0.41125
vn 0.79869 -0.41015 0.4403
vn -0.95147 0.18156 0.24849
vn -0.88504 0.1555 0.43878
vn 0.73566 -0.62146 0.26942
vn 0.68599 -0.58854 0.42783
vn -0.90463 0.32699 0.27336
vn -0.87292 0.40084 0.27809
vn -0.8282 0.37072 0.42031
vn -0.86829 0.29316 0.40016
vn 0.62652 -0.73572 0.25727
vn 0.54904 -0.70813 0.44396
vn -0.78599 0.55844 0.26524
vn -0.73252 0.62662 0.26601
vn -0.68095 0.59592 0.42566
vn -0.73393 0.52487 0.43112
vn 0.48845 -0.82728 0.27754
vn 0.48126 -0.7831 0.39388
vn 0.00272 0.96265 0.27073
vn 0.17503 0.94771 0.26686
vn 0.1736 0.88784 0.42614
vn 0.00171 0.90467 0.4261
vn -0.62955 0.73322 0.257
vn -0.5507 0.70577 0.44568
vn 0.30745 -0.91043 0.27675
vn 0.32341 -0.84467 0.42653
vn 0.32078 0.91163 0.25697
vn 0.33635 0.82985 0.44522
vn -0.48443 0.82929 0.27858
vn -0.48092 0.78398 0.39254
vn 0.16401 -0.95117 0.26149
vn 0.00598 -0.96248 0.27128
vn 0.00641 -0.90837 0.41811
vn 0.15922 -0.88651 0.43446
vn 0.47582 0.83424 0.27864
vn 0.43844 0.80863 0.39229
vn -0.31713 0.90945 0.26894
vn -0.32042 0.84434 0.42944
vn -0.17686 -0.94712 0.26774
vn -0.14744 -0.8987 0.41305
vn 0.55521 0.7881 0.26579
vn 0.50644 0.7574 0.41214
vn -0.16444 0.94851 0.27074
vn -0.16935 0.89323 0.41649
vn -0.25358 -0.934 0.25166
vn -0.25563 -0.90322 0.34475
vn 0.67671 0.68511 0.26961
vn 0.73919 0.61668 0.27074
vn 0.68889 0.5933 0.41644
vn 0.62363 0.64509 0.44152
vn -0.41787 -0.87054 0.2599
vn -0.47259 -0.83558 0.2801
vn -0.43182 -0.81344 0.38967
vn -0.36001 -0.80455 0.47232
vn 0.83507 0.47891 0.27077
vn 0.78435 0.45092 0.42599
vn -0.63706 -0.72441 0.26341
vn -0.57467 -0.69538 0.43151
vn -0.73909 -0.61674 0.27089
vn -0.68835 -0.59661 0.41258
vn -0.75881 -0.62882 0.16969
vn -0.8517 -0.50155 0.1518
vn 0.85686 0.49139 0.15595
vn 0.9291 0.33538 0.15586
vn -0.49361 -0.85502 0.15903
vn -0.64267 -0.75093 0.15192
vn 0.75847 0.63276 0.15599
vn -0.41992 -0.89376 0.15766
vn -0.16874 0.97327 0.1558
vn 0.00281 0.98778 0.15586
vn 0.70052 0.69652 0.15538
vn -0.16871 -0.97514 0.14368
vn -0.26307 -0.95179 0.15775
vn -0.33523 0.92917 0.1558
vn 0.49633 0.85401 0.15598
vn 0.5689 0.80759 0.15537
vn -0.00961 -0.98189 0.18919
vn -0.49119 0.857 0.15586
vn 0.34047 0.92723 0.15595
vn 0.18168 -0.97792 0.10325
vn -0.63382 0.75776 0.15516
vn 0.17429 0.97228 0.15589
vn 0.49603 -0.85438 0.15488
vn 0.32287 -0.93216 0.16383
vn -0.75134 0.64029 0.15974
vn 0.62781 -0.76201 0.15873
vn -0.80756 0.57248 0.14182
vn 0.76692 -0.62613 0.14069
vn -0.9129 0.34969 0.21052
vn -0.90946 0.39339 0.13462
vn 0.83885 -0.50256 0.20918
vn -0.9863 0.01016 0.16465
vn -0.97937 0.16694 0.11387
vn 0.89474 -0.42398 0.1403
vn -0.97288 -0.17188 0.15476
vn 0.98811 -0.00092 0.15372
vn 0.97024 -0.1779 0.16426
vn -0.93083 -0.3311 0.1547
vn 0.97329 0.16804 0.15644
vn 0.9617 -0.24876 0.11512
vn 0.92808 -0.25407 0.27223
vn 0.88449 -0.21684 0.41311
vn 0.8082 0.29814 0.50786
vn 0.74574 0.43102 0.50802
vn 0.65878 0.55499 0.50793
vn 0.66932 -0.54184 0.50836
vn 0.74134 -0.43139 0.51412
vn 0.76778 -0.38952 0.5087
vn -0.11494 -0.84453 0.52304
vn 0.00067 -0.86022 0.50992
vn 0.14906 -0.84811 0.50842
vn -0.80849 -0.29628 0.50849
vn -0.74234 -0.43828 0.5068
vn -0.65544 -0.55344 0.51392
vn -0.65259 0.57305 0.49572
vn -0.7249 0.50995 0.4631
vn -0.78798 0.35137 0.50559
vn -0.80678 0.29106 0.51419
vn 0.14472 0.84868 0.50872
vn -0.00021 0.86125 0.50818
vn -0.15135 0.84801 0.5079
vn -0.21144 0.80657 0.55204
vn 0.24416 0.81725 0.52201
vn 0.59271 0.58645 0.55206
vn 0.83097 0.19758 0.52004
vn 0.84044 -0.20655 0.501
vn 0.80625 -0.21604 0.55071
vn 0.58274 -0.62495 0.51947
vn 0.21077 -0.80666 0.55216
vn -0.26109 -0.82729 0.49741
vn -0.23744 -0.86016 0.45138
vn -0.24577 -0.8491 0.46758
vn -0.59898 -0.57532 0.55698
vn -0.82954 -0.19764 0.5223
vn -0.79789 0.23091 0.55682
vn -0.58658 0.61874 0.52258
vn 0.12315 0.81387 0.56785
vn 0.19636 0.79759 0.57034
vn -0.17927 0.79338 0.58173
vn -0.12559 0.81219 0.56971
vn -0.00113 0.82274 0.56842
vn 0.7667 0.29805 0.56863
vn 0.79028 0.22422 0.57024
vn 0.59739 0.55198 0.58176
vn 0.6407 0.51465 0.56977
vn 0.7119 0.41259 0.5683
vn 0.64726 -0.50919 0.56726
vn 0.5907 -0.57175 0.56937
vn 0.77982 -0.23747 0.57922
vn 0.79336 -0.2282 0.56437
vn 0.73545 -0.36803 0.56891
vn 0.70859 -0.41158 0.57315
vn -0.12156 -0.81438 0.56745
vn -0.19801 -0.79747 0.56995
vn -0.21922 -0.79637 0.56369
vn 0.17896 -0.79361 0.58151
vn 0.12452 -0.81215 0.57001
vn 0.00098 -0.82176 0.56983
vn -0.76699 -0.29891 0.56779
vn -0.7888 -0.22883 0.57047
vn -0.60089 -0.54703 0.58283
vn -0.63907 -0.5115 0.57443
vn -0.71013 -0.41693 0.56736
vn -0.64887 0.4967 0.57642
vn -0.58966 0.54821 0.5931
vn -0.59572 0.58171 0.55384
vn -0.61795 0.57569 0.53546
vn -0.77444 0.24636 0.58271
vn -0.77372 0.28087 0.56787
vn -0.7238 0.3507 0.59424
vn -0.70009 0.42483 0.57392
vn -0.76154 0.35131 0.54464
vn -0.69035 0.47898 0.54221
vn -0.68464 0.48159 0.54712
vn 0.68446 -0.72905 0
vn 0.82813 -0.56054 0
vn 0.86263 -0.50583 0
vn 0.71849 -0.69554 0
vn 0.21019 0.97766 0
vn -0.03388 0.99943 0
vn 0.02127 0.99977 0
vn 0.32955 0.94414 0
vn 0.31474 -0.94918 0
vn 0.52008 -0.85412 0
vn 0.52465 -0.85132 0
vn 0.24778 -0.96882 0
vn -0.84863 -0.52899 0
vn -0.66682 -0.74522 0
vn -0.71653 -0.69755 0
vn -0.87653 -0.48134 0
vn -0.13029 -0.99148 0
vn -0.0734 -0.9973 0
vn -0.00906 -0.99996 0
vn -0.90388 0.42778 0
vn -0.9788 0.20481 0
vn -0.96237 0.27174 0
vn -0.2075 0.97823 0
vn -0.5379 0.84301 0
vn -0.33528 0.94212 0
vn -0.97185 -0.23561 0
vn -0.90057 -0.43472 0
vn -0.87074 -0.49175 0
vn -0.96026 -0.2791 0
vn 0.07114 0.99747 0
vn 0.0065 0.99998 0
vn -0.31291 0.94978 0
vn -0.2465 0.96914 0
vn 0.20426 -0.97892 0
vn 0.53671 -0.84377 0
vn 0.33302 -0.94292 0
vn -0.4765 -0.87917 0
vn -0.47161 -0.88181 0
vn 0.52377 -0.85186 0
vn 0.73078 -0.68262 0
vn 0.66022 -0.75107 0
vn -0.34309 -0.9393 0
vn 0.87956 -0.47579 0
vn 0.84676 -0.53198 0
vn -0.47919 0.87771 0
vn -0.74155 0.6709 0
vn -0.65289 0.75745 0
vn -0.79744 0.6034 0
vn -0.99964 -0.02673 0
vn -0.99947 -0.03241 0
vn -0.95092 0.30944 0
vn -0.99902 -0.04431 0
vn -0.98354 0.1807 0
vn -0.91801 0.39656 0
vn 0.99902 0.0443 0
vn 0.99971 -0.02396 0
vn 0.95185 0.30656 0
vn 0.98245 0.18653 0
vn 0.91792 -0.39678 0
vn 0.91793 -0.39675 0
vn 0.84866 0.52894 0
vn 0.87654 0.48132 0
vn -0.51779 0.85551 0
vn -0.52249 0.85265 0
vn -0.99972 0.02368 0
vn -0.95186 -0.30653 0
vn -0.98243 -0.18662 0
vn 0.58877 0.8083 0
vn 0.48166 0.87636 0
vn 0.47686 0.87898 0
vn -0.68336 0.73008 0
vn -0.71781 0.69624 0
vn 0.29082 0.95678 0
vn 0.24424 0.96971 0
vn 0.00833 -0.99997 0
vn 0.26686 -0.96374 0
vn -0.79462 0.60711 0
vn 0.96258 0.27101 0
vn 0.85963 0.51092 0
vn -0.96853 0.24891 0
vn 0.82246 0.56882 0
vn 0.99445 -0.10517 0
vn 0.99981 0.01938 0
vn 0.9997 0.02469 0
vn -0.99997 -0.00833 0
vn -0.96374 -0.26686 0
vn 0.51497 0.85721 -0
vn 0.97471 0.22346 0
vn 0.96272 0.27049 0
vn -0.25368 -0.96729 0
vn 0.00528 -0.99999 0
vn 0.89766 0.4407 0
vn 0.78614 0.61804 0
vn 0.86299 0.50522 0
vn 0.90389 -0.42776 0
vn -0.74591 -0.66604 0
vn -0.46267 -0.88653 0
vn -0.65036 -0.75962 0
vn -0.52063 -0.85378 0
vn -0.1247 -0.99219 0
vn 0.03345 -0.99944 0
vn -0.02182 -0.99976 0
vn 0.52057 0.85382 0
vn 0.24887 0.96854 0
vn 0.24887 0.96854 0
vn 0 0 1
vn -0 0 1
vn 0 0 1
vn 0 0 1
vn -0 0 1
vn 0 0 1
vn 0 0 1
vn 0 0 1
vn -0 0 1
vn -0 0 1
vn 0 0 1
vn 0 0 1
vn -0 0 1
vn 0 0 1
vn -0 0 1
vn -0 0 1
vn 0 0 1
vn 0 0 1
vn -0 0 1
vn 0 0 1
vn -0 0 1
vn -0 0 1
vn -0 0 1
vn 0 0 1
vn -0 0 1
vn -0 0 1
vn -0 0 1
vn -0 0 1
vn -0 0 1
vn 0 0 1
vn -0 0 1
vn -0 0 1
vn 0 0 1
vn -0 0 1
vn -0 0 1
vn 0 0 1
vn -0 0 1
vn 0 0 1
vn 0 0 1
vn -0 0 1
vn 0 0 1
vn 0 0 1
vn -0 0 1
vn 0 0 1
vn -0 0 1
vn 0 0 1
vn -0 0 1
vn 1E-05 0 1
vn -0 0 1
vn 0 0 1
vn 0 0 1
vn -0 0 1
vn -0 0 1
vn -0.1846 -0.72564 0.66285
vn -0.1846 -0.72563 0.66286
vn 0.37679 -0.63379 0.67554
vn 0.20289 -0.72061 0.66299
vn 0.20289 -0.72062 0.66297
vn 0.37673 -0.63382 0.67554
vn 0.53607 -0.52267 0.66291
vn 0.73698 0.00934 0.67585
vn 0.7256 -0.18455 0.66291
vn 0.72558 -0.18455 0.66293
vn 0.53223 -0.52661 0.66288
vn 0.37196 -0.63647 0.67569
vn 0.52663 0.53222 0.66287
vn 0.6366 0.37206 0.67551
vn 0.63535 0.37392 0.67566
vn 0.7372 0.00613 0.67564
vn -0.19981 0.7216 0.66285
vn -0.0062 0.73726 0.67558
vn -0.0061 0.73725 0.6756
vn -0.00754 0.73718 0.67565
vn 0.18635 0.72523 0.66281
vn -0.0076 0.73718 0.67565
vn -0.7252 0.18632 0.66285
vn -0.64203 0.36199 0.67584
vn -0.64207 0.36193 0.67583
vn -0.55609 0.50133 0.6629
vn -0.55616 0.50137 0.66281
vn -0.50138 -0.55616 0.6628
vn -0.61848 -0.40109 0.67573
vn -0.50137 -0.55618 0.66279
vn -0.63505 -0.37441 0.67567
vn -0.72132 -0.20033 0.663
vn -0.72133 -0.20033 0.66298
vn -0.63504 -0.37444 0.67566
vn -0.52456 -0.5343 0.66284
vn -0.18715 -0.72498 0.66286
vn -0.18715 -0.72493 0.66291
vn 0.37441 -0.63505 0.67567
vn 0.20039 -0.72138 0.66291
vn 0.37445 -0.63505 0.67565
vn 0.52459 0.53427 0.66284
vn 0.63507 0.37444 0.67563
vn -0.00678 0.7372 0.67564
vn 0.18714 0.72499 0.66285
vn -0.00671 0.7372 0.67564
vn 0.73625 0.03812 0.67564
vn 0.7323 -0.1561 0.66284
vn 0.61853 0.40108 0.67569
vn 0.61851 0.40112 0.67568
vn 0.37505 -0.63458 0.67575
vn 0.20122 -0.72121 0.66285
vn 0.37514 -0.63456 0.67573
vn 0.535 -0.52407 0.66266
vn 0.53503 -0.52408 0.66263
vn -0.52496 -0.53375 0.66297
vn -0.63535 -0.37392 0.67566
vn -0.18776 -0.72483 0.66285
vn -0.18775 -0.72483 0.66285
vn -0.72429 0.18995 0.66282
vn -0.64038 0.36522 0.67566
vn -0.63651 -0.372 0.67563
vn -0.72224 -0.19761 0.66282
vn -0.63651 -0.37197 0.67564
vn -0.20295 0.7207 0.66287
vn -0.0094 0.73715 0.67566
vn -0.00931 0.73716 0.67566
vn -0.20292 0.72071 0.66287
vn -0.6431 0.36046 0.67564
vn -0.5361 0.52267 0.66288
vn -0.6431 0.36049 0.67563
vn -0.72565 0.18458 0.66284
vn -0.72564 0.18458 0.66286
vn 0.7374 0.00678 0.67542
vn 0.73737 0.00674 0.67545
vn -0.20039 0.72144 0.66285
vn 0.55613 -0.50134 0.66285
vn 0.40115 -0.61854 0.67564
vn 0.50137 0.55612 0.66284
vn 0.50138 0.55613 0.66283
vn -0.18634 -0.72516 0.66288
vn -0.18635 -0.72522 0.66282
vn 0.7372 0.0076 0.67564
vn 0.72544 -0.18635 0.66257
vn 0.72541 -0.18635 0.66261
vn 0.7372 0.00757 0.67564
vn -0.72153 -0.19981 0.66293
vn 0.37401 -0.63541 0.67555
vn 0.19981 -0.7216 0.66285
vn 0.19981 -0.72161 0.66284
vn 0.37392 -0.63544 0.67557
vn -0.53223 0.52661 0.66288
vn -0.52667 -0.53225 0.66282
vn -0.52665 -0.53226 0.66283
vn 0.18458 0.72567 0.66283
vn 0.18458 0.72565 0.66284
vn -0.52264 -0.53613 0.66288
vn -0.63358 -0.37661 0.67582
vn -0.63361 -0.37658 0.67582
vn -0.52265 -0.53614 0.66286
vn -0.72073 -0.20295 0.66284
vn -0.72072 -0.20295 0.66285
vn 0.53439 -0.52469 0.66267
vn 0.72517 -0.18721 0.66263
vn -0.72484 0.18708 0.66303
vn -0.64163 0.36269 0.67584
vn -0.64166 0.36263 0.67585
vn -0.53433 0.52456 0.66282
vn -0.53431 0.52457 0.66283
vn -0.15614 -0.73235 0.66279
vn -0.15613 -0.73232 0.66282
vn 0.23094 -0.71225 0.66284
vn -0.23091 0.71223 0.66288
vn -0.03812 0.73619 0.6757
vn 0.1561 0.7323 0.66284
vn -0.63446 -0.37508 0.67585
vn -0.72123 -0.20127 0.66281
vn -0.7212 -0.20124 0.66285
vn -0.63449 -0.37505 0.67584
vn -0.52392 -0.53485 0.66291
vn 0.52398 0.53487 0.66284
vn 0.63464 0.37517 0.67563
vn 0.52396 0.53488 0.66285
vn -0.64149 0.36327 0.67567
vn -0.53382 0.52503 0.66286
vn -0.72475 0.18773 0.66295
vn 0.72465 -0.18772 0.66306
vn 0.72466 -0.18773 0.66304
vn 0.53376 -0.52497 0.66295
vn 0.53375 -0.52496 0.66297
vn -0.00388 0.73722 0.67564
vn 0.18995 0.72423 0.66288
vn -0.00391 0.73722 0.67564
vn -0.19761 0.72219 0.66286
vn -0.19761 0.72218 0.66288
vn 0.19761 -0.72218 0.66288
vn -0.18996 -0.72425 0.66285
vn -0.18995 -0.72423 0.66287
vn 0.63382 0.37673 0.67554
vn 0.63379 0.37676 0.67554
vn 0.52274 0.53617 0.66277
vn 0.52273 0.53616 0.66278
vn 0.73722 0.00388 0.67564
vn 0.72426 -0.18995 0.66285
vn 0.73724 0.00388 0.67562
vn 0.52496 0.53378 0.66294
vn 0.52497 0.53376 0.66295
vn 0.18775 0.72483 0.66285
vn -0.20122 0.72118 0.66288
vn -0.53488 0.52392 0.66288
vn -0.73631 -0.03812 0.67557
vn -0.73234 0.15614 0.66279
vn -0.56732 0.32354 0.75728
vn -0.64421 0.16896 0.74596
vn -0.56732 0.32356 0.75727
vn -0.64138 -0.17899 0.74605
vn -0.64139 -0.179 0.74604
vn -0.32182 -0.56835 0.75724
vn 0.00543 -0.65305 0.7573
vn -0.32188 -0.56832 0.75723
vn 0.13942 0.65396 0.74357
vn 0.13942 0.65391 0.74361
vn -0.46701 -0.47482 0.74596
vn -0.20625 0.63605 0.74357
vn -0.35677 0.55014 0.75502
vn -0.54413 0.839 0
vn -0.74272 0.6696 0
vn 0.69808 0.71602 0
vn 0.69809 0.71601 0
vn -0.50458 0.86337 0
vn -0.71085 0.70334 0
vn -0.839 -0.54413 0
vn -0.6696 -0.74272 0
vn 0.96728 -0.25372 0
vn -0.86337 -0.50458 0
vn -0.70334 -0.71085 0
vn -0.99996 -0.00913 0
vn -0.96353 -0.2676 0
vn 0.96455 0.2639 0
vn 0.86337 0.50458 0
vn 0.24652 0.96914 0
vn 0.24652 0.96914 0
vn -0.70059 -0.71356 0
vn -0.7006 -0.71356 0
vn 0.7012 0.71297 0
vn -0.69807 -0.71603 0
vn -0.24995 -0.96826 0
vn 0.00916 -0.99996 0
vn 0.25074 0.96805 0
vn -0.00833 0.99997 0
vn -0.96256 -0.27106 0
vn -0.96256 -0.27106 0
vn 0.26765 -0.96352 0
vn -0.26875 0.96321 0
vn -0.50891 0.86082 0
vn 0.71353 -0.70062 0
vn 0.71353 -0.70062 0
vn 0.8614 0.50793 0
vn 0.70061 0.71355 0
vn -0.71436 0.69978 0
vn 0.96826 -0.24995 0
vn 0.99996 0.00919 0
vn 0.24995 0.96826 0
vn -0.00916 0.99996 0
vn -0.97802 0.20853 0
vn -0.97802 0.20853 0
vn -0.96826 0.24995 0
vn 0.97802 -0.20851 0
vn 0.99866 0.0517 0
vn -0.95124 -0.30845 0
vn -0.71359 0.70057 0
vn 0.95125 0.30843 0
vn -0.20851 -0.97802 0
vn -0.20851 -0.97802 0
vn 0.26875 -0.96321 0
vn 0.50887 -0.86084 0
vn 0.30843 -0.95125 0
vn 0.54413 -0.839 0
vn 0.71433 -0.69981 0
vn -0.30843 0.95125 0
vn -0.70119 -0.71298 0
vn 0.20851 0.97802 0
vn 0.20851 0.97802 0
vn -0.25074 -0.96805 0
vn -0.9632 -0.26878 0
vn -0.86082 -0.50891 0
vn -0.96728 0.25372 0
vn -0.96728 0.25372 0
vn -0.69981 -0.71433 0
vn -0.96454 -0.26393 0
vn 0.69978 0.71435 0
vn -0.27107 0.96256 0
vn -0.51095 0.85961 0
vn -0.24653 -0.96913 0
vn 0.01267 -0.99992 0
vn 0.99995 0.01032 0
vn 0.96321 0.26875 0
vn -0.71602 0.69808 0
vn 0.27101 -0.96258 0
vn -0.5072 0.86183 0
vn -0.71296 0.70121 0
vn -0.96913 0.24653 0
vn -0.96913 0.24654 0
vn 0.71604 -0.69806 0
vn 0.71604 -0.69806 0
vn -0.96805 0.25074 0
vn 0.96914 -0.2465 0
vn 0.96914 -0.2465 0
vn 0.96804 -0.25081 0
vn 0.99997 0.00833 0
vn -0.26765 0.96352 0
vn 0.50458 -0.86337 0
vn 0.71085 -0.70334 0
vn 0.713 -0.70117 0
vn 0.71299 -0.70117 0
vn 0.74274 -0.66958 0
vn 0.70334 0.71085 0
vn 0.25371 0.96728 0
vn -0.00528 0.99999 0
vn 0.6696 0.74272 0
vn 0.6696 0.74272 0
vn 0.96373 0.26689 0
vn -0.24888 -0.96854 0
vn -0.24888 -0.96854 0
vn 0.96856 -0.24879 0
vn 0 0 1
vn -0 0 1
vn 0 -0 1
vn 0 -0 1
vn -0 -0 1
vn -0 -0 1
vn -0 0 1
vn -0.46603 -0.47568 0.74602
vn -0.32067 -0.56891 0.75731
vn -0.32073 -0.56888 0.7573
vn -0.46602 -0.47567 0.74603
vn -0.64241 -0.17579 0.74593
vn -0.64238 -0.17577 0.74596
vn 0.5622 0.33236 0.75728
vn 0.32064 0.56885 0.75737
vn 0.32066 0.56884 0.75736
vn 0.5622 0.33233 0.75729
vn -0.00827 0.65292 0.75738
vn -0.33364 0.56128 0.7574
vn -0.33363 0.5613 0.75738
vn -0.31929 -0.56961 0.75736
vn 0.00824 -0.65297 0.75734
vn 0.00833 -0.65298 0.75733
vn 0.65296 0.00671 0.75736
vn 0.65293 0.00671 0.75739
vn -0.56959 0.3193 0.75738
vn -0.56961 0.31926 0.75737
vn 0.33361 -0.56129 0.75741
vn 0.3336 -0.56131 0.75739
vn -0.33126 0.56293 0.75722
vn -0.56819 0.32177 0.75738
vn -0.56817 0.32179 0.75739
vn -0.33132 0.5629 0.75721
vn -0.64534 0.16416 0.74605
vn 0.56964 -0.31929 0.75734
vn -0.64479 0.167 0.7459
vn -0.64477 0.167 0.74591
vn 0.6528 0.00598 0.75751
vn 0.56248 0.33166 0.75738
vn 0.56247 0.33165 0.75739
vn 0.6528 0.00595 0.75751
vn 0.65308 0.00827 0.75724
vn 0.65308 0.0083 0.75724
vn 0.56827 -0.3218 0.75731
vn 0.65308 0.00543 0.75727
vn -0.00598 0.65296 0.75737
vn -0.33162 0.5624 0.75745
vn -0.33156 0.56244 0.75745
vn -0.00592 0.65296 0.75737
vn 0.32954 -0.56387 0.75727
vn 0.56735 -0.32356 0.75724
vn 0.32952 -0.56387 0.75727
vn 0.33125 -0.56283 0.7573
vn 0.35677 -0.55014 0.75502
vn 0.58407 -0.29805 0.755
vn 0.58407 -0.29802 0.75501
vn 0.56378 0.32948 0.75736
vn 0.32354 0.56732 0.75728
vn 0.32356 0.56732 0.75727
vn -0.00345 0.65307 0.75729
vn 0.5502 0.35683 0.75495
vn 0.44771 0.49661 0.7436
vn 0.56284 0.33126 0.75728
vn -0.32952 0.56387 0.75727
vn -0.32955 0.56385 0.75728
vn 0.00671 -0.65293 0.75739
vn -0.00543 0.65306 0.75729
vn 0.00345 -0.6531 0.75726
vn 0.56868 -0.32055 0.75753
vn 0.56864 -0.32058 0.75755
vn -0.00671 0.65293 0.75739
vn -0.00668 0.65293 0.75739
vn -0.32356 -0.56732 0.75727
vn -0.32354 -0.56732 0.75728
vn -0.64184 -0.17774 0.74595
vn -0.64192 -0.17778 0.74588
vn -0.56893 0.32072 0.75727
vn -0.64495 0.16575 0.74603
vn -0.64497 0.16575 0.74602
vn -0.56897 0.32066 0.75727
vn 0.56134 0.33363 0.75736
vn 0.56134 0.33367 0.75734
vn -0.58405 0.29805 0.75502
vn 0.31926 0.56951 0.75745
vn 0.3192 0.56955 0.75745
vn -0.44775 -0.49667 0.74354
vn -0.29805 -0.58407 0.755
vn 0.6531 0.00345 0.75726
vn 0.65312 0.00345 0.75725
vn -0.46844 -0.47341 0.74595
vn -0.64163 -0.1782 0.74603
vn -0.64176 -0.17827 0.7459
vn -0.46652 -0.47516 0.74605
vn -0.32128 -0.56848 0.75737
vn 0.32183 0.5683 0.75727
vn -0.46484 -0.4768 0.74604
vn -0.46485 -0.47678 0.74606
vn 0.00595 -0.65298 0.75735
vn 0.00601 -0.65298 0.75735
vn -0.64096 -0.1805 0.74605
vn -0.64096 -0.1805 0.74605
vn 0.33165 -0.56253 0.75734
vn 0.33171 -0.5625 0.75734
vn -0.33229 0.56213 0.75736
vn 0.56836 -0.32122 0.75749
vn 0.56835 -0.32124 0.75748
vn 0.32128 0.56843 0.75741
vn -0.65393 0.13941 0.7436
vn -0.56857 0.32136 0.75727
vn -0.64493 0.16648 0.74589
vn -0.56858 0.32131 0.75728
vn 0.65489 0.03391 0.75496
vn -0.63607 -0.20626 0.74355
vn -0.63602 -0.20623 0.7436
vn 0.03391 -0.65486 0.75499
vn 0.33227 -0.56208 0.75741
vn 0.33226 -0.5621 0.75739
vn -0.58682 0.33461 0.73734
vn -0.66551 0.17457 0.72569
vn -0.58679 0.33467 0.73734
vn -0.66263 -0.18482 0.72578
vn -0.58133 -0.34365 0.73753
vn -0.17253 -0.66603 0.7257
vn -0.17254 -0.66612 0.72561
vn 0.14401 0.67553 0.72314
vn 0.14401 0.67546 0.7232
vn -0.58215 -0.34261 0.73737
vn -0.48257 -0.49065 0.72553
vn -0.58213 -0.34261 0.73739
vn -0.21302 0.65705 0.72312
vn -0.36892 0.56885 0.73506
vn -0 0 1
vn 0 0 1
vn 0 -0 1
vn -0 0 1
vn -0 -0 1
vn -0 -0 1
vn -0 -0 1
vn 0 -0 1
vn 0 -0 1
vn 0 -0 1
vn 0 -0 1
vn 0 -0 1
vn 0 -0 1
vn 0 0 1
vn 0 0 1
vn 0 0 1
vn 0 0 1
vn 0 0 1
vn 0 0 1
vn 0 0 1
vn -0 0 1
vn 0 -0 1
vn -0 -0 1
vn 0 -0 1
vn 0 -0 1
vn -0 -0 1
vn -0 -0 1
vn 0 -0 1
vn 0 -0 1
vn 0 -0 1
vn -0 0 1
vn -0 0 1
vn 0 0 1
vn 0 -0 1
vn -0 0 1
vn -0 0 1
vn 0 -0 1
vn 0 -0 1
vn 0 -0 1
vn 0 -0 1
vn -0 -0 1
vn 0 -0 1
vn 0 -0 1
vn -0 0 1
vn -0 -0 1
vn -0 -0 1
vn 0 0 1
vn -0 -0 1
vn -0 0 1
vn 0 -0 1
vn 0 -0 1
vn 0 0 1
vn 0 0 1
vn -0 -0 1
vn -0 0 1
vn 0 -0 1
vn -0 -0 1
vn -0 -0 1
vn 0 0 1
vn 0 0 1
vn 0 -0 1
vn 0 -0 1
vn 0.69982 0.71432 0
vn 0.69982 0.71432 0
vn -0.96455 -0.2639 0
vn -0.86337 -0.50457 0
vn -0.86084 -0.50888 0
vn -0.69974 -0.71439 0
vn -0.86084 -0.50887 0
vn -0.96728 0.25369 0
vn -0.96324 -0.26866 0
vn -0.48135 -0.49142 0.72581
vn -0.66364 -0.18156 0.72569
vn -0.58316 -0.34084 0.7374
vn -0.58319 -0.34078 0.7374
vn -0.66362 -0.18156 0.7257
vn 0.48155 0.49156 0.72559
vn 0.48146 0.49144 0.72573
vn -0.00855 0.6753 0.7375
vn -0.18641 0.66209 0.72587
vn -0.18644 0.66212 0.72584
vn -0.00864 0.6753 0.7375
vn -0.16961 -0.66678 0.7257
vn -0.16959 -0.66662 0.72585
vn 0.66266 0.18495 0.72573
vn 0.66229 0.18478 0.72611
vn -0.49246 0.4801 0.72594
vn -0.58905 0.33019 0.73756
vn -0.49243 0.4801 0.72596
vn 0.18641 -0.66209 0.72587
vn 0.34502 -0.58047 0.73758
vn -0.4906 0.48248 0.72562
vn -0.58778 0.33291 0.73735
vn -0.58781 0.33285 0.73736
vn -0.49057 0.48249 0.72564
vn -0.66675 0.16966 0.72571
vn 0.49258 -0.48022 0.72578
vn -0.66602 0.17259 0.72569
vn -0.66604 0.17258 0.72567
vn 0.66288 0.18411 0.72574
vn 0.66298 0.18415 0.72563
vn 0.66644 -0.16953 0.72603
vn 0.66673 -0.16955 0.72576
vn 0.66609 -0.1726 0.72563
vn 0.6664 -0.17262 0.72534
vn -0.0062 0.67533 0.73749
vn -0.18412 0.66287 0.72574
vn 0.34078 -0.58314 0.73744
vn 0.48908 -0.48395 0.72567
vn 0.4891 -0.48394 0.72566
vn 0.34081 -0.58313 0.73743
vn 0.34254 -0.58208 0.73746
vn 0.49075 -0.48263 0.72542
vn 0.34252 -0.58209 0.73746
vn 0.36898 -0.56897 0.73493
vn 0.51296 -0.46242 0.72321
vn 0.51297 -0.46246 0.72318
vn 0.36901 -0.56894 0.73494
vn 0.48395 0.48909 0.72566
vn 0.48398 0.48914 0.7256
vn 0.17454 0.66559 0.72562
vn -0.00354 0.67527 0.73756
vn -0.00357 0.67529 0.73755
vn 0.17454 0.66562 0.72559
vn 0.46244 0.51295 0.7232
vn 0.46239 0.51287 0.7233
vn 0.66308 0.18365 0.72567
vn 0.66314 0.18368 0.7256
vn -0.18159 0.66367 0.72565
vn -0.18159 0.66365 0.72567
vn -0.17122 -0.66632 0.72575
vn -0.17121 -0.66625 0.72581
vn -0.00568 0.67536 0.73747
vn -0.18364 0.66313 0.72563
vn -0.00552 0.67533 0.7375
vn 0.18162 -0.66379 0.72553
vn 0.66598 -0.17115 0.72607
vn 0.66621 -0.17117 0.72585
vn 0.17118 0.66633 0.72575
vn -0.00693 0.67523 0.73758
vn -0.00696 0.67523 0.73758
vn -0.17457 -0.66565 0.72556
vn -0.17456 -0.66548 0.72572
vn -0.66303 -0.18363 0.72572
vn -0.66302 -0.18363 0.72573
vn -0.58829 0.33159 0.73753
vn -0.6663 0.17115 0.72578
vn -0.58831 0.33159 0.73752
vn 0.66246 0.1866 0.72549
vn 0.66194 0.18635 0.72602
vn 0.18363 -0.66321 0.72556
vn 0.18367 -0.66322 0.72554
vn -0.60394 0.30818 0.73504
vn -0.60395 0.30818 0.73503
vn 0.4804 0.49274 0.72555
vn 0.4804 0.49274 0.72555
vn -0.48911 0.48398 0.72563
vn -0.48909 0.48397 0.72565
vn -0.56885 -0.36892 0.73506
vn -0.46246 -0.513 0.72316
vn 0.66562 -0.17457 0.72558
vn 0.66556 -0.17456 0.72565
vn -0.48392 -0.48908 0.72569
vn -0.66261 -0.18406 0.726
vn -0.58167 -0.34301 0.73757
vn -0.58168 -0.34298 0.73757
vn -0.66259 -0.18406 0.72601
vn 0.66375 0.18162 0.72557
vn 0.66374 0.18162 0.72558
vn 0.16959 0.66681 0.72568
vn 0.1696 0.66682 0.72566
vn -0.48196 -0.49091 0.72576
vn 0.4825 0.49057 0.72563
vn 0.48249 0.49055 0.72565
vn -0.58023 -0.34487 0.73783
vn -0.48004 -0.49243 0.726
vn -0.58021 -0.34494 0.73782
vn -0.17196 -0.66605 0.72581
vn -0.17197 -0.66612 0.72574
vn 0.17252 0.66608 0.72565
vn -0.6622 -0.1865 0.72574
vn -0.66223 -0.18653 0.72571
vn 0.18412 -0.66286 0.72576
vn 0.34298 -0.58168 0.73757
vn 0.34298 -0.5817 0.73756
vn -0.18488 0.66266 0.72574
vn -0.18489 0.66264 0.72576
vn 0.4909 -0.48193 0.72578
vn 0.48208 0.49102 0.72561
vn 0.48201 0.49092 0.72572
vn -0.49145 0.48144 0.72574
vn 0.66625 -0.17199 0.72563
vn 0.66611 -0.17198 0.72575
vn 0.17194 0.66623 0.72565
vn -0.67542 0.14399 0.72324
vn -0.58783 0.33223 0.73762
vn -0.66586 0.17188 0.72601
vn -0.66587 0.17189 0.726
vn -0.58784 0.33227 0.7376
vn 0.67552 -0.14402 0.72314
vn 0.67546 -0.14402 0.7232
vn -0.65693 -0.21299 0.72324
vn -0.49089 0.48201 0.72573
vn -0.4909 0.48202 0.72572
vn 0.65695 0.21301 0.72322
vn 0.65702 0.21305 0.72314
vn -0.14402 -0.67553 0.72313
vn -0.14402 -0.67555 0.72311
vn 0.18486 -0.66258 0.72582
vn 0.34361 -0.58129 0.73758
vn 0.34365 -0.58127 0.73759
vn 0.18485 -0.66257 0.72583
vn 0.21302 -0.65705 0.72312
vn 0.49139 -0.48141 0.7258
vn -0 0 1
vn 0.99995 0.01028 0
vn 0.96322 0.26872 0
vn -0.71604 0.69806 0
vn -0.71296 0.7012 0
vn -0.71296 0.7012 0
vn -0.96911 0.24663 0
vn 0.71603 -0.69807 0
vn -0.96804 0.25081 0
vn 0.99996 0.00913 0
vn 0.96352 0.26762 0
vn 0.96915 -0.24646 0
vn 0.96805 -0.25074 0
vn 0.99997 0.00836 0
vn 0.71084 -0.70336 0
vn 0.71082 -0.70337 0
vn 0.71293 -0.70123 0
vn 0.74275 -0.66957 0
vn 0.70335 0.71085 0
vn 0.70335 0.71084 0
vn 0.25368 0.96729 0
vn 0.25368 0.96729 0
vn 0.66961 0.74271 0
vn 0.66961 0.74271 0
vn 0.96372 0.26692 0
vn -0.2639 0.96455 0
vn -0.50454 0.86339 0
vn -0.50457 0.86337 0
vn -0.24889 -0.96853 0
vn 0.01028 -0.99995 0
vn -0.0083 0.99997 0
vn -0.26683 0.96374 0
vn 0.26393 -0.96454 0
vn 0.96854 -0.24885 0
vn 0.24885 0.96854 0
vn 0.24885 0.96854 0
vn -0.25372 -0.96728 0
vn -0.25372 -0.96728 0
vn -0.96372 -0.26692 0
vn -0.96856 0.24877 0
vn -0.96856 0.24878 0
vn 0.96258 0.27098 0
vn -0.74274 0.66958 0
vn -0.71082 0.70337 0
vn -0.66958 -0.74274 0
vn 0.96728 -0.2537 0
vn -0.99996 -0.00916 0
vn -0.96352 -0.26765 0
vn 0.96454 0.26393 0
vn 0.96454 0.26393 0
vn 0.24651 0.96914 0
vn 0.24651 0.96914 0
vn -0.70059 -0.71356 0
vn -0.70059 -0.71356 0
vn 0.70123 0.71294 0
vn 0.70122 0.71294 0
vn -0.69806 -0.71604 0
vn -0.69806 -0.71604 0
vn -0.24997 -0.96825 0
vn -0.96254 -0.27114 0
vn 0.26762 -0.96352 0
vn 0.50793 -0.8614 0
vn -0.50888 0.86084 0
vn 0.71359 -0.70056 0
vn 0.7006 0.71355 0
vn 0.70061 0.71355 0
vn -0.71435 0.69979 0
vn 0.96825 -0.24998 0
vn 0.24992 0.96827 0
vn -0.97802 0.20851 0
vn -0.99866 -0.0517 0
vn -0.99866 -0.05173 0
vn -0.96827 0.24989 0
vn -0.71354 0.70062 0
vn -0.71354 0.70062 0
vn -0.2085 -0.97802 0
vn -0.2085 -0.97802 0
vn 0.3084 -0.95126 0
vn 0.71434 -0.6998 0
vn -0.70121 -0.71295 0
vn -0.70121 -0.71295 0
vn 0.20851 0.97802 0
vn 0.20851 0.97802 0
vn -0.81718 0.47143 0.33162
vn -0.70609 0.61918 0.34359
vn -0.78068 0.522 0.34359
vn 0 0 -1
vn 0 0 1
vn -0 0 1
vn 0 0 1
vn -0 0 1
vn -0 0 1
vn 0 0 1
vn 0 0 1
vn -0 0 1
vn -0 0 1
vn 0 0 1
vn 0 0 1
vn -0 0 1
vn -0 0 1
vn -0.00043 0.00107 -1
vn -0.01941 0.04682 -0.99871
vn 0.00027 0.0011 -1
vn 0.01312 0.04886 -0.99872
vn 0.00085 0.00211 -1
vn 0.0253 0.04383 -0.99872
vn 0.00137 0.0018 -1
vn 0.0358 0.0358 -0.99872
vn 0.00082 0.00082 -1
vn 1E-05 1E-05 -1
vn 0.0011 0.00027 -1
vn 0.04892 0.01312 -0.99872
vn 0 0 -1
vn 0.00092 -0.0007 -1
vn 0.02167 -0.01447 -0.99966
vn 0.00702 -0.00604 -0.99996
vn 0.00079 -0.00079 -1
vn 0.0069 -0.00616 -0.99996
vn 0.01718 -0.01959 -0.99966
vn -0 0 -1
vn 0.00012 -0.00113 -1
vn 0.00662 -0.05017 -0.99872
vn 0 0 -1
vn -0.00085 -0.00076 -1
vn -0.01959 -0.01718 -0.99966
vn -0.00113 -0.00018 -1
vn -0.02558 -0.0051 -0.99966
vn -0.01364 -0.00177 -0.99991
vn -0.00113 -9E-05 -1
vn -0.02573 -0.00168 -0.99967
vn -0.00107 0.00043 -1
vn -0.04685 0.01941 -0.99871
vn -0.00192 0.00119 -1
vn -0.01959 0.01718 -0.99966
vn -0.01956 0.01718 -0.99966
vn -0.00085 0.00076 -1
vn 0 0 -1
vn 0 0 -1
vn 0 0 -1
vn -0 0 -1
vn -0 0 -1
vt 0.83594 0.29688
vt 0.83554 0.30894
vt 0.82127 0.30874
vt 0.82168 0.29668
vt 0.02473 0.6629
vt 0.02437 0.67427
vt 0.01674 0.67373
vt 0.01712 0.66168
vt 0.82592 0.48227
vt 0.82609 0.49436
vt 0.8118 0.49483
vt 0.81164 0.48274
vt 0.84927 0.1384
vt 0.84853 0.15044
vt 0.84104 0.14848
vt 0.84162 0.1375
vt 0.01607 0.72137
vt 0.01671 0.7321
vt 0.00243 0.73194
vt 0.00183 0.72123
vt 0.83543 0.34527
vt 0.83576 0.35675
vt 0.8215 0.35658
vt 0.82113 0.34508
vt 0.84426 0.34184
vt 0.84452 0.35462
vt 0.83697 0.35664
vt 0.83664 0.3452
vt 0.83941 0.15997
vt 0.83916 0.17199
vt 0.82484 0.17198
vt 0.82509 0.15996
vt 0.83983 0.14836
vt 0.82552 0.14834
vt 0.01562 0.70996
vt 0.00138 0.70981
vt 0.83528 0.33334
vt 0.82098 0.33315
vt 0.84041 0.13734
vt 0.82613 0.1373
vt 0.01535 0.68592
vt 0.01538 0.69808
vt 0.00114 0.69792
vt 0.00107 0.68575
vt 0.83532 0.32116
vt 0.82101 0.32096
vt 0.82596 0.47052
vt 0.81168 0.47099
vt 0.84114 0.12712
vt 0.82682 0.12709
vt 0.01553 0.67369
vt 0.00125 0.67352
vt 0.83492 0.47028
vt 0.83476 0.48318
vt 0.82713 0.4823
vt 0.82718 0.47058
vt 0.8287 0.54198
vt 0.82978 0.55267
vt 0.8155 0.55315
vt 0.81446 0.54247
vt 0.01591 0.6616
vt 0.00167 0.66142
vt 0.02059 0.61023
vt 0.01934 0.61868
vt 0.00506 0.61851
vt 0.00632 0.61006
vt 0.0197 0.75847
vt 0.02099 0.76484
vt 0.00676 0.76471
vt 0.00543 0.75831
vt 0.83652 0.2852
vt 0.82226 0.28499
vt 0.8262 0.45931
vt 0.81196 0.45976
vt 0.82777 0.5306
vt 0.81349 0.53107
vt 0.0165 0.64986
vt 0.00226 0.64968
vt 0.84523 0.2873
vt 0.8447 0.30029
vt 0.83715 0.29698
vt 0.83773 0.28533
vt 0.82665 0.44884
vt 0.81237 0.44931
vt 0.82702 0.51873
vt 0.81278 0.51921
vt 0.01727 0.63867
vt 0.003 0.6385
vt 0.83816 0.26375
vt 0.83726 0.2741
vt 0.823 0.27388
vt 0.82385 0.26356
vt 0.82729 0.43927
vt 0.81301 0.43975
vt 0.836 0.51943
vt 0.83667 0.52951
vt 0.82898 0.53046
vt 0.82823 0.51864
vt 0.02618 0.64056
vt 0.02549 0.65002
vt 0.01771 0.64998
vt 0.01848 0.63883
vt 0.84678 0.26712
vt 0.84593 0.27685
vt 0.83847 0.27427
vt 0.83936 0.26396
vt 0.82811 0.43078
vt 0.81387 0.43123
vt 0.82645 0.50658
vt 0.81217 0.50706
vt 0.01822 0.62821
vt 0.00395 0.62805
vt 0.83982 0.21993
vt 0.8404 0.23086
vt 0.82608 0.23085
vt 0.8255 0.21992
vt 0.8291 0.42352
vt 0.81486 0.42396
vt 0.01754 0.74197
vt 0.01854 0.75082
vt 0.00431 0.75068
vt 0.00327 0.74181
vt 0.84857 0.21679
vt 0.84905 0.22645
vt 0.8416 0.2307
vt 0.84103 0.21981
vt 0.84564 0.37421
vt 0.84666 0.38393
vt 0.83899 0.38635
vt 0.83816 0.37739
vt 0.83627 0.36759
vt 0.82197 0.3674
vt 0.83907 0.18421
vt 0.83915 0.19641
vt 0.82483 0.19639
vt 0.82479 0.18419
vt 0.8394 0.20838
vt 0.82508 0.20837
vt 0.83695 0.37758
vt 0.83779 0.38656
vt 0.82348 0.38637
vt 0.82265 0.37739
vt 0.02553 0.72827
vt 0.02621 0.73686
vt 0.01875 0.74178
vt 0.01793 0.73194
vt 0.84512 0.09927
vt 0.84305 0.08591
vt 0.84873 0.08684
vt 0.85032 0.09892
vt 0.83554 0.45182
vt 0.83516 0.46081
vt 0.82742 0.45942
vt 0.82786 0.44897
vt 0.02459 0.70927
vt 0.02497 0.71906
vt 0.01728 0.72124
vt 0.01684 0.70988
vt 0.84419 0.32113
vt 0.84416 0.33159
vt 0.83649 0.33331
vt 0.83653 0.32117
vt 0.83492 0.49455
vt 0.8273 0.49435
vt 0.02421 0.68578
vt 0.01656 0.68592
vt 0.84992 0.1298
vt 0.84234 0.1273
vt 0.83527 0.50605
vt 0.82767 0.50653
vt 0.845 0.36481
vt 0.83748 0.36744
vt 0.02795 0.6234
vt 0.027 0.63159
vt 0.01943 0.62841
vt 0.02054 0.61892
vt 0.02901 0.616
vt 0.02179 0.61048
vt 0.83747 0.53928
vt 0.8299 0.5418
vt 0.8384 0.54847
vt 0.83099 0.55247
vt 0.84438 0.31063
vt 0.83675 0.30899
vt 0.84813 0.16137
vt 0.84062 0.16005
vt 0.02435 0.69917
vt 0.0166 0.69804
vt 0.8479 0.17268
vt 0.84037 0.17203
vt 0.83676 0.43617
vt 0.83609 0.4436
vt 0.8285 0.43945
vt 0.82932 0.43099
vt 0.84974 0.23758
vt 0.84232 0.24078
vt 0.8479 0.18618
vt 0.84028 0.18421
vt 0.848 0.19659
vt 0.84036 0.19636
vt 0.02721 0.74684
vt 0.01975 0.75059
vt 0.84822 0.20687
vt 0.84061 0.2083
vt 0.84361 0.12219
vt 0.84511 0.11077
vt 0.85032 0.11112
vt 0.84872 0.1232
vt 0.84112 0.24097
vt 0.8268 0.24096
vt 0.82763 0.51869
vt 0.82838 0.53055
vt 0.82931 0.54191
vt 0.84102 0.13739
vt 0.84045 0.1484
vt 0.84003 0.16
vt 0.83977 0.17201
vt 0.83968 0.18421
vt 0.84002 0.20835
vt 0.84043 0.21989
vt 0.84101 0.23081
vt 0.83788 0.27416
vt 0.83713 0.28525
vt 0.83655 0.29692
vt 0.83593 0.32117
vt 0.83589 0.33333
vt 0.83604 0.34525
vt 0.83688 0.36754
vt 0.83756 0.37752
vt 0.8384 0.3865
vt 0.01883 0.62828
vt 0.01788 0.63873
vt 0.01711 0.6499
vt 0.01614 0.6737
vt 0.01596 0.68592
vt 0.016 0.69807
vt 0.01668 0.72133
vt 0.01732 0.73205
vt 0.01815 0.74191
vt 0.02031 0.7584
vt 0.0216 0.76475
vt 0.82971 0.42359
vt 0.82872 0.43085
vt 0.82726 0.44888
vt 0.82682 0.45934
vt 0.82657 0.47053
vt 0.82653 0.48227
vt 0.8267 0.49435
vt 0.8279 0.43932
vt 0.01915 0.75074
vt 0.01623 0.70994
vt 0.01652 0.66163
vt 0.0212 0.61032
vt 0.01995 0.61876
vt 0.83637 0.35671
vt 0.83615 0.30896
vt 0.84173 0.24091
vt 0.83877 0.26383
vt 0.83976 0.19639
vt 0.83039 0.5526
vt 0.84175 0.12718
vt 0.82707 0.50656
vt 0.87997 0.17815
vt 0.87997 0.19034
vt 0.872 0.19632
vt 0.87416 0.17797
vt 0.0568 0.67639
vt 0.05668 0.68861
vt 0.05083 0.68874
vt 0.05096 0.67614
vt 0.8802 0.20229
vt 0.8744 0.20292
vt 0.05682 0.70057
vt 0.04888 0.70683
vt 0.88064 0.21374
vt 0.8716 0.20984
vt 0.05722 0.71208
vt 0.0514 0.71292
vt 0.87872 0.27597
vt 0.8778 0.28609
vt 0.87206 0.28509
vt 0.87296 0.27436
vt 0.05793 0.72245
vt 0.0487 0.71966
vt 0.87709 0.29726
vt 0.87128 0.29642
vt 0.05882 0.73192
vt 0.05996 0.7397
vt 0.05421 0.74158
vt 0.05308 0.73325
vt 0.87661 0.30913
vt 0.86841 0.31422
vt 0.87042 0.43781
vt 0.86931 0.44397
vt 0.86353 0.44231
vt 0.86467 0.43582
vt 0.87636 0.32127
vt 0.87054 0.32126
vt 0.86734 0.49527
vt 0.86774 0.50745
vt 0.86192 0.50784
vt 0.8615 0.49527
vt 0.86841 0.45184
vt 0.86002 0.45395
vt 0.87634 0.33343
vt 0.86747 0.32814
vt 0.8684 0.51942
vt 0.86076 0.52601
vt 0.86774 0.46122
vt 0.86192 0.46011
vt 0.87664 0.34493
vt 0.87707 0.35598
vt 0.8713 0.35702
vt 0.87079 0.34582
vt 0.8693 0.53084
vt 0.86353 0.532
vt 0.86734 0.4718
vt 0.85862 0.46521
vt 0.87779 0.36571
vt 0.87201 0.36718
vt 0.87041 0.54134
vt 0.86112 0.53878
vt 0.8672 0.48327
vt 0.86136 0.48288
vt 0.8787 0.37407
vt 0.87124 0.37997
vt 0.88128 0.14402
vt 0.88063 0.15464
vt 0.87485 0.15369
vt 0.87291 0.13712
vt 0.05995 0.63306
vt 0.05882 0.64241
vt 0.05304 0.64103
vt 0.05144 0.63482
vt 0.88019 0.16613
vt 0.87439 0.16556
vt 0.05789 0.65295
vt 0.04947 0.64597
vt 0.05725 0.66448
vt 0.05143 0.66383
vt 0.06219 0.66474
vt 0.06173 0.67652
vt 0.88512 0.16633
vt 0.88489 0.17822
vt 0.06373 0.64291
vt 0.06281 0.65333
vt 0.88555 0.15496
vt 0.06484 0.63368
vt 0.87213 0.4833
vt 0.87227 0.49518
vt 0.8862 0.14446
vt 0.8827 0.36529
vt 0.88361 0.37354
vt 0.87227 0.47196
vt 0.87421 0.53035
vt 0.87531 0.54074
vt 0.88202 0.35556
vt 0.87267 0.4615
vt 0.87332 0.51906
vt 0.88153 0.34483
vt 0.87333 0.45222
vt 0.87267 0.50722
vt 0.88129 0.32132
vt 0.88128 0.3333
vt 0.87422 0.44446
vt 0.88154 0.30932
vt 0.87531 0.43824
vt 0.882 0.29753
vt 0.06376 0.73121
vt 0.06484 0.73919
vt 0.88275 0.28668
vt 0.06216 0.71175
vt 0.06282 0.72225
vt 0.88361 0.27641
vt 0.06175 0.70045
vt 0.88512 0.2021
vt 0.88556 0.21336
vt 0.06161 0.68859
vt 0.8849 0.19026
vt 0.8862 0.22382
vt 0.8813 0.22412
vt 0.87552 0.22559
vt 0.86611 0.17631
vt 0.86634 0.16446
vt 0.86677 0.15309
vt 0.8633 0.29378
vt 0.86404 0.28292
vt 0.86491 0.27269
vt 0.86391 0.36874
vt 0.86323 0.359
vt 0.86274 0.34831
vt 0.04269 0.68766
vt 0.04282 0.67563
vt 0.04325 0.66383
vt 0.85563 0.43847
vt 0.85673 0.4324
vt 0.04625 0.74476
vt 0.04515 0.73693
vt 0.85375 0.50713
vt 0.85336 0.49511
vt 0.85322 0.48325
vt 0.85348 0.46812
vt 0.85469 0.52275
vt 0.86771 0.1391
vt 0.86618 0.19221
vt 0.86761 0.22888
vt 0.86683 0.21496
vt 0.86275 0.3093
vt 0.8625 0.33284
vt 0.0462 0.62941
vt 0.04784 0.61907
vt 0.05556 0.62323
vt 0.04419 0.64864
vt 0.04294 0.7033
vt 0.04398 0.72469
vt 0.85453 0.44879
vt 0.84437 0.50658
vt 0.84515 0.51954
vt 0.84408 0.47081
vt 0.84385 0.48327
vt 0.844 0.49486
vt 0.85685 0.17452
vt 0.85695 0.188
vt 0.85829 0.14026
vt 0.8575 0.15186
vt 0.85709 0.16298
vt 0.85411 0.29062
vt 0.85368 0.3033
vt 0.85791 0.22172
vt 0.85852 0.23307
vt 0.85569 0.27005
vt 0.85483 0.28
vt 0.85462 0.37132
vt 0.85569 0.3806
vt 0.86517 0.3796
vt 0.85331 0.33891
vt 0.85348 0.35136
vt 0.85396 0.36177
vt 0.03331 0.68671
vt 0.03352 0.69968
vt 0.03464 0.65094
vt 0.03385 0.66341
vt 0.03345 0.67497
vt 0.8389 0.09857
vt 0.83672 0.08565
vt 0.84566 0.44156
vt 0.84654 0.4334
vt 0.03511 0.73199
vt 0.03603 0.7417
vt 0.83731 0.1219
vt 0.83904 0.11031
vt 0.03712 0.7492
vt 0.83347 0.10988
vt 0.83318 0.09784
vt 0.84552 0.33261
vt 0.8458 0.32784
vt 0.83758 0.44935
vt 0.8373 0.44183
vt 0.846 0.32092
vt 0.84599 0.31392
vt 0.02907 0.63456
vt 0.02926 0.62921
vt 0.85339 0.08565
vt 0.85716 0.09014
vt 0.85643 0.10709
vt 0.85246 0.1073
vt 0.02651 0.70657
vt 0.026 0.7031
vt 0.84809 0.55174
vt 0.83943 0.55702
vt 0.83974 0.55202
vt 0.02704 0.72449
vt 0.02708 0.7194
vt 0.85663 0.54404
vt 0.83968 0.5446
vt 0.83765 0.45469
vt 0.86363 0.09866
vt 0.86953 0.1073
vt 0.86328 0.10702
vt 0.02856 0.64075
vt 0.84177 0.42054
vt 0.848 0.41195
vt 0.84829 0.42031
vt 0.02785 0.64571
vt 0.85452 0.40339
vt 0.85511 0.42035
vt 0.8564 0.25884
vt 0.86168 0.25092
vt 0.86168 0.25928
vt 0.86567 0.24312
vt 0.86567 0.26007
vt 0.02692 0.71264
vt 0.36934 0.7761
vt 0.36961 0.78602
vt 0.36463 0.783
vt 0.36961 0.76679
vt 0.36006 0.78078
vt 0.87451 0.57075
vt 0.86838 0.56253
vt 0.87451 0.56238
vt 0.82098 0.42057
vt 0.827 0.41197
vt 0.82704 0.42034
vt 0.84494 0.3388
vt 0.83442 0.40342
vt 0.8345 0.42041
vt 0.83742 0.46091
vt 0.03766 0.62178
vt 0.02931 0.62168
vt 0.83903 0.53281
vt 0.83838 0.52675
vt 0.83698 0.46593
vt 0.83949 0.5395
vt 0.8925 0.68253
vt 0.8925 0.67901
vt 0.89909 0.67923
vt 0.89909 0.68275
vt 0.83654 0.46868
vt 0.85944 0.56943
vt 0.85944 0.56576
vt 0.86604 0.56576
vt 0.86604 0.56942
vt 0.8779 0.25968
vt 0.8776 0.25685
vt 0.88418 0.25685
vt 0.88449 0.25968
vt 0.83951 0.39814
vt 0.83962 0.42057
vt 0.84984 0.20289
vt 0.84957 0.19629
vt 0.88175 0.12207
vt 0.88167 0.11846
vt 0.88825 0.11846
vt 0.88833 0.12207
vt 0.3767 0.76679
vt 0.3767 0.77671
vt 0.37175 0.77353
vt 0.84991 0.20982
vt 0.89302 0.67289
vt 0.8928 0.67035
vt 0.89939 0.67057
vt 0.89961 0.67311
vt 0.84953 0.22171
vt 0.84984 0.21494
vt 0.85888 0.39814
vt 0.85966 0.42054
vt 0.02676 0.73189
vt 0.20774 0.87656
vt 0.21232 0.86823
vt 0.21305 0.87656
vt 0.84578 0.30907
vt 0.84531 0.30319
vt 0.90682 0.11499
vt 0.90706 0.1186
vt 0.90048 0.1189
vt 0.90024 0.1153
vt 0.46045 0.95635
vt 0.45796 0.95344
vt 0.46032 0.93919
vt 0.46144 0.94958
vt 0.46115 0.96011
vt 0.46144 0.96009
vt 0.45988 0.96371
vt 0.46008 0.9705
vt 0.45697 0.9662
vt 0.45763 0.98067
vt 0.40764 0.9563
vt 0.40513 0.95341
vt 0.40751 0.93919
vt 0.40864 0.94958
vt 0.40423 0.96618
vt 0.40712 0.96367
vt 0.40728 0.9705
vt 0.40482 0.98067
vt 0.97572 0.5504
vt 0.97322 0.54751
vt 0.97559 0.53328
vt 0.97672 0.54367
vt 0.97229 0.56027
vt 0.97518 0.55777
vt 0.97536 0.56459
vt 0.9729 0.57475
vt 0.42539 0.95633
vt 0.4229 0.95343
vt 0.42527 0.93919
vt 0.42639 0.94958
vt 0.42194 0.96619
vt 0.42484 0.9637
vt 0.42503 0.9705
vt 0.42258 0.98067
vt 0.95338 0.23002
vt 0.95102 0.22704
vt 0.9532 0.2124
vt 0.95429 0.22301
vt 0.94955 0.23966
vt 0.95253 0.23731
vt 0.95293 0.24393
vt 0.95048 0.25409
vt 0.9806 0.39068
vt 0.9781 0.38778
vt 0.98048 0.37355
vt 0.9816 0.38394
vt 0.98131 0.39443
vt 0.9816 0.39444
vt 0.98005 0.39805
vt 0.98024 0.40486
vt 0.97716 0.40054
vt 0.97779 0.41502
vt 0.96657 0.39334
vt 0.96729 0.3971
vt 0.96629 0.40031
vt 0.966 0.39322
vt 0.96783 0.38973
vt 0.96754 0.38643
vt 0.93935 0.23207
vt 0.9399 0.23583
vt 0.93898 0.23938
vt 0.93869 0.23229
vt 0.94076 0.22854
vt 0.94021 0.22549
vt 0.41136 0.95898
vt 0.41207 0.96274
vt 0.41106 0.96594
vt 0.41078 0.95888
vt 0.41263 0.95537
vt 0.41235 0.95207
vt 0.96171 0.55308
vt 0.96242 0.55684
vt 0.9614 0.56003
vt 0.96109 0.55297
vt 0.96296 0.54947
vt 0.96275 0.54614
vt 0.39363 0.95902
vt 0.39436 0.96277
vt 0.39333 0.96596
vt 0.39302 0.95887
vt 0.39487 0.9554
vt 0.39467 0.95206
vt 0.44642 0.95896
vt 0.44712 0.96272
vt 0.44614 0.96596
vt 0.44584 0.95887
vt 0.44769 0.95536
vt 0.44738 0.95208
vt 0.4506 0.95287
vt 0.44965 0.9475
vt 0.96979 0.4
vt 0.96829 0.40535
vt 0.97073 0.38723
vt 0.96981 0.38185
vt 0.94226 0.23881
vt 0.94098 0.24442
vt 0.94374 0.22619
vt 0.94249 0.22086
vt 0.41457 0.96564
vt 0.41306 0.97099
vt 0.41553 0.95287
vt 0.41462 0.94749
vt 0.96492 0.55973
vt 0.9634 0.56507
vt 0.96586 0.54697
vt 0.965 0.54158
vt 0.39687 0.96566
vt 0.39533 0.971
vt 0.39776 0.9529
vt 0.39692 0.94749
vt 0.44961 0.96563
vt 0.44813 0.971
vt 0.45436 0.95217
vt 0.45455 0.94173
vt 0.9734 0.40126
vt 0.97243 0.41163
vt 0.97449 0.38652
vt 0.97472 0.37608
vt 0.94579 0.24021
vt 0.94515 0.25032
vt 0.94749 0.22564
vt 0.94739 0.21539
vt 0.41818 0.9669
vt 0.41722 0.97727
vt 0.41929 0.95216
vt 0.41951 0.94172
vt 0.96853 0.56099
vt 0.96755 0.57136
vt 0.96961 0.54625
vt 0.96987 0.53581
vt 0.40048 0.9669
vt 0.39947 0.97728
vt 0.40151 0.95217
vt 0.40179 0.94172
vt 0.45321 0.9669
vt 0.45228 0.97728
vt 0.40837 0.96005
vt 0.40864 0.96008
vt 0.97644 0.55416
vt 0.97672 0.55417
vt 0.4261 0.96009
vt 0.42639 0.96008
vt 0.95393 0.23378
vt 0.95429 0.23352
vt 0.46016 0.95648
vt 0.45778 0.9537
vt 0.88581 0.08936
vt 0.88581 0.09288
vt 0.88543 0.09303
vt 0.88543 0.08935
vt 0.88603 0.08581
vt 0.88566 0.08565
vt 0.85963 0.5726
vt 0.85927 0.57283
vt 0.85906 0.56951
vt 0.89302 0.66328
vt 0.8928 0.66683
vt 0.89242 0.66683
vt 0.89265 0.66312
vt 0.87565 0.70362
vt 0.87584 0.70044
vt 0.87622 0.70053
vt 0.87601 0.70384
vt 0.86819 0.25302
vt 0.86819 0.25668
vt 0.86782 0.25676
vt 0.86782 0.25294
vt 0.8977 0.69666
vt 0.8977 0.70009
vt 0.89731 0.70008
vt 0.89731 0.69649
vt 0.90719 0.11484
vt 0.90745 0.11861
vt 0.4218 0.9659
vt 0.42458 0.96352
vt 0.95309 0.23014
vt 0.95083 0.22729
vt 0.55392 0.74459
vt 0.55368 0.74793
vt 0.5533 0.74788
vt 0.55355 0.74439
vt 0.87875 0.69741
vt 0.87883 0.70102
vt 0.87845 0.70115
vt 0.87836 0.69738
vt 0.87891 0.69398
vt 0.87854 0.69379
vt 0.97979 0.39787
vt 0.981 0.39441
vt 0.89128 0.11856
vt 0.89128 0.12208
vt 0.8909 0.12223
vt 0.8909 0.11855
vt 0.54126 0.75462
vt 0.54146 0.75145
vt 0.54183 0.75153
vt 0.54163 0.75484
vt 0.9016 0.0894
vt 0.90135 0.0858
vt 0.90172 0.08565
vt 0.90198 0.08941
vt 0.88318 0.68223
vt 0.88337 0.68545
vt 0.88301 0.68567
vt 0.8828 0.6823
vt 0.88318 0.6786
vt 0.8828 0.67851
vt 0.88836 0.69755
vt 0.88836 0.70107
vt 0.88798 0.70122
vt 0.88798 0.69754
vt 0.88858 0.694
vt 0.88821 0.69384
vt 0.88184 0.11503
vt 0.88129 0.11843
vt 0.88146 0.11484
vt 0.96322 0.54965
vt 0.96202 0.5531
vt 0.39394 0.95904
vt 0.39464 0.96263
vt 0.88319 0.66673
vt 0.88327 0.67034
vt 0.88289 0.67047
vt 0.8828 0.6667
vt 0.91015 0.85784
vt 0.91015 0.85441
vt 0.91053 0.85443
vt 0.91053 0.85801
vt 0.44795 0.95554
vt 0.44673 0.95899
vt 0.45073 0.95315
vt 0.54146 0.74779
vt 0.54183 0.7477
vt 0.9016 0.09283
vt 0.90198 0.093
vt 0.88603 0.09798
vt 0.88581 0.10146
vt 0.88543 0.10144
vt 0.88566 0.0978
vt 0.88337 0.67553
vt 0.88301 0.6753
vt 0.41236 0.9626
vt 0.41475 0.96537
vt 0.54435 0.75144
vt 0.54455 0.75462
vt 0.54418 0.75484
vt 0.54398 0.75153
vt 0.88137 0.1222
vt 0.89212 0.68268
vt 0.89212 0.67901
vt 0.39704 0.9654
vt 0.88335 0.6633
vt 0.88298 0.66312
vt 0.90991 0.85081
vt 0.91028 0.85066
vt 0.87223 0.11503
vt 0.87206 0.11845
vt 0.87167 0.11842
vt 0.87185 0.11484
vt 0.87214 0.12207
vt 0.87176 0.1222
vt 0.8915 0.11501
vt 0.89113 0.11484
vt 0.54126 0.74461
vt 0.54163 0.74439
vt 0.97792 0.38804
vt 0.97447 0.38684
vt 0.97087 0.38752
vt 0.94583 0.2399
vt 0.94942 0.23937
vt 0.88581 0.10499
vt 0.88543 0.10513
vt 0.921 0.68599
vt 0.92118 0.68265
vt 0.92156 0.68269
vt 0.92138 0.68619
vt 0.92113 0.67904
vt 0.92151 0.67892
vt 0.87752 0.25324
vt 0.87722 0.25698
vt 0.87714 0.25321
vt 0.87769 0.24981
vt 0.87731 0.24963
vt 0.54455 0.74461
vt 0.54435 0.74778
vt 0.54398 0.7477
vt 0.54418 0.74439
vt 0.96856 0.56067
vt 0.97215 0.55998
vt 0.9651 0.55947
vt 0.86839 0.25985
vt 0.86802 0.26007
vt 0.89272 0.67547
vt 0.89235 0.6753
vt 0.90159 0.10173
vt 0.90135 0.09813
vt 0.90172 0.09798
vt 0.90197 0.10174
vt 0.90159 0.10516
vt 0.90197 0.10533
vt 0.89242 0.6705
vt 0.40149 0.95248
vt 0.3979 0.95318
vt 0.85906 0.56568
vt 0.85963 0.5626
vt 0.85927 0.56238
vt 0.87584 0.69678
vt 0.87565 0.69362
vt 0.87601 0.6934
vt 0.87622 0.6967
vt 0.86839 0.24985
vt 0.86802 0.24963
vt 0.89794 0.70369
vt 0.89757 0.70384
vt 0.90706 0.12203
vt 0.90745 0.12219
vt 0.42579 0.96006
vt 0.55368 0.75154
vt 0.55392 0.75445
vt 0.55355 0.75469
vt 0.5533 0.75165
vt 0.84826 0.55917
vt 0.85192 0.55917
vt 0.8518 0.55959
vt 0.84837 0.55959
vt 0.8841 0.25324
vt 0.88453 0.25328
vt 0.8846 0.25667
vt 0.85426 0.25178
vt 0.85243 0.25495
vt 0.85212 0.25464
vt 0.85384 0.25167
vt 0.91454 0.67904
vt 0.91459 0.68265
vt 0.91417 0.68259
vt 0.91412 0.6792
vt 0.85426 0.24812
vt 0.85384 0.24823
vt 0.86421 0.12119
vt 0.86106 0.123
vt 0.86095 0.12259
vt 0.8639 0.12088
vt 0.92064 0.68818
vt 0.91406 0.68818
vt 0.91442 0.68599
vt 0.86624 0.5626
vt 0.90135 0.10751
vt 0.89477 0.10782
vt 0.89501 0.10547
vt 0.5605 0.7447
vt 0.56026 0.74804
vt 0.86924 0.69678
vt 0.86904 0.69362
vt 0.88994 0.6633
vt 0.88977 0.66673
vt 0.88533 0.69741
vt 0.88541 0.70102
vt 0.86924 0.70044
vt 0.90357 0.85473
vt 0.90333 0.85112
vt 0.8855 0.69398
vt 0.87499 0.24985
vt 0.8748 0.25302
vt 0.87881 0.11503
vt 0.87864 0.11845
vt 0.8915 0.12463
vt 0.89787 0.1223
vt 0.89809 0.12485
vt 0.90428 0.69979
vt 0.90452 0.70339
vt 0.87872 0.12207
vt 0.89787 0.11877
vt 0.90048 0.12234
vt 0.89809 0.11523
vt 0.53466 0.75462
vt 0.53485 0.75145
vt 0.90682 0.12436
vt 0.90024 0.12467
vt 0.53485 0.74779
vt 0.53466 0.74461
vt 0.89501 0.08971
vt 0.89477 0.0861
vt 0.56026 0.75165
vt 0.5605 0.75455
vt 0.87913 0.70384
vt 0.88571 0.70384
vt 0.88978 0.6822
vt 0.88998 0.68542
vt 0.90135 0.09517
vt 0.89477 0.09548
vt 0.89501 0.09314
vt 0.88978 0.67857
vt 0.88603 0.10763
vt 0.89241 0.10518
vt 0.89262 0.10782
vt 0.89495 0.69777
vt 0.89495 0.70129
vt 0.89241 0.10164
vt 0.89517 0.69422
vt 0.88842 0.11503
vt 0.89272 0.68508
vt 0.89931 0.6853
vt 0.88357 0.67316
vt 0.88985 0.67034
vt 0.89016 0.67316
vt 0.88427 0.24981
vt 0.55115 0.74461
vt 0.55096 0.74778
vt 0.90357 0.85815
vt 0.88603 0.09544
vt 0.89241 0.0931
vt 0.89263 0.09566
vt 0.55096 0.75144
vt 0.90991 0.86017
vt 0.90333 0.86048
vt 0.89241 0.08957
vt 0.89794 0.69432
vt 0.90452 0.69401
vt 0.90428 0.69635
vt 0.87244 0.1249
vt 0.87902 0.1249
vt 0.89263 0.08603
vt 0.88205 0.12489
vt 0.88864 0.12489
vt 0.86624 0.5726
vt 0.8748 0.25668
vt 0.87499 0.25985
vt 0.89961 0.6635
vt 0.89939 0.66705
vt 0.89931 0.67569
vt 0.89262 0.09816
vt 0.86904 0.70362
vt 0.89501 0.10203
vt 0.89477 0.09843
vt 0.88998 0.6755
vt 0.88858 0.70363
vt 0.89517 0.70384
vt 0.55115 0.75462
vt 0.85754 0.12259
vt 0.85807 0.1206
vt 0.86042 0.1206
vt 0.84914 0.25636
vt 0.84861 0.25436
vt 0.85065 0.25317
vt 0.82692 0.25465
vt 0.82521 0.25167
vt 0.82721 0.25113
vt 0.82839 0.25318
vt 0.81378 0.5613
vt 0.81675 0.55959
vt 0.81729 0.56159
vt 0.81524 0.56277
vt 0.85212 0.24526
vt 0.85183 0.24877
vt 0.85065 0.24672
vt 0.8565 0.56428
vt 0.8565 0.56771
vt 0.85449 0.56718
vt 0.85449 0.56482
vt 0.8203 0.55917
vt 0.82347 0.561
vt 0.82316 0.5613
vt 0.82019 0.55959
vt 0.8902 0.66677
vt 0.89027 0.67016
vt 0.81664 0.57283
vt 0.81347 0.571
vt 0.81378 0.57069
vt 0.81675 0.57241
vt 0.82662 0.24495
vt 0.82979 0.24312
vt 0.8299 0.24354
vt 0.82692 0.24526
vt 0.83845 0.25178
vt 0.83662 0.25495
vt 0.83631 0.25465
vt 0.83803 0.25167
vt 0.8203 0.57283
vt 0.82019 0.57241
vt 0.83345 0.24312
vt 0.83334 0.24354
vt 0.83345 0.25678
vt 0.83334 0.25636
vt 0.8456 0.24312
vt 0.84926 0.24312
vt 0.84914 0.24354
vt 0.84571 0.24354
vt 0.83662 0.24495
vt 0.83631 0.24526
vt 0.82979 0.25678
vt 0.8299 0.25636
vt 0.85243 0.24495
vt 0.84111 0.56417
vt 0.84111 0.56783
vt 0.84069 0.56772
vt 0.84069 0.56428
vt 0.82662 0.25495
vt 0.8456 0.25678
vt 0.84243 0.25495
vt 0.84273 0.25464
vt 0.84571 0.25636
vt 0.83611 0.57283
vt 0.83245 0.57283
vt 0.83256 0.57241
vt 0.836 0.57241
vt 0.85509 0.571
vt 0.85192 0.57283
vt 0.8518 0.57241
vt 0.85478 0.57069
vt 0.84926 0.25678
vt 0.85743 0.10944
vt 0.86106 0.10944
vt 0.86095 0.10986
vt 0.85754 0.10986
vt 0.84509 0.571
vt 0.84326 0.56783
vt 0.84368 0.56771
vt 0.84539 0.57069
vt 0.84326 0.56417
vt 0.84368 0.56428
vt 0.86603 0.1144
vt 0.86603 0.11804
vt 0.86561 0.11793
vt 0.86561 0.11452
vt 0.8406 0.25178
vt 0.84102 0.25167
vt 0.84509 0.561
vt 0.84539 0.5613
vt 0.8253 0.56417
vt 0.82488 0.56428
vt 0.84243 0.24495
vt 0.84273 0.24526
vt 0.85692 0.56783
vt 0.82347 0.571
vt 0.82316 0.57069
vt 0.81164 0.56783
vt 0.81206 0.56772
vt 0.85692 0.56417
vt 0.88868 0.1185
vt 0.88876 0.12189
vt 0.81347 0.561
vt 0.81664 0.55917
vt 0.82479 0.25178
vt 0.85743 0.123
vt 0.82479 0.24812
vt 0.82521 0.24823
vt 0.85246 0.11804
vt 0.85246 0.11441
vt 0.85288 0.11452
vt 0.85288 0.11793
vt 0.84826 0.57283
vt 0.84837 0.57241
vt 0.85509 0.561
vt 0.85478 0.5613
vt 0.88576 0.69745
vt 0.88583 0.70084
vt 0.82745 0.56417
vt 0.82928 0.561
vt 0.82958 0.5613
vt 0.82787 0.56428
vt 0.8406 0.24812
vt 0.84102 0.24823
vt 0.83845 0.24812
vt 0.83803 0.24823
vt 0.83245 0.55917
vt 0.83256 0.55959
vt 0.87907 0.1185
vt 0.87914 0.12189
vt 0.83611 0.55917
vt 0.836 0.55959
vt 0.81164 0.56417
vt 0.81206 0.56428
vt 0.83928 0.561
vt 0.83897 0.5613
vt 0.83928 0.571
vt 0.83897 0.57069
vt 0.85428 0.12119
vt 0.85459 0.12088
vt 0.82928 0.571
vt 0.82745 0.56783
vt 0.82787 0.56772
vt 0.82958 0.57069
vt 0.86421 0.11126
vt 0.8639 0.11156
vt 0.56069 0.74811
vt 0.56069 0.75149
vt 0.85428 0.11126
vt 0.85459 0.11156
vt 0.8253 0.56783
vt 0.82488 0.56772
vt 0.84891 0.56159
vt 0.85127 0.56159
vt 0.85121 0.56179
vt 0.84896 0.56179
vt 0.91468 0.11234
vt 0.91468 0.11001
vt 0.91489 0.11003
vt 0.91489 0.11226
vt 0.85183 0.25113
vt 0.8505 0.25303
vt 0.85163 0.25108
vt 0.95037 0.1077
vt 0.95021 0.10538
vt 0.95042 0.1054
vt 0.95058 0.10761
vt 0.23534 0.9483
vt 0.23549 0.94609
vt 0.2357 0.94621
vt 0.23555 0.94832
vt 0.86245 0.11942
vt 0.86036 0.1204
vt 0.8623 0.11928
vt 0.82721 0.24877
vt 0.84686 0.56277
vt 0.85487 0.11505
vt 0.85487 0.11739
vt 0.84891 0.5704
vt 0.85127 0.5704
vt 0.85331 0.56277
vt 0.82987 0.56482
vt 0.82987 0.56718
vt 0.84686 0.56922
vt 0.82839 0.24672
vt 0.83105 0.56277
vt 0.84302 0.24877
vt 0.84302 0.25113
vt 0.83603 0.25113
vt 0.83603 0.24877
vt 0.8331 0.56159
vt 0.8442 0.24672
vt 0.83485 0.24672
vt 0.83546 0.56159
vt 0.81406 0.56482
vt 0.81406 0.56718
vt 0.83751 0.56277
vt 0.83751 0.56922
vt 0.83869 0.56718
vt 0.83869 0.56482
vt 0.83546 0.57041
vt 0.85604 0.11942
vt 0.83105 0.56922
vt 0.86245 0.11302
vt 0.86042 0.11185
vt 0.8331 0.57041
vt 0.86362 0.11505
vt 0.85604 0.11302
vt 0.82288 0.56718
vt 0.82288 0.56482
vt 0.85807 0.11185
vt 0.8217 0.56922
vt 0.86362 0.11739
vt 0.81965 0.56159
vt 0.8217 0.56277
vt 0.81524 0.56922
vt 0.81729 0.57041
vt 0.83044 0.24554
vt 0.83485 0.25318
vt 0.81965 0.57041
vt 0.8328 0.24554
vt 0.8328 0.25436
vt 0.84861 0.24554
vt 0.84625 0.24554
vt 0.83044 0.25436
vt 0.8442 0.25317
vt 0.84625 0.25436
vt 0.85331 0.56922
vt 0.84568 0.56718
vt 0.84568 0.56482
vt 0.3427 0.94859
vt 0.3427 0.9507
vt 0.34062 0.9508
vt 0.34062 0.94869
vt 0.34987 0.94806
vt 0.34999 0.94611
vt 0.35208 0.94611
vt 0.35196 0.94806
vt 0.24015 0.95055
vt 0.24015 0.94833
vt 0.24223 0.94837
vt 0.24223 0.95059
vt 0.91504 0.10793
vt 0.91712 0.10797
vt 0.91697 0.11008
vt 0.2403 0.95228
vt 0.24238 0.95233
vt 0.91697 0.1123
vt 0.91483 0.1078
vt 0.23993 0.95063
vt 0.23993 0.9483
vt 0.81539 0.56908
vt 0.81734 0.5702
vt 0.34292 0.9486
vt 0.34292 0.95081
vt 0.8347 0.25303
vt 0.83582 0.25108
vt 0.34966 0.95037
vt 0.34966 0.94801
vt 0.34987 0.95032
vt 0.83275 0.24575
vt 0.83049 0.24575
vt 0.37446 0.95067
vt 0.37446 0.9484
vt 0.37467 0.9484
vt 0.37467 0.95057
vt 0.84855 0.24574
vt 0.8463 0.24574
vt 0.8347 0.24687
vt 0.3746 0.94611
vt 0.3748 0.94622
vt 0.8505 0.24687
vt 0.35664 0.94801
vt 0.35664 0.95037
vt 0.35643 0.95032
vt 0.35643 0.94807
vt 0.82854 0.25303
vt 0.83049 0.25416
vt 0.84435 0.25303
vt 0.8463 0.25415
vt 0.32757 0.94991
vt 0.32757 0.9477
vt 0.32779 0.94781
vt 0.32779 0.94992
vt 0.31384 0.94856
vt 0.31398 0.94627
vt 0.31418 0.94638
vt 0.31405 0.94857
vt 0.30926 0.94856
vt 0.3094 0.94627
vt 0.30961 0.94638
vt 0.30947 0.94857
vt 0.36335 0.94836
vt 0.36349 0.94611
vt 0.3637 0.94623
vt 0.36357 0.94837
vt 0.84588 0.56712
vt 0.84701 0.56907
vt 0.32527 0.94627
vt 0.32543 0.9486
vt 0.32521 0.94859
vt 0.32506 0.94637
vt 0.86342 0.11734
vt 0.86342 0.1151
vt 0.37903 0.95037
vt 0.37903 0.94801
vt 0.37925 0.94806
vt 0.37925 0.95032
vt 0.32543 0.95081
vt 0.32521 0.9507
vt 0.82268 0.56487
vt 0.82155 0.56292
vt 0.34751 0.9486
vt 0.34751 0.95081
vt 0.3473 0.9507
vt 0.3473 0.94859
vt 0.31384 0.95083
vt 0.31405 0.95073
vt 0.8196 0.5702
vt 0.82155 0.56908
vt 0.33232 0.95224
vt 0.33216 0.94991
vt 0.33238 0.94992
vt 0.33253 0.95214
vt 0.85429 0.56712
vt 0.85429 0.56487
vt 0.23534 0.95063
vt 0.23555 0.95055
vt 0.81734 0.56179
vt 0.81539 0.56292
vt 0.25375 0.95034
vt 0.25375 0.94798
vt 0.25396 0.94804
vt 0.25396 0.95029
vt 0.30926 0.95083
vt 0.30947 0.95073
vt 0.85813 0.1204
vt 0.82741 0.24882
vt 0.82741 0.25108
vt 0.84701 0.56292
vt 0.24452 0.94825
vt 0.24468 0.94609
vt 0.24489 0.94622
vt 0.24474 0.94828
vt 0.84896 0.5702
vt 0.85121 0.5702
vt 0.24009 0.94609
vt 0.2403 0.94621
vt 0.94336 0.85661
vt 0.94336 0.85428
vt 0.94358 0.85431
vt 0.94358 0.85653
vt 0.35879 0.95038
vt 0.35879 0.94801
vt 0.359 0.94807
vt 0.359 0.95032
vt 0.34276 0.94627
vt 0.34255 0.94637
vt 0.94352 0.85207
vt 0.94372 0.8522
vt 0.84322 0.24882
vt 0.84322 0.25108
vt 0.91468 0.10161
vt 0.91483 0.09941
vt 0.91504 0.09953
vt 0.91489 0.10164
vt 0.83315 0.56179
vt 0.8312 0.56292
vt 0.34736 0.94627
vt 0.34715 0.94637
vt 0.91468 0.10394
vt 0.91489 0.10386
vt 0.30468 0.95083
vt 0.30468 0.94856
vt 0.30489 0.94857
vt 0.30489 0.95073
vt 0.33216 0.9477
vt 0.33238 0.94781
vt 0.30482 0.94627
vt 0.30503 0.94638
vt 0.83736 0.56908
vt 0.83848 0.56712
vt 0.81426 0.56487
vt 0.83848 0.56487
vt 0.83736 0.56292
vt 0.32773 0.95224
vt 0.32794 0.95214
vt 0.85619 0.11928
vt 0.83007 0.56713
vt 0.8312 0.56908
vt 0.8623 0.11317
vt 0.86036 0.11205
vt 0.24452 0.95057
vt 0.24474 0.9505
vt 0.83315 0.5702
vt 0.31841 0.95045
vt 0.31841 0.94811
vt 0.31863 0.94817
vt 0.31863 0.95041
vt 0.85619 0.11317
vt 0.85507 0.1151
vt 0.36793 0.95067
vt 0.36793 0.9484
vt 0.36814 0.9484
vt 0.36814 0.95057
vt 0.36335 0.95064
vt 0.36357 0.95055
vt 0.36807 0.94611
vt 0.36828 0.94622
vt 0.9035 0.682
vt 0.90658 0.67892
vt 0.91191 0.68425
vt 0.91918 0.87098
vt 0.91388 0.86568
vt 0.92112 0.86375
vt 0.91174 0.86571
vt 0.91061 0.86991
vt 0.90333 0.86796
vt 0.91267 0.11626
vt 0.91687 0.11739
vt 0.91492 0.12467
vt 0.91996 0.8532
vt 0.92109 0.8574
vt 0.91801 0.86048
vt 0.9072 0.10782
vt 0.90412 0.10474
vt 0.90945 0.09941
vt 0.3748 0.95215
vt 0.37675 0.95064
vt 0.37689 0.95222
vt 0.35196 0.95032
vt 0.34255 0.95213
vt 0.34047 0.95223
vt 0.37675 0.94847
vt 0.34715 0.95214
vt 0.34507 0.95224
vt 0.34522 0.9508
vt 0.91504 0.10561
vt 0.91697 0.10391
vt 0.91712 0.10565
vt 0.37689 0.94629
vt 0.2357 0.95229
vt 0.23764 0.95059
vt 0.23778 0.95233
vt 0.35434 0.95032
vt 0.35434 0.94807
vt 0.25408 0.95225
vt 0.25605 0.95029
vt 0.25617 0.95225
vt 0.37937 0.95227
vt 0.38133 0.95032
vt 0.38145 0.95227
vt 0.32987 0.94772
vt 0.32987 0.94983
vt 0.31627 0.94645
vt 0.31613 0.94864
vt 0.31169 0.94645
vt 0.31155 0.94864
vt 0.36578 0.94628
vt 0.36565 0.94843
vt 0.35912 0.94611
vt 0.36121 0.94611
vt 0.36109 0.94807
vt 0.32313 0.94868
vt 0.32298 0.94647
vt 0.31875 0.94628
vt 0.32083 0.94627
vt 0.32071 0.94816
vt 0.38133 0.94806
vt 0.32313 0.9508
vt 0.36828 0.95214
vt 0.37023 0.95064
vt 0.37036 0.95221
vt 0.34522 0.94869
vt 0.31613 0.9508
vt 0.34999 0.95227
vt 0.35208 0.95227
vt 0.33446 0.94983
vt 0.33461 0.95204
vt 0.31418 0.9523
vt 0.31627 0.95237
vt 0.23764 0.94837
vt 0.91504 0.114
vt 0.91712 0.11405
vt 0.25605 0.94804
vt 0.31155 0.9508
vt 0.95042 0.10333
vt 0.95058 0.10198
vt 0.95266 0.10187
vt 0.9525 0.10322
vt 0.25408 0.94609
vt 0.25617 0.94609
vt 0.32506 0.95215
vt 0.32298 0.95225
vt 0.24697 0.94625
vt 0.24682 0.94831
vt 0.35912 0.95227
vt 0.36109 0.95032
vt 0.36121 0.95227
vt 0.24238 0.94626
vt 0.94566 0.85435
vt 0.94566 0.85658
vt 0.34047 0.94647
vt 0.94581 0.85224
vt 0.37937 0.94611
vt 0.38145 0.94611
vt 0.91712 0.09958
vt 0.91697 0.10168
vt 0.30503 0.9523
vt 0.30698 0.9508
vt 0.30711 0.95237
vt 0.34507 0.94647
vt 0.30698 0.94864
vt 0.33446 0.94771
vt 0.30711 0.94645
vt 0.35631 0.95227
vt 0.35422 0.95227
vt 0.33253 0.94637
vt 0.33461 0.94627
vt 0.35631 0.94611
vt 0.35422 0.94611
vt 0.33002 0.95205
vt 0.24489 0.95229
vt 0.24682 0.95053
vt 0.24697 0.95232
vt 0.94372 0.85827
vt 0.94581 0.85832
vt 0.31875 0.95239
vt 0.32071 0.9504
vt 0.32083 0.95238
vt 0.32794 0.94637
vt 0.33002 0.94627
vt 0.3637 0.95217
vt 0.36565 0.9506
vt 0.36578 0.95223
vt 0.37023 0.94847
vt 0.37036 0.94629
vt 0.9525 0.10529
vt 0.23778 0.94626
vt 0.95266 0.1075
vt 0.30961 0.9523
vt 0.31169 0.95237
vt 0.0209 0.75824
vt 0.8303 0.42375
vt 0.02219 0.76457
vt 0.40857 0.56882
vt 0.57967 0.51079
vt 0.49244 0.61021
vt 0.90883 0.67892
vt 0.91078 0.68005
vt 0.91191 0.682
vt 0.91078 0.68621
vt 0.90883 0.68733
vt 0.90658 0.68733
vt 0.90463 0.68621
vt 0.9035 0.68425
vt 0.90463 0.68005
vt 0.92223 0.86568
vt 0.92223 0.86792
vt 0.92111 0.86986
vt 0.91694 0.87098
vt 0.915 0.86986
vt 0.91388 0.86792
vt 0.915 0.86375
vt 0.91694 0.86263
vt 0.91918 0.86263
vt 0.90333 0.86571
vt 0.90445 0.86375
vt 0.90641 0.86263
vt 0.90866 0.86263
vt 0.91061 0.86375
vt 0.91174 0.86796
vt 0.90866 0.87104
vt 0.90641 0.87104
vt 0.90445 0.86991
vt 0.918 0.11934
vt 0.918 0.12159
vt 0.91687 0.12355
vt 0.91267 0.12467
vt 0.91072 0.12354
vt 0.90959 0.12159
vt 0.90959 0.11934
vt 0.91072 0.11739
vt 0.91492 0.11626
vt 0.91576 0.86048
vt 0.91381 0.85936
vt 0.91268 0.8574
vt 0.91268 0.85515
vt 0.91381 0.8532
vt 0.91576 0.85207
vt 0.91801 0.85207
vt 0.92109 0.85515
vt 0.91996 0.85936
vt 0.90412 0.10248
vt 0.90525 0.10053
vt 0.9072 0.09941
vt 0.9114 0.10053
vt 0.91253 0.10248
vt 0.91253 0.10474
vt 0.9114 0.10669
vt 0.90945 0.10782
vt 0.90525 0.10669
vt 0.48025 0.42356
vt 0.49249 0.42352
vt 0.50462 0.42516
vt 0.51644 0.42832
vt 0.53833 0.43913
vt 0.52774 0.433
vt 0.54806 0.44655
vt 0.55668 0.45524
vt 0.56416 0.46492
vt 0.57023 0.47554
vt 0.57495 0.48683
vt 0.57807 0.49866
vt 0.57967 0.52303
vt 0.55665 0.57857
vt 0.57811 0.53517
vt 0.57491 0.54697
vt 0.57023 0.55828
vt 0.5641 0.56887
vt 0.54799 0.58722
vt 0.53831 0.59469
vt 0.5277 0.60081
vt 0.5164 0.60549
vt 0.50457 0.60865
vt 0.4802 0.61021
vt 0.46807 0.60861
vt 0.45624 0.60549
vt 0.44495 0.60077
vt 0.43436 0.59464
vt 0.42466 0.58719
vt 0.41601 0.57853
vt 0.40246 0.55822
vt 0.39302 0.52298
vt 0.39774 0.54694
vt 0.39458 0.53511
vt 0.39302 0.51074
vt 0.40859 0.4649
vt 0.39458 0.4986
vt 0.39774 0.48678
vt 0.40242 0.47547
vt 0.41604 0.4552
vt 0.42467 0.44652
vt 0.43441 0.43911
vt 0.44499 0.43296
vt 0.45629 0.42828
vt 0.46813 0.42516
usemtl mat0
f 201/201/201 202/202/202 203/203/203
f 201/201/201 203/203/203 204/204/204
f 205/205/205 206/206/206 207/207/207
f 205/205/205 207/207/207 208/208/208
f 209/209/209 210/210/210 211/211/211
f 209/209/209 211/211/211 212/212/212
f 213/213/213 214/214/214 215/215/215
f 213/213/213 215/215/215 216/216/216
f 217/217/217 218/218/218 219/219/219
f 217/217/217 219/219/219 220/220/220
f 221/221/221 222/222/222 223/223/223
f 221/221/221 223/223/223 224/224/224
f 225/225/225 226/226/226 227/227/227
f 225/225/225 227/227/227 228/228/228
f 229/229/229 230/230/230 231/231/231
f 229/229/229 231/231/231 232/232/232
f 233/233/233 229/229/229 232/232/232
f 233/233/233 232/232/232 234/234/234
f 235/235/235 217/217/217 220/220/220
f 235/235/235 220/220/220 236/236/236
f 237/237/237 221/221/221 224/224/224
f 237/237/237 224/224/224 238/238/238
f 239/239/239 233/233/233 234/234/234
f 239/239/239 234/234/234 240/240/240
f 241/241/241 242/242/242 243/243/243
f 241/241/241 243/243/243 244/244/244
f 245/245/245 237/237/237 238/238/238
f 245/245/245 238/238/238 246/246/246
f 247/247/247 209/209/209 212/212/212
f 247/247/247 212/212/212 248/248/248
f 249/249/249 239/239/239 240/240/240
f 249/249/249 240/240/240 250/250/250
f 251/251/251 241/241/241 244/244/244
f 251/251/251 244/244/244 252/252/252
f 202/202/202 245/245/245 246/246/246
f 202/202/202 246/246/246 203/203/203
f 253/253/253 254/254/254 255/255/255
f 253/253/253 255/255/255 256/256/256
f 257/257/257 258/258/258 259/259/259
f 257/257/257 259/259/259 260/260/260
f 261/261/261 251/251/251 252/252/252
f 261/261/261 252/252/252 262/262/262
f 263/263/263 264/264/264 265/265/265
f 263/263/263 265/265/265 266/266/266
f 267/267/267 268/268/268 269/269/269
f 267/267/267 269/269/269 270/270/270
f 271/271/271 201/201/201 204/204/204
f 271/271/271 204/204/204 272/272/272
f 273/273/273 247/247/247 248/248/248
f 273/273/273 248/248/248 274/274/274
f 275/275/275 257/257/257 260/260/260
f 275/275/275 260/260/260 276/276/276
f 277/277/277 261/261/261 262/262/262
f 277/277/277 262/262/262 278/278/278
f 279/279/279 280/280/280 281/281/281
f 279/279/279 281/281/281 282/282/282
f 283/283/283 273/273/273 274/274/274
f 283/283/283 274/274/274 284/284/284
f 285/285/285 275/275/275 276/276/276
f 285/285/285 276/276/276 286/286/286
f 287/287/287 277/277/277 278/278/278
f 287/287/287 278/278/278 288/288/288
f 289/289/289 290/290/290 291/291/291
f 289/289/289 291/291/291 292/292/292
f 293/293/293 283/283/283 284/284/284
f 293/293/293 284/284/284 294/294/294
f 295/295/295 296/296/296 297/297/297
f 295/295/295 297/297/297 298/298/298
f 299/299/299 300/300/300 301/301/301
f 299/299/299 301/301/301 302/302/302
f 303/303/303 304/304/304 305/305/305
f 303/303/303 305/305/305 306/306/306
f 307/307/307 293/293/293 294/294/294
f 307/307/307 294/294/294 308/308/308
f 309/309/309 285/285/285 286/286/286
f 309/309/309 286/286/286 310/310/310
f 311/311/311 287/287/287 288/288/288
f 311/311/311 288/288/288 312/312/312
f 313/313/313 314/314/314 315/315/315
f 313/313/313 315/315/315 316/316/316
f 317/317/317 307/307/307 308/308/308
f 317/317/317 308/308/308 318/318/318
f 319/319/319 320/320/320 321/321/321
f 319/319/319 321/321/321 322/322/322
f 323/323/323 324/324/324 325/325/325
f 323/323/323 325/325/325 326/326/326
f 218/218/218 319/319/319 322/322/322
f 218/218/218 322/322/322 219/219/219
f 327/327/327 328/328/328 329/329/329
f 327/327/327 329/329/329 330/330/330
f 222/222/222 331/331/331 332/332/332
f 222/222/222 332/332/332 223/223/223
f 333/333/333 334/334/334 335/335/335
f 333/333/333 335/335/335 336/336/336
f 337/337/337 313/313/313 316/316/316
f 337/337/337 316/316/316 338/338/338
f 339/339/339 340/340/340 341/341/341
f 339/339/339 341/341/341 342/342/342
f 230/230/230 333/333/333 336/336/336
f 230/230/230 336/336/336 231/231/231
f 343/343/343 344/344/344 345/345/345
f 343/343/343 345/345/345 346/346/346
f 304/304/304 279/279/279 282/282/282
f 304/304/304 282/282/282 305/305/305
f 347/347/347 348/348/348 349/349/349
f 347/347/347 349/349/349 350/350/350
f 351/351/351 352/352/352 353/353/353
f 351/351/351 353/353/353 354/354/354
f 355/355/355 356/356/356 357/357/357
f 355/355/355 357/357/357 358/358/358
f 359/359/359 360/360/360 361/361/361
f 359/359/359 361/361/361 362/362/362
f 352/352/352 253/253/253 256/256/256
f 352/352/352 256/256/256 353/353/353
f 254/254/254 363/363/363 364/364/364
f 254/254/254 364/364/364 255/255/255
f 360/360/360 225/225/225 228/228/228
f 360/360/360 228/228/228 361/361/361
f 206/206/206 365/365/365 366/366/366
f 206/206/206 366/366/366 207/207/207
f 367/367/367 213/213/213 216/216/216
f 367/367/367 216/216/216 368/368/368
f 369/369/369 295/295/295 298/298/298
f 369/369/369 298/298/298 370/370/370
f 264/264/264 311/311/311 312/312/312
f 264/264/264 312/312/312 265/265/265
f 371/371/371 327/327/327 330/330/330
f 371/371/371 330/330/330 372/372/372
f 373/373/373 374/374/374 375/375/375
f 373/373/373 375/375/375 376/376/376
f 210/210/210 309/309/309 310/310/310
f 210/210/210 310/310/310 211/211/211
f 377/377/377 373/373/373 376/376/376
f 377/377/377 376/376/376 378/378/378
f 226/226/226 371/371/371 372/372/372
f 226/226/226 372/372/372 227/227/227
f 296/296/296 379/379/379 380/380/380
f 296/296/296 380/380/380 297/297/297
f 374/374/374 299/299/299 302/302/302
f 374/374/374 302/302/302 375/375/375
f 331/331/331 339/339/339 342/342/342
f 331/331/331 342/342/342 332/332/332
f 379/379/379 381/381/381 382/382/382
f 379/379/379 382/382/382 380/380/380
f 300/300/300 205/205/205 208/208/208
f 300/300/300 208/208/208 301/301/301
f 280/280/280 383/383/383 384/384/384
f 280/280/280 384/384/384 281/281/281
f 214/214/214 385/385/385 386/386/386
f 214/214/214 386/386/386 215/215/215
f 365/365/365 387/387/387 388/388/388
f 365/365/365 388/388/388 366/366/366
f 383/383/383 359/359/359 362/362/362
f 383/383/383 362/362/362 384/384/384
f 385/385/385 389/389/389 390/390/390
f 385/385/385 390/390/390 386/386/386
f 391/391/391 392/392/392 393/393/393
f 391/391/391 393/393/393 394/394/394
f 242/242/242 235/235/235 236/236/236
f 242/242/242 236/236/236 243/243/243
f 324/324/324 395/395/395 396/396/396
f 324/324/324 396/396/396 325/325/325
f 389/389/389 397/397/397 398/398/398
f 389/389/389 398/398/398 390/390/390
f 392/392/392 351/351/351 354/354/354
f 392/392/392 354/354/354 393/393/393
f 356/356/356 343/343/343 346/346/346
f 356/356/356 346/346/346 357/357/357
f 290/290/290 271/271/271 272/272/272
f 290/290/290 272/272/272 291/291/291
f 397/397/397 399/399/399 400/400/400
f 397/397/397 400/400/400 398/398/398
f 320/320/320 267/267/267 270/270/270
f 320/320/320 270/270/270 321/321/321
f 344/344/344 401/401/401 402/402/402
f 344/344/344 402/402/402 345/345/345
f 334/334/334 337/337/337 338/338/338
f 334/334/334 338/338/338 335/335/335
f 403/403/403 323/323/323 326/326/326
f 403/403/403 326/326/326 404/404/404
f 405/405/405 406/406/406 407/407/407
f 405/405/405 407/407/407 408/408/408
f 406/406/406 347/347/347 350/350/350
f 406/406/406 350/350/350 407/407/407
f 399/399/399 403/403/403 404/404/404
f 399/399/399 404/404/404 400/400/400
f 314/314/314 409/409/409 410/410/410
f 314/314/314 410/410/410 315/315/315
f 387/387/387 355/355/355 358/358/358
f 387/387/387 358/358/358 388/388/388
f 411/411/411 412/412/412 275/275/275
f 411/411/411 275/275/275 285/285/285
f 412/412/412 413/413/413 257/257/257
f 412/412/412 257/257/257 275/275/275
f 414/414/414 415/415/415 233/233/233
f 414/414/414 233/233/233 239/239/239
f 415/415/415 416/416/416 229/229/229
f 415/415/415 229/229/229 233/233/233
f 416/416/416 417/417/417 230/230/230
f 416/416/416 230/230/230 229/229/229
f 417/417/417 418/418/418 333/333/333
f 417/417/417 333/333/333 230/230/230
f 419/419/419 420/420/420 313/313/313
f 419/419/419 313/313/313 337/337/337
f 420/420/420 421/421/421 314/314/314
f 420/420/420 314/314/314 313/313/313
f 422/422/422 423/423/423 271/271/271
f 422/422/422 271/271/271 290/290/290
f 423/423/423 424/424/424 201/201/201
f 423/423/423 201/201/201 271/271/271
f 425/425/425 426/426/426 237/237/237
f 425/425/425 237/237/237 245/245/245
f 426/426/426 427/427/427 221/221/221
f 426/426/426 221/221/221 237/237/237
f 428/428/428 429/429/429 339/339/339
f 428/428/428 339/339/339 331/331/331
f 429/429/429 430/430/430 340/340/340
f 429/429/429 340/340/340 339/339/339
f 431/431/431 432/432/432 287/287/287
f 431/431/431 287/287/287 311/311/311
f 432/432/432 433/433/433 277/277/277
f 432/432/432 277/277/277 287/287/287
f 434/434/434 435/435/435 241/241/241
f 434/434/434 241/241/241 251/251/251
f 435/435/435 436/436/436 242/242/242
f 435/435/435 242/242/242 241/241/241
f 437/437/437 438/438/438 218/218/218
f 437/437/437 218/218/218 217/217/217
f 438/438/438 439/439/439 319/319/319
f 438/438/438 319/319/319 218/218/218
f 440/440/440 441/441/441 268/268/268
f 440/440/440 268/268/268 267/267/267
f 442/442/442 443/443/443 307/307/307
f 442/442/442 307/307/307 317/317/317
f 444/444/444 445/445/445 273/273/273
f 444/444/444 273/273/273 283/283/283
f 445/445/445 446/446/446 247/247/247
f 445/445/445 247/247/247 273/273/273
f 446/446/446 447/447/447 209/209/209
f 446/446/446 209/209/209 247/247/247
f 447/447/447 448/448/448 210/210/210
f 447/447/447 210/210/210 209/209/209
f 443/443/443 449/449/449 293/293/293
f 443/443/443 293/293/293 307/307/307
f 449/449/449 444/444/444 283/283/283
f 449/449/449 283/283/283 293/293/293
f 439/439/439 450/450/450 320/320/320
f 439/439/439 320/320/320 319/319/319
f 450/450/450 440/440/440 267/267/267
f 450/450/450 267/267/267 320/320/320
f 436/436/436 451/451/451 235/235/235
f 436/436/436 235/235/235 242/242/242
f 451/451/451 437/437/437 217/217/217
f 451/451/451 217/217/217 235/235/235
f 433/433/433 452/452/452 261/261/261
f 433/433/433 261/261/261 277/277/277
f 452/452/452 434/434/434 251/251/251
f 452/452/452 251/251/251 261/261/261
f 453/453/453 454/454/454 264/264/264
f 453/453/453 264/264/264 263/263/263
f 454/454/454 431/431/431 311/311/311
f 454/454/454 311/311/311 264/264/264
f 427/427/427 455/455/455 222/222/222
f 427/427/427 222/222/222 221/221/221
f 455/455/455 428/428/428 331/331/331
f 455/455/455 331/331/331 222/222/222
f 424/424/424 456/456/456 202/202/202
f 424/424/424 202/202/202 201/201/201
f 456/456/456 425/425/425 245/245/245
f 456/456/456 245/245/245 202/202/202
f 421/421/421 457/457/457 409/409/409
f 421/421/421 409/409/409 314/314/314
f 458/458/458 422/422/422 290/290/290
f 458/458/458 290/290/290 289/289/289
f 418/418/418 459/459/459 334/334/334
f 418/418/418 334/334/334 333/333/333
f 459/459/459 419/419/419 337/337/337
f 459/459/459 337/337/337 334/334/334
f 413/413/413 460/460/460 258/258/258
f 413/413/413 258/258/258 257/257/257
f 461/461/461 414/414/414 239/239/239
f 461/461/461 239/239/239 249/249/249
f 448/448/448 462/462/462 309/309/309
f 448/448/448 309/309/309 210/210/210
f 462/462/462 411/411/411 285/285/285
f 462/462/462 285/285/285 309/309/309
f 363/363/363 369/369/369 370/370/370
f 363/363/363 370/370/370 364/364/364
f 463/463/463 464/464/464 465/465/465
f 463/463/463 465/465/465 466/466/466
f 467/467/467 468/468/468 469/469/469
f 467/467/467 469/469/469 470/470/470
f 464/464/464 471/471/471 472/472/472
f 464/464/464 472/472/472 465/465/465
f 468/468/468 473/473/473 474/474/474
f 468/468/468 474/474/474 469/469/469
f 471/471/471 475/475/475 476/476/476
f 471/471/471 476/476/476 472/472/472
f 473/473/473 477/477/477 478/478/478
f 473/473/473 478/478/478 474/474/474
f 479/479/479 480/480/480 481/481/481
f 479/479/479 481/481/481 482/482/482
f 477/477/477 483/483/483 484/484/484
f 477/477/477 484/484/484 478/478/478
f 480/480/480 485/485/485 486/486/486
f 480/480/480 486/486/486 481/481/481
f 487/487/487 488/488/488 489/489/489
f 487/487/487 489/489/489 490/490/490
f 485/485/485 491/491/491 492/492/492
f 485/485/485 492/492/492 486/486/486
f 493/493/493 494/494/494 495/495/495
f 493/493/493 495/495/495 496/496/496
f 491/491/491 497/497/497 498/498/498
f 491/491/491 498/498/498 492/492/492
f 499/499/499 500/500/500 501/501/501
f 499/499/499 501/501/501 502/502/502
f 494/494/494 503/503/503 504/504/504
f 494/494/494 504/504/504 495/495/495
f 497/497/497 505/505/505 506/506/506
f 497/497/497 506/506/506 498/498/498
f 500/500/500 507/507/507 508/508/508
f 500/500/500 508/508/508 501/501/501
f 503/503/503 509/509/509 510/510/510
f 503/503/503 510/510/510 504/504/504
f 511/511/511 512/512/512 513/513/513
f 511/511/511 513/513/513 514/514/514
f 507/507/507 515/515/515 516/516/516
f 507/507/507 516/516/516 508/508/508
f 509/509/509 517/517/517 518/518/518
f 509/509/509 518/518/518 510/510/510
f 512/512/512 519/519/519 520/520/520
f 512/512/512 520/520/520 513/513/513
f 515/515/515 521/521/521 522/522/522
f 515/515/515 522/522/522 516/516/516
f 517/517/517 523/523/523 524/524/524
f 517/517/517 524/524/524 518/518/518
f 519/519/519 525/525/525 526/526/526
f 519/519/519 526/526/526 520/520/520
f 527/527/527 528/528/528 529/529/529
f 527/527/527 529/529/529 530/530/530
f 523/523/523 499/499/499 502/502/502
f 523/523/523 502/502/502 524/524/524
f 531/531/531 532/532/532 533/533/533
f 531/531/531 533/533/533 534/534/534
f 528/528/528 535/535/535 536/536/536
f 528/528/528 536/536/536 529/529/529
f 532/532/532 537/537/537 538/538/538
f 532/532/532 538/538/538 533/533/533
f 535/535/535 463/463/463 466/466/466
f 535/535/535 466/466/466 536/536/536
f 539/539/539 467/467/467 470/470/470
f 539/539/539 470/470/470 540/540/540
f 541/541/541 542/542/542 467/467/467
f 541/541/541 467/467/467 539/539/539
f 543/543/543 544/544/544 463/463/463
f 543/543/543 463/463/463 535/535/535
f 545/545/545 546/546/546 537/537/537
f 545/545/545 537/537/537 532/532/532
f 547/547/547 543/543/543 535/535/535
f 547/547/547 535/535/535 528/528/528
f 548/548/548 545/545/545 532/532/532
f 548/548/548 532/532/532 531/531/531
f 549/549/549 550/550/550 499/499/499
f 549/549/549 499/499/499 523/523/523
f 551/551/551 547/547/547 528/528/528
f 551/551/551 528/528/528 527/527/527
f 552/552/552 553/553/553 525/525/525
f 552/552/552 525/525/525 519/519/519
f 554/554/554 549/549/549 523/523/523
f 554/554/554 523/523/523 517/517/517
f 555/555/555 556/556/556 521/521/521
f 555/555/555 521/521/521 515/515/515
f 557/557/557 552/552/552 519/519/519
f 557/557/557 519/519/519 512/512/512
f 558/558/558 554/554/554 517/517/517
f 558/558/558 517/517/517 509/509/509
f 559/559/559 555/555/555 515/515/515
f 559/559/559 515/515/515 507/507/507
f 560/560/560 557/557/557 512/512/512
f 560/560/560 512/512/512 511/511/511
f 561/561/561 558/558/558 509/509/509
f 561/561/561 509/509/509 503/503/503
f 562/562/562 559/559/559 507/507/507
f 562/562/562 507/507/507 500/500/500
f 563/563/563 564/564/564 505/505/505
f 563/563/563 505/505/505 497/497/497
f 565/565/565 561/561/561 503/503/503
f 565/565/565 503/503/503 494/494/494
f 550/550/550 562/562/562 500/500/500
f 550/550/550 500/500/500 499/499/499
f 566/566/566 563/563/563 497/497/497
f 566/566/566 497/497/497 491/491/491
f 567/567/567 565/565/565 494/494/494
f 567/567/567 494/494/494 493/493/493
f 568/568/568 566/566/566 491/491/491
f 568/568/568 491/491/491 485/485/485
f 569/569/569 570/570/570 488/488/488
f 569/569/569 488/488/488 487/487/487
f 571/571/571 568/568/568 485/485/485
f 571/571/571 485/485/485 480/480/480
f 572/572/572 573/573/573 483/483/483
f 572/572/572 483/483/483 477/477/477
f 574/574/574 571/571/571 480/480/480
f 574/574/574 480/480/480 479/479/479
f 575/575/575 572/572/572 477/477/477
f 575/575/575 477/477/477 473/473/473
f 576/576/576 577/577/577 475/475/475
f 576/576/576 475/475/475 471/471/471
f 578/578/578 575/575/575 473/473/473
f 578/578/578 473/473/473 468/468/468
f 579/579/579 576/576/576 471/471/471
f 579/579/579 471/471/471 464/464/464
f 542/542/542 578/578/578 468/468/468
f 542/542/542 468/468/468 467/467/467
f 544/544/544 579/579/579 464/464/464
f 544/544/544 464/464/464 463/463/463
f 577/577/577 580/580/580 581/581/581
f 577/577/577 581/581/581 475/475/475
f 475/475/475 581/581/581 582/582/582
f 475/475/475 582/582/582 476/476/476
f 564/564/564 560/560/560 511/511/511
f 564/564/564 511/511/511 505/505/505
f 505/505/505 511/511/511 514/514/514
f 505/505/505 514/514/514 506/506/506
f 546/546/546 541/541/541 539/539/539
f 546/546/546 539/539/539 537/537/537
f 537/537/537 539/539/539 540/540/540
f 537/537/537 540/540/540 538/538/538
f 573/573/573 569/569/569 487/487/487
f 573/573/573 487/487/487 483/483/483
f 483/483/483 487/487/487 490/490/490
f 483/483/483 490/490/490 484/484/484
f 583/583/583 584/584/584 536/536/536
f 583/583/583 536/536/536 466/466/466
f 584/584/584 585/585/585 529/529/529
f 584/584/584 529/529/529 536/536/536
f 586/586/586 587/587/587 481/481/481
f 586/586/586 481/481/481 486/486/486
f 587/587/587 588/588/588 482/482/482
f 587/587/587 482/482/482 481/481/481
f 589/589/589 590/590/590 513/513/513
f 589/589/589 513/513/513 520/520/520
f 590/590/590 591/591/591 514/514/514
f 590/590/590 514/514/514 513/513/513
f 592/592/592 593/593/593 470/470/470
f 592/592/592 470/470/470 469/469/469
f 593/593/593 594/594/594 540/540/540
f 593/593/593 540/540/540 470/470/470
f 595/595/595 596/596/596 496/496/496
f 595/595/595 496/496/496 495/495/495
f 597/597/597 598/598/598 490/490/490
f 597/597/597 490/490/490 489/489/489
f 599/599/599 600/600/600 502/502/502
f 599/599/599 502/502/502 501/501/501
f 600/600/600 601/601/601 524/524/524
f 600/600/600 524/524/524 502/502/502
f 601/601/601 602/602/602 518/518/518
f 601/601/601 518/518/518 524/524/524
f 603/603/603 599/599/599 501/501/501
f 603/603/603 501/501/501 508/508/508
f 585/585/585 604/604/604 530/530/530
f 585/585/585 530/530/530 529/529/529
f 605/605/605 583/583/583 466/466/466
f 605/605/605 466/466/466 465/465/465
f 606/606/606 607/607/607 476/476/476
f 606/606/606 476/476/476 582/582/582
f 608/608/608 586/586/586 486/486/486
f 608/608/608 486/486/486 492/492/492
f 591/591/591 609/609/609 506/506/506
f 591/591/591 506/506/506 514/514/514
f 610/610/610 611/611/611 612/612/612
f 610/610/610 612/612/612 534/534/534
f 594/594/594 613/613/613 538/538/538
f 594/594/594 538/538/538 540/540/540
f 614/614/614 592/592/592 469/469/469
f 614/614/614 469/469/469 474/474/474
f 598/598/598 615/615/615 484/484/484
f 598/598/598 484/484/484 490/490/490
f 616/616/616 595/595/595 495/495/495
f 616/616/616 495/495/495 504/504/504
f 295/295/295 369/369/369 617/617/617
f 295/295/295 617/617/617 618/618/618
f 618/618/618 617/617/617 599/599/599
f 618/618/618 599/599/599 603/603/603
f 254/254/254 253/253/253 619/619/619
f 254/254/254 619/619/619 620/620/620
f 620/620/620 619/619/619 602/602/602
f 620/620/620 602/602/602 601/601/601
f 363/363/363 254/254/254 620/620/620
f 363/363/363 620/620/620 621/621/621
f 621/621/621 620/620/620 601/601/601
f 621/621/621 601/601/601 600/600/600
f 369/369/369 363/363/363 621/621/621
f 369/369/369 621/621/621 617/617/617
f 617/617/617 621/621/621 600/600/600
f 617/617/617 600/600/600 599/599/599
f 397/397/397 389/389/389 622/622/622
f 397/397/397 622/622/622 623/623/623
f 623/623/623 622/622/622 583/583/583
f 623/623/623 583/583/583 605/605/605
f 214/214/214 213/213/213 624/624/624
f 214/214/214 624/624/624 625/625/625
f 625/625/625 624/624/624 604/604/604
f 625/625/625 604/604/604 585/585/585
f 385/385/385 214/214/214 625/625/625
f 385/385/385 625/625/625 626/626/626
f 626/626/626 625/625/625 585/585/585
f 626/626/626 585/585/585 584/584/584
f 389/389/389 385/385/385 626/626/626
f 389/389/389 626/626/626 622/622/622
f 622/622/622 626/626/626 584/584/584
f 622/622/622 584/584/584 583/583/583
f 280/280/280 279/279/279 627/627/627
f 280/280/280 627/627/627 628/628/628
f 628/628/628 627/627/627 586/586/586
f 628/628/628 586/586/586 608/608/608
f 395/395/395 324/324/324 629/629/629
f 395/395/395 629/629/629 630/630/630
f 630/630/630 629/629/629 607/607/607
f 630/630/630 607/607/607 606/606/606
f 304/304/304 303/303/303 631/631/631
f 304/304/304 631/631/631 632/632/632
f 632/632/632 631/631/631 588/588/588
f 632/632/632 588/588/588 587/587/587
f 279/279/279 304/304/304 632/632/632
f 279/279/279 632/632/632 627/627/627
f 627/627/627 632/632/632 587/587/587
f 627/627/627 587/587/587 586/586/586
f 328/328/328 327/327/327 633/633/633
f 328/328/328 633/633/633 634/634/634
f 634/634/634 633/633/633 589/589/589
f 634/634/634 589/589/589 635/635/635
f 226/226/226 225/225/225 636/636/636
f 226/226/226 636/636/636 637/637/637
f 637/637/637 636/636/636 609/609/609
f 637/637/637 609/609/609 591/591/591
f 371/371/371 226/226/226 637/637/637
f 371/371/371 637/637/637 638/638/638
f 638/638/638 637/637/637 591/591/591
f 638/638/638 591/591/591 590/590/590
f 327/327/327 371/371/371 638/638/638
f 327/327/327 638/638/638 633/633/633
f 633/633/633 638/638/638 590/590/590
f 633/633/633 590/590/590 589/589/589
f 387/387/387 365/365/365 639/639/639
f 387/387/387 639/639/639 640/640/640
f 640/640/640 639/639/639 592/592/592
f 640/640/640 592/592/592 614/614/614
f 205/205/205 300/300/300 641/641/641
f 205/205/205 641/641/641 642/642/642
f 642/642/642 641/641/641 613/613/613
f 642/642/642 613/613/613 594/594/594
f 206/206/206 205/205/205 642/642/642
f 206/206/206 642/642/642 643/643/643
f 643/643/643 642/642/642 594/594/594
f 643/643/643 594/594/594 593/593/593
f 365/365/365 206/206/206 643/643/643
f 365/365/365 643/643/643 639/639/639
f 639/639/639 643/643/643 593/593/593
f 639/639/639 593/593/593 592/592/592
f 348/348/348 347/347/347 644/644/644
f 348/348/348 644/644/644 645/645/645
f 646/646/646 647/647/647 595/595/595
f 646/646/646 595/595/595 616/616/616
f 401/401/401 344/344/344 648/648/648
f 401/401/401 648/648/648 649/649/649
f 649/649/649 648/648/648 615/615/615
f 649/649/649 615/615/615 598/598/598
f 406/406/406 405/405/405 650/650/650
f 406/406/406 650/650/650 651/651/651
f 652/652/652 649/649/649 598/598/598
f 652/652/652 598/598/598 597/597/597
f 347/347/347 406/406/406 651/651/651
f 347/347/347 651/651/651 644/644/644
f 644/644/644 651/651/651 653/653/653
f 644/644/644 653/653/653 654/654/654
f 506/506/655 609/609/656 655/655/657
f 506/506/655 655/655/657 656/656/658
f 646/646/659 616/616/660 657/657/661
f 646/646/659 657/657/661 658/658/662
f 492/492/663 498/498/664 659/659/665
f 492/492/663 659/659/665 660/660/666
f 610/610/667 534/534/668 661/661/669
f 610/610/667 661/661/669 662/662/670
f 498/498/664 506/506/655 656/656/658
f 498/498/664 656/656/658 659/659/665
f 663/663/671 664/664/672 665/665/673
f 663/663/671 665/665/673 666/666/671
f 614/614/674 474/474/675 667/667/676
f 614/614/674 667/667/676 668/668/674
f 669/669/677 670/670/678 671/671/679
f 484/484/680 615/615/681 672/672/682
f 484/484/680 672/672/682 673/673/683
f 674/674/684 669/669/677 671/671/679
f 674/674/684 671/671/679 675/675/685
f 616/616/660 504/504/686 676/676/687
f 616/616/660 676/676/687 657/657/661
f 677/677/688 678/678/689 679/679/690
f 534/534/668 533/533/691 680/680/692
f 534/534/668 680/680/692 661/661/669
f 681/681/693 682/682/694 683/683/695
f 664/664/672 677/677/688 679/679/690
f 664/664/672 679/679/690 665/665/673
f 533/533/691 538/538/696 684/684/696
f 533/533/691 684/684/696 680/680/692
f 682/682/694 685/685/697 686/686/698
f 682/682/694 686/686/698 683/683/695
f 687/687/699 688/688/700 689/689/701
f 688/688/700 690/690/702 691/691/702
f 688/688/700 691/691/702 689/689/701
f 474/474/675 478/478/703 692/692/704
f 474/474/675 692/692/704 667/667/676
f 478/478/703 484/484/680 673/673/683
f 478/478/703 673/673/683 692/692/704
f 693/693/705 694/694/706 695/695/707
f 696/696/708 693/693/705 695/695/707
f 696/696/708 695/695/707 697/697/708
f 698/698/709 699/699/709 700/700/709
f 701/701/710 702/702/711 703/703/712
f 609/609/656 636/636/713 704/704/714
f 609/609/656 704/704/714 655/655/657
f 702/702/711 705/705/715 706/706/716
f 702/702/711 706/706/716 703/703/712
f 504/504/686 510/510/717 707/707/718
f 504/504/686 707/707/718 676/676/687
f 377/377/719 708/708/720 709/709/721
f 508/508/722 516/516/723 710/710/724
f 508/508/722 710/710/724 711/711/722
f 510/510/717 518/518/725 712/712/726
f 510/510/717 712/712/726 707/707/718
f 708/708/720 610/610/667 662/662/670
f 708/708/720 662/662/670 709/709/721
f 516/516/723 522/522/727 713/713/728
f 516/516/723 713/713/728 710/710/724
f 714/714/729 715/715/730 716/716/730
f 714/714/729 716/716/730 717/717/729
f 518/518/725 602/602/731 718/718/731
f 518/518/725 718/718/731 712/712/726
f 719/719/732 720/720/733 721/721/733
f 719/719/732 721/721/733 722/722/732
f 723/723/734 724/724/734 725/725/734
f 723/723/734 725/725/734 726/726/734
f 705/705/715 727/727/735 728/728/735
f 705/705/715 728/728/735 706/706/716
f 465/465/736 472/472/737 729/729/738
f 465/465/736 729/729/738 730/730/736
f 731/731/739 732/732/740 733/733/740
f 731/731/739 733/733/740 734/734/739
f 735/735/741 736/736/741 737/737/741
f 522/522/727 674/674/684 675/675/685
f 522/522/727 675/675/685 713/713/728
f 472/472/737 476/476/742 738/738/743
f 472/472/737 738/738/743 729/729/738
f 739/739/744 740/740/745 741/741/745
f 739/739/744 741/741/745 742/742/744
f 607/607/746 629/629/747 743/743/747
f 607/607/746 743/743/747 744/744/748
f 685/685/697 745/745/749 746/746/749
f 685/685/697 746/746/749 686/686/698
f 648/648/750 344/344/751 747/747/752
f 748/748/753 749/749/753 750/750/753
f 476/476/742 607/607/746 744/744/748
f 476/476/742 744/744/748 738/738/743
f 615/615/681 648/648/750 747/747/752
f 615/615/681 747/747/752 672/672/682
f 628/628/754 608/608/755 751/751/756
f 628/628/754 751/751/756 752/752/754
f 608/608/755 492/492/663 660/660/666
f 608/608/755 660/660/666 751/751/756
f 391/391/757 646/646/659 658/658/662
f 753/753/758 754/754/758 755/755/758
f 753/753/759 755/755/759 756/756/759
f 757/757/760 758/758/760 759/759/760
f 757/757/761 759/759/761 760/760/761
f 761/761/762 757/757/762 760/760/762
f 761/761/763 760/760/763 762/762/763
f 763/763/764 761/761/764 762/762/764
f 763/763/765 762/762/765 764/764/765
f 765/765/766 763/763/766 764/764/766
f 765/765/762 764/764/762 766/766/762
f 767/767/767 768/768/767 769/769/767
f 767/767/762 769/769/762 770/770/762
f 771/771/762 772/772/762 773/773/762
f 771/771/768 773/773/768 774/774/768
f 775/775/762 776/776/762 777/777/762
f 775/775/762 777/777/762 778/778/762
f 779/779/762 780/780/762 781/781/762
f 779/779/762 781/781/762 782/782/762
f 783/783/769 784/784/769 785/785/769
f 783/783/770 785/785/770 786/786/770
f 787/787/762 788/788/762 789/789/762
f 787/787/762 789/789/762 790/790/762
f 791/791/762 792/792/762 793/793/762
f 791/791/762 793/793/762 794/794/762
f 795/795/762 796/796/762 797/797/762
f 795/795/771 797/797/771 798/798/771
f 799/799/762 800/800/762 801/801/762
f 799/799/762 801/801/762 802/802/762
f 803/803/772 799/799/772 802/802/772
f 803/803/762 802/802/762 804/804/762
f 805/805/773 803/803/773 804/804/773
f 805/805/762 804/804/762 806/806/762
f 807/807/774 805/805/774 806/806/774
f 807/807/762 806/806/762 808/808/762
f 809/809/775 810/810/775 811/811/775
f 809/809/762 811/811/762 812/812/762
f 813/813/776 809/809/776 812/812/776
f 813/813/777 812/812/777 814/814/777
f 815/815/778 816/816/778 817/817/778
f 815/815/779 817/817/779 818/818/779
f 819/819/780 815/815/780 818/818/780
f 819/819/762 818/818/762 820/820/762
f 821/821/762 822/822/762 823/823/762
f 821/821/762 823/823/762 824/824/762
f 825/825/781 821/821/781 824/824/781
f 825/825/762 824/824/762 826/826/762
f 827/827/782 828/828/782 829/829/782
f 827/827/762 829/829/762 830/830/762
f 831/831/762 827/827/762 830/830/762
f 831/831/762 830/830/762 832/832/762
f 833/833/783 834/834/783 835/835/783
f 833/833/762 835/835/762 836/836/762
f 837/837/784 833/833/784 836/836/784
f 837/837/785 836/836/785 838/838/785
f 839/839/762 840/840/762 841/841/762
f 839/839/762 841/841/762 842/842/762
f 843/843/786 839/839/786 842/842/786
f 843/843/762 842/842/762 844/844/762
f 845/845/787 843/843/787 844/844/787
f 845/845/762 844/844/762 846/846/762
f 810/810/788 847/847/788 848/848/788
f 810/810/789 848/848/789 811/811/789
f 849/849/790 813/813/790 814/814/790
f 849/849/762 814/814/762 850/850/762
f 816/816/791 851/851/791 852/852/791
f 816/816/792 852/852/792 817/817/792
f 853/853/762 819/819/762 820/820/762
f 853/853/762 820/820/762 854/854/762
f 822/822/762 855/855/762 856/856/762
f 822/822/762 856/856/762 823/823/762
f 857/857/793 825/825/793 826/826/793
f 857/857/762 826/826/762 858/858/762
f 828/828/794 859/859/794 860/860/794
f 828/828/795 860/860/795 829/829/795
f 861/861/796 831/831/796 832/832/796
f 861/861/797 832/832/797 862/862/797
f 834/834/762 863/863/762 864/864/762
f 834/834/762 864/864/762 835/835/762
f 865/865/762 837/837/762 838/838/762
f 865/865/762 838/838/762 866/866/762
f 840/840/762 867/867/762 868/868/762
f 840/840/762 868/868/762 841/841/762
f 758/758/762 869/869/762 870/870/762
f 758/758/762 870/870/762 759/759/762
f 869/869/762 845/845/762 846/846/762
f 869/869/762 846/846/762 870/870/762
f 871/871/762 807/807/762 808/808/762
f 871/871/762 808/808/762 872/872/762
f 847/847/798 871/871/798 872/872/798
f 847/847/762 872/872/762 848/848/762
f 800/800/762 873/873/762 874/874/762
f 800/800/762 874/874/762 801/801/762
f 873/873/762 849/849/762 850/850/762
f 873/873/762 850/850/762 874/874/762
f 875/875/799 795/795/799 798/798/799
f 875/875/762 798/798/762 876/876/762
f 851/851/762 875/875/762 876/876/762
f 851/851/762 876/876/762 852/852/762
f 792/792/762 877/877/762 878/878/762
f 792/792/762 878/878/762 793/793/762
f 877/877/800 853/853/800 854/854/800
f 877/877/801 854/854/801 878/878/801
f 879/879/762 787/787/762 790/790/762
f 879/879/762 790/790/762 880/880/762
f 855/855/762 879/879/762 880/880/762
f 855/855/762 880/880/762 856/856/762
f 784/784/762 881/881/762 882/882/762
f 784/784/762 882/882/762 785/785/762
f 881/881/762 857/857/762 858/858/762
f 881/881/802 858/858/802 882/882/802
f 883/883/762 779/779/762 782/782/762
f 883/883/762 782/782/762 884/884/762
f 859/859/762 883/883/762 884/884/762
f 859/859/803 884/884/803 860/860/803
f 776/776/762 885/885/762 886/886/762
f 776/776/762 886/886/762 777/777/762
f 885/885/804 861/861/804 862/862/804
f 885/885/762 862/862/762 886/886/762
f 887/887/805 771/771/805 774/774/805
f 887/887/762 774/774/762 888/888/762
f 863/863/762 887/887/762 888/888/762
f 863/863/762 888/888/762 864/864/762
f 768/768/762 889/889/762 890/890/762
f 768/768/762 890/890/762 769/769/762
f 889/889/762 865/865/762 866/866/762
f 889/889/806 866/866/806 890/890/806
f 891/891/762 765/765/762 766/766/762
f 891/891/762 766/766/762 892/892/762
f 867/867/762 891/891/762 892/892/762
f 867/867/762 892/892/762 868/868/762
f 893/893/762 767/767/762 770/770/762
f 893/893/807 770/770/807 894/894/807
f 772/772/808 893/893/808 894/894/808
f 772/772/762 894/894/762 773/773/762
f 895/895/809 775/775/809 778/778/809
f 895/895/762 778/778/762 896/896/762
f 780/780/762 895/895/762 896/896/762
f 780/780/810 896/896/810 781/781/810
f 897/897/762 783/783/762 786/786/762
f 897/897/762 786/786/762 898/898/762
f 788/788/811 897/897/811 898/898/811
f 788/788/762 898/898/762 789/789/762
f 899/899/762 791/791/762 794/794/762
f 899/899/762 794/794/762 900/900/762
f 796/796/812 899/899/812 900/900/812
f 796/796/762 900/900/762 797/797/762
f 901/901/813 902/902/813 758/758/813
f 901/901/814 758/758/814 757/757/814
f 903/903/815 904/904/816 905/905/817
f 903/903/815 905/905/817 906/906/818
f 907/907/819 903/903/815 906/906/818
f 907/907/819 906/906/818 908/908/819
f 719/719/820 909/909/821 910/910/822
f 719/719/820 910/910/822 911/911/820
f 912/912/823 913/913/824 914/914/824
f 912/912/823 914/914/824 915/915/823
f 916/916/825 917/917/826 918/918/826
f 916/916/825 918/918/826 919/919/825
f 920/920/827 921/921/828 922/922/828
f 920/920/827 922/922/828 923/923/827
f 924/924/829 925/925/830 926/926/831
f 924/924/829 926/926/831 927/927/829
f 754/754/832 753/753/833 928/928/833
f 754/754/832 928/928/833 929/929/834
f 930/930/835 931/931/836 788/788/837
f 930/930/835 788/788/837 787/787/835
f 932/932/838 933/933/838 792/792/838
f 932/932/839 792/792/839 791/791/839
f 934/934/840 935/935/841 936/936/841
f 934/934/840 936/936/841 937/937/842
f 938/938/843 939/939/844 940/940/845
f 938/938/843 940/940/845 941/941/846
f 942/942/847 938/938/843 941/941/846
f 942/942/847 941/941/846 943/943/847
f 944/944/848 945/945/848 803/803/848
f 944/944/849 803/803/849 805/805/849
f 946/946/850 947/947/851 948/948/851
f 946/946/850 948/948/851 949/949/852
f 950/950/853 951/951/854 952/952/854
f 950/950/853 952/952/854 953/953/853
f 954/954/855 955/955/856 956/956/856
f 954/954/855 956/956/856 957/957/857
f 958/958/858 959/959/859 960/960/859
f 958/958/858 960/960/859 961/961/858
f 962/962/860 958/958/858 961/961/858
f 962/962/860 961/961/858 963/963/861
f 964/964/862 965/965/863 966/966/863
f 964/964/862 966/966/863 967/967/864
f 968/968/865 964/964/862 967/967/864
f 968/968/865 967/967/864 969/969/866
f 970/970/867 732/732/868 971/971/868
f 970/970/867 971/971/868 972/972/867
f 973/973/869 974/974/869 827/827/869
f 973/973/870 827/827/870 831/831/870
f 975/975/871 976/976/872 834/834/872
f 975/975/871 834/834/872 833/833/871
f 977/977/873 978/978/874 979/979/874
f 977/977/873 979/979/874 980/980/875
f 981/981/876 982/982/877 983/983/878
f 981/981/876 983/983/878 984/984/879
f 985/985/880 986/986/881 839/839/881
f 985/985/880 839/839/881 843/843/882
f 987/987/883 985/985/880 843/843/882
f 987/987/883 843/843/882 845/845/884
f 951/951/854 988/988/885 989/989/886
f 951/951/854 989/989/886 952/952/854
f 990/990/887 954/954/855 957/957/857
f 990/990/887 957/957/857 991/991/887
f 992/992/888 993/993/889 994/994/889
f 992/992/888 994/994/889 995/995/888
f 996/996/890 962/962/860 963/963/861
f 996/996/890 963/963/861 997/997/891
f 998/998/892 999/999/892 855/855/892
f 998/998/893 855/855/893 822/822/893
f 1000/1000/894 1001/1001/895 1002/1002/896
f 1000/1000/894 1002/1002/896 1003/1003/897
f 732/732/868 731/731/898 1004/1004/898
f 732/732/868 1004/1004/898 971/971/868
f 715/715/899 714/714/900 1005/1005/901
f 715/715/899 1005/1005/901 1006/1006/902
f 976/976/872 1007/1007/903 863/863/903
f 976/976/872 863/863/903 834/834/872
f 1008/1008/904 977/977/873 980/980/875
f 1008/1008/904 980/980/875 1009/1009/905
f 982/982/877 1010/1010/906 1011/1011/907
f 982/982/877 1011/1011/907 983/983/878
f 1012/1012/908 1013/1013/909 1014/1014/910
f 1012/1012/908 1014/1014/910 1015/1015/911
f 1013/1013/909 1016/1016/912 1017/1017/913
f 1013/1013/909 1017/1017/913 1014/1014/910
f 1018/1018/914 946/946/850 949/949/852
f 1018/1018/914 949/949/852 1019/1019/914
f 988/988/885 1020/1020/915 1021/1021/915
f 988/988/885 1021/1021/915 989/989/886
f 1022/1022/916 1023/1023/917 873/873/918
f 1022/1022/916 873/873/918 800/800/916
f 1023/1023/917 1024/1024/919 849/849/920
f 1023/1023/917 849/849/920 873/873/918
f 1025/1025/921 1026/1026/921 795/795/921
f 1025/1025/922 795/795/922 875/875/922
f 993/993/889 1027/1027/923 1028/1028/923
f 993/993/889 1028/1028/923 994/994/889
f 1029/1029/924 1030/1030/925 1031/1031/925
f 1029/1029/924 1031/1031/925 1032/1032/924
f 1030/1030/925 1033/1033/926 1034/1034/926
f 1030/1030/925 1034/1034/926 1031/1031/925
f 1035/1035/927 724/724/928 1036/1036/929
f 1035/1035/927 1036/1036/929 1037/1037/930
f 1038/1038/931 1035/1035/927 1037/1037/930
f 1038/1038/931 1037/1037/930 1039/1039/931
f 1040/1040/932 1041/1041/933 1042/1042/933
f 1040/1040/932 1042/1042/933 1043/1043/934
f 1041/1041/933 1000/1000/894 1003/1003/897
f 1041/1041/933 1003/1003/897 1042/1042/933
f 1044/1044/935 1045/1045/936 779/779/936
f 1044/1044/935 779/779/936 883/883/935
f 1046/1046/937 1044/1044/935 883/883/935
f 1046/1046/937 883/883/935 859/859/937
f 921/921/828 1047/1047/938 1048/1048/939
f 921/921/828 1048/1048/939 922/922/828
f 1049/1049/940 715/715/899 1006/1006/902
f 1049/1049/940 1006/1006/902 1050/1050/941
f 1051/1051/942 1052/1052/943 1053/1053/943
f 1051/1051/942 1053/1053/943 1054/1054/944
f 1055/1055/945 1051/1051/942 1054/1054/944
f 1055/1055/945 1054/1054/944 1056/1056/946
f 913/913/824 740/740/947 1057/1057/947
f 913/913/824 1057/1057/947 914/914/824
f 1058/1058/948 1059/1059/948 865/865/948
f 1058/1058/949 865/865/949 889/889/949
f 720/720/950 719/719/820 911/911/820
f 720/720/950 911/911/820 1060/1060/951
f 1061/1061/952 720/720/950 1060/1060/951
f 1061/1061/952 1060/1060/951 1062/1062/953
f 1063/1063/954 1064/1064/955 1065/1065/955
f 1063/1063/954 1065/1065/955 1066/1066/956
f 917/917/826 1063/1063/954 1066/1066/956
f 917/917/826 1066/1066/956 918/918/826
f 1067/1067/957 920/920/827 923/923/827
f 1067/1067/957 923/923/827 1068/1068/958
f 925/925/830 1069/1069/959 1070/1070/959
f 925/925/830 1070/1070/959 926/926/831
f 1071/1071/960 754/754/832 929/929/834
f 1071/1071/960 929/929/834 1072/1072/960
f 931/931/836 1073/1073/961 897/897/961
f 931/931/836 897/897/961 788/788/837
f 1074/1074/962 1075/1075/963 1076/1076/963
f 1074/1074/962 1076/1076/963 1077/1077/962
f 935/935/841 1074/1074/962 1077/1077/962
f 935/935/841 1077/1077/962 936/936/841
f 1078/1078/964 1079/1079/965 1080/1080/965
f 1078/1078/964 1080/1080/965 1081/1081/966
f 725/725/967 1082/1082/967 1083/1083/967
f 725/725/968 1083/1083/968 1084/1084/968
f 1085/1085/969 1086/1086/970 1087/1087/970
f 1085/1085/969 1087/1087/970 1088/1088/971
f 1089/1089/972 1090/1090/972 1091/1091/972
f 1089/1089/973 1091/1091/973 1092/1092/973
f 1093/1093/974 1085/1085/969 1088/1088/971
f 1093/1093/974 1088/1088/971 1094/1094/974
f 1095/1095/975 1096/1096/976 1097/1097/976
f 1095/1095/975 1097/1097/976 1098/1098/975
f 1029/1029/977 1099/1099/978 1100/1100/978
f 1029/1029/977 1100/1100/978 1101/1101/977
f 720/720/733 1061/1061/979 1102/1102/980
f 720/720/733 1102/1102/980 721/721/733
f 1055/1055/981 1103/1103/982 1104/1104/982
f 1055/1055/981 1104/1104/982 1105/1105/981
f 935/935/983 934/934/984 1106/1106/984
f 935/935/983 1106/1106/984 1107/1107/983
f 1064/1064/985 1063/1063/985 1108/1108/985
f 1064/1064/985 1108/1108/985 1109/1109/985
f 977/977/986 1008/1008/987 1110/1110/987
f 977/977/986 1110/1110/987 1111/1111/986
f 939/939/988 938/938/989 1112/1112/989
f 939/939/988 1112/1112/989 1113/1113/988
f 1063/1063/990 917/917/991 1114/1114/991
f 1063/1063/990 1114/1114/991 1108/1108/990
f 1010/1010/992 982/982/992 1115/1115/992
f 1010/1010/993 1115/1115/993 1116/1116/993
f 938/938/994 942/942/994 1117/1117/994
f 938/938/995 1117/1117/995 1112/1112/995
f 920/920/996 1067/1067/996 1118/1118/996
f 920/920/996 1118/1118/996 1119/1119/996
f 1013/1013/997 1012/1012/997 1120/1120/997
f 1013/1013/997 1120/1120/997 1121/1121/997
f 1122/1122/998 947/947/999 1123/1123/999
f 1122/1122/998 1123/1123/999 1124/1124/998
f 1069/1069/1000 925/925/1001 1125/1125/1001
f 1069/1069/1000 1125/1125/1001 1126/1126/1000
f 1016/1016/1002 1013/1013/1002 1121/1121/1002
f 1016/1016/1003 1121/1121/1003 1127/1127/1003
f 947/947/999 946/946/1004 1128/1128/1004
f 947/947/999 1128/1128/1004 1123/1123/999
f 754/754/1005 1071/1071/1006 1129/1129/1006
f 754/754/1005 1129/1129/1006 755/755/1005
f 946/946/1007 1018/1018/1007 1130/1130/1007
f 946/946/1008 1130/1130/1008 1128/1128/1008
f 951/951/1009 950/950/1010 1131/1131/1010
f 951/951/1009 1131/1131/1010 1132/1132/1009
f 1071/1071/1006 1133/1133/1011 1134/1134/1011
f 1071/1071/1006 1134/1134/1011 1129/1129/1006
f 1020/1020/1012 988/988/1013 1135/1135/1013
f 1020/1020/1012 1135/1135/1013 1136/1136/1012
f 955/955/1014 954/954/1015 1137/1137/1015
f 955/955/1014 1137/1137/1015 1138/1138/1014
f 1075/1075/1016 1074/1074/1016 1139/1139/1016
f 1075/1075/1017 1139/1139/1017 1140/1140/1017
f 1141/1141/1018 939/939/988 1113/1113/988
f 1141/1141/1018 1113/1113/988 1142/1142/1018
f 959/959/1019 958/958/1020 1143/1143/1020
f 959/959/1019 1143/1143/1020 1144/1144/1019
f 1074/1074/1021 935/935/983 1107/1107/983
f 1074/1074/1021 1107/1107/983 1139/1139/1021
f 990/990/1022 1145/1145/1022 1146/1146/1022
f 990/990/1022 1146/1146/1022 1147/1147/1022
f 958/958/1020 962/962/1023 1148/1148/1023
f 958/958/1020 1148/1148/1023 1143/1143/1020
f 1149/1149/1024 1027/1027/1024 1150/1150/1024
f 1149/1149/1025 1150/1150/1025 1151/1151/1025
f 965/965/1026 964/964/1027 1152/1152/1027
f 965/965/1026 1152/1152/1027 1153/1153/1026
f 1027/1027/1028 993/993/1029 1154/1154/1029
f 1027/1027/1028 1154/1154/1029 1150/1150/1028
f 964/964/1027 968/968/1030 1155/1155/1030
f 964/964/1027 1155/1155/1030 1152/1152/1027
f 1030/1030/1031 1029/1029/977 1101/1101/977
f 1030/1030/1031 1101/1101/977 1090/1090/1031
f 732/732/1032 970/970/1032 1156/1156/1032
f 732/732/1032 1156/1156/1032 733/733/1032
f 1033/1033/1033 1030/1030/1033 1090/1090/1033
f 1033/1033/1034 1090/1090/1034 1089/1089/1034
f 1157/1157/1035 714/714/729 717/717/729
f 1157/1157/1035 717/717/729 1158/1158/1035
f 724/724/1036 1035/1035/1037 1082/1082/1037
f 724/724/1036 1082/1082/1037 725/725/1036
f 1159/1159/1038 978/978/1038 1160/1160/1038
f 1159/1159/1039 1160/1160/1039 1161/1161/1039
f 1035/1035/1037 1038/1038/1040 1162/1162/1040
f 1035/1035/1037 1162/1162/1040 1082/1082/1037
f 978/978/1041 977/977/986 1111/1111/986
f 978/978/1041 1111/1111/986 1160/1160/1041
f 1041/1041/1042 1040/1040/1042 1163/1163/1042
f 1041/1041/1042 1163/1163/1042 1164/1164/1042
f 982/982/1043 981/981/1044 1165/1165/1044
f 982/982/1043 1165/1165/1044 1115/1115/1043
f 1166/1166/1045 904/904/1046 1167/1167/1046
f 1166/1166/1045 1167/1167/1046 1168/1168/1045
f 1000/1000/1047 1041/1041/1048 1164/1164/1048
f 1000/1000/1047 1164/1164/1048 1169/1169/1047
f 981/981/1044 1170/1170/1049 1171/1171/1049
f 981/981/1044 1171/1171/1049 1165/1165/1044
f 904/904/1046 903/903/1050 1172/1172/1050
f 904/904/1046 1172/1172/1050 1167/1167/1046
f 924/924/1051 1173/1173/1052 1174/1174/1052
f 924/924/1051 1174/1174/1052 1175/1175/1051
f 1176/1176/1053 1016/1016/1053 1127/1127/1053
f 1176/1176/1054 1127/1127/1054 1177/1177/1054
f 903/903/1055 907/907/1055 1178/1178/1055
f 903/903/1056 1178/1178/1056 1172/1172/1056
f 1179/1179/1057 731/731/739 734/734/739
f 1179/1179/1057 734/734/739 1180/1180/1057
f 988/988/1013 951/951/1009 1132/1132/1009
f 988/988/1013 1132/1132/1009 1135/1135/1013
f 909/909/1058 719/719/1058 722/722/1058
f 909/909/1059 722/722/1059 1181/1181/1059
f 1047/1047/1060 921/921/1061 1182/1182/1061
f 1047/1047/1060 1182/1182/1061 1183/1183/1060
f 954/954/1015 990/990/1062 1147/1147/1062
f 954/954/1015 1147/1147/1062 1137/1137/1015
f 913/913/1063 912/912/1064 1184/1184/1064
f 913/913/1063 1184/1184/1064 1185/1185/1063
f 715/715/1065 1049/1049/1065 1186/1186/1065
f 715/715/1066 1186/1186/1066 716/716/1066
f 993/993/1029 992/992/1067 1187/1187/1067
f 993/993/1029 1187/1187/1067 1154/1154/1029
f 917/917/991 916/916/1068 1188/1188/1068
f 917/917/991 1188/1188/1068 1114/1114/991
f 1052/1052/1069 1051/1051/1070 1189/1189/1070
f 1052/1052/1069 1189/1189/1070 1190/1190/1069
f 962/962/1071 996/996/1071 1191/1191/1071
f 962/962/1072 1191/1191/1072 1148/1148/1072
f 921/921/1061 920/920/1073 1119/1119/1073
f 921/921/1061 1119/1119/1073 1182/1182/1061
f 1051/1051/1070 1055/1055/981 1105/1105/981
f 1051/1051/1070 1105/1105/981 1189/1189/1070
f 1192/1192/1074 965/965/1074 1153/1153/1074
f 1192/1192/1075 1153/1153/1075 1193/1193/1075
f 925/925/1001 924/924/1051 1175/1175/1051
f 925/925/1001 1175/1175/1051 1125/1125/1001
f 740/740/745 913/913/1063 1185/1185/1063
f 740/740/745 1185/1185/1063 741/741/745
f 1001/1001/1076 1000/1000/1047 1169/1169/1047
f 1001/1001/1076 1169/1169/1047 1194/1194/1076
f 1097/1097/762 1195/1195/762 1196/1196/762
f 1097/1097/1077 1196/1196/1077 1197/1197/1077
f 1087/1087/1078 1198/1198/1078 1199/1199/1078
f 1087/1087/1079 1199/1199/1079 1200/1200/1079
f 1201/1201/762 1202/1202/762 1203/1203/762
f 1201/1201/762 1203/1203/762 1204/1204/762
f 1205/1205/1080 1206/1206/1080 1207/1207/1080
f 1205/1205/1081 1207/1207/1081 1208/1208/1081
f 1209/1209/1082 1094/1094/1082 1210/1210/1082
f 1209/1209/762 1210/1210/762 1211/1211/762
f 1212/1212/1083 1213/1213/1083 1214/1214/1083
f 1212/1212/762 1214/1214/762 1215/1215/762
f 1216/1216/1084 1217/1217/1085 1218/1218/1086
f 1216/1216/1084 1218/1218/1086 1219/1219/1087
f 1160/1160/1088 1111/1111/1088 1220/1220/1088
f 1160/1160/1089 1220/1220/1089 1221/1221/1089
f 1222/1222/1090 1223/1223/1091 1224/1224/1092
f 1222/1222/1090 1224/1224/1092 1225/1225/1093
f 1226/1226/1094 1227/1227/1095 1228/1228/1096
f 1226/1226/1094 1228/1228/1096 1229/1229/1094
f 1230/1230/1097 1231/1231/1098 1232/1232/1099
f 1230/1230/1097 1232/1232/1099 1233/1233/1097
f 1234/1234/1100 1222/1222/1090 1225/1225/1093
f 1234/1234/1100 1225/1225/1093 1235/1235/1101
f 1227/1227/1095 1236/1236/1102 1237/1237/1103
f 1227/1227/1095 1237/1237/1103 1228/1228/1096
f 1231/1231/1098 1238/1238/1104 1239/1239/1105
f 1231/1231/1098 1239/1239/1105 1232/1232/1099
f 1240/1240/1106 1241/1241/1107 1242/1242/1108
f 1240/1240/1106 1242/1242/1108 1243/1243/1109
f 1236/1236/1102 1244/1244/1110 1245/1245/1110
f 1236/1236/1102 1245/1245/1110 1237/1237/1103
f 1238/1238/1104 1246/1246/1111 1247/1247/1111
f 1238/1238/1104 1247/1247/1111 1239/1239/1105
f 1241/1241/1107 1248/1248/1112 1209/1209/1113
f 1241/1241/1107 1209/1209/1113 1242/1242/1108
f 1249/1249/1114 1250/1250/1115 1251/1251/1116
f 1249/1249/1114 1251/1251/1116 1252/1252/1117
f 1246/1246/1111 1253/1253/1118 1201/1201/1119
f 1246/1246/1111 1201/1201/1119 1247/1247/1111
f 1254/1254/1120 1255/1255/1121 1256/1256/1121
f 1254/1254/1120 1256/1256/1121 1257/1257/1120
f 1258/1258/1122 1259/1259/1123 1260/1260/1124
f 1258/1258/1122 1260/1260/1124 1261/1261/1125
f 1262/1262/1126 1263/1263/1127 1264/1264/1127
f 1262/1262/1126 1264/1264/1127 1265/1265/1128
f 1266/1266/1129 1254/1254/1120 1257/1257/1120
f 1266/1266/1129 1257/1257/1120 1198/1198/1129
f 1267/1267/1130 1268/1268/1131 1269/1269/1132
f 1267/1267/1130 1269/1269/1132 1270/1270/1130
f 1271/1271/1133 1272/1272/1134 1273/1273/1135
f 1271/1271/1133 1273/1273/1135 1274/1274/1133
f 1272/1272/1134 1275/1275/1136 1276/1276/1136
f 1272/1272/1134 1276/1276/1136 1273/1273/1135
f 1277/1277/1137 1278/1278/1138 1279/1279/1138
f 1277/1277/1137 1279/1279/1138 1280/1280/1137
f 1255/1255/1121 1281/1281/1139 1282/1282/1139
f 1255/1255/1121 1282/1282/1139 1256/1256/1121
f 1275/1275/1136 1283/1283/1140 1284/1284/1141
f 1275/1275/1136 1284/1284/1141 1276/1276/1136
f 1217/1217/1085 1285/1285/1142 1286/1286/1142
f 1217/1217/1085 1286/1286/1142 1218/1218/1086
f 1287/1287/1143 1240/1240/1106 1243/1243/1109
f 1287/1287/1143 1243/1243/1109 1288/1288/1143
f 1289/1289/1144 1262/1262/1126 1265/1265/1128
f 1289/1289/1144 1265/1265/1128 1213/1213/1144
f 1290/1290/1145 1234/1234/1100 1235/1235/1101
f 1290/1290/1145 1235/1235/1101 1291/1291/1146
f 1223/1223/1091 1292/1292/1147 1293/1293/1148
f 1223/1223/1091 1293/1293/1148 1224/1224/1092
f 1294/1294/1149 1289/1289/1144 1213/1213/1144
f 1294/1294/1149 1213/1213/1144 1212/1212/1150
f 734/734/1151 733/733/1151 1295/1295/1151
f 734/734/1152 1295/1295/1152 1296/1296/1152
f 1297/1297/1153 1298/1298/1154 1206/1206/1155
f 1297/1297/1153 1206/1206/1155 1205/1205/1156
f 1253/1253/1118 1299/1299/1157 1202/1202/1158
f 1253/1253/1118 1202/1202/1158 1201/1201/1119
f 1086/1086/970 1266/1266/1129 1198/1198/1129
f 1086/1086/970 1198/1198/1129 1087/1087/970
f 1096/1096/976 1300/1300/1159 1195/1195/1159
f 1096/1096/976 1195/1195/1159 1097/1097/976
f 1299/1299/1157 1301/1301/1160 1302/1302/1161
f 1299/1299/1157 1302/1302/1161 1202/1202/1158
f 1283/1283/1140 1078/1078/964 1081/1081/966
f 1283/1283/1140 1081/1081/966 1284/1284/1141
f 1303/1303/1162 1304/1304/1163 1305/1305/1163
f 1303/1303/1162 1305/1305/1163 1306/1306/1162
f 1263/1263/1127 1307/1307/1164 1308/1308/1165
f 1263/1263/1127 1308/1308/1165 1264/1264/1127
f 1309/1309/1166 1294/1294/1149 1212/1212/1150
f 1309/1309/1166 1212/1212/1150 1310/1310/1166
f 1113/1113/1167 1112/1112/1167 1311/1311/1167
f 1113/1113/1168 1311/1311/1168 1312/1312/1168
f 1307/1307/1164 1271/1271/1133 1274/1274/1133
f 1307/1307/1164 1274/1274/1133 1308/1308/1165
f 1301/1301/1160 1226/1226/1094 1229/1229/1094
f 1301/1301/1160 1229/1229/1094 1302/1302/1161
f 1313/1313/1169 1314/1314/1170 1315/1315/1170
f 1313/1313/1169 1315/1315/1170 1316/1316/1169
f 1281/1281/1139 1317/1317/1171 1318/1318/1171
f 1281/1281/1139 1318/1318/1171 1282/1282/1139
f 1319/1319/1172 1230/1230/1097 1233/1233/1097
f 1319/1319/1172 1233/1233/1097 1320/1320/1173
f 1314/1314/1170 1321/1321/1174 1322/1322/1175
f 1314/1314/1170 1322/1322/1175 1315/1315/1170
f 1317/1317/1171 1287/1287/1143 1288/1288/1143
f 1317/1317/1171 1288/1288/1143 1318/1318/1171
f 1127/1127/1176 1121/1121/1176 1323/1323/1176
f 1127/1127/1177 1323/1323/1177 1324/1324/1177
f 1321/1321/1174 1325/1325/1178 1326/1326/1179
f 1321/1321/1174 1326/1326/1179 1322/1322/1175
f 1292/1292/1147 1327/1327/1180 1328/1328/1180
f 1292/1292/1147 1328/1328/1180 1293/1293/1148
f 1325/1325/1178 1329/1329/1181 1330/1330/1182
f 1325/1325/1178 1330/1330/1182 1326/1326/1179
f 1250/1250/1115 1331/1331/1183 1332/1332/1183
f 1250/1250/1115 1332/1332/1183 1251/1251/1116
f 1327/1327/1180 1297/1297/1153 1205/1205/1156
f 1327/1327/1180 1205/1205/1156 1328/1328/1180
f 1329/1329/1181 1249/1249/1114 1252/1252/1117
f 1329/1329/1181 1252/1252/1117 1330/1330/1182
f 1331/1331/1183 1258/1258/1122 1261/1261/1125
f 1331/1331/1183 1261/1261/1125 1332/1332/1183
f 1300/1300/1159 1333/1333/1184 1334/1334/1184
f 1300/1300/1159 1334/1334/1184 1195/1195/1159
f 1335/1335/1185 1336/1336/1186 1337/1337/1186
f 1335/1335/1185 1337/1337/1186 1338/1338/1187
f 1268/1268/1131 1339/1339/1188 1340/1340/1188
f 1268/1268/1131 1340/1340/1188 1269/1269/1132
f 1139/1139/1189 1107/1107/1189 1341/1341/1189
f 1139/1139/1190 1341/1341/1190 1342/1342/1190
f 1259/1259/1123 1335/1335/1185 1338/1338/1187
f 1259/1259/1123 1338/1338/1187 1260/1260/1124
f 1339/1339/1188 1277/1277/1137 1280/1280/1137
f 1339/1339/1188 1280/1280/1137 1340/1340/1188
f 1304/1304/1163 1343/1343/1191 1344/1344/1191
f 1304/1304/1163 1344/1344/1191 1305/1305/1163
f 1285/1285/1142 1345/1345/1192 1346/1346/1193
f 1285/1285/1142 1346/1346/1193 1286/1286/1142
f 1343/1343/1191 1267/1267/1130 1270/1270/1130
f 1343/1343/1191 1270/1270/1130 1344/1344/1191
f 1345/1345/1192 1290/1290/1145 1291/1291/1146
f 1345/1345/1192 1291/1291/1146 1346/1346/1193
f 1347/1347/1194 1348/1348/1195 1349/1349/1195
f 1347/1347/1194 1349/1349/1195 1350/1350/1196
f 1351/1351/1197 1352/1352/1198 1353/1353/1198
f 1351/1351/1197 1353/1353/1198 1354/1354/1197
f 1355/1355/1199 1200/1200/1199 1356/1356/1199
f 1355/1355/1200 1356/1356/1200 1357/1357/1200
f 1358/1358/1201 1359/1359/1201 1360/1360/1201
f 1358/1358/1202 1360/1360/1202 1361/1361/1202
f 1362/1362/1203 1363/1363/1204 1364/1364/1204
f 1362/1362/1203 1364/1364/1204 1365/1365/1205
f 1366/1366/1206 1197/1197/1207 1367/1367/1207
f 1366/1366/1206 1367/1367/1207 1368/1368/1206
f 1202/1202/762 1302/1302/762 1369/1369/762
f 1202/1202/762 1369/1369/762 1203/1203/762
f 1284/1284/1208 1081/1081/1208 1347/1347/1208
f 1284/1284/762 1347/1347/762 1370/1370/762
f 1306/1306/1209 1305/1305/1209 1371/1371/1209
f 1306/1306/1210 1371/1371/1210 1372/1372/1210
f 1264/1264/762 1308/1308/762 1373/1373/762
f 1264/1264/762 1373/1373/762 1374/1374/762
f 1310/1310/1211 1212/1212/1211 1215/1215/1211
f 1310/1310/1212 1215/1215/1212 1375/1375/1212
f 1337/1337/762 1316/1316/762 1376/1376/762
f 1337/1337/762 1376/1376/762 1377/1377/762
f 1308/1308/762 1274/1274/762 1378/1378/762
f 1308/1308/762 1378/1378/762 1373/1373/762
f 1302/1302/762 1229/1229/762 1379/1379/762
f 1302/1302/762 1379/1379/762 1369/1369/762
f 1316/1316/762 1315/1315/762 1380/1380/762
f 1316/1316/762 1380/1380/762 1376/1376/762
f 1282/1282/1213 1318/1318/1213 1381/1381/1213
f 1282/1282/1214 1381/1381/1214 1382/1382/1214
f 1320/1320/762 1233/1233/762 1383/1383/762
f 1320/1320/762 1383/1383/762 1384/1384/762
f 1315/1315/762 1322/1322/762 1385/1385/762
f 1315/1315/762 1385/1385/762 1380/1380/762
f 1318/1318/1215 1288/1288/1215 1386/1386/1215
f 1318/1318/1216 1386/1386/1216 1381/1381/1216
f 1245/1245/762 1320/1320/762 1384/1384/762
f 1245/1245/762 1384/1384/762 1387/1387/762
f 1322/1322/762 1326/1326/762 1388/1388/762
f 1322/1322/762 1388/1388/762 1385/1385/762
f 1293/1293/1217 1328/1328/1217 1389/1389/1217
f 1293/1293/1218 1389/1389/1218 1390/1390/1218
f 1326/1326/762 1330/1330/762 1391/1391/762
f 1326/1326/762 1391/1391/762 1388/1388/762
f 1251/1251/762 1332/1332/762 1392/1392/762
f 1251/1251/762 1392/1392/762 1393/1393/762
f 1328/1328/1219 1205/1205/1219 1208/1208/1219
f 1328/1328/1220 1208/1208/1220 1389/1389/1220
f 1330/1330/762 1252/1252/762 1394/1394/762
f 1330/1330/762 1394/1394/762 1391/1391/762
f 1332/1332/762 1261/1261/762 1395/1395/762
f 1332/1332/762 1395/1395/762 1392/1392/762
f 1195/1195/762 1334/1334/762 1396/1396/762
f 1195/1195/762 1396/1396/762 1196/1196/762
f 1338/1338/762 1337/1337/762 1377/1377/762
f 1338/1338/762 1377/1377/762 1397/1397/762
f 1269/1269/1221 1340/1340/1221 1398/1398/1221
f 1269/1269/1222 1398/1398/1222 1399/1399/1222
f 1334/1334/762 1306/1306/762 1372/1372/762
f 1334/1334/762 1372/1372/762 1396/1396/762
f 1260/1260/762 1338/1338/762 1397/1397/762
f 1260/1260/762 1397/1397/762 1400/1400/762
f 1340/1340/1223 1280/1280/1223 1401/1401/1223
f 1340/1340/1224 1401/1401/1224 1398/1398/1224
f 1305/1305/1225 1344/1344/1225 1402/1402/1225
f 1305/1305/1226 1402/1402/1226 1371/1371/1226
f 1286/1286/762 1346/1346/762 1403/1403/762
f 1286/1286/762 1403/1403/762 1404/1404/762
f 1344/1344/1227 1270/1270/1227 1405/1405/1227
f 1344/1344/1228 1405/1405/1228 1402/1402/1228
f 1346/1346/1229 1291/1291/1229 1406/1406/1229
f 1346/1346/1230 1406/1406/1230 1403/1403/1230
f 1098/1098/1231 1097/1097/1231 1197/1197/1231
f 1098/1098/1232 1197/1197/1232 1366/1366/1232
f 1094/1094/1233 1088/1088/1233 1355/1355/1233
f 1094/1094/1234 1355/1355/1234 1210/1210/1234
f 1279/1279/1235 1098/1098/1235 1366/1366/1235
f 1279/1279/762 1366/1366/762 1407/1407/762
f 1088/1088/1236 1087/1087/1236 1200/1200/1236
f 1088/1088/1237 1200/1200/1237 1355/1355/1237
f 1206/1206/762 1219/1219/762 1408/1408/762
f 1206/1206/762 1408/1408/762 1207/1207/762
f 1081/1081/1238 1080/1080/1238 1348/1348/1238
f 1081/1081/1239 1348/1348/1239 1347/1347/1239
f 1219/1219/1240 1218/1218/1240 1409/1409/1240
f 1219/1219/1241 1409/1409/1241 1408/1408/1241
f 1080/1080/1242 1310/1310/1242 1375/1375/1242
f 1080/1080/1243 1375/1375/1243 1348/1348/1243
f 1225/1225/1244 1224/1224/1244 1410/1410/1244
f 1225/1225/762 1410/1410/762 1411/1411/762
f 1229/1229/762 1228/1228/762 1412/1412/762
f 1229/1229/762 1412/1412/762 1379/1379/762
f 1233/1233/762 1232/1232/762 1413/1413/762
f 1233/1233/762 1413/1413/762 1383/1383/762
f 1235/1235/1245 1225/1225/1245 1411/1411/1245
f 1235/1235/1246 1411/1411/1246 1414/1414/1246
f 1228/1228/762 1237/1237/762 1415/1415/762
f 1228/1228/762 1415/1415/762 1412/1412/762
f 1232/1232/762 1239/1239/762 1416/1416/762
f 1232/1232/762 1416/1416/762 1413/1413/762
f 1243/1243/762 1242/1242/762 1417/1417/762
f 1243/1243/762 1417/1417/762 1418/1418/762
f 1237/1237/762 1245/1245/762 1387/1387/762
f 1237/1237/762 1387/1387/762 1415/1415/762
f 1239/1239/762 1247/1247/762 1419/1419/762
f 1239/1239/762 1419/1419/762 1416/1416/762
f 1242/1242/1247 1209/1209/1247 1211/1211/1247
f 1242/1242/1248 1211/1211/1248 1417/1417/1248
f 1252/1252/762 1251/1251/762 1393/1393/762
f 1252/1252/762 1393/1393/762 1394/1394/762
f 1247/1247/762 1201/1201/762 1204/1204/762
f 1247/1247/762 1204/1204/762 1419/1419/762
f 1257/1257/1249 1256/1256/1249 1420/1420/1249
f 1257/1257/1250 1420/1420/1250 1421/1421/1250
f 1261/1261/762 1260/1260/762 1400/1400/762
f 1261/1261/762 1400/1400/762 1395/1395/762
f 1265/1265/762 1264/1264/762 1374/1374/762
f 1265/1265/1251 1374/1374/1251 1422/1422/1251
f 1198/1198/1252 1257/1257/1252 1421/1421/1252
f 1198/1198/1253 1421/1421/1253 1199/1199/1253
f 1270/1270/1254 1269/1269/1254 1399/1399/1254
f 1270/1270/762 1399/1399/762 1405/1405/762
f 1274/1274/1255 1273/1273/1255 1423/1423/1255
f 1274/1274/1256 1423/1423/1256 1378/1378/1256
f 1273/1273/1257 1276/1276/1257 1424/1424/1257
f 1273/1273/1258 1424/1424/1258 1423/1423/1258
f 1280/1280/1259 1279/1279/1259 1407/1407/1259
f 1280/1280/1260 1407/1407/1260 1401/1401/1260
f 1256/1256/1261 1282/1282/1261 1382/1382/1261
f 1256/1256/762 1382/1382/762 1420/1420/762
f 1276/1276/1262 1284/1284/1262 1370/1370/1262
f 1276/1276/1263 1370/1370/1263 1424/1424/1263
f 1218/1218/762 1286/1286/762 1404/1404/762
f 1218/1218/762 1404/1404/762 1409/1409/762
f 1288/1288/1264 1243/1243/1264 1418/1418/1264
f 1288/1288/1265 1418/1418/1265 1386/1386/1265
f 1213/1213/1266 1265/1265/1266 1422/1422/1266
f 1213/1213/1267 1422/1422/1267 1214/1214/1267
f 1291/1291/762 1235/1235/762 1414/1414/762
f 1291/1291/762 1414/1414/762 1406/1406/762
f 1224/1224/1268 1293/1293/1268 1390/1390/1268
f 1224/1224/1269 1390/1390/1269 1410/1410/1269
f 1425/1425/1043 1426/1426/1044 1427/1427/1044
f 1425/1425/1043 1427/1427/1044 1428/1428/1043
f 1429/1429/1270 1430/1430/1270 1431/1431/1270
f 1429/1429/1271 1431/1431/1271 1432/1432/1271
f 1433/1433/1272 1434/1434/1273 1435/1435/986
f 1433/1433/1272 1435/1435/986 1436/1436/1272
f 1353/1353/1274 1437/1437/1275 1438/1438/1275
f 1353/1353/1274 1438/1438/1275 1439/1439/1276
f 1440/1440/1277 1433/1433/1277 1436/1436/1277
f 1440/1440/1277 1436/1436/1277 1441/1441/1277
f 1354/1354/1278 1353/1353/1274 1439/1439/1276
f 1354/1354/1278 1439/1439/1276 1442/1442/1278
f 1352/1352/1198 1443/1443/1279 1437/1437/1279
f 1352/1352/1198 1437/1437/1279 1353/1353/1198
f 1444/1444/1280 1445/1445/1281 1434/1434/1282
f 1444/1444/1280 1434/1434/1282 1433/1433/1283
f 1411/1411/1284 1410/1410/1284 1446/1446/1284
f 1411/1411/1285 1446/1446/1285 1447/1447/1285
f 1448/1448/1286 1449/1449/1287 1426/1426/1288
f 1448/1448/1286 1426/1426/1288 1425/1425/1289
f 1383/1383/1290 1413/1413/1290 1450/1450/1290
f 1383/1383/1291 1450/1450/1291 1451/1451/1291
f 1452/1452/1292 1453/1453/1292 1429/1429/1292
f 1452/1452/1293 1429/1429/1293 1454/1454/1293
f 1412/1412/1294 1415/1415/1295 1455/1455/1295
f 1412/1412/1294 1455/1455/1295 1456/1456/1296
f 1457/1457/1297 1458/1458/1298 1459/1459/1298
f 1457/1457/1297 1459/1459/1298 1460/1460/1297
f 1418/1418/1299 1417/1417/1300 1461/1461/1301
f 1418/1418/1299 1461/1461/1301 1462/1462/1302
f 1415/1415/1295 1387/1387/1303 1463/1463/1303
f 1415/1415/1295 1463/1463/1303 1455/1455/1295
f 1458/1458/1298 1464/1464/1304 1465/1465/1304
f 1458/1458/1298 1465/1465/1304 1459/1459/1298
f 1417/1417/1300 1211/1211/1305 1466/1466/1306
f 1417/1417/1300 1466/1466/1306 1461/1461/1301
f 1467/1467/1307 1468/1468/1307 1469/1469/1307
f 1467/1467/1308 1469/1469/1308 1470/1470/1308
f 1419/1419/1309 1204/1204/1309 1471/1471/1309
f 1419/1419/1310 1471/1471/1310 1472/1472/1310
f 1421/1421/1311 1420/1420/1311 1473/1473/1311
f 1421/1421/1312 1473/1473/1312 1474/1474/1312
f 1475/1475/1313 1476/1476/1314 1477/1477/1314
f 1475/1475/1313 1477/1477/1314 1478/1478/1313
f 1479/1479/1315 1480/1480/1316 1481/1481/1317
f 1479/1479/1315 1481/1481/1317 1482/1482/1318
f 1483/1483/1319 1484/1484/1320 1485/1485/1320
f 1483/1483/1319 1485/1485/1320 1486/1486/1321
f 1487/1487/1322 1488/1488/1323 1489/1489/1324
f 1487/1487/1322 1489/1489/1324 1490/1490/1325
f 1378/1378/1326 1423/1423/1326 1491/1491/1326
f 1378/1378/1327 1491/1491/1327 1492/1492/1327
f 1493/1493/1328 1494/1494/1329 1495/1495/1330
f 1493/1493/1328 1495/1495/1330 1496/1496/1331
f 1401/1401/1332 1407/1407/1332 1497/1497/1332
f 1401/1401/1333 1497/1497/1333 1498/1498/1333
f 1499/1499/1334 1500/1500/1334 1501/1501/1334
f 1499/1499/1335 1501/1501/1335 1502/1502/1335
f 1494/1494/1329 1503/1503/1336 1504/1504/1337
f 1494/1494/1329 1504/1504/1337 1495/1495/1330
f 1409/1409/1338 1404/1404/1338 1505/1505/1338
f 1409/1409/1339 1505/1505/1339 1506/1506/1339
f 1507/1507/1340 1508/1508/1341 1509/1509/1341
f 1507/1507/1340 1509/1509/1341 1510/1510/1342
f 1511/1511/1343 1479/1479/1315 1482/1482/1318
f 1511/1511/1343 1482/1482/1318 1512/1512/1343
f 1406/1406/1344 1414/1414/1344 1513/1513/1344
f 1406/1406/1345 1513/1513/1345 1514/1514/1345
f 1515/1515/1346 1516/1516/1347 1517/1517/1348
f 1515/1515/1346 1517/1517/1348 1518/1518/1346
f 1215/1215/1349 1214/1214/1349 1519/1519/1349
f 1215/1215/1350 1519/1519/1350 1520/1520/1350
f 1521/1521/1351 1362/1362/1203 1365/1365/1205
f 1521/1521/1351 1365/1365/1205 1522/1522/1352
f 1208/1208/1353 1207/1207/1354 1523/1523/1354
f 1208/1208/1353 1523/1523/1354 1524/1524/1355
f 1525/1525/1356 1526/1526/1356 1527/1527/1356
f 1525/1525/1357 1527/1527/1357 1528/1528/1357
f 1529/1529/1358 1483/1483/1319 1486/1486/1321
f 1529/1529/1358 1486/1486/1321 1530/1530/1359
f 1197/1197/1207 1196/1196/1360 1531/1531/1361
f 1197/1197/1207 1531/1531/1361 1367/1367/1207
f 1203/1203/1362 1369/1369/1362 1532/1532/1362
f 1203/1203/1363 1532/1532/1363 1533/1533/1363
f 1370/1370/1364 1347/1347/1194 1350/1350/1196
f 1370/1370/1364 1350/1350/1196 1534/1534/1365
f 1535/1535/1366 1536/1536/1367 1537/1537/1367
f 1535/1535/1366 1537/1537/1367 1538/1538/1366
f 1374/1374/1368 1373/1373/1368 1539/1539/1368
f 1374/1374/1369 1539/1539/1369 1540/1540/1369
f 1445/1445/1281 1541/1541/1370 1542/1542/1370
f 1445/1445/1281 1542/1542/1370 1434/1434/1282
f 1543/1543/1371 1544/1544/1372 1545/1545/1373
f 1543/1543/1371 1545/1545/1373 1546/1546/1374
f 1547/1547/1375 1548/1548/1375 1549/1549/1375
f 1547/1547/1376 1549/1549/1376 1550/1550/1376
f 1551/1551/1377 1448/1448/1286 1425/1425/1289
f 1551/1551/1377 1425/1425/1289 1552/1552/1378
f 1544/1544/1372 1553/1553/1379 1554/1554/1379
f 1544/1544/1372 1554/1554/1379 1545/1545/1373
f 1382/1382/1380 1381/1381/1380 1555/1555/1380
f 1382/1382/1381 1555/1555/1381 1556/1556/1381
f 1557/1557/1382 1558/1558/1383 1559/1559/1383
f 1557/1557/1382 1559/1559/1383 1560/1560/1384
f 1380/1380/1385 1385/1385/1385 1561/1561/1385
f 1380/1380/1386 1561/1561/1386 1562/1562/1386
f 1563/1563/1387 1507/1507/1340 1510/1510/1342
f 1563/1563/1387 1510/1510/1342 1564/1564/1387
f 1565/1565/1388 1557/1557/1382 1560/1560/1384
f 1565/1565/1388 1560/1560/1384 1566/1566/1389
f 1567/1567/1390 1568/1568/1391 1569/1569/1392
f 1567/1567/1390 1569/1569/1392 1570/1570/1390
f 1516/1516/1347 1571/1571/1393 1572/1572/1394
f 1516/1516/1347 1572/1572/1394 1517/1517/1348
f 1568/1568/1391 1573/1573/1395 1574/1574/1395
f 1568/1568/1391 1574/1574/1395 1569/1569/1392
f 1393/1393/1396 1392/1392/1396 1575/1575/1396
f 1393/1393/1397 1575/1575/1397 1576/1576/1397
f 1389/1389/1398 1208/1208/1353 1524/1524/1355
f 1389/1389/1398 1524/1524/1355 1577/1577/1398
f 1391/1391/1399 1394/1394/1399 1578/1578/1399
f 1391/1391/1400 1578/1578/1400 1579/1579/1400
f 1580/1580/1401 1475/1475/1313 1478/1478/1313
f 1580/1580/1401 1478/1478/1313 1581/1581/1401
f 1196/1196/1360 1396/1396/1402 1582/1582/1402
f 1196/1196/1360 1582/1582/1402 1531/1531/1361
f 1397/1397/1403 1377/1377/1404 1583/1583/1405
f 1397/1397/1403 1583/1583/1405 1584/1584/1406
f 1399/1399/1407 1398/1398/1407 1585/1585/1407
f 1399/1399/1408 1585/1585/1408 1586/1586/1408
f 1587/1587/1409 1535/1535/1366 1538/1538/1366
f 1587/1587/1409 1538/1538/1366 1588/1588/1409
f 1400/1400/1410 1397/1397/1403 1584/1584/1406
f 1400/1400/1410 1584/1584/1406 1589/1589/1411
f 1590/1590/1412 1591/1591/1412 1592/1592/1412
f 1590/1590/1413 1592/1592/1413 1593/1593/1413
f 1371/1371/1414 1402/1402/1414 1594/1594/1414
f 1371/1371/1415 1594/1594/1415 1595/1595/1415
f 1596/1596/1416 1597/1597/1417 1598/1598/1418
f 1596/1596/1416 1598/1598/1418 1599/1599/1419
f 1600/1600/1420 1487/1487/1322 1490/1490/1325
f 1600/1600/1420 1490/1490/1325 1601/1601/1420
f 1597/1597/1417 1602/1602/1421 1603/1603/1421
f 1597/1597/1417 1603/1603/1421 1598/1598/1418
f 1604/1604/762 1605/1605/762 1606/1606/762
f 1607/1607/762 1608/1608/762 1609/1609/762
f 1610/1610/762 1611/1611/762 1612/1612/762
f 1613/1613/762 1614/1614/762 1615/1615/762
f 1616/1616/1422 1617/1617/1422 1618/1618/1422
f 1619/1619/762 1620/1620/762 1621/1621/762
f 1622/1622/1045 1460/1460/1046 1623/1623/1046
f 1622/1622/1045 1623/1623/1046 1624/1624/1045
f 1454/1454/1423 1429/1429/1424 1432/1432/1424
f 1454/1454/1423 1432/1432/1424 1625/1625/1423
f 1426/1426/1044 1626/1626/1425 1627/1627/1425
f 1426/1426/1044 1627/1627/1425 1427/1427/1044
f 1460/1460/1046 1459/1459/1050 1628/1628/1050
f 1460/1460/1046 1628/1628/1050 1623/1623/1046
f 1509/1509/1426 1629/1629/1426 1630/1630/1426
f 1509/1509/1427 1630/1630/1427 1631/1631/1427
f 1632/1632/1428 1566/1566/1428 1633/1633/1428
f 1632/1632/1428 1633/1633/1428 1634/1634/1428
f 1459/1459/1429 1465/1465/1429 1635/1635/1429
f 1459/1459/1429 1635/1635/1429 1628/1628/1429
f 1636/1636/1430 1522/1522/739 1637/1637/739
f 1636/1636/1430 1637/1637/739 1638/1638/1430
f 1470/1470/1431 1469/1469/1432 1639/1639/1432
f 1470/1470/1431 1639/1639/1432 1640/1640/1431
f 1641/1641/1433 1528/1528/1433 1642/1642/1433
f 1641/1641/1433 1642/1642/1433 1643/1643/1433
f 1644/1644/1434 1502/1502/1435 1645/1645/1435
f 1644/1644/1434 1645/1645/1435 1646/1646/1434
f 1478/1478/1015 1477/1477/1062 1647/1647/1062
f 1478/1478/1015 1647/1647/1062 1648/1648/1015
f 1482/1482/1063 1481/1481/1436 1649/1649/1437
f 1482/1482/1063 1649/1649/1437 1650/1650/1063
f 1486/1486/1438 1485/1485/1438 1651/1651/1438
f 1486/1486/1438 1651/1651/1438 1652/1652/1438
f 1490/1490/1029 1489/1489/1439 1653/1653/1439
f 1490/1490/1029 1653/1653/1439 1654/1654/1029
f 1549/1549/1440 1655/1655/1440 1656/1656/1440
f 1549/1549/1441 1656/1656/1441 1657/1657/1441
f 1496/1496/1442 1495/1495/1442 1658/1658/1442
f 1496/1496/1443 1658/1658/1443 1659/1659/1443
f 1592/1592/1444 1660/1660/1444 1661/1661/1444
f 1592/1592/1445 1661/1661/1445 1662/1662/1445
f 1502/1502/1435 1501/1501/1446 1663/1663/1446
f 1502/1502/1435 1663/1663/1446 1645/1645/1435
f 1495/1495/1447 1504/1504/1448 1664/1664/1449
f 1495/1495/1447 1664/1664/1449 1658/1658/1447
f 1665/1665/1450 1599/1599/1451 1666/1666/1451
f 1665/1665/1450 1666/1666/1451 1667/1667/1450
f 1510/1510/1452 1509/1509/1453 1631/1631/1453
f 1510/1510/1452 1631/1631/1453 1668/1668/1452
f 1512/1512/1454 1482/1482/1063 1650/1650/1063
f 1512/1512/1454 1650/1650/1063 1669/1669/1454
f 1670/1670/1455 1454/1454/1423 1625/1625/1423
f 1670/1670/1455 1625/1625/1423 1671/1671/1455
f 1518/1518/1456 1517/1517/1456 1672/1672/1456
f 1518/1518/1457 1672/1672/1457 1673/1673/1457
f 1674/1674/1458 1512/1512/1458 1669/1669/1458
f 1674/1674/1459 1669/1669/1459 1675/1675/1459
f 1522/1522/739 1365/1365/1460 1676/1676/1460
f 1522/1522/739 1676/1676/1460 1637/1637/739
f 1677/1677/1461 1354/1354/1461 1442/1442/1461
f 1677/1677/1462 1442/1442/1462 1678/1678/1462
f 1528/1528/1463 1527/1527/733 1679/1679/733
f 1528/1528/1463 1679/1679/733 1642/1642/1463
f 1530/1530/729 1486/1486/730 1652/1652/730
f 1530/1530/729 1652/1652/730 1680/1680/729
f 1681/1681/977 1682/1682/1464 1683/1683/1464
f 1681/1681/977 1683/1683/1464 1684/1684/977
f 1527/1527/733 1685/1685/980 1686/1686/980
f 1527/1527/733 1686/1686/980 1679/1679/733
f 1504/1504/1448 1687/1687/1465 1688/1688/1465
f 1504/1504/1448 1688/1688/1465 1664/1664/1449
f 1538/1538/983 1537/1537/1466 1689/1689/1466
f 1538/1538/983 1689/1689/1466 1690/1690/983
f 1691/1691/1467 1550/1550/1467 1692/1692/1467
f 1691/1691/1467 1692/1692/1467 1693/1693/1467
f 1434/1434/1273 1542/1542/987 1694/1694/987
f 1434/1434/1273 1694/1694/987 1435/1435/986
f 1546/1546/1468 1545/1545/1469 1695/1695/1469
f 1546/1546/1468 1695/1695/1469 1696/1696/1468
f 1550/1550/1470 1549/1549/1470 1657/1657/1470
f 1550/1550/1471 1657/1657/1471 1692/1692/1471
f 1552/1552/1472 1425/1425/1472 1428/1428/1472
f 1552/1552/1473 1428/1428/1473 1697/1697/1473
f 1545/1545/1474 1554/1554/1474 1698/1698/1474
f 1545/1545/1475 1698/1698/1475 1695/1695/1475
f 1501/1501/1476 1699/1699/1476 1700/1700/1476
f 1501/1501/1477 1700/1700/1477 1663/1663/1477
f 1560/1560/1478 1559/1559/1478 1701/1701/1478
f 1560/1560/1479 1701/1701/1479 1702/1702/1479
f 1703/1703/1480 1570/1570/1480 1704/1704/1480
f 1703/1703/1480 1704/1704/1480 1705/1705/1480
f 1564/1564/1000 1510/1510/1452 1668/1668/1452
f 1564/1564/1000 1668/1668/1452 1706/1706/1000
f 1566/1566/1481 1560/1560/1481 1702/1702/1481
f 1566/1566/1481 1702/1702/1481 1633/1633/1481
f 1570/1570/1482 1569/1569/1483 1707/1707/1483
f 1570/1570/1482 1707/1707/1483 1704/1704/1482
f 1517/1517/1005 1572/1572/1484 1708/1708/1484
f 1517/1517/1005 1708/1708/1484 1672/1672/1005
f 1569/1569/1483 1574/1574/1485 1709/1709/1485
f 1569/1569/1483 1709/1709/1485 1707/1707/1483
f 1469/1469/1486 1710/1710/1486 1711/1711/1486
f 1469/1469/1487 1711/1711/1487 1639/1639/1487
f 1572/1572/1484 1712/1712/1011 1713/1713/1488
f 1572/1572/1484 1713/1713/1488 1708/1708/1484
f 1714/1714/1489 1470/1470/1431 1640/1640/1431
f 1714/1714/1489 1640/1640/1431 1715/1715/1489
f 1581/1581/1490 1478/1478/1015 1648/1648/1015
f 1581/1581/1490 1648/1648/1015 1716/1716/1490
f 1717/1717/1491 1588/1588/1492 1718/1718/1493
f 1717/1717/1491 1718/1718/1493 1719/1719/1491
f 1720/1720/1494 1546/1546/1468 1696/1696/1468
f 1720/1720/1494 1696/1696/1468 1721/1721/1494
f 1722/1722/1019 1593/1593/1020 1723/1723/1020
f 1722/1722/1019 1723/1723/1020 1724/1724/1019
f 1588/1588/1492 1538/1538/983 1690/1690/983
f 1588/1588/1492 1690/1690/983 1718/1718/1493
f 1477/1477/1495 1725/1725/1495 1726/1726/1495
f 1477/1477/1496 1726/1726/1496 1647/1647/1496
f 1593/1593/1020 1592/1592/1023 1662/1662/1023
f 1593/1593/1020 1662/1662/1023 1723/1723/1020
f 1727/1727/1497 1601/1601/1497 1728/1728/1497
f 1727/1727/1498 1728/1728/1498 1729/1729/1498
f 1599/1599/1451 1598/1598/1026 1730/1730/1026
f 1599/1599/1451 1730/1730/1026 1666/1666/1451
f 1601/1601/1499 1490/1490/1029 1654/1654/1029
f 1601/1601/1499 1654/1654/1029 1728/1728/1499
f 1598/1598/1500 1603/1603/1500 1731/1731/1500
f 1598/1598/1500 1731/1731/1500 1730/1730/1500
f 1360/1360/1031 1681/1681/977 1684/1684/977
f 1360/1360/1031 1684/1684/977 1732/1732/1031
f 1365/1365/1501 1364/1364/1501 1733/1733/1501
f 1365/1365/1502 1733/1733/1502 1676/1676/1502
f 1361/1361/1503 1360/1360/1503 1732/1732/1503
f 1361/1361/1504 1732/1732/1504 1734/1734/1504
f 1735/1735/1035 1530/1530/729 1680/1680/729
f 1735/1735/1035 1680/1680/729 1736/1736/1035
f 370/370/370 298/298/298 411/411/411
f 370/370/370 411/411/411 462/462/462
f 364/364/364 370/370/370 462/462/462
f 364/364/364 462/462/462 448/448/448
f 368/368/368 216/216/216 414/414/414
f 368/368/368 414/414/414 461/461/461
f 380/380/380 382/382/382 460/460/460
f 380/380/380 460/460/460 413/413/413
f 400/400/400 404/404/404 419/419/419
f 400/400/400 419/419/419 459/459/459
f 398/398/398 400/400/400 459/459/459
f 398/398/398 459/459/459 418/418/418
f 306/306/306 305/305/305 422/422/422
f 306/306/306 422/422/422 458/458/458
f 325/325/325 396/396/396 457/457/457
f 325/325/325 457/457/457 421/421/421
f 384/384/384 362/362/362 425/425/425
f 384/384/384 425/425/425 456/456/456
f 281/281/281 384/384/384 456/456/456
f 281/281/281 456/456/456 424/424/424
f 227/227/227 372/372/372 428/428/428
f 227/227/227 428/428/428 455/455/455
f 228/228/228 227/227/227 455/455/455
f 228/228/228 455/455/455 427/427/427
f 376/376/376 375/375/375 431/431/431
f 376/376/376 431/431/431 454/454/454
f 378/378/378 376/376/376 454/454/454
f 378/378/378 454/454/454 453/453/453
f 208/208/208 207/207/207 434/434/434
f 208/208/208 434/434/434 452/452/452
f 301/301/301 208/208/208 452/452/452
f 301/301/301 452/452/452 433/433/433
f 358/358/358 357/357/357 437/437/437
f 358/358/358 437/437/437 451/451/451
f 388/388/388 358/358/358 451/451/451
f 388/388/388 451/451/451 436/436/436
f 402/402/402 1737/1737/1505 440/440/440
f 402/402/402 440/440/440 450/450/450
f 345/345/345 402/402/402 450/450/450
f 345/345/345 450/450/450 439/439/439
f 393/393/393 354/354/354 444/444/444
f 393/393/393 444/444/444 449/449/449
f 394/394/394 393/393/393 449/449/449
f 394/394/394 449/449/449 443/443/443
f 255/255/255 364/364/364 448/448/448
f 255/255/255 448/448/448 447/447/447
f 256/256/256 255/255/255 447/447/447
f 256/256/256 447/447/447 446/446/446
f 353/353/353 256/256/256 446/446/446
f 353/353/353 446/446/446 445/445/445
f 354/354/354 353/353/353 445/445/445
f 354/354/354 445/445/445 444/444/444
f 1738/1738/1506 394/394/394 443/443/443
f 1738/1738/1506 443/443/443 442/442/442
f 1737/1737/1505 1739/1739/1507 441/441/441
f 1737/1737/1505 441/441/441 440/440/440
f 346/346/346 345/345/345 439/439/439
f 346/346/346 439/439/439 438/438/438
f 357/357/357 346/346/346 438/438/438
f 357/357/357 438/438/438 437/437/437
f 366/366/366 388/388/388 436/436/436
f 366/366/366 436/436/436 435/435/435
f 207/207/207 366/366/366 435/435/435
f 207/207/207 435/435/435 434/434/434
f 302/302/302 301/301/301 433/433/433
f 302/302/302 433/433/433 432/432/432
f 375/375/375 302/302/302 432/432/432
f 375/375/375 432/432/432 431/431/431
f 330/330/330 329/329/329 430/430/430
f 330/330/330 430/430/430 429/429/429
f 372/372/372 330/330/330 429/429/429
f 372/372/372 429/429/429 428/428/428
f 361/361/361 228/228/228 427/427/427
f 361/361/361 427/427/427 426/426/426
f 362/362/362 361/361/361 426/426/426
f 362/362/362 426/426/426 425/425/425
f 282/282/282 281/281/281 424/424/424
f 282/282/282 424/424/424 423/423/423
f 305/305/305 282/282/282 423/423/423
f 305/305/305 423/423/423 422/422/422
f 326/326/326 325/325/325 421/421/421
f 326/326/326 421/421/421 420/420/420
f 404/404/404 326/326/326 420/420/420
f 404/404/404 420/420/420 419/419/419
f 390/390/390 398/398/398 418/418/418
f 390/390/390 418/418/418 417/417/417
f 386/386/386 390/390/390 417/417/417
f 386/386/386 417/417/417 416/416/416
f 215/215/215 386/386/386 416/416/416
f 215/215/215 416/416/416 415/415/415
f 216/216/216 215/215/215 415/415/415
f 216/216/216 415/415/415 414/414/414
f 297/297/297 380/380/380 413/413/413
f 297/297/297 413/413/413 412/412/412
f 298/298/298 297/297/297 412/412/412
f 298/298/298 412/412/412 411/411/411
f 1740/1740/1508 1741/1741/1508 1742/1742/1508
f 1605/1605/762 1743/1743/762 1744/1744/762
f 1744/1744/762 1745/1745/762 1605/1605/762
f 1745/1745/762 1606/1606/762 1605/1605/762
f 1606/1606/762 1746/1746/762 1747/1747/762
f 1747/1747/1509 1748/1748/1509 1606/1606/1509
f 1748/1748/762 1749/1749/762 1606/1606/762
f 1749/1749/762 1750/1750/762 1604/1604/762
f 1604/1604/762 1751/1751/762 1605/1605/762
f 1749/1749/762 1604/1604/762 1606/1606/762
f 1609/1609/1510 1752/1752/1510 1607/1607/1510
f 1752/1752/1511 1753/1753/1511 1607/1607/1511
f 1753/1753/1512 1754/1754/1512 1607/1607/1512
f 1607/1607/762 1755/1755/762 1756/1756/762
f 1756/1756/762 1757/1757/762 1607/1607/762
f 1757/1757/762 1608/1608/762 1607/1607/762
f 1608/1608/762 1758/1758/762 1609/1609/762
f 1758/1758/762 1759/1759/762 1609/1609/762
f 1759/1759/1513 1760/1760/1513 1609/1609/1513
f 1612/1612/762 1761/1761/762 1762/1762/762
f 1762/1762/762 1763/1763/762 1612/1612/762
f 1763/1763/762 1764/1764/762 1612/1612/762
f 1764/1764/762 1765/1765/762 1610/1610/762
f 1610/1610/762 1766/1766/762 1611/1611/762
f 1611/1611/1514 1767/1767/1514 1768/1768/1514
f 1768/1768/762 1769/1769/762 1611/1611/762
f 1769/1769/1515 1612/1612/1515 1611/1611/1515
f 1764/1764/762 1610/1610/762 1612/1612/762
f 1614/1614/762 1770/1770/762 1771/1771/762
f 1771/1771/762 1772/1772/762 1614/1614/762
f 1772/1772/1516 1615/1615/1516 1614/1614/1516
f 1615/1615/1517 1773/1773/1517 1774/1774/1517
f 1774/1774/762 1775/1775/762 1615/1615/762
f 1775/1775/762 1776/1776/762 1615/1615/762
f 1776/1776/762 1777/1777/762 1613/1613/762
f 1613/1613/762 1778/1778/762 1614/1614/762
f 1776/1776/762 1613/1613/762 1615/1615/762
f 1618/1618/1518 1779/1779/1518 1780/1780/1518
f 1780/1780/762 1781/1781/762 1782/1782/762
f 1782/1782/762 1783/1783/762 1616/1616/762
f 1783/1783/762 1784/1784/762 1616/1616/762
f 1784/1784/762 1785/1785/762 1616/1616/762
f 1616/1616/1519 1786/1786/1519 1617/1617/1519
f 1617/1617/762 1787/1787/762 1618/1618/762
f 1618/1618/762 1780/1780/762 1616/1616/762
f 1780/1780/762 1782/1782/762 1616/1616/762
f 1620/1620/762 1788/1788/762 1621/1621/762
f 1788/1788/762 1789/1789/762 1621/1621/762
f 1789/1789/1520 1790/1790/1520 1621/1621/1520
f 1621/1621/1521 1791/1791/1521 1792/1792/1521
f 1792/1792/762 1793/1793/762 1794/1794/762
f 1794/1794/762 1795/1795/762 1619/1619/762
f 1619/1619/762 1796/1796/762 1620/1620/762
f 1621/1621/762 1792/1792/762 1794/1794/762
f 1794/1794/762 1619/1619/762 1621/1621/762
f 1797/1797/1522 1798/1798/1523 1799/1799/1522
f 1799/1799/1508 1800/1800/1508 1801/1801/1508
f 1800/1800/1508 1802/1802/1508 1801/1801/1508
f 1801/1801/1524 1803/1803/1525 1804/1804/1526
f 1804/1804/1526 1805/1805/1527 1806/1806/1528
f 1806/1806/1528 1807/1807/1529 1808/1808/1530
f 1741/1741/1531 1806/1806/1531 1808/1808/1531
f 1741/1741/1508 1809/1809/1508 1810/1810/1508
f 1809/1809/1532 1811/1811/1533 1812/1812/1532
f 1812/1812/1508 1813/1813/1508 1814/1814/1508
f 1814/1814/1534 1810/1810/1534 1812/1812/1534
f 1810/1810/1508 1815/1815/1508 1741/1741/1508
f 1815/1815/1535 1816/1816/1536 1817/1817/1537
f 1742/1742/1538 1815/1815/1535 1818/1818/1539
f 1817/1817/1537 1818/1818/1539 1815/1815/1535
f 1818/1818/1539 1819/1819/1540 1742/1742/1538
f 1742/1742/1541 1820/1820/1541 1821/1821/1541
f 1821/1821/1542 1822/1822/1543 1823/1823/1542
f 1823/1823/1508 1824/1824/1508 1821/1821/1508
f 1824/1824/1508 1825/1825/1508 1821/1821/1508
f 1825/1825/1544 1826/1826/1544 1740/1740/1544
f 1740/1740/1508 1827/1827/1508 1828/1828/1508
f 1827/1827/1545 1829/1829/1546 1828/1828/1545
f 1829/1829/1546 1830/1830/1546 1828/1828/1545
f 1828/1828/1508 1831/1831/1508 1832/1832/1508
f 1831/1831/1547 1833/1833/1548 1834/1834/1549
f 1832/1832/1550 1834/1834/1549 1835/1835/1551
f 1831/1831/1547 1834/1834/1549 1832/1832/1550
f 1832/1832/1508 1836/1836/1508 1828/1828/1508
f 1836/1836/1552 1837/1837/1553 1838/1838/1554
f 1838/1838/1554 1839/1839/1555 1840/1840/1556
f 1840/1840/1556 1841/1841/1557 1838/1838/1554
f 1841/1841/1558 1797/1797/1558 1740/1740/1558
f 1838/1838/1559 1841/1841/1559 1740/1740/1559
f 1797/1797/1508 1799/1799/1508 1804/1804/1508
f 1804/1804/1508 1799/1799/1508 1801/1801/1508
f 1797/1797/1508 1804/1804/1508 1806/1806/1508
f 1806/1806/1560 1741/1741/1560 1797/1797/1560
f 1809/1809/1561 1812/1812/1561 1810/1810/1561
f 1815/1815/1508 1742/1742/1508 1741/1741/1508
f 1742/1742/1508 1821/1821/1508 1825/1825/1508
f 1825/1825/1508 1740/1740/1508 1742/1742/1508
f 1836/1836/1508 1838/1838/1508 1828/1828/1508
f 1797/1797/1562 1741/1741/1562 1740/1740/1562
f 1740/1740/1508 1828/1828/1508 1838/1838/1508
# Vertices: 1641, normals: 1362, texture coordinates: 1641, faces: 1870

