# File generated by ImageToStl.com - Free Image and 3D model conversion tools

mtllib forearm.mtl

o obj1
v 0.04628174 -0.01883188 0.65391223
v 0.04182892 -0.02732607 0.65391133
v 0.04189996 -0.02737877 0.65391133
v 0.0463606 -0.01886998 0.65391223
v 0.04978923 -0.03255277 0.24504948
v 0.04253148 -0.04155867 0.24504938
v 0.04407226 -0.04306987 0.20788008
v 0.05159418 -0.03373657 0.20788008
v 0.0357347 -0.03488817 0.65391133
v 0.02825581 -0.04115037 0.65391203
v 0.02830391 -0.04122647 0.65391203
v 0.03579544 -0.03495367 0.65391133
v -0.04161279 0.02747005 0.65391133
v -0.03548025 0.03504638 0.65391133
v -0.03554074 0.03510045 0.65391133
v -0.0416842 0.02751118 0.65391133
v 0.04198138 0.02714789 0.65391223
v 0.04643016 0.01852363 0.65391113
v 0.04650889 0.01854944 0.65391113
v 0.04205327 0.02718842 0.65391223
v 0.0357347 -0.03488817 0.65391133
v 0.03579544 -0.03495367 0.65391133
v -0.04610603 0.01893979 0.65391103
v -0.0461847 0.01896631 0.65391103
v 0.04902963 -0.00970148 0.65391133
v 0.04911356 -0.00972388 0.65391133
v -0.04887669 0.00976002 0.65391103
v -0.04896007 0.00977081 0.65391103
v 0.04999541 -0.00016788 0.65391223
v 0.05008028 -0.00017408 0.65391223
v -0.04984455 0.00018572 0.65391103
v -0.0499296 0.00018022 0.65391103
v 0.04910927 0.00932318 0.65391223
v 0.04919307 0.00933325 0.65391223
v -0.0489419 -0.00935698 0.65391013
v -0.049026 -0.00937878 0.65391013
v -0.04175483 -0.02721347 0.65391113
v -0.04622667 -0.01859798 0.65391033
v -0.04630618 -0.01863568 0.65391033
v -0.04182611 -0.02726587 0.65391113
v 0.03589974 0.03476398 0.65391213
v 0.0359612 0.0348175 0.65391213
v -0.03560679 -0.03486317 0.65391133
v -0.03566752 -0.03492857 0.65391133
v 0.02838163 0.0411139 0.65391203
v 0.02842991 0.04117833 0.65391203
v -0.0280367 -0.04119667 0.65391133
v -0.02808486 -0.04127297 0.65391133
v 0.01968812 0.04590409 0.65391203
v 0.01972192 0.04597662 0.65391203
v -0.01930302 -0.04595057 0.65391143
v -0.01933622 -0.04603497 0.65391143
v 0.01016116 0.04889201 0.65391173
v 0.01968812 0.04590409 0.65391203
v 0.01972192 0.04597662 0.65391203
v 0.01017796 0.04896937 0.65391173
v -0.00975168 -0.04888057 0.65391153
v -0.01930302 -0.04595057 0.65391143
v -0.01933622 -0.04603497 0.65391143
v -0.00976854 -0.04896997 0.65391153
v -0.00974512 0.04894422 0.65391153
v 0.00020547 0.04989044 0.65391173
v 0.00020558 0.0499702 0.65391173
v -0.00976199 0.04902206 0.65391153
v 0.00020547 0.04989044 0.65391173
v 0.00020558 0.0499702 0.65391173
v 0.01013875 -0.04884937 0.65391173
v 0.00020401 -0.04987787 0.65391163
v 0.00020412 -0.04996907 0.65391163
v 0.01015621 -0.04893867 0.65391173
v -0.01925987 0.04601877 0.65391133
v -0.01929301 0.04609124 0.65391133
v 0.01961791 -0.04588297 0.65391153
v 0.01965117 -0.04596727 0.65391153
v -0.02794681 0.04130821 0.65391143
v -0.02799498 0.04137294 0.65391143
v -0.02794681 0.04130821 0.65391143
v -0.02799498 0.04137294 0.65391143
v 0.06244878 0.0118528 0.18913688
v 0.06357662 -0.00022368 0.18913688
v 0.06660549 -0.00023488 0.17039248
v 0.06542425 0.01241827 0.17039248
v -0.05493622 0.02254748 0.24504888
v -0.04958515 0.03270654 0.24504918
v -0.05139278 0.03389518 0.20788008
v -0.05693834 0.0233668 0.20787968
v 0.05836545 -0.01156268 0.24504938
v 0.05509238 -0.02243647 0.24505038
v 0.05709015 -0.02325247 0.20788118
v 0.06048213 -0.01198338 0.20788008
v -0.05823599 0.01161486 0.24504918
v -0.06035773 0.01203674 0.20787998
v 0.05951487 -0.00020878 0.24505058
v 0.06167375 -0.00021668 0.20788138
v -0.05938832 0.00021252 0.24504918
v -0.06155269 0.00021982 0.20787998
v 0.05845962 0.01109463 0.24505058
v 0.06058012 0.01149755 0.20788138
v -0.05831359 -0.01115238 0.24504798
v -0.06043886 -0.01155818 0.20787868
v 0.05526917 0.02205187 0.24504918
v 0.05727302 0.02285313 0.20788008
v -0.04975431 -0.03241857 0.24504918
v -0.05508028 -0.02215787 0.24504818
v -0.05708759 -0.02296387 0.20787898
v -0.05156808 -0.03359737 0.20787998
v 0.04272847 0.04139315 0.24505038
v 0.04997133 0.03232281 0.24505048
v 0.05178259 0.0334975 0.20788128
v 0.0442767 0.04289793 0.20788118
v -0.042432 -0.04152887 0.24504918
v -0.04397993 -0.04303887 0.20788008
v 0.03377406 0.04895572 0.24505028
v 0.04272847 0.04139315 0.24505038
v 0.0442767 0.04289793 0.20788118
v 0.03499715 0.05073498 0.20788098
v -0.03341644 -0.04907177 0.24504938
v -0.042432 -0.04152887 0.24504918
v -0.04397993 -0.04303887 0.20788008
v -0.03463624 -0.05085607 0.20788008
v 0.02342098 0.05466043 0.24505008
v 0.02426773 0.05664675 0.20788088
v -0.02301532 -0.05473337 0.24504948
v -0.02385675 -0.05672347 0.20788028
v 0.01207453 0.05821852 0.24504998
v 0.01250869 0.06033491 0.20788068
v -0.01164025 -0.05822287 0.24504968
v -0.01206851 -0.06033977 0.20788038
v -0.01163244 0.05828105 0.24504968
v 0.00021814 0.05940805 0.24504978
v 0.00022102 0.06156723 0.20788068
v -0.0120604 0.06039976 0.20788038
v 0.01204854 -0.05818567 0.24504978
v 0.00021641 -0.05941067 0.24504978
v 0.00021921 -0.06157067 0.20788058
v 0.01248151 -0.06030127 0.20788068
v -0.022964 0.05479662 0.24504938
v -0.02380383 0.05678831 0.20788008
v 0.0233373 -0.05465297 0.24504968
v 0.02418059 -0.05664007 0.20788038
v -0.0333101 0.04918699 0.24504948
v -0.03452604 0.05097477 0.20788008
v 0.03362446 -0.04901667 0.24505028
v 0.03484188 -0.05079887 0.20788088
v -0.04228126 0.0417295 0.24504938
v -0.0333101 0.04918699 0.24504948
v -0.03452604 0.05097477 0.20788008
v -0.04382353 0.04324631 0.20788008
v 0.03362446 -0.04901667 0.24505028
v 0.03484188 -0.05079887 0.20788088
v 0.04238008 0.06147848 0.12994529
v 0.05362461 0.05198149 0.12994549
v 0.05388843 0.05223756 0.12811139
v 0.04258816 0.06178133 0.12811129
v -0.06231175 -0.01191588 0.18913408
v -0.06346039 0.00022632 0.18913538
v -0.06649707 0.00023672 0.17039088
v -0.06529395 -0.01248528 0.17038948
v 0.05903994 0.02355957 0.18913558
v 0.06185202 0.02468395 0.17039118
v -0.05316703 -0.03463667 0.18913548
v -0.05885731 -0.02367417 0.18913448
v -0.06167381 -0.02480497 0.17038998
v -0.05571221 -0.03629087 0.17039098
v 0.04564159 0.04422383 0.18913668
v 0.05337994 0.03453307 0.18913678
v 0.05592196 0.03618144 0.17039248
v 0.04781418 0.04633527 0.17039228
v -0.04534422 -0.04437007 0.18913558
v -0.04751568 -0.04648907 0.17039118
v 0.0360751 0.0523039 0.18913658
v 0.04564159 0.04422383 0.18913668
v 0.04781418 0.04633527 0.17039228
v 0.03779088 0.05480073 0.17039218
v -0.03571193 -0.05242897 0.18913568
v -0.04534422 -0.04437007 0.18913558
v -0.04751568 -0.04648907 0.17039118
v -0.03742366 -0.05493277 0.17039128
v 0.02501385 0.05839817 0.18913648
v 0.02620153 0.061186 0.17039198
v -0.02459913 -0.05847787 0.18913588
v -0.02578031 -0.06127047 0.17039138
v 0.01289129 0.06220017 0.18913628
v 0.01350015 0.06516938 0.17039188
v -0.01244562 -0.06220587 0.18913598
v -0.01304686 -0.06517657 0.17039138
v -0.01243764 0.06226681 0.18913598
v 0.00022355 0.06347106 0.18913618
v 0.00022758 0.06650119 0.17039168
v -0.01303786 0.06523953 0.17039138
v 0.01286298 -0.06216627 0.18913618
v 0.0002217 -0.06347507 0.18913608
v 0.00022564 -0.06650617 0.17039168
v 0.01347059 -0.06513497 0.17039168
v -0.02454406 0.0585442 0.18913568
v -0.02572279 0.06133925 0.17039128
v 0.02492398 -0.05839177 0.18913598
v 0.02610742 -0.06118037 0.17039138
v -0.03559797 0.05255114 0.18913568
v -0.03730439 0.05505978 0.17039128
v 0.03591464 -0.05237007 0.18913658
v 0.03762279 -0.05487107 0.17039198
v -0.04518317 0.04458355 0.18913568
v -0.03559797 0.05255114 0.18913568
v -0.03730439 0.05505978 0.17039128
v -0.04734682 0.04671143 0.17039128
v 0.05885123 -0.02397187 0.18913678
v 0.05318569 -0.03478007 0.18913568
v 0.05571847 -0.03644117 0.17039128
v 0.0616542 -0.02511687 0.17039228
v 0.04543082 -0.04440197 0.18913568
v 0.03591464 -0.05237007 0.18913658
v 0.03762279 -0.05487107 0.17039198
v 0.0475937 -0.04652247 0.17039128
v -0.05298631 0.03494303 0.18913558
v -0.05552267 0.03661095 0.17039118
v -0.05870347 0.02408909 0.18913528
v -0.06151263 0.02523881 0.17039078
v 0.06234775 -0.01235418 0.18913558
v 0.06531839 -0.01294458 0.17039118
v -0.06222861 0.01240861 0.18913538
v -0.06520669 0.01300066 0.17039088
v -0.01471704 0.07355033 0.12638329
v 0.00023885 0.07497273 0.12638349
v 0.00023885 0.07497273 0.10511059
v -0.01471704 0.07355039 0.10511039
v -0.04200201 -0.06162937 0.12994429
v -0.05332427 -0.05215647 0.12994419
v -0.05358724 -0.05241347 0.12811009
v -0.04220961 -0.06193297 0.12811019
v 0.02937816 0.06864242 0.12994519
v 0.02952217 0.0689805 0.12811109
v -0.02893947 -0.06873947 0.12994429
v -0.0290827 -0.06907817 0.12811039
v 0.01512861 0.07311128 0.12994499
v 0.01520246 0.07347141 0.12811099
v -0.01465404 -0.07312156 0.12994439
v -0.01472657 -0.07348196 0.12811039
v -0.0146439 0.07318984 0.12994449
v 0.00023836 0.07460503 0.12994479
v 0.00023885 0.07497273 0.12811079
v -0.01471704 0.07355039 0.12811059
v 0.01509565 -0.07307496 0.12994479
v 0.00023618 -0.07461336 0.12994479
v 0.00023666 -0.07498096 0.12811059
v 0.01516932 -0.07343496 0.12811079
v -0.02887498 0.06881408 0.12994429
v -0.02901791 0.06915324 0.12811009
v -0.06920825 -0.02782957 0.12994279
v -0.07326917 -0.01400818 0.12994239
v -0.07363085 -0.01407728 0.12810829
v -0.06954984 -0.02796667 0.12810869
v 0.02927254 -0.06863847 0.12994449
v 0.02941607 -0.06897657 0.12811049
v -0.04186814 0.06176911 0.12994439
v -0.04207472 0.06207351 0.12811039
v 0.04219185 -0.06156007 0.12994519
v 0.0423988 -0.06186337 0.12811119
v -0.05313461 0.05240361 0.12994429
v -0.04186814 0.06176911 0.12994439
v -0.04207472 0.06207351 0.12811039
v -0.05339704 0.0526617 0.12811009
v 0.06915228 -0.02817937 0.12994549
v 0.06249242 -0.04088387 0.12994429
v 0.06279992 -0.04108537 0.12811039
v 0.06949227 -0.02831827 0.12811159
v 0.05337732 -0.05219397 0.12994429
v 0.04219185 -0.06156007 0.12994519
v 0.0423988 -0.06186337 0.12811119
v 0.05363964 -0.05245117 0.12811039
v -0.06230699 0.04107206 0.12994399
v -0.06261478 0.04127435 0.12811009
v 0.062721 0.04059015 0.12994549
v 0.06937425 0.02769136 0.12994399
v 0.06971537 0.02782774 0.12811009
v 0.06302933 0.04079007 0.12811159
v -0.06902735 0.02831381 0.12994369
v -0.06936811 0.02845323 0.12810959
v 0.07326268 -0.01452348 0.12994419
v 0.07362293 -0.01459508 0.12811009
v -0.0731713 0.014584 0.12994389
v -0.07353245 0.01465582 0.12810989
v 0.07470672 -0.00026468 0.12994559
v 0.07507405 -0.00026608 0.12811159
v -0.07461892 0.00026442 0.12994389
v -0.07498722 0.00026562 0.12810989
v 0.07338147 0.01393067 0.12994559
v 0.07374226 0.01399928 0.12811159
v -0.06251959 -0.04071537 0.12994399
v -0.06282829 -0.04091587 0.12811009
v 0.05362461 0.05198149 0.12994549
v 0.05388843 0.05223756 0.12811139
v -0.05332427 -0.05215647 0.12994419
v -0.05358724 -0.05241347 0.12811009
v -0.05339704 0.0526617 0.10511009
v -0.04207472 0.06207351 0.10511019
v -0.04202931 0.0620061 0.10511019
v -0.05333941 0.05260466 0.10511009
v 0.01520246 0.07347141 0.12638369
v 0.01520246 0.07347141 0.10511079
v 0.01516932 -0.07343496 0.12638349
v 0.00023666 -0.07498096 0.12638349
v 0.00023666 -0.07498096 0.10511059
v 0.01516932 -0.07343496 0.10511059
v -0.02901791 0.06915324 0.12638299
v -0.02901791 0.06915324 0.10511009
v -0.06954984 -0.02796667 0.12638159
v -0.07363085 -0.01407728 0.12638099
v -0.07363085 -0.01407728 0.10510819
v -0.06954984 -0.02796667 0.10510869
v 0.02941607 -0.06897657 0.12638329
v 0.02941607 -0.06897657 0.10511039
v -0.04207472 0.06207351 0.12638309
v -0.04207472 0.06207351 0.10511019
v -0.01472657 -0.07348196 0.12638329
v -0.01472657 -0.07348196 0.10511019
v 0.0423988 -0.06186337 0.12638399
v 0.0423988 -0.06186337 0.10511109
v -0.05339704 0.0526617 0.12638299
v -0.04207472 0.06207351 0.12638309
v -0.04207472 0.06207351 0.10511019
v -0.05339704 0.0526617 0.10511009
v 0.06949227 -0.02831827 0.12638409
v 0.06279992 -0.04108537 0.12638309
v 0.06279992 -0.04108537 0.10511009
v 0.06949227 -0.02831827 0.10511129
v 0.05363964 -0.05245117 0.12638299
v 0.0423988 -0.06186337 0.12638399
v 0.0423988 -0.06186337 0.10511109
v 0.05363964 -0.05245117 0.10511009
v -0.06261478 0.04127435 0.12638279
v -0.06261478 0.04127435 0.10510989
v 0.06302933 0.04079007 0.12638409
v 0.06971537 0.02782774 0.12638279
v 0.06971537 0.02782774 0.10510989
v 0.06302933 0.04079007 0.10511129
v -0.06936811 0.02845323 0.12638239
v -0.06936811 0.02845323 0.10510939
v 0.07362293 -0.01459508 0.12638289
v 0.07362293 -0.01459508 0.10510999
v -0.07353245 0.01465582 0.12638269
v -0.07353245 0.01465582 0.10510979
v 0.07507405 -0.00026608 0.12638439
v 0.07507405 -0.00026608 0.10511139
v -0.07498722 0.00026562 0.12638269
v -0.07498722 0.00026562 0.10510979
v 0.07374226 0.01399928 0.12638439
v 0.07374226 0.01399928 0.10511139
v -0.06282829 -0.04091587 0.12638279
v -0.06282829 -0.04091587 0.10510989
v 0.05388843 0.05223756 0.12638409
v 0.05388843 0.05223756 0.10511129
v -0.05358724 -0.05241347 0.12638289
v -0.05358724 -0.05241347 0.10510999
v 0.04258816 0.06178133 0.12638409
v 0.05388843 0.05223756 0.12638409
v 0.05388843 0.05223756 0.10511129
v 0.04258816 0.06178133 0.10511119
v -0.04220961 -0.06193297 0.12638299
v -0.05358724 -0.05241347 0.12638289
v -0.05358724 -0.05241347 0.10510999
v -0.04220961 -0.06193297 0.10511009
v 0.02952217 0.0689805 0.12638399
v 0.02952217 0.0689805 0.10511109
v -0.0290827 -0.06907817 0.12638299
v -0.0290827 -0.06907817 0.10511009
v 0.06949227 -0.02831827 0.10511129
v 0.06279992 -0.04108537 0.10511009
v 0.06273203 -0.04104087 0.10511009
v 0.0694171 -0.02828757 0.10511129
v 0.05363964 -0.05245117 0.10511009
v 0.0423988 -0.06186337 0.10511109
v 0.04235326 -0.06179627 0.10511109
v 0.05358194 -0.05239437 0.10511009
v -0.06261478 0.04127435 0.10510989
v -0.06254677 0.04122965 0.10510989
v 0.06302933 0.04079007 0.10511129
v 0.06971537 0.02782774 0.10510989
v 0.06963997 0.02779764 0.10510989
v 0.06296115 0.0407459 0.10511129
v -0.06936811 0.02845323 0.10510939
v -0.06929283 0.02842241 0.10510939
v 0.07362293 -0.01459508 0.10510999
v 0.0735433 -0.01457918 0.10510999
v -0.07353245 0.01465582 0.10510979
v -0.07345264 0.01463997 0.10510979
v 0.07507405 -0.00026608 0.10511139
v 0.07499288 -0.00026578 0.10511139
v -0.07498722 0.00026562 0.10510979
v -0.0749058 0.00026532 0.10510979
v 0.07374226 0.01399928 0.10511139
v 0.0736625 0.01398414 0.10511139
v -0.07363085 -0.01407728 0.10510819
v -0.07355092 -0.01406198 0.10510819
v -0.06282829 -0.04091587 0.10510989
v -0.06954984 -0.02796667 0.10510869
v -0.06947432 -0.02793637 0.10510869
v -0.06276004 -0.04087167 0.10510989
v 0.05388843 0.05223756 0.10511129
v 0.05382989 0.05218063 0.10511129
v -0.05358724 -0.05241347 0.10510999
v -0.06282829 -0.04091587 0.10510989
v -0.06276004 -0.04087167 0.10510989
v -0.05352943 -0.05235667 0.10510999
v 0.04258816 0.06178133 0.10511119
v 0.05388843 0.05223756 0.10511129
v 0.05382989 0.05218063 0.10511129
v 0.04254203 0.06171469 0.10511119
v -0.04220961 -0.06193297 0.10511009
v -0.04216366 -0.06186577 0.10511009
v 0.02952217 0.0689805 0.10511109
v 0.02949034 0.06890605 0.10511109
v -0.0290827 -0.06907817 0.10511009
v -0.02905105 -0.06900337 0.10511009
v 0.01520246 0.07347141 0.10511079
v 0.01518613 0.07339178 0.10511079
v -0.01472657 -0.07348196 0.10511019
v -0.01471078 -0.07340236 0.10511019
v -0.01471704 0.07355039 0.10511039
v 0.00023885 0.07497273 0.10511059
v 0.00023874 0.07489131 0.10511059
v -0.01470077 0.07347106 0.10511039
v 0.01520246 0.07347141 0.10511079
v 0.01518613 0.07339178 0.10511079
v 0.01516932 -0.07343496 0.10511059
v 0.00023666 -0.07498096 0.10511059
v 0.00023655 -0.07489976 0.10511059
v 0.01515305 -0.07335546 0.10511059
v -0.02901791 0.06915324 0.10511009
v -0.01471704 0.07355039 0.10511039
v -0.01470077 0.07347106 0.10511039
v -0.02898632 0.06907795 0.10511009
v 0.02941607 -0.06897657 0.10511039
v 0.01516932 -0.07343496 0.10511059
v 0.01515305 -0.07335546 0.10511059
v 0.02938436 -0.06890187 0.10511039
v 0.04205327 0.02718842 0.65391223
v 0.04650889 0.01854944 0.65391113
v 0.04998074 0.01993757 0.50523425
v 0.04519109 0.02922332 0.50523515
v 0.05258398 0.02097827 0.35655706
v 0.04754423 0.03074895 0.35655826
v -0.0416842 0.02751118 0.65391133
v -0.03554074 0.03510045 0.65391133
v -0.03821222 0.03772776 0.50523425
v -0.04481553 0.02957028 0.50523425
v -0.04021542 0.03969751 0.35655726
v -0.04716294 0.03111403 0.35655706
v 0.03579544 -0.03495367 0.65391133
v 0.02830391 -0.04122647 0.65391203
v 0.03041266 -0.04431407 0.50523495
v 0.03846519 -0.03757147 0.50523435
v 0.03199325 -0.04662877 0.35655796
v 0.04046635 -0.03953407 0.35655726
v 0.0463606 -0.01886998 0.65391223
v 0.04189996 -0.02737877 0.65391133
v 0.04502676 -0.02942937 0.50523445
v 0.04982088 -0.02028348 0.50523515
v 0.04737096 -0.03096677 0.35655736
v 0.05241548 -0.02134327 0.35655816
v -0.02799498 0.04137294 0.65391143
v -0.03010128 0.04447024 0.50523445
v -0.03168093 0.04679214 0.35655736
v 0.02830391 -0.04122647 0.65391203
v 0.01965117 -0.04596727 0.65391153
v 0.02111208 -0.04940967 0.50523455
v 0.03041266 -0.04431407 0.50523495
v 0.02220726 -0.05199047 0.35655746
v 0.03199325 -0.04662877 0.35655796
v 0.00020412 -0.04996907 0.65391163
v -0.00976854 -0.04896997 0.65391153
v -0.01051038 -0.05263717 0.50523445
v 0.00020899 -0.05371097 0.50523465
v -0.01106619 -0.05538657 0.35655746
v 0.00021264 -0.05651637 0.35655756
v -0.02799498 0.04137294 0.65391143
v -0.01929301 0.04609124 0.65391133
v -0.0207479 0.0495414 0.50523425
v -0.03010128 0.04447024 0.50523445
v -0.02183872 0.05212812 0.35655726
v -0.03168093 0.04679214 0.35655736
v 0.01015621 -0.04893867 0.65391173
v 0.0109061 -0.05260357 0.50523465
v 0.01146847 -0.05535117 0.35655766
v -0.04630618 -0.01863568 0.65391033
v -0.049026 -0.00937878 0.65391013
v -0.05270676 -0.01008168 0.50523305
v -0.04978327 -0.02003168 0.50523325
v -0.05546688 -0.01060878 0.35655586
v -0.05239074 -0.02107827 0.35655616
v -0.00976199 0.04902206 0.65391153
v -0.01050335 0.05269162 0.50523455
v -0.01105874 0.05544297 0.35655746
v 0.00020558 0.0499702 0.65391173
v 0.01017796 0.04896937 0.65391173
v 0.01092994 0.05263506 0.50523495
v 0.00021056 0.05371074 0.50523465
v 0.0114935 0.05538337 0.35655786
v 0.00021429 0.0565149 0.35655766
v -0.01933622 -0.04603497 0.65391143
v -0.02079439 -0.04948237 0.50523445
v -0.0218876 -0.05206707 0.35655736
v 0.01972192 0.04597662 0.65391203
v 0.02118808 0.04941832 0.50523495
v 0.02228713 0.05199824 0.35655796
v -0.02808486 -0.04127297 0.65391133
v -0.03019766 -0.04436387 0.50523435
v -0.03178214 -0.04668127 0.35655736
v 0.02842991 0.04117833 0.65391203
v 0.03054808 0.04426096 0.50523505
v 0.03213619 0.04657202 0.35655806
v -0.03566752 -0.03492857 0.65391133
v -0.03834884 -0.03754447 0.50523425
v -0.04035883 -0.03950567 0.35655726
v 0.0359612 0.0348175 0.65391213
v 0.03864329 0.03742366 0.50523515
v 0.04065405 0.0393775 0.35655816
v -0.03566752 -0.03492857 0.65391133
v -0.04182611 -0.02726587 0.65391113
v -0.04496811 -0.02930807 0.50523425
v -0.03834884 -0.03754447 0.50523425
v -0.04732417 -0.03083907 0.35655706
v -0.04035883 -0.03950567 0.35655726
v 0.0359612 0.0348175 0.65391213
v 0.03864329 0.03742366 0.50523515
v 0.04065405 0.0393775 0.35655816
v 0.04919307 0.00933325 0.65391223
v 0.05286585 0.01003134 0.50523525
v 0.05561917 0.01055467 0.35655826
v -0.0499296 0.00018022 0.65391103
v -0.05367874 0.00019302 0.50523405
v -0.05648904 0.00020262 0.35655696
v 0.05008028 -0.00017408 0.65391223
v 0.05381988 -0.00018788 0.50523525
v 0.05662327 -0.00019818 0.35655826
v -0.04896007 0.00977081 0.65391103
v -0.05263661 0.01050168 0.50523405
v -0.05539273 0.01104956 0.35655696
v 0.04911356 -0.00972388 0.65391133
v 0.05278032 -0.01045268 0.50523425
v 0.05552946 -0.01099908 0.35655726
v -0.0461847 0.01896631 0.65391103
v -0.0496534 0.02038562 0.50523395
v -0.05225377 0.02144974 0.35655686
v 0.05404232 0.0215615 0.28221867
v 0.04886238 0.03160392 0.28221977
v -0.04133748 0.04080133 0.28221867
v -0.04847889 0.03197913 0.28221867
v 0.03287964 -0.04792597 0.28221947
v 0.04158805 -0.04063387 0.28221877
v 0.048685 -0.03182837 0.28221877
v 0.05386983 -0.02193717 0.28221977
v -0.03256594 0.04809331 0.28221877
v 0.02282083 -0.05343687 0.28221907
v 0.03287964 -0.04792597 0.28221947
v -0.01137799 -0.05692737 0.28221887
v 0.00021468 -0.05808867 0.28221917
v -0.02244997 0.05357806 0.28221867
v -0.03256594 0.04809331 0.28221877
v 0.01178354 -0.05689087 0.28221927
v -0.0570135 -0.01090408 0.28221727
v -0.05385177 -0.02166477 0.28221757
v -0.01137048 0.05698501 0.28221887
v 0.01180917 0.05692349 0.28221937
v 0.00021638 0.05808644 0.28221917
v -0.02249991 -0.05351557 0.28221877
v 0.02290338 0.05344425 0.28221937
v -0.03267013 -0.04797987 0.28221877
v 0.03302591 0.04786705 0.28221967
v -0.04148518 -0.04060467 0.28221867
v 0.0417807 0.04047249 0.28221967
v -0.04864429 -0.03169707 0.28221857
v -0.04148518 -0.04060467 0.28221867
v 0.0417807 0.04047249 0.28221967
v 0.05716251 0.01084798 0.28221987
v -0.05806433 0.00020792 0.28221847
v 0.05819421 -0.00020388 0.28221987
v -0.0569369 0.01135665 0.28221847
v 0.0570697 -0.01130528 0.28221867
v -0.05371062 0.02204609 0.28221827
vn 0.00043 -8E-05 1
vn 0 -8E-05 1
vn 0.83523 -0.54792 0.04676
vn 0.71293 -0.69968 0.04676
vn 0.71144 -0.69822 0.07959
vn 0.83348 -0.54678 0.07959
vn 0.001 4E-05 1
vn 0 5E-05 1
vn -0.00113 0 1
vn 0 0 1
vn 0.00074 -0.00011 1
vn 0 -0.0001 1
vn 0.00011 0 1
vn 0.00108 0 1
vn 0.00064 -3E-05 1
vn -0.00118 -3E-05 1
vn 0.00081 9E-05 1
vn 0 9E-05 1
vn -0.00037 0 1
vn -2E-05 -9E-05 1
vn 0 -9E-05 1
vn 0.00022 0 1
vn 0.00115 0 1
vn -0.00014 0 1
vn -0.00116 0 1
vn 0.00044 -9E-05 1
vn 0.00113 -9E-05 1
vn -0.0005 0.00012 1
vn 0 0.00011 1
vn -0.00045 7E-05 1
vn 0 6E-05 1
vn 0.00055 1E-05 1
vn 0 1E-05 1
vn -0.00023 2E-05 1
vn -0.00107 2E-05 1
vn 0.00021 0 1
vn 0 0 1
vn -0.00048 0 1
vn -6E-05 0 1
vn 0.00036 0 1
vn 0 0 1
vn 0.00023 1E-05 1
vn 0 1E-05 1
vn 0.00015 0 1
vn 0 0 1
vn -8E-05 0 1
vn 0 -1E-05 1
vn -2E-05 0 1
vn -1E-05 0 1
vn 0 -0 1
vn 0.00017 -0 1
vn -0.0003 -1E-05 1
vn 0.00051 2E-05 1
vn 0 2E-05 1
vn 0.0001 0 1
vn 0 1E-05 1
vn 0.00031 0 1
vn 0 0 1
vn -2E-05 0 1
vn 0.00021 -2E-05 1
vn 0 -3E-05 1
vn 8E-05 -0 1
vn 0 -0 1
vn 0.97393 0.18553 0.1305
vn 0.99144 -0.00388 0.13053
vn 0.98399 -0.00385 0.17817
vn 0.96663 0.18412 0.17814
vn -0.92429 0.3788 0.04688
vn -0.8341 0.54962 0.04688
vn -0.83236 0.54847 0.07978
vn -0.92236 0.37801 0.07978
vn 0.97966 -0.19514 0.04676
vn 0.92481 -0.37755 0.04675
vn 0.92289 -0.37676 0.07956
vn 0.97762 -0.19474 0.07956
vn -0.97959 0.19544 0.04688
vn -0.97754 0.19504 0.07978
vn 0.9989 -0.00388 0.04676
vn 0.99682 -0.00391 0.07959
vn -0.9989 0.0032 0.04688
vn -0.99681 0.0032 0.07981
vn 0.98127 0.1869 0.04675
vn 0.97922 0.18653 0.07956
vn -0.98092 -0.18867 0.04688
vn -0.97887 -0.18827 0.07978
vn 0.92774 0.3703 0.04676
vn 0.92579 0.36955 0.07959
vn -0.83669 -0.54566 0.04688
vn -0.9268 -0.37261 0.04688
vn -0.92486 -0.37185 0.07978
vn -0.83494 -0.54452 0.07978
vn 0.78058 0.62332 0.04654
vn 0.83827 0.54324 0.04679
vn 0.83653 0.54211 0.07962
vn 0.77899 0.62201 0.07923
vn -0.7786 -0.62579 0.04663
vn -0.77699 -0.62449 0.07938
vn 0.56606 0.82303 0.04679
vn 0.64453 0.76316 0.04654
vn 0.6432 0.76159 0.07923
vn 0.56488 0.82133 0.07962
vn -0.56202 -0.8258 0.04682
vn -0.641 -0.76613 0.0466
vn -0.63965 -0.76456 0.07932
vn -0.56085 -0.82407 0.07972
vn 0.39242 0.9186 0.04679
vn 0.39162 0.91667 0.07962
vn -0.3872 -0.92081 0.04682
vn -0.3864 -0.91888 0.07968
vn 0.20033 0.97861 0.04682
vn 0.19993 0.97657 0.07965
vn -0.19722 -0.97924 0.04679
vn -0.19679 -0.9772 0.07966
vn -0.19508 0.97967 0.04682
vn 0.00256 0.9989 0.04679
vn 0.00256 0.99682 0.07962
vn -0.19468 0.97762 0.07969
vn 0.20161 -0.97835 0.04679
vn 0.00165 -0.9989 0.04682
vn 0.00165 -0.99682 0.07966
vn 0.20118 -0.97631 0.07962
vn -0.38674 0.921 0.04682
vn -0.38595 0.91907 0.07972
vn 0.39107 -0.91917 0.04679
vn 0.39025 -0.91726 0.07959
vn -0.47612 0.87814 0.0466
vn -0.47513 0.87633 0.07935
vn 0.47997 -0.87605 0.04654
vn 0.47897 -0.87425 0.0792
vn -0.71091 0.70172 0.04688
vn -0.63855 0.76817 0.04663
vn -0.63722 0.76659 0.07938
vn -0.70942 0.70026 0.07978
vn 0.6413 -0.76588 0.04654
vn 0.63999 -0.76429 0.0792
vn 0.55564 0.80789 0.19642
vn 0.63278 0.74924 0.19553
vn 0.64216 0.76033 0.09763
vn 0.56394 0.81997 0.09809
vn -0.97356 -0.18726 0.13084
vn -0.99139 0.00317 0.13087
vn -0.98391 0.00314 0.17863
vn -0.96621 -0.18586 0.17857
vn 0.9208 0.36754 0.13053
vn 0.91388 0.36479 0.17817
vn -0.83042 -0.54156 0.1308
vn -0.91986 -0.3698 0.13081
vn -0.91292 -0.36702 0.17854
vn -0.82416 -0.53747 0.17857
vn 0.77481 0.6187 0.12995
vn 0.83201 0.53918 0.13059
vn 0.82576 0.53512 0.17823
vn 0.76905 0.61408 0.17738
vn -0.77283 -0.62112 0.13016
vn -0.76705 -0.61649 0.17768
vn 0.56183 0.81688 0.13059
vn 0.63978 0.75749 0.12995
vn 0.63501 0.75187 0.17738
vn 0.5576 0.81076 0.1782
vn -0.55781 -0.81961 0.13072
vn -0.63623 -0.76045 0.1301
vn -0.6315 -0.75477 0.17759
vn -0.55362 -0.81343 0.17842
vn 0.38948 0.91173 0.13059
vn 0.38656 0.90487 0.17826
vn -0.38429 -0.91392 0.13068
vn -0.3814 -0.90704 0.17836
vn 0.19883 0.97128 0.13065
vn 0.19737 0.96397 0.17832
vn -0.19575 -0.97192 0.13062
vn -0.19425 -0.96461 0.17829
vn -0.19361 0.97233 0.13071
vn 0.00256 0.99143 0.13059
vn 0.00253 0.98399 0.17823
vn -0.19215 0.96502 0.17838
vn 0.20009 -0.97104 0.13059
vn 0.00162 -0.99143 0.13065
vn 0.00162 -0.98397 0.17832
vn 0.19859 -0.96374 0.17826
vn -0.38384 0.9141 0.13074
vn -0.38094 0.90722 0.17842
vn 0.38814 -0.91231 0.13056
vn 0.38522 -0.90546 0.1782
vn -0.47256 0.87164 0.13013
vn -0.46905 0.86513 0.17759
vn 0.4764 -0.86958 0.12992
vn 0.47286 -0.86311 0.17735
vn -0.70558 0.69645 0.13081
vn -0.6338 0.76247 0.13017
vn -0.62909 0.75676 0.17765
vn -0.70026 0.6912 0.17854
vn 0.91791 -0.37471 0.1305
vn 0.82899 -0.54382 0.13056
vn 0.82277 -0.53973 0.17817
vn 0.91102 -0.3719 0.17814
vn 0.70759 -0.69446 0.13053
vn 0.63655 -0.76021 0.12992
vn 0.63181 -0.75456 0.17735
vn 0.70228 -0.68925 0.17817
vn -0.82783 0.5455 0.13084
vn -0.8216 0.54138 0.17857
vn -0.91735 0.37597 0.13081
vn -0.91043 0.37313 0.17857
vn 0.97234 -0.19371 0.1305
vn 0.96504 -0.19227 0.17814
vn -0.97224 0.19398 0.13083
vn -0.9649 0.19252 0.1786
vn -0.19529 0.98075 0
vn 0.00256 1 0
vn -0.55166 -0.81056 0.19663
vn -0.62927 -0.75214 0.19569
vn -0.63862 -0.7633 0.09766
vn -0.55993 -0.8227 0.09818
vn 0.38521 0.90168 0.19645
vn 0.39095 0.91517 0.09809
vn -0.38006 -0.90383 0.19658
vn -0.38576 -0.91736 0.09815
vn 0.19663 0.96058 0.19651
vn 0.19959 0.97495 0.09812
vn -0.19358 -0.9612 0.19651
vn -0.19648 -0.97558 0.09815
vn -0.19148 0.9616 0.19664
vn 0.00253 0.9805 0.19651
vn 0.00256 0.99517 0.09815
vn -0.19438 0.976 0.09818
vn 0.19788 -0.96034 0.19645
vn 0.00162 -0.9805 0.19652
vn 0.00165 -0.99517 0.09812
vn 0.20085 -0.9747 0.09809
vn -0.37962 0.904 0.19666
vn -0.3853 0.91755 0.09821
vn -0.90968 -0.36574 0.19676
vn -0.96279 -0.18519 0.19682
vn -0.97724 -0.18797 0.0983
vn -0.92334 -0.37121 0.09827
vn 0.38387 -0.90227 0.19636
vn 0.3896 -0.91575 0.09803
vn -0.46744 0.86208 0.19575
vn -0.47436 0.87489 0.09772
vn 0.47122 -0.86009 0.19544
vn 0.4782 -0.87281 0.09757
vn -0.69779 0.68875 0.19676
vn -0.62687 0.75411 0.19581
vn -0.63617 0.76533 0.09775
vn -0.70826 0.69908 0.09824
vn 0.9078 -0.3706 0.19636
vn 0.81984 -0.53784 0.19645
vn 0.8321 -0.54587 0.09815
vn 0.92137 -0.37612 0.09809
vn 0.69981 -0.68681 0.19636
vn 0.62961 -0.75193 0.19541
vn 0.63893 -0.76305 0.09757
vn 0.71027 -0.69706 0.09809
vn -0.81868 0.53946 0.19685
vn -0.83096 0.54757 0.09833
vn 0.82282 0.53326 0.19645
vn 0.91065 0.36351 0.19639
vn 0.92426 0.36894 0.09809
vn 0.83513 0.54123 0.09812
vn -0.9072 0.37181 0.19682
vn -0.92083 0.37737 0.0983
vn 0.96164 -0.19157 0.19636
vn 0.976 -0.19444 0.09806
vn -0.96149 0.19185 0.19682
vn -0.97592 0.19471 0.0983
vn 0.98052 -0.00385 0.19639
vn 0.99517 -0.00388 0.09809
vn -0.98042 0.00314 0.19688
vn -0.99515 0.0032 0.09833
vn 0.96322 0.18348 0.19633
vn 0.97761 0.18619 0.09806
vn -0.82124 -0.53558 0.19679
vn -0.83357 -0.54361 0.09827
vn 0.76634 0.61194 0.19557
vn 0.77769 0.62101 0.09769
vn -0.76438 -0.61432 0.19578
vn -0.77571 -0.62348 0.09772
vn 0 0 -1
vn 0.0002 0 -1
vn 0.20057 0.97968 0
vn 0.20182 -0.97942 0
vn 0.00165 -1 0
vn -0.38716 0.92201 0
vn -0.92782 -0.37304 0
vn -0.982 -0.18888 0
vn 0.3915 -0.92018 0
vn -0.47664 0.8791 0
vn -0.19743 -0.98032 0
vn 0.48049 -0.877 0
vn -0.7117 0.70248 0
vn -0.63926 0.76899 0
vn 0.92583 -0.37795 0
vn 0.83614 -0.54852 0
vn 0.7137 -0.70045 0
vn 0.642 -0.7667 0
vn 0.64198 -0.76672 0
vn -0.83501 0.55023 0
vn 0.83918 0.54385 0
vn 0.92875 0.37071 0
vn -0.9253 0.37923 0
vn 0.98073 -0.19538 0
vn -0.98067 0.19566 0
vn 0.99999 -0.00391 0
vn -0.99999 0.0032 0
vn 0.98234 0.18711 0
vn -0.83761 -0.54627 0
vn -0.83762 -0.54626 0
vn 0.78143 0.62399 0
vn -0.77945 -0.62646 0
vn 0.56667 0.82394 0
vn 0.64523 0.76398 0
vn -0.56265 -0.8267 0
vn -0.6417 -0.76695 0
vn 0.39287 0.91959 0
vn -0.38762 -0.92182 0
vn 0.00012 7E-05 -1
vn 0 8E-05 -1
vn 0.00013 -4E-05 -1
vn -0.0002 -5E-05 -1
vn 5E-05 1E-05 -1
vn 0 1E-05 -1
vn 4E-05 9E-05 -1
vn 0 8E-05 -1
vn -0 0 -1
vn 0 0 -1
vn 4E-05 3E-05 -1
vn 0 3E-05 -1
vn 5E-05 -8E-05 -1
vn 0 -9E-05 -1
vn -8E-05 -3E-05 -1
vn 0.0002 -3E-05 -1
vn 0.0001 0.0001 -1
vn 0 0.0001 -1
vn 8E-05 0 -1
vn -2E-05 0 -1
vn 2E-05 0.00011 -1
vn 0 0.00011 -1
vn -9E-05 -0.0001 -1
vn 0.0002 -0.0001 -1
vn -5E-05 -8E-05 -1
vn 0 -7E-05 -1
vn 8E-05 0 -1
vn -4E-05 -1E-05 -1
vn 0 -0 -1
vn 3E-05 -1E-05 -1
vn -0.0002 -0 -1
vn 1E-05 -1E-05 -1
vn 0.00019 -0 -1
vn 4E-05 -0 -1
vn 0 -0 -1
vn -0 0 -1
vn -0.0001 0 -1
vn 3E-05 -1E-05 -1
vn 5E-05 -0 -1
vn -1E-05 -0 -1
vn 0 -0 -1
vn 0 0 -1
vn 2E-05 0 -1
vn 2E-05 -0 -1
vn 1E-05 0 -1
vn -2E-05 0 -1
vn 0 0 -1
vn 0 1E-05 -1
vn 0.00012 -3E-05 -1
vn -0.0002 -3E-05 -1
vn -3E-05 -0 -1
vn 0 -1E-05 -1
vn -0 -0 -1
vn 0 -0 -1
vn 3E-05 -1E-05 -1
vn 2E-05 0 -1
vn 9E-05 2E-05 -1
vn 0 3E-05 -1
vn 0.83892 0.54367 0.02515
vn 0.92846 0.37059 0.02512
vn 0.92851 0.37065 0.02197
vn 0.83899 0.54371 0.02197
vn 0.92857 0.37062 0.01999
vn 0.83902 0.54374 0.01999
vn -0.83476 0.55004 0.02518
vn -0.71146 0.70227 0.02518
vn -0.71153 0.70231 0.02203
vn -0.83481 0.5501 0.02203
vn -0.71157 0.70233 0.02002
vn -0.83485 0.55011 0.02002
vn 0.71348 -0.70023 0.02512
vn 0.64178 -0.76648 0.02499
vn 0.64185 -0.76652 0.02188
vn 0.71354 -0.70027 0.02197
vn 0.64186 -0.76656 0.01987
vn 0.71357 -0.7003 0.01999
vn 0.92552 -0.37786 0.02512
vn 0.83588 -0.54833 0.02512
vn 0.83595 -0.54837 0.02197
vn 0.9256 -0.37786 0.02197
vn 0.83598 -0.5484 0.01999
vn 0.92564 -0.37788 0.01996
vn -0.63903 0.76877 0.02506
vn -0.6391 0.76881 0.02191
vn -0.63913 0.76884 0.01993
vn 0.48034 -0.87673 0.025
vn 0.39138 -0.91989 0.02512
vn 0.39138 -0.91997 0.02197
vn 0.48037 -0.87679 0.02188
vn 0.39141 -0.92 0.01999
vn 0.48041 -0.87682 0.01987
vn 0.00165 -0.99968 0.02515
vn -0.19737 -0.98001 0.02515
vn -0.19737 -0.98008 0.022
vn 0.00165 -0.99976 0.022
vn -0.1974 -0.98012 0.01999
vn 0.00165 -0.9998 0.01999
vn -0.47649 0.87882 0.02506
vn -0.38707 0.92171 0.02515
vn -0.38708 0.92178 0.022
vn -0.4765 0.8789 0.02191
vn -0.38707 0.92183 0.02002
vn -0.47652 0.87894 0.0199
vn 0.20176 -0.97911 0.02515
vn 0.20176 -0.97919 0.02197
vn 0.20176 -0.97923 0.01999
vn -0.92752 -0.37292 0.02518
vn -0.9817 -0.18879 0.02518
vn -0.98176 -0.18885 0.02203
vn -0.92759 -0.37294 0.02203
vn -0.98181 -0.18882 0.02002
vn -0.92764 -0.37295 0.02002
vn -0.19523 0.98043 0.02515
vn -0.19526 0.9805 0.022
vn -0.19526 0.98055 0.01999
vn 0.00259 0.99968 0.02515
vn 0.20051 0.97937 0.02515
vn 0.20051 0.97944 0.022
vn 0.00256 0.99976 0.02197
vn 0.20051 0.97949 0.01999
vn 0.00256 0.9998 0.01999
vn -0.3875 -0.92153 0.02515
vn -0.38753 -0.92159 0.022
vn -0.38753 -0.92164 0.01999
vn 0.39275 0.9193 0.02515
vn 0.39275 0.91938 0.02197
vn 0.39278 0.91942 0.01999
vn -0.56247 -0.82643 0.02515
vn -0.56251 -0.8265 0.022
vn -0.56252 -0.82654 0.01999
vn 0.5665 0.82368 0.02515
vn 0.56655 0.82373 0.02197
vn 0.56656 0.82378 0.01999
vn -0.64151 -0.7667 0.02506
vn -0.64152 -0.7668 0.02191
vn -0.64155 -0.76683 0.0199
vn 0.64505 0.76373 0.02499
vn 0.6451 0.76379 0.02188
vn 0.64514 0.7638 0.01987
vn -0.77922 -0.62625 0.02506
vn -0.83734 -0.5461 0.02518
vn -0.83742 -0.54611 0.02203
vn -0.77928 -0.62629 0.02191
vn -0.83745 -0.54614 0.02002
vn -0.77931 -0.62632 0.01993
vn 0.78118 0.6238 0.02499
vn 0.78127 0.62382 0.02188
vn 0.78127 0.62388 0.0199
vn 0.98203 0.18705 0.02512
vn 0.9821 0.18708 0.02197
vn 0.98214 0.18708 0.01996
vn -0.99968 0.00323 0.02521
vn -0.99975 0.0032 0.02203
vn -0.99979 0.0032 0.02002
vn 0.99968 -0.00391 0.02512
vn 0.99975 -0.00391 0.02197
vn 0.99979 -0.00391 0.01999
vn -0.98036 0.1956 0.02518
vn -0.98044 0.1956 0.02204
vn -0.98048 0.1956 0.02002
vn 0.98042 -0.19529 0.02512
vn 0.98049 -0.19535 0.02197
vn 0.98053 -0.19536 0.01996
vn -0.92502 0.37908 0.02518
vn -0.92508 0.37914 0.02204
vn -0.92511 0.37916 0.02002
vn 0.92836 0.37059 0.02832
vn 0.83884 0.54363 0.02832
vn -0.71143 0.70218 0.02838
vn -0.83467 0.55002 0.02838
vn 0.64175 -0.76639 0.02817
vn 0.71341 -0.70017 0.02832
vn 0.83581 -0.54829 0.02832
vn 0.92546 -0.37779 0.02832
vn -0.63901 0.76868 0.02823
vn 0.39132 -0.91982 0.02832
vn 0.48028 -0.87666 0.0282
vn -0.19733 -0.97993 0.02835
vn 0.00165 -0.9996 0.02835
vn -0.38701 0.92164 0.02835
vn -0.47644 0.87875 0.02823
vn 0.20173 -0.97903 0.02832
vn -0.98161 -0.18879 0.02838
vn -0.92744 -0.37288 0.02838
vn -0.1952 0.98035 0.02835
vn 0.20048 0.97929 0.02835
vn 0.00259 0.9996 0.02832
vn -0.38746 -0.92145 0.02835
vn 0.39269 0.91924 0.02832
vn -0.56241 -0.82637 0.02835
vn 0.56646 0.82361 0.02832
vn -0.64142 -0.76667 0.02823
vn 0.645 0.76366 0.0282
vn -0.83728 -0.54604 0.02838
vn -0.77916 -0.62619 0.02823
vn 0.78112 0.62374 0.0282
vn 0.98194 0.18705 0.02832
vn -0.99959 0.00323 0.02838
vn 0.99959 -0.00391 0.02832
vn -0.98027 0.1956 0.02838
vn 0.98034 -0.19529 0.02832
vn -0.92494 0.37905 0.02838
vt 0.20599 0.97123
vt 0.19862 0.9742
vt 0.19858 0.97413
vt 0.20596 0.97116
vt 0.54776 0.31354
vt 0.55515 0.31317
vt 0.55618 0.34157
vt 0.54852 0.34195
vt 0.13513 0.95137
vt 0.12935 0.95702
vt 0.12929 0.95697
vt 0.13508 0.95132
vt 0.07393 0.98195
vt 0.08068 0.97752
vt 0.08072 0.97758
vt 0.07396 0.98201
vt 0.24353 0.97858
vt 0.23679 0.9742
vt 0.23682 0.97413
vt 0.24357 0.97852
vt 0.19188 0.9786
vt 0.19183 0.97854
vt 0.06653 0.98495
vt 0.06654 0.98502
vt 0.21374 0.96972
vt 0.21373 0.96965
vt 0.05873 0.98647
vt 0.05874 0.98654
vt 0.22168 0.96971
vt 0.22168 0.96964
vt 0.05076 0.98648
vt 0.05075 0.98655
vt 0.22943 0.97123
vt 0.22944 0.97116
vt 0.04297 0.98495
vt 0.04295 0.98501
vt 0.02885 0.97755
vt 0.03558 0.98195
vt 0.03554 0.98201
vt 0.0288 0.9776
vt 0.24931 0.98422
vt 0.24935 0.98417
vt 0.02305 0.97185
vt 0.02299 0.97189
vt 0.25392 0.99094
vt 0.25397 0.99091
vt 0.01846 0.96508
vt 0.01839 0.96512
vt 0.25715 0.9985
vt 0.25721 0.99848
vt 0.01526 0.95749
vt 0.01519 0.95751
vt 0.32102 0.97017
vt 0.31935 0.96207
vt 0.31941 0.96205
vt 0.32109 0.97016
vt 0.11984 0.98771
vt 0.12146 0.99582
vt 0.12139 0.99584
vt 0.11976 0.98771
vt 0.35837 0.9736
vt 0.35997 0.96548
vt 0.36004 0.96548
vt 0.35843 0.97362
vt 0.32102 0.97846
vt 0.32109 0.97847
vt 0.12151 0.97132
vt 0.11984 0.97942
vt 0.11976 0.97941
vt 0.12143 0.97129
vt 0.35517 0.9812
vt 0.35523 0.98123
vt 0.12473 0.96375
vt 0.12467 0.96371
vt 0.35057 0.98797
vt 0.35062 0.98802
vt 0.08647 0.97183
vt 0.08652 0.97188
vt 0.51305 0.35659
vt 0.52214 0.35672
vt 0.52192 0.37117
vt 0.5124 0.37103
vt 0.44987 0.3138
vt 0.458 0.31355
vt 0.45876 0.34196
vt 0.45034 0.34222
vt 0.53116 0.31392
vt 0.53967 0.31379
vt 0.54013 0.34221
vt 0.53131 0.34234
vt 0.44131 0.31393
vt 0.44147 0.34235
vt 0.52244 0.31392
vt 0.52228 0.34234
vt 0.43256 0.31393
vt 0.4324 0.34235
vt 0.51393 0.31379
vt 0.51347 0.34221
vt 0.42401 0.3138
vt 0.42354 0.34222
vt 0.50585 0.31354
vt 0.50509 0.34195
vt 0.4085 0.31318
vt 0.4159 0.31355
vt 0.41513 0.34196
vt 0.40747 0.34157
vt 0.49211 0.3127
vt 0.49845 0.31317
vt 0.49742 0.34157
vt 0.49085 0.34108
vt 0.40214 0.3127
vt 0.40088 0.34108
vt 0.63137 0.31315
vt 0.63876 0.31276
vt 0.63982 0.34116
vt 0.63216 0.34156
vt 0.7071 0.31315
vt 0.71452 0.31276
vt 0.71558 0.34116
vt 0.70789 0.34156
vt 0.62306 0.31342
vt 0.62355 0.34184
vt 0.69877 0.31342
vt 0.69927 0.34184
vt 0.61416 0.31356
vt 0.61433 0.34198
vt 0.68987 0.31356
vt 0.69004 0.34198
vt 0.59615 0.31342
vt 0.60506 0.31356
vt 0.6049 0.34198
vt 0.59566 0.34184
vt 0.67187 0.31342
vt 0.68077 0.31356
vt 0.68061 0.34198
vt 0.67139 0.34184
vt 0.58782 0.31315
vt 0.58702 0.34156
vt 0.66356 0.31315
vt 0.66277 0.34156
vt 0.5804 0.31276
vt 0.57934 0.34116
vt 0.65616 0.31276
vt 0.6551 0.34116
vt 0.46541 0.31317
vt 0.47176 0.3127
vt 0.47302 0.34107
vt 0.46644 0.34157
vt 0.5615 0.3127
vt 0.56276 0.34108
vt 0.63692 0.40156
vt 0.64621 0.40108
vt 0.64639 0.40249
vt 0.63706 0.40298
vt 0.42313 0.3566
vt 0.43226 0.35673
vt 0.43204 0.37118
vt 0.42247 0.37104
vt 0.50442 0.35632
vt 0.50335 0.37075
vt 0.40656 0.35593
vt 0.41446 0.35633
vt 0.41338 0.37075
vt 0.40511 0.37034
vt 0.48974 0.35542
vt 0.49651 0.35593
vt 0.49507 0.37034
vt 0.48797 0.36981
vt 0.39976 0.35542
vt 0.39798 0.3698
vt 0.63285 0.35593
vt 0.64075 0.35551
vt 0.64224 0.36992
vt 0.63396 0.37035
vt 0.70859 0.35593
vt 0.71652 0.35551
vt 0.71801 0.36992
vt 0.70971 0.37035
vt 0.62398 0.35622
vt 0.62466 0.37066
vt 0.6997 0.35621
vt 0.70039 0.37065
vt 0.61447 0.35636
vt 0.6147 0.37081
vt 0.69019 0.35636
vt 0.69042 0.37081
vt 0.59523 0.35622
vt 0.60475 0.35636
vt 0.60451 0.37081
vt 0.59454 0.37066
vt 0.67096 0.35621
vt 0.68046 0.35636
vt 0.68024 0.37081
vt 0.67027 0.37065
vt 0.58632 0.35593
vt 0.58521 0.37035
vt 0.66207 0.35593
vt 0.66097 0.37035
vt 0.5784 0.35551
vt 0.57691 0.36992
vt 0.65417 0.35551
vt 0.65269 0.36992
vt 0.46735 0.35593
vt 0.47414 0.35542
vt 0.47591 0.3698
vt 0.46881 0.37034
vt 0.54055 0.35659
vt 0.54919 0.35632
vt 0.55026 0.37075
vt 0.5412 0.37103
vt 0.55709 0.35593
vt 0.56387 0.35542
vt 0.56564 0.3698
vt 0.55854 0.37034
vt 0.45944 0.35633
vt 0.46051 0.37075
vt 0.45076 0.3566
vt 0.45142 0.37104
vt 0.53145 0.35672
vt 0.53168 0.37117
vt 0.44161 0.35673
vt 0.44184 0.37118
vt 0.59261 0.40463
vt 0.60386 0.40481
vt 0.60386 0.421
vt 0.59261 0.42083
vt 0.71269 0.40156
vt 0.722 0.40107
vt 0.72218 0.40249
vt 0.71282 0.40298
vt 0.62649 0.4019
vt 0.62657 0.40332
vt 0.70223 0.4019
vt 0.70231 0.40332
vt 0.61531 0.40208
vt 0.61534 0.40349
vt 0.69105 0.40207
vt 0.69108 0.40349
vt 0.59269 0.4019
vt 0.60389 0.40207
vt 0.60386 0.40349
vt 0.59261 0.40332
vt 0.66845 0.4019
vt 0.67962 0.40208
vt 0.67959 0.40349
vt 0.66836 0.40332
vt 0.58223 0.40156
vt 0.58209 0.40298
vt 0.41051 0.40197
vt 0.4207 0.40229
vt 0.42062 0.4037
vt 0.41038 0.40338
vt 0.658 0.40156
vt 0.65787 0.40298
vt 0.57291 0.40107
vt 0.57273 0.40249
vt 0.64871 0.40107
vt 0.64853 0.40249
vt 0.47269 0.4015
vt 0.48066 0.4009
vt 0.48088 0.40231
vt 0.47287 0.40291
vt 0.54296 0.40227
vt 0.55312 0.40196
vt 0.55325 0.40338
vt 0.54304 0.40369
vt 0.5624 0.4015
vt 0.57037 0.4009
vt 0.57059 0.40231
vt 0.56258 0.40291
vt 0.46339 0.40197
vt 0.46352 0.40338
vt 0.4912 0.4015
vt 0.50049 0.40196
vt 0.50036 0.40338
vt 0.49103 0.40291
vt 0.45318 0.40228
vt 0.45326 0.4037
vt 0.53227 0.40243
vt 0.5323 0.40385
vt 0.44244 0.40244
vt 0.44246 0.40386
vt 0.52133 0.40243
vt 0.5213 0.40385
vt 0.43145 0.40245
vt 0.43142 0.40386
vt 0.51064 0.40227
vt 0.51056 0.40369
vt 0.40123 0.4015
vt 0.40105 0.40292
vt 0.48324 0.4009
vt 0.48302 0.40231
vt 0.39324 0.4009
vt 0.39302 0.40231
vt 0.24423 0.97747
vt 0.25021 0.98336
vt 0.25018 0.98339
vt 0.2442 0.97751
vt 0.61534 0.40481
vt 0.61534 0.421
vt 0.66836 0.40463
vt 0.67959 0.40481
vt 0.67959 0.421
vt 0.66836 0.42083
vt 0.58209 0.40429
vt 0.58209 0.42049
vt 0.41038 0.4047
vt 0.42062 0.40502
vt 0.42062 0.42121
vt 0.41038 0.42089
vt 0.65787 0.40429
vt 0.65787 0.42049
vt 0.57273 0.4038
vt 0.57273 0.42
vt 0.69108 0.40481
vt 0.69108 0.421
vt 0.64853 0.4038
vt 0.64853 0.42
vt 0.47287 0.40423
vt 0.48088 0.40362
vt 0.48088 0.41982
vt 0.47287 0.42042
vt 0.54304 0.405
vt 0.55325 0.40469
vt 0.55325 0.42089
vt 0.54304 0.4212
vt 0.56258 0.40422
vt 0.57059 0.40363
vt 0.57059 0.41982
vt 0.56258 0.42042
vt 0.46352 0.4047
vt 0.46352 0.42089
vt 0.49103 0.40423
vt 0.50036 0.40469
vt 0.50036 0.42089
vt 0.49103 0.42042
vt 0.45326 0.40502
vt 0.45326 0.42121
vt 0.5323 0.40516
vt 0.5323 0.42136
vt 0.44246 0.40518
vt 0.44246 0.42137
vt 0.5213 0.40516
vt 0.5213 0.42136
vt 0.43142 0.40518
vt 0.43142 0.42137
vt 0.51056 0.405
vt 0.51056 0.4212
vt 0.40105 0.40423
vt 0.40105 0.42043
vt 0.48302 0.40363
vt 0.48302 0.41982
vt 0.39302 0.40363
vt 0.39302 0.41982
vt 0.63706 0.40429
vt 0.64639 0.4038
vt 0.64639 0.42
vt 0.63706 0.42049
vt 0.71282 0.40429
vt 0.72218 0.4038
vt 0.72218 0.42
vt 0.71282 0.42049
vt 0.62657 0.40463
vt 0.62657 0.42083
vt 0.70231 0.40463
vt 0.70231 0.42083
vt 0.04237 0.98619
vt 0.03475 0.98312
vt 0.03477 0.98308
vt 0.04238 0.98614
vt 0.02778 0.97857
vt 0.02181 0.97274
vt 0.02184 0.97271
vt 0.02781 0.97854
vt 0.23725 0.9729
vt 0.23723 0.97294
vt 0.08117 0.97859
vt 0.0742 0.98312
vt 0.07418 0.98308
vt 0.08114 0.97856
vt 0.2296 0.9698
vt 0.22959 0.96984
vt 0.05038 0.98775
vt 0.05038 0.9877
vt 0.22155 0.96822
vt 0.22154 0.96827
vt 0.05858 0.98776
vt 0.05858 0.98771
vt 0.21331 0.96821
vt 0.21331 0.96826
vt 0.06659 0.98619
vt 0.06658 0.98614
vt 0.20525 0.9698
vt 0.20527 0.96984
vt 0.19065 0.97745
vt 0.19761 0.9729
vt 0.19763 0.97294
vt 0.19068 0.97748
vt 0.08714 0.97276
vt 0.08711 0.97273
vt 0.12791 0.95612
vt 0.1339 0.95023
vt 0.13393 0.95026
vt 0.12794 0.95615
vt 0.35601 0.98195
vt 0.35124 0.9889
vt 0.35121 0.98887
vt 0.35597 0.98193
vt 0.12316 0.96311
vt 0.1232 0.96313
vt 0.35935 0.97414
vt 0.35931 0.97412
vt 0.11986 0.97096
vt 0.1199 0.97097
vt 0.36108 0.96576
vt 0.36104 0.96576
vt 0.11818 0.97934
vt 0.11822 0.97935
vt 0.32048 0.96178
vt 0.32213 0.97018
vt 0.32209 0.97018
vt 0.32043 0.9618
vt 0.32213 0.97875
vt 0.32209 0.97874
vt 0.1199 0.99629
vt 0.11818 0.98791
vt 0.11822 0.98791
vt 0.11995 0.99628
vt 0.25497 0.99035
vt 0.25827 0.99821
vt 0.25823 0.99823
vt 0.25493 0.99038
vt 0.01704 0.96578
vt 0.0137 0.95796
vt 0.01375 0.95794
vt 0.01708 0.96576
vt 0.50296 0.00147
vt 0.50918 0.00178
vt 0.50786 0.11517
vt 0.50117 0.11483
vt 0.50687 0.2285
vt 0.49983 0.22815
vt 0.45465 0.00179
vt 0.46088 0.00148
vt 0.46268 0.11483
vt 0.45598 0.11517
vt 0.46402 0.22815
vt 0.45697 0.22851
vt 0.55065 0.00147
vt 0.55598 0.00107
vt 0.55817 0.1144
vt 0.55243 0.11483
vt 0.55981 0.2277
vt 0.55377 0.22815
vt 0.53762 0.00199
vt 0.54443 0.00178
vt 0.54575 0.11517
vt 0.53843 0.11539
vt 0.54673 0.2285
vt 0.53904 0.22874
vt 0.46622 0.00107
vt 0.46842 0.1144
vt 0.47006 0.2277
vt 0.66079 0.00107
vt 0.66701 0.0014
vt 0.66564 0.11478
vt 0.65895 0.11443
vt 0.66462 0.22811
vt 0.65758 0.22774
vt 0.68149 0.00174
vt 0.68914 0.00174
vt 0.68943 0.11515
vt 0.6812 0.11515
vt 0.68965 0.2285
vt 0.68099 0.2285
vt 0.58505 0.00107
vt 0.59129 0.0014
vt 0.58991 0.11478
vt 0.58321 0.11443
vt 0.58888 0.22811
vt 0.58183 0.22774
vt 0.674 0.00163
vt 0.67316 0.11502
vt 0.67252 0.22837
vt 0.41924 0.00179
vt 0.42606 0.002
vt 0.42525 0.1154
vt 0.41791 0.11517
vt 0.42464 0.22875
vt 0.41692 0.22851
vt 0.5983 0.00163
vt 0.59745 0.11502
vt 0.59681 0.22837
vt 0.60579 0.00174
vt 0.61345 0.00174
vt 0.61373 0.11515
vt 0.6055 0.11515
vt 0.61394 0.2285
vt 0.60529 0.2285
vt 0.69663 0.00163
vt 0.69748 0.11502
vt 0.69812 0.22837
vt 0.62093 0.00163
vt 0.62177 0.11502
vt 0.62241 0.22837
vt 0.70363 0.0014
vt 0.70501 0.11478
vt 0.70604 0.22811
vt 0.62792 0.0014
vt 0.62929 0.11478
vt 0.63031 0.22811
vt 0.70987 0.00107
vt 0.71171 0.11443
vt 0.71309 0.22774
vt 0.63414 0.00107
vt 0.63597 0.11443
vt 0.63735 0.22774
vt 0.40767 0.00108
vt 0.41302 0.00148
vt 0.41123 0.11484
vt 0.40548 0.1144
vt 0.40989 0.22815
vt 0.40383 0.2277
vt 0.49762 0.00107
vt 0.49544 0.1144
vt 0.4938 0.2277
vt 0.51598 0.00199
vt 0.51517 0.11539
vt 0.51456 0.22874
vt 0.43326 0.00211
vt 0.43298 0.11552
vt 0.43278 0.22887
vt 0.52313 0.0021
vt 0.52286 0.11551
vt 0.52265 0.22886
vt 0.44062 0.00211
vt 0.44089 0.11552
vt 0.4411 0.22887
vt 0.53046 0.0021
vt 0.53074 0.11551
vt 0.53094 0.22886
vt 0.44782 0.002
vt 0.44863 0.1154
vt 0.44924 0.22875
vt 0.50632 0.28518
vt 0.49908 0.28482
vt 0.46477 0.28482
vt 0.45753 0.28518
vt 0.56072 0.28435
vt 0.55452 0.28482
vt 0.54729 0.28518
vt 0.53938 0.28542
vt 0.47098 0.28435
vt 0.66404 0.28479
vt 0.65681 0.28441
vt 0.68977 0.28518
vt 0.68087 0.28519
vt 0.5883 0.28479
vt 0.58105 0.28441
vt 0.67217 0.28505
vt 0.4243 0.28543
vt 0.41636 0.28518
vt 0.59645 0.28505
vt 0.61406 0.28519
vt 0.60517 0.28518
vt 0.69847 0.28505
vt 0.62276 0.28505
vt 0.70662 0.28479
vt 0.63089 0.28479
vt 0.71386 0.28441
vt 0.63812 0.28441
vt 0.40914 0.28482
vt 0.40291 0.28435
vt 0.49289 0.28435
vt 0.51422 0.28542
vt 0.43266 0.28555
vt 0.52254 0.28554
vt 0.44122 0.28555
vt 0.53106 0.28554
vt 0.44958 0.28543
usemtl mat0
f 1/1/1 2/2/1 3/3/1
f 1/1/2 3/3/2 4/4/2
f 5/5/3 6/6/4 7/7/5
f 5/5/3 7/7/5 8/8/6
f 9/9/7 10/10/7 11/11/7
f 9/9/8 11/11/8 12/12/8
f 13/13/9 14/14/9 15/15/9
f 13/13/10 15/15/10 16/16/10
f 17/17/11 18/18/11 19/19/11
f 17/17/12 19/19/12 20/20/12
f 2/2/13 21/21/13 22/22/13
f 2/2/14 22/22/14 3/3/14
f 23/23/15 13/13/15 16/16/15
f 23/23/16 16/16/16 24/24/16
f 25/25/17 1/1/17 4/4/17
f 25/25/18 4/4/18 26/26/18
f 27/27/19 23/23/19 24/24/19
f 27/27/10 24/24/10 28/28/10
f 29/29/20 25/25/20 26/26/20
f 29/29/21 26/26/21 30/30/21
f 31/31/22 27/27/22 28/28/22
f 31/31/23 28/28/23 32/32/23
f 33/33/24 29/29/24 30/30/24
f 33/33/25 30/30/25 34/34/25
f 35/35/26 31/31/26 32/32/26
f 35/35/27 32/32/27 36/36/27
f 18/18/28 33/33/28 34/34/28
f 18/18/29 34/34/29 19/19/29
f 37/37/30 38/38/30 39/39/30
f 37/37/31 39/39/31 40/40/31
f 41/41/32 17/17/32 20/20/32
f 41/41/33 20/20/33 42/42/33
f 43/43/34 37/37/34 40/40/34
f 43/43/35 40/40/35 44/44/35
f 45/45/36 41/41/36 42/42/36
f 45/45/37 42/42/37 46/46/37
f 47/47/38 43/43/38 44/44/38
f 47/47/10 44/44/10 48/48/10
f 49/49/39 45/45/39 46/46/39
f 49/49/10 46/46/10 50/50/10
f 51/51/40 47/47/40 48/48/40
f 51/51/41 48/48/41 52/52/41
f 53/53/42 54/54/42 55/55/42
f 53/53/43 55/55/43 56/56/43
f 57/57/44 58/58/44 59/59/44
f 57/57/45 59/59/45 60/60/45
f 61/61/46 62/62/46 63/63/46
f 61/61/47 63/63/47 64/64/47
f 65/65/48 53/53/48 56/56/48
f 65/65/10 56/56/10 66/66/10
f 67/67/49 68/68/49 69/69/49
f 67/67/50 69/69/50 70/70/50
f 71/71/51 61/61/51 64/64/51
f 71/71/52 64/64/52 72/72/52
f 38/38/53 35/35/53 36/36/53
f 38/38/54 36/36/54 39/39/54
f 73/73/55 67/67/55 70/70/55
f 73/73/56 70/70/56 74/74/56
f 75/75/57 71/71/57 72/72/57
f 75/75/58 72/72/58 76/76/58
f 68/68/59 57/57/59 60/60/59
f 68/68/10 60/60/10 69/69/10
f 10/10/60 73/73/60 74/74/60
f 10/10/61 74/74/61 11/11/61
f 14/14/62 77/77/62 78/78/62
f 14/14/63 78/78/63 15/15/63
f 79/79/64 80/80/65 81/81/66
f 79/79/64 81/81/66 82/82/67
f 83/83/68 84/84/69 85/85/70
f 83/83/68 85/85/70 86/86/71
f 87/87/72 88/88/73 89/89/74
f 87/87/72 89/89/74 90/90/75
f 91/91/76 83/83/68 86/86/71
f 91/91/76 86/86/71 92/92/77
f 93/93/78 87/87/72 90/90/75
f 93/93/78 90/90/75 94/94/79
f 95/95/80 91/91/76 92/92/77
f 95/95/80 92/92/77 96/96/81
f 97/97/82 93/93/78 94/94/79
f 97/97/82 94/94/79 98/98/83
f 99/99/84 95/95/80 96/96/81
f 99/99/84 96/96/81 100/100/85
f 101/101/86 97/97/82 98/98/83
f 101/101/86 98/98/83 102/102/87
f 103/103/88 104/104/89 105/105/90
f 103/103/88 105/105/90 106/106/91
f 107/107/92 108/108/93 109/109/94
f 107/107/92 109/109/94 110/110/95
f 111/111/96 103/103/88 106/106/91
f 111/111/96 106/106/91 112/112/97
f 113/113/98 114/114/99 115/115/100
f 113/113/98 115/115/100 116/116/101
f 117/117/102 118/118/103 119/119/104
f 117/117/102 119/119/104 120/120/105
f 121/121/106 113/113/98 116/116/101
f 121/121/106 116/116/101 122/122/107
f 123/123/108 117/117/102 120/120/105
f 123/123/108 120/120/105 124/124/109
f 125/125/110 121/121/106 122/122/107
f 125/125/110 122/122/107 126/126/111
f 127/127/112 123/123/108 124/124/109
f 127/127/112 124/124/109 128/128/113
f 129/129/114 130/130/115 131/131/116
f 129/129/114 131/131/116 132/132/117
f 130/130/115 125/125/110 126/126/111
f 130/130/115 126/126/111 131/131/116
f 133/133/118 134/134/119 135/135/120
f 133/133/118 135/135/120 136/136/121
f 137/137/122 129/129/114 132/132/117
f 137/137/122 132/132/117 138/138/123
f 104/104/89 99/99/84 100/100/85
f 104/104/89 100/100/85 105/105/90
f 139/139/124 133/133/118 136/136/121
f 139/139/124 136/136/121 140/140/125
f 141/141/126 137/137/122 138/138/123
f 141/141/126 138/138/123 142/142/127
f 134/134/119 127/127/112 128/128/113
f 134/134/119 128/128/113 135/135/120
f 143/143/128 139/139/124 140/140/125
f 143/143/128 140/140/125 144/144/129
f 145/145/130 146/146/131 147/147/132
f 145/145/130 147/147/132 148/148/133
f 88/88/73 5/5/3 8/8/6
f 88/88/73 8/8/6 89/89/74
f 6/6/4 149/149/134 150/150/135
f 6/6/4 150/150/135 7/7/5
f 84/84/69 145/145/130 148/148/133
f 84/84/69 148/148/133 85/85/70
f 108/108/93 101/101/86 102/102/87
f 108/108/93 102/102/87 109/109/94
f 151/151/136 152/152/137 153/153/138
f 151/151/136 153/153/138 154/154/139
f 155/155/140 156/156/141 157/157/142
f 155/155/140 157/157/142 158/158/143
f 159/159/144 79/79/64 82/82/67
f 159/159/144 82/82/67 160/160/145
f 161/161/146 162/162/147 163/163/148
f 161/161/146 163/163/148 164/164/149
f 165/165/150 166/166/151 167/167/152
f 165/165/150 167/167/152 168/168/153
f 169/169/154 161/161/146 164/164/149
f 169/169/154 164/164/149 170/170/155
f 171/171/156 172/172/157 173/173/158
f 171/171/156 173/173/158 174/174/159
f 175/175/160 176/176/161 177/177/162
f 175/175/160 177/177/162 178/178/163
f 179/179/164 171/171/156 174/174/159
f 179/179/164 174/174/159 180/180/165
f 181/181/166 175/175/160 178/178/163
f 181/181/166 178/178/163 182/182/167
f 183/183/168 179/179/164 180/180/165
f 183/183/168 180/180/165 184/184/169
f 185/185/170 181/181/166 182/182/167
f 185/185/170 182/182/167 186/186/171
f 187/187/172 188/188/173 189/189/174
f 187/187/172 189/189/174 190/190/175
f 188/188/173 183/183/168 184/184/169
f 188/188/173 184/184/169 189/189/174
f 191/191/176 192/192/177 193/193/178
f 191/191/176 193/193/178 194/194/179
f 195/195/180 187/187/172 190/190/175
f 195/195/180 190/190/175 196/196/181
f 162/162/147 155/155/140 158/158/143
f 162/162/147 158/158/143 163/163/148
f 197/197/182 191/191/176 194/194/179
f 197/197/182 194/194/179 198/198/183
f 199/199/184 195/195/180 196/196/181
f 199/199/184 196/196/181 200/200/185
f 192/192/177 185/185/170 186/186/171
f 192/192/177 186/186/171 193/193/178
f 201/201/186 197/197/182 198/198/183
f 201/201/186 198/198/183 202/202/187
f 203/203/188 204/204/189 205/205/190
f 203/203/188 205/205/190 206/206/191
f 207/207/192 208/208/193 209/209/194
f 207/207/192 209/209/194 210/210/195
f 211/211/196 212/212/197 213/213/198
f 211/211/196 213/213/198 214/214/199
f 215/215/200 203/203/188 206/206/191
f 215/215/200 206/206/191 216/216/201
f 166/166/151 159/159/144 160/160/145
f 166/166/151 160/160/145 167/167/152
f 208/208/193 211/211/196 214/214/199
f 208/208/193 214/214/199 209/209/194
f 217/217/202 215/215/200 216/216/201
f 217/217/202 216/216/201 218/218/203
f 219/219/204 207/207/192 210/210/195
f 219/219/204 210/210/195 220/220/205
f 221/221/206 217/217/202 218/218/203
f 221/221/206 218/218/203 222/222/207
f 80/80/65 219/219/204 220/220/205
f 80/80/65 220/220/205 81/81/66
f 156/156/141 221/221/206 222/222/207
f 156/156/141 222/222/207 157/157/142
f 223/223/208 224/224/209 225/225/209
f 223/223/208 225/225/209 226/226/208
f 227/227/210 228/228/211 229/229/212
f 227/227/210 229/229/212 230/230/213
f 231/231/214 151/151/136 154/154/139
f 231/231/214 154/154/139 232/232/215
f 233/233/216 227/227/210 230/230/213
f 233/233/216 230/230/213 234/234/217
f 235/235/218 231/231/214 232/232/215
f 235/235/218 232/232/215 236/236/219
f 237/237/220 233/233/216 234/234/217
f 237/237/220 234/234/217 238/238/221
f 239/239/222 240/240/223 241/241/224
f 239/239/222 241/241/224 242/242/225
f 240/240/223 235/235/218 236/236/219
f 240/240/223 236/236/219 241/241/224
f 243/243/226 244/244/227 245/245/228
f 243/243/226 245/245/228 246/246/229
f 247/247/230 239/239/222 242/242/225
f 247/247/230 242/242/225 248/248/231
f 249/249/232 250/250/233 251/251/234
f 249/249/232 251/251/234 252/252/235
f 253/253/236 243/243/226 246/246/229
f 253/253/236 246/246/229 254/254/237
f 255/255/238 247/247/230 248/248/231
f 255/255/238 248/248/231 256/256/239
f 244/244/227 237/237/220 238/238/221
f 244/244/227 238/238/221 245/245/228
f 257/257/240 253/253/236 254/254/237
f 257/257/240 254/254/237 258/258/241
f 259/259/242 260/260/243 261/261/244
f 259/259/242 261/261/244 262/262/245
f 263/263/246 264/264/247 265/265/248
f 263/263/246 265/265/248 266/266/249
f 267/267/250 268/268/251 269/269/252
f 267/267/250 269/269/252 270/270/253
f 271/271/254 259/259/242 262/262/245
f 271/271/254 262/262/245 272/272/255
f 273/273/256 274/274/257 275/275/258
f 273/273/256 275/275/258 276/276/259
f 264/264/247 267/267/250 270/270/253
f 264/264/247 270/270/253 265/265/248
f 277/277/260 271/271/254 272/272/255
f 277/277/260 272/272/255 278/278/261
f 279/279/262 263/263/246 266/266/249
f 279/279/262 266/266/249 280/280/263
f 281/281/264 277/277/260 278/278/261
f 281/281/264 278/278/261 282/282/265
f 283/283/266 279/279/262 280/280/263
f 283/283/266 280/280/263 284/284/267
f 285/285/268 281/281/264 282/282/265
f 285/285/268 282/282/265 286/286/269
f 287/287/270 283/283/266 284/284/267
f 287/287/270 284/284/267 288/288/271
f 250/250/233 285/285/268 286/286/269
f 250/250/233 286/286/269 251/251/234
f 274/274/257 287/287/270 288/288/271
f 274/274/257 288/288/271 275/275/258
f 289/289/272 249/249/232 252/252/235
f 289/289/272 252/252/235 290/290/273
f 291/291/274 273/273/256 276/276/259
f 291/291/274 276/276/259 292/292/275
f 293/293/276 289/289/272 290/290/273
f 293/293/276 290/290/273 294/294/277
f 295/295/278 296/296/278 297/297/278
f 295/295/279 297/297/279 298/298/279
f 224/224/209 299/299/280 300/300/280
f 224/224/209 300/300/280 225/225/209
f 301/301/281 302/302/282 303/303/282
f 301/301/281 303/303/282 304/304/281
f 305/305/283 223/223/208 226/226/208
f 305/305/283 226/226/208 306/306/283
f 307/307/284 308/308/285 309/309/285
f 307/307/284 309/309/285 310/310/284
f 311/311/286 301/301/281 304/304/281
f 311/311/286 304/304/281 312/312/286
f 313/313/287 305/305/283 306/306/283
f 313/313/287 306/306/283 314/314/287
f 302/302/282 315/315/288 316/316/288
f 302/302/282 316/316/288 303/303/282
f 317/317/289 311/311/286 312/312/286
f 317/317/289 312/312/286 318/318/289
f 319/319/290 320/320/291 321/321/291
f 319/319/290 321/321/291 322/322/290
f 323/323/292 324/324/293 325/325/293
f 323/323/292 325/325/293 326/326/292
f 327/327/294 328/328/295 329/329/296
f 327/327/294 329/329/296 330/330/294
f 331/331/297 319/319/290 322/322/290
f 331/331/297 322/322/290 332/332/297
f 333/333/298 334/334/299 335/335/299
f 333/333/298 335/335/299 336/336/298
f 324/324/293 327/327/294 330/330/294
f 324/324/293 330/330/294 325/325/293
f 337/337/300 331/331/297 332/332/297
f 337/337/300 332/332/297 338/338/300
f 339/339/301 323/323/292 326/326/292
f 339/339/301 326/326/292 340/340/301
f 341/341/302 337/337/300 338/338/300
f 341/341/302 338/338/300 342/342/302
f 343/343/303 339/339/301 340/340/301
f 343/343/303 340/340/301 344/344/303
f 345/345/304 341/341/302 342/342/302
f 345/345/304 342/342/302 346/346/304
f 347/347/305 343/343/303 344/344/303
f 347/347/305 344/344/303 348/348/305
f 308/308/285 345/345/304 346/346/304
f 308/308/285 346/346/304 309/309/285
f 334/334/299 347/347/305 348/348/305
f 334/334/299 348/348/305 335/335/299
f 349/349/306 307/307/284 310/310/284
f 349/349/306 310/310/284 350/350/307
f 351/351/308 333/333/298 336/336/298
f 351/351/308 336/336/298 352/352/308
f 353/353/309 349/349/306 350/350/307
f 353/353/309 350/350/307 354/354/309
f 355/355/310 356/356/311 357/357/311
f 355/355/310 357/357/311 358/358/310
f 359/359/312 360/360/313 361/361/313
f 359/359/312 361/361/313 362/362/312
f 363/363/314 355/355/310 358/358/310
f 363/363/314 358/358/310 364/364/314
f 365/365/315 359/359/312 362/362/312
f 365/365/315 362/362/312 366/366/315
f 299/299/280 363/363/314 364/364/314
f 299/299/280 364/364/314 300/300/280
f 315/315/288 365/365/315 366/366/315
f 315/315/288 366/366/315 316/316/288
f 367/367/316 368/368/316 369/369/316
f 367/367/317 369/369/317 370/370/317
f 371/371/318 372/372/318 373/373/318
f 371/371/319 373/373/319 374/374/319
f 375/375/320 295/295/320 298/298/320
f 375/375/321 298/298/321 376/376/321
f 377/377/322 378/378/322 379/379/322
f 377/377/323 379/379/323 380/380/323
f 368/368/324 371/371/324 374/374/324
f 368/368/325 374/374/325 369/369/325
f 381/381/326 375/375/326 376/376/326
f 381/381/327 376/376/327 382/382/327
f 383/383/328 367/367/328 370/370/328
f 383/383/329 370/370/329 384/384/329
f 385/385/330 381/381/330 382/382/330
f 385/385/331 382/382/331 386/386/331
f 387/387/332 383/383/332 384/384/332
f 387/387/333 384/384/333 388/388/333
f 389/389/334 385/385/334 386/386/334
f 389/389/325 386/386/325 390/390/325
f 391/391/335 387/387/335 388/388/335
f 391/391/325 388/388/325 392/392/325
f 393/393/336 389/389/336 390/390/336
f 393/393/337 390/390/337 394/394/337
f 378/378/338 391/391/338 392/392/338
f 378/378/339 392/392/339 379/379/339
f 395/395/340 396/396/340 397/397/340
f 395/395/341 397/397/341 398/398/341
f 399/399/342 377/377/342 380/380/342
f 399/399/325 380/380/325 400/400/325
f 401/401/343 402/402/343 403/403/343
f 401/401/344 403/403/344 404/404/344
f 405/405/345 406/406/345 407/407/345
f 405/405/346 407/407/346 408/408/346
f 409/409/347 401/401/347 404/404/347
f 409/409/348 404/404/348 410/410/348
f 411/411/349 405/405/349 408/408/349
f 411/411/350 408/408/350 412/412/350
f 413/413/351 409/409/351 410/410/351
f 413/413/352 410/410/352 414/414/352
f 415/415/353 411/411/353 412/412/353
f 415/415/354 412/412/354 416/416/354
f 417/417/355 413/413/355 414/414/355
f 417/417/356 414/414/356 418/418/356
f 419/419/357 420/420/357 421/421/357
f 419/419/358 421/421/358 422/422/358
f 420/420/359 423/423/359 424/424/359
f 420/420/325 424/424/325 421/421/325
f 425/425/360 426/426/360 427/427/360
f 425/425/361 427/427/361 428/428/361
f 429/429/362 430/430/362 431/431/362
f 429/429/363 431/431/363 432/432/363
f 396/396/364 393/393/364 394/394/364
f 396/396/365 394/394/365 397/397/365
f 433/433/366 434/434/366 435/435/366
f 433/433/367 435/435/367 436/436/367
f 296/296/368 429/429/368 432/432/368
f 296/296/369 432/432/369 297/297/369
f 426/426/370 417/417/370 418/418/370
f 426/426/371 418/418/371 427/427/371
f 372/372/372 433/433/372 436/436/372
f 372/372/373 436/436/373 373/373/373
f 437/437/374 438/438/375 439/439/376
f 437/437/374 439/439/376 440/440/377
f 440/440/377 439/439/376 441/441/378
f 440/440/377 441/441/378 442/442/379
f 443/443/380 444/444/381 445/445/382
f 443/443/380 445/445/382 446/446/383
f 446/446/383 445/445/382 447/447/384
f 446/446/383 447/447/384 448/448/385
f 449/449/386 450/450/387 451/451/388
f 449/449/386 451/451/388 452/452/389
f 452/452/389 451/451/388 453/453/390
f 452/452/389 453/453/390 454/454/391
f 455/455/392 456/456/393 457/457/394
f 455/455/392 457/457/394 458/458/395
f 458/458/395 457/457/394 459/459/396
f 458/458/395 459/459/396 460/460/397
f 444/444/381 461/461/398 462/462/399
f 444/444/381 462/462/399 445/445/382
f 445/445/382 462/462/399 463/463/400
f 445/445/382 463/463/400 447/447/384
f 464/464/401 465/465/402 466/466/403
f 464/464/401 466/466/403 467/467/404
f 467/467/404 466/466/403 468/468/405
f 467/467/404 468/468/405 469/469/406
f 470/470/407 471/471/408 472/472/409
f 470/470/407 472/472/409 473/473/410
f 473/473/410 472/472/409 474/474/411
f 473/473/410 474/474/411 475/475/412
f 476/476/413 477/477/414 478/478/415
f 476/476/413 478/478/415 479/479/416
f 479/479/416 478/478/415 480/480/417
f 479/479/416 480/480/417 481/481/418
f 465/465/402 482/482/419 483/483/420
f 465/465/402 483/483/420 466/466/403
f 466/466/403 483/483/420 484/484/421
f 466/466/403 484/484/421 468/468/405
f 485/485/422 486/486/423 487/487/424
f 485/485/422 487/487/424 488/488/425
f 488/488/425 487/487/424 489/489/426
f 488/488/425 489/489/426 490/490/427
f 477/477/414 491/491/428 492/492/429
f 477/477/414 492/492/429 478/478/415
f 478/478/415 492/492/429 493/493/430
f 478/478/415 493/493/430 480/480/417
f 482/482/419 470/470/407 473/473/410
f 482/482/419 473/473/410 483/483/420
f 483/483/420 473/473/410 475/475/412
f 483/483/420 475/475/412 484/484/421
f 494/494/431 495/495/432 496/496/433
f 494/494/431 496/496/433 497/497/434
f 497/497/434 496/496/433 498/498/435
f 497/497/434 498/498/435 499/499/436
f 491/491/428 494/494/431 497/497/434
f 491/491/428 497/497/434 492/492/429
f 492/492/429 497/497/434 499/499/436
f 492/492/429 499/499/436 493/493/430
f 471/471/408 500/500/437 501/501/438
f 471/471/408 501/501/438 472/472/409
f 472/472/409 501/501/438 502/502/439
f 472/472/409 502/502/439 474/474/411
f 495/495/432 503/503/440 504/504/441
f 495/495/432 504/504/441 496/496/433
f 496/496/433 504/504/441 505/505/442
f 496/496/433 505/505/442 498/498/435
f 500/500/437 506/506/443 507/507/444
f 500/500/437 507/507/444 501/501/438
f 501/501/438 507/507/444 508/508/445
f 501/501/438 508/508/445 502/502/439
f 503/503/440 509/509/446 510/510/447
f 503/503/440 510/510/447 504/504/441
f 504/504/441 510/510/447 511/511/448
f 504/504/441 511/511/448 505/505/442
f 506/506/443 512/512/449 513/513/450
f 506/506/443 513/513/450 507/507/444
f 507/507/444 513/513/450 514/514/451
f 507/507/444 514/514/451 508/508/445
f 509/509/446 515/515/452 516/516/453
f 509/509/446 516/516/453 510/510/447
f 510/510/447 516/516/453 517/517/454
f 510/510/447 517/517/454 511/511/448
f 518/518/455 519/519/456 520/520/457
f 518/518/455 520/520/457 521/521/458
f 521/521/458 520/520/457 522/522/459
f 521/521/458 522/522/459 523/523/460
f 524/524/461 437/437/374 440/440/377
f 524/524/461 440/440/377 525/525/462
f 525/525/462 440/440/377 442/442/379
f 525/525/462 442/442/379 526/526/463
f 519/519/456 485/485/422 488/488/425
f 519/519/456 488/488/425 520/520/457
f 520/520/457 488/488/425 490/490/427
f 520/520/457 490/490/427 522/522/459
f 438/438/375 527/527/464 528/528/465
f 438/438/375 528/528/465 439/439/376
f 439/439/376 528/528/465 529/529/466
f 439/439/376 529/529/466 441/441/378
f 486/486/423 530/530/467 531/531/468
f 486/486/423 531/531/468 487/487/424
f 487/487/424 531/531/468 532/532/469
f 487/487/424 532/532/469 489/489/426
f 527/527/464 533/533/470 534/534/471
f 527/527/464 534/534/471 528/528/465
f 528/528/465 534/534/471 535/535/472
f 528/528/465 535/535/472 529/529/466
f 530/530/467 536/536/473 537/537/474
f 530/530/467 537/537/474 531/531/468
f 531/531/468 537/537/474 538/538/475
f 531/531/468 538/538/475 532/532/469
f 533/533/470 539/539/476 540/540/477
f 533/533/470 540/540/477 534/534/471
f 534/534/471 540/540/477 541/541/478
f 534/534/471 541/541/478 535/535/472
f 536/536/473 542/542/479 543/543/480
f 536/536/473 543/543/480 537/537/474
f 537/537/474 543/543/480 544/544/481
f 537/537/474 544/544/481 538/538/475
f 539/539/476 455/455/392 458/458/395
f 539/539/476 458/458/395 540/540/477
f 540/540/477 458/458/395 460/460/397
f 540/540/477 460/460/397 541/541/478
f 542/542/479 443/443/380 446/446/383
f 542/542/479 446/446/383 543/543/480
f 543/543/480 446/446/383 448/448/385
f 543/543/480 448/448/385 544/544/481
f 456/456/393 449/449/386 452/452/389
f 456/456/393 452/452/389 457/457/394
f 457/457/394 452/452/389 454/454/391
f 457/457/394 454/454/391 459/459/396
f 442/442/379 441/441/378 545/545/482
f 442/442/379 545/545/482 546/546/483
f 448/448/385 447/447/384 547/547/484
f 448/448/385 547/547/484 548/548/485
f 454/454/391 453/453/390 549/549/486
f 454/454/391 549/549/486 550/550/487
f 460/460/397 459/459/396 551/551/488
f 460/460/397 551/551/488 552/552/489
f 447/447/384 463/463/400 553/553/490
f 447/447/384 553/553/490 547/547/484
f 469/469/406 468/468/405 554/554/491
f 469/469/406 554/554/491 555/555/492
f 475/475/412 474/474/411 556/556/493
f 475/475/412 556/556/493 557/557/494
f 481/481/418 480/480/417 558/558/495
f 481/481/418 558/558/495 559/559/496
f 468/468/405 484/484/421 560/560/497
f 468/468/405 560/560/497 554/554/491
f 490/490/427 489/489/426 561/561/498
f 490/490/427 561/561/498 562/562/499
f 480/480/417 493/493/430 563/563/500
f 480/480/417 563/563/500 558/558/495
f 484/484/421 475/475/412 557/557/494
f 484/484/421 557/557/494 560/560/497
f 499/499/436 498/498/435 564/564/501
f 499/499/436 564/564/501 565/565/502
f 493/493/430 499/499/436 565/565/502
f 493/493/430 565/565/502 563/563/500
f 474/474/411 502/502/439 566/566/503
f 474/474/411 566/566/503 556/556/493
f 498/498/435 505/505/442 567/567/504
f 498/498/435 567/567/504 564/564/501
f 502/502/439 508/508/445 568/568/505
f 502/502/439 568/568/505 566/566/503
f 505/505/442 511/511/448 569/569/506
f 505/505/442 569/569/506 567/567/504
f 508/508/445 514/514/451 570/570/507
f 508/508/445 570/570/507 568/568/505
f 511/511/448 517/517/454 571/571/508
f 511/511/448 571/571/508 569/569/506
f 523/523/460 522/522/459 572/572/509
f 523/523/460 572/572/509 573/573/510
f 526/526/463 442/442/379 546/546/483
f 526/526/463 546/546/483 574/574/511
f 522/522/459 490/490/427 562/562/499
f 522/522/459 562/562/499 572/572/509
f 441/441/378 529/529/466 575/575/512
f 441/441/378 575/575/512 545/545/482
f 489/489/426 532/532/469 576/576/513
f 489/489/426 576/576/513 561/561/498
f 529/529/466 535/535/472 577/577/514
f 529/529/466 577/577/514 575/575/512
f 532/532/469 538/538/475 578/578/515
f 532/532/469 578/578/515 576/576/513
f 535/535/472 541/541/478 579/579/516
f 535/535/472 579/579/516 577/577/514
f 538/538/475 544/544/481 580/580/517
f 538/538/475 580/580/517 578/578/515
f 541/541/478 460/460/397 552/552/489
f 541/541/478 552/552/489 579/579/516
f 544/544/481 448/448/385 548/548/485
f 544/544/481 548/548/485 580/580/517
f 459/459/396 454/454/391 550/550/487
f 459/459/396 550/550/487 551/551/488
f 546/546/483 545/545/482 101/101/86
f 546/546/483 101/101/86 108/108/93
f 548/548/485 547/547/484 145/145/130
f 548/548/485 145/145/130 84/84/69
f 550/550/487 549/549/486 149/149/134
f 550/550/487 149/149/134 6/6/4
f 552/552/489 551/551/488 5/5/3
f 552/552/489 5/5/3 88/88/73
f 547/547/484 553/553/490 146/146/131
f 547/547/484 146/146/131 145/145/130
f 555/555/492 554/554/491 139/139/124
f 555/555/492 139/139/124 143/143/128
f 557/557/494 556/556/493 127/127/112
f 557/557/494 127/127/112 134/134/119
f 559/559/496 558/558/495 137/137/122
f 559/559/496 137/137/122 141/141/126
f 554/554/491 560/560/497 133/133/118
f 554/554/491 133/133/118 139/139/124
f 562/562/499 561/561/498 99/99/84
f 562/562/499 99/99/84 104/104/89
f 558/558/495 563/563/500 129/129/114
f 558/558/495 129/129/114 137/137/122
f 560/560/497 557/557/494 134/134/119
f 560/560/497 134/134/119 133/133/118
f 565/565/502 564/564/501 125/125/110
f 565/565/502 125/125/110 130/130/115
f 563/563/500 565/565/502 130/130/115
f 563/563/500 130/130/115 129/129/114
f 556/556/493 566/566/503 123/123/108
f 556/556/493 123/123/108 127/127/112
f 564/564/501 567/567/504 121/121/106
f 564/564/501 121/121/106 125/125/110
f 566/566/503 568/568/505 117/117/102
f 566/566/503 117/117/102 123/123/108
f 567/567/504 569/569/506 113/113/98
f 567/567/504 113/113/98 121/121/106
f 568/568/505 570/570/507 118/118/103
f 568/568/505 118/118/103 117/117/102
f 569/569/506 571/571/508 114/114/99
f 569/569/506 114/114/99 113/113/98
f 573/573/510 572/572/509 103/103/88
f 573/573/510 103/103/88 111/111/96
f 574/574/511 546/546/483 108/108/93
f 574/574/511 108/108/93 107/107/92
f 572/572/509 562/562/499 104/104/89
f 572/572/509 104/104/89 103/103/88
f 545/545/482 575/575/512 97/97/82
f 545/545/482 97/97/82 101/101/86
f 561/561/498 576/576/513 95/95/80
f 561/561/498 95/95/80 99/99/84
f 575/575/512 577/577/514 93/93/78
f 575/575/512 93/93/78 97/97/82
f 576/576/513 578/578/515 91/91/76
f 576/576/513 91/91/76 95/95/80
f 577/577/514 579/579/516 87/87/72
f 577/577/514 87/87/72 93/93/78
f 578/578/515 580/580/517 83/83/68
f 578/578/515 83/83/68 91/91/76
f 579/579/516 552/552/489 88/88/73
f 579/579/516 88/88/73 87/87/72
f 580/580/517 548/548/485 84/84/69
f 580/580/517 84/84/69 83/83/68
f 551/551/488 550/550/487 6/6/4
f 551/551/488 6/6/4 5/5/3
f 96/96/81 92/92/77 221/221/206
f 96/96/81 221/221/206 156/156/141
f 94/94/79 90/90/75 219/219/204
f 94/94/79 219/219/204 80/80/65
f 92/92/77 86/86/71 217/217/202
f 92/92/77 217/217/202 221/221/206
f 90/90/75 89/89/74 207/207/192
f 90/90/75 207/207/192 219/219/204
f 86/86/71 85/85/70 215/215/200
f 86/86/71 215/215/200 217/217/202
f 8/8/6 7/7/5 211/211/196
f 8/8/6 211/211/196 208/208/193
f 109/109/94 102/102/87 159/159/144
f 109/109/94 159/159/144 166/166/151
f 85/85/70 148/148/133 203/203/188
f 85/85/70 203/203/188 215/215/200
f 7/7/5 150/150/135 212/212/197
f 7/7/5 212/212/197 211/211/196
f 89/89/74 8/8/6 208/208/193
f 89/89/74 208/208/193 207/207/192
f 148/148/133 147/147/132 204/204/189
f 148/148/133 204/204/189 203/203/188
f 144/144/129 140/140/125 197/197/182
f 144/144/129 197/197/182 201/201/186
f 135/135/120 128/128/113 185/185/170
f 135/135/120 185/185/170 192/192/177
f 142/142/127 138/138/123 195/195/180
f 142/142/127 195/195/180 199/199/184
f 140/140/125 136/136/121 191/191/176
f 140/140/125 191/191/176 197/197/182
f 105/105/90 100/100/85 155/155/140
f 105/105/90 155/155/140 162/162/147
f 138/138/123 132/132/117 187/187/172
f 138/138/123 187/187/172 195/195/180
f 136/136/121 135/135/120 192/192/177
f 136/136/121 192/192/177 191/191/176
f 131/131/116 126/126/111 183/183/168
f 131/131/116 183/183/168 188/188/173
f 132/132/117 131/131/116 188/188/173
f 132/132/117 188/188/173 187/187/172
f 128/128/113 124/124/109 181/181/166
f 128/128/113 181/181/166 185/185/170
f 126/126/111 122/122/107 179/179/164
f 126/126/111 179/179/164 183/183/168
f 124/124/109 120/120/105 175/175/160
f 124/124/109 175/175/160 181/181/166
f 122/122/107 116/116/101 171/171/156
f 122/122/107 171/171/156 179/179/164
f 120/120/105 119/119/104 176/176/161
f 120/120/105 176/176/161 175/175/160
f 116/116/101 115/115/100 172/172/157
f 116/116/101 172/172/157 171/171/156
f 112/112/97 106/106/91 161/161/146
f 112/112/97 161/161/146 169/169/154
f 110/110/95 109/109/94 166/166/151
f 110/110/95 166/166/151 165/165/150
f 106/106/91 105/105/90 162/162/147
f 106/106/91 162/162/147 161/161/146
f 102/102/87 98/98/83 79/79/64
f 102/102/87 79/79/64 159/159/144
f 100/100/85 96/96/81 156/156/141
f 100/100/85 156/156/141 155/155/140
f 98/98/83 94/94/79 80/80/65
f 98/98/83 80/80/65 79/79/64
f 170/170/155 164/164/149 289/289/272
f 170/170/155 289/289/272 293/293/276
f 168/168/153 167/167/152 273/273/256
f 168/168/153 273/273/256 291/291/274
f 164/164/149 163/163/148 249/249/232
f 164/164/149 249/249/232 289/289/272
f 160/160/145 82/82/67 287/287/270
f 160/160/145 287/287/270 274/274/257
f 158/158/143 157/157/142 285/285/268
f 158/158/143 285/285/268 250/250/233
f 82/82/67 81/81/66 283/283/266
f 82/82/67 283/283/266 287/287/270
f 157/157/142 222/222/207 281/281/264
f 157/157/142 281/281/264 285/285/268
f 81/81/66 220/220/205 279/279/262
f 81/81/66 279/279/262 283/283/266
f 222/222/207 218/218/203 277/277/260
f 222/222/207 277/277/260 281/281/264
f 220/220/205 210/210/195 263/263/246
f 220/220/205 263/263/246 279/279/262
f 218/218/203 216/216/201 271/271/254
f 218/218/203 271/271/254 277/277/260
f 209/209/194 214/214/199 267/267/250
f 209/209/194 267/267/250 264/264/247
f 167/167/152 160/160/145 274/274/257
f 167/167/152 274/274/257 273/273/256
f 216/216/201 206/206/191 259/259/242
f 216/216/201 259/259/242 271/271/254
f 214/214/199 213/213/198 268/268/251
f 214/214/199 268/268/251 267/267/250
f 210/210/195 209/209/194 264/264/247
f 210/210/195 264/264/247 263/263/246
f 206/206/191 205/205/190 260/260/243
f 206/206/191 260/260/243 259/259/242
f 202/202/187 198/198/183 253/253/236
f 202/202/187 253/253/236 257/257/240
f 193/193/178 186/186/171 237/237/220
f 193/193/178 237/237/220 244/244/227
f 200/200/185 196/196/181 247/247/230
f 200/200/185 247/247/230 255/255/238
f 198/198/183 194/194/179 243/243/226
f 198/198/183 243/243/226 253/253/236
f 163/163/148 158/158/143 250/250/233
f 163/163/148 250/250/233 249/249/232
f 196/196/181 190/190/175 239/239/222
f 196/196/181 239/239/222 247/247/230
f 194/194/179 193/193/178 244/244/227
f 194/194/179 244/244/227 243/243/226
f 189/189/174 184/184/169 235/235/218
f 189/189/174 235/235/218 240/240/223
f 190/190/175 189/189/174 240/240/223
f 190/190/175 240/240/223 239/239/222
f 186/186/171 182/182/167 233/233/216
f 186/186/171 233/233/216 237/237/220
f 184/184/169 180/180/165 231/231/214
f 184/184/169 231/231/214 235/235/218
f 182/182/167 178/178/163 227/227/210
f 182/182/167 227/227/210 233/233/216
f 180/180/165 174/174/159 151/151/136
f 180/180/165 151/151/136 231/231/214
f 178/178/163 177/177/162 228/228/211
f 178/178/163 228/228/211 227/227/210
f 174/174/159 173/173/158 152/152/137
f 174/174/159 152/152/137 151/151/136
f 238/238/221 234/234/217 365/365/315
f 238/238/221 365/365/315 315/315/288
f 236/236/219 232/232/215 363/363/314
f 236/236/219 363/363/314 299/299/280
f 234/234/217 230/230/213 359/359/312
f 234/234/217 359/359/312 365/365/315
f 232/232/215 154/154/139 355/355/310
f 232/232/215 355/355/310 363/363/314
f 230/230/213 229/229/212 360/360/313
f 230/230/213 360/360/313 359/359/312
f 154/154/139 153/153/138 356/356/311
f 154/154/139 356/356/311 355/355/310
f 294/294/277 290/290/273 349/349/306
f 294/294/277 349/349/306 353/353/309
f 292/292/275 276/276/259 333/333/298
f 292/292/275 333/333/298 351/351/308
f 290/290/273 252/252/235 307/307/284
f 290/290/273 307/307/284 349/349/306
f 275/275/258 288/288/271 347/347/305
f 275/275/258 347/347/305 334/334/299
f 251/251/234 286/286/269 345/345/304
f 251/251/234 345/345/304 308/308/285
f 288/288/271 284/284/267 343/343/303
f 288/288/271 343/343/303 347/347/305
f 286/286/269 282/282/265 341/341/302
f 286/286/269 341/341/302 345/345/304
f 284/284/267 280/280/263 339/339/301
f 284/284/267 339/339/301 343/343/303
f 282/282/265 278/278/261 337/337/300
f 282/282/265 337/337/300 341/341/302
f 280/280/263 266/266/249 323/323/292
f 280/280/263 323/323/292 339/339/301
f 278/278/261 272/272/255 331/331/297
f 278/278/261 331/331/297 337/337/300
f 265/265/248 270/270/253 327/327/294
f 265/265/248 327/327/294 324/324/293
f 276/276/259 275/275/258 334/334/299
f 276/276/259 334/334/299 333/333/298
f 272/272/255 262/262/245 319/319/290
f 272/272/255 319/319/290 331/331/297
f 270/270/253 269/269/252 328/328/295
f 270/270/253 328/328/295 327/327/294
f 266/266/249 265/265/248 324/324/293
f 266/266/249 324/324/293 323/323/292
f 262/262/245 261/261/244 320/320/291
f 262/262/245 320/320/291 319/319/290
f 258/258/241 254/254/237 311/311/286
f 258/258/241 311/311/286 317/317/289
f 245/245/228 238/238/221 315/315/288
f 245/245/228 315/315/288 302/302/282
f 256/256/239 248/248/231 305/305/283
f 256/256/239 305/305/283 313/313/287
f 254/254/237 246/246/229 301/301/281
f 254/254/237 301/301/281 311/311/286
f 252/252/235 251/251/234 308/308/285
f 252/252/235 308/308/285 307/307/284
f 248/248/231 242/242/225 223/223/208
f 248/248/231 223/223/208 305/305/283
f 246/246/229 245/245/228 302/302/282
f 246/246/229 302/302/282 301/301/281
f 241/241/224 236/236/219 299/299/280
f 241/241/224 299/299/280 224/224/209
f 242/242/225 241/241/224 224/224/209
f 242/242/225 224/224/209 223/223/208
# Vertices: 580, normals: 517, texture coordinates: 580, faces: 832

o obj2
v -0.01089406 -0.05127397 0.70647913
v -0.0032174 -0.05241337 0.70444533
v -0.00086215 -0.05231767 0.70967673
v -0.00753599 -0.05168747 0.71118803
v 0.0152086 -0.04977077 0.71632693
v 0.01011157 -0.05126377 0.71223323
v 0.01336145 -0.05076667 0.70702723
v 0.0213356 -0.04778327 0.71186473
v 0.01919287 -0.04782997 0.72315873
v 0.02643161 -0.04479497 0.71775183
v 0.02022558 -0.04654167 0.73034493
v 0.03067248 -0.04090707 0.72766013
v -0.01381731 -0.05012637 0.71530263
v -0.01801604 -0.04907377 0.70971003
v -0.01813971 -0.04824407 0.72152253
v -0.02337515 -0.04649607 0.71422763
v -0.01983386 -0.04670857 0.72921983
v -0.02818649 -0.04309947 0.72183593
v -0.03141992 -0.03925247 0.73233403
v -0.01845312 -0.04606657 0.73666923
v 0.01835 -0.04601567 0.73784293
v 0.03263848 -0.03740107 0.73732063
v 0.00459039 -0.05233757 0.70456763
v 0.00459433 -0.05212077 0.71013193
v -0.0143851 -0.04610537 0.74300653
v -0.02117002 -0.04240857 0.74591093
v -0.00788724 -0.04640987 0.74754283
v -0.00836974 -0.04367677 0.75421112
v 0.00115061 -0.04655497 0.74923773
v 0.00103015 -0.04380607 0.75572002
v -0.03243946 -0.03679677 0.73894683
v -0.02198809 -0.03914807 0.75250562
v -0.00871151 -0.03974547 0.76068292
v 0.00090415 -0.04010957 0.76169912
v -0.03280257 -0.03404137 0.74550913
v -0.03243946 -0.03679677 0.73894683
v -0.02198809 -0.03914807 0.75250562
v -0.02221989 -0.03486647 0.75880542
v -0.02221989 -0.03486647 0.75880542
v -0.00875598 -0.03465577 0.76628102
v 0.00080163 -0.03534807 0.76688772
v -0.03241234 -0.03082927 0.75186482
v -0.02165079 -0.02981927 0.76418742
v -0.00875598 -0.03465577 0.76628102
v -0.00849199 -0.02883007 0.77052562
v -0.00849199 -0.02883007 0.77052562
v -0.00875598 -0.03465577 0.76628102
v 0.00080163 -0.03534807 0.76688772
v 0.00070739 -0.02964337 0.77103582
v -0.03120004 -0.02704837 0.75779832
v -0.02044153 -0.02427117 0.76846242
v -0.00802803 -0.02255937 0.77366352
v -0.00802803 -0.02255937 0.77366352
v 0.00059779 -0.02330827 0.77415482
v -0.02915077 -0.02271077 0.76309222
v -0.01868999 -0.01843708 0.77180842
v -0.01868999 -0.01843708 0.77180842
v -0.02044153 -0.02427117 0.76846242
v -0.00737178 -0.01611528 0.77590432
v 0.00048931 -0.01659038 0.77641102
v -0.02636175 -0.01794048 0.76763412
v -0.01659435 -0.01254928 0.77441402
v -0.01659435 -0.01254928 0.77441402
v -0.00658059 -0.00962068 0.77756782
v 0.0003844 -0.00970278 0.77800922
v -0.02298027 -0.01291898 0.77140272
v -0.02636175 -0.01794048 0.76763412
v -0.01419878 -0.00663188 0.77643922
v -0.00568086 -0.00306298 0.77877392
v 0.00026658 -0.00270418 0.77915862
v -0.01918596 -0.00760538 0.77446432
v -0.01165813 -0.00066188 0.77799362
v -0.00473601 0.00352312 0.77964902
v 0.00013458 0.00432542 0.77996052
v -0.01515913 -0.00220008 0.77685072
v -0.01100564 0.00337562 0.77865092
v -0.00669908 0.00900662 0.77992182
v -2.72E-06 0.01137638 0.78054882
v 0.02021527 -0.00839108 0.77406592
v 0.01596248 -0.00265878 0.77667472
v 0.0111956 0.00367452 0.77873822
v 0.01170301 -0.00045168 0.77815452
v 0.00626218 0.00981456 0.78009292
v 0.00489944 0.00380192 0.77970092
v 0.023898 -0.01357268 0.77096622
v 0.01425468 -0.00643698 0.77659252
v 0.00609195 -0.00277798 0.77880682
v 0.02682064 -0.01799878 0.76761612
v 0.01641422 -0.01209978 0.77474872
v 0.00708967 -0.00923968 0.77761552
v 0.02911215 -0.02186047 0.76401462
v 0.01820302 -0.01751678 0.77254892
v 0.00793898 -0.01558978 0.77606882
v 0.03087835 -0.02534087 0.76006072
v 0.02911215 -0.02186047 0.76401462
v 0.01820302 -0.01751678 0.77254892
v 0.01975697 -0.02280827 0.76977242
v 0.01975697 -0.02280827 0.76977242
v 0.00869131 -0.02183907 0.77392582
v 0.03217386 -0.02858027 0.75557152
v 0.02101296 -0.02800157 0.76619752
v 0.02101296 -0.02800157 0.76619752
v 0.00932073 -0.02792237 0.77099172
v 0.03298454 -0.03170557 0.75024242
v 0.02186745 -0.03303257 0.76148142
v 0.02186745 -0.03303257 0.76148142
v 0.00988865 -0.03371677 0.76691172
v 0.03317522 -0.03459587 0.74422613
v 0.02215987 -0.03749797 0.75560012
v 0.02215987 -0.03749797 0.75560012
v 0.02186745 -0.03303257 0.76148142
v 0.00988865 -0.03371677 0.76691172
v 0.01015245 -0.03886017 0.76152282
v 0.03263848 -0.03740107 0.73732063
v 0.02188259 -0.04121067 0.74864263
v 0.02188259 -0.04121067 0.74864263
v 0.01024252 -0.04297597 0.75495472
v 0.01424407 -0.04611317 0.74356173
v 0.00849449 -0.04639097 0.74745543
v -0.00252974 -0.05181917 0.70082853
v -0.01141452 -0.05049767 0.70284213
v -0.01153135 -0.04867547 0.69963043
v -0.00173253 -0.05006617 0.69767393
v -0.01967829 -0.04765127 0.70685543
v -0.02072012 -0.04536637 0.70434903
v -0.01967829 -0.04765127 0.70685543
v -0.02572004 -0.04448627 0.71226393
v -0.02710043 -0.04156817 0.71059893
v -0.02072012 -0.04536637 0.70434903
v -0.03064053 -0.04048317 0.72095243
v -0.03203045 -0.03708087 0.72018023
v -0.03329085 -0.03654427 0.73101893
v -0.03442352 -0.03344067 0.72971553
v -0.03423797 -0.03390267 0.73793553
v -0.03530096 -0.03068207 0.73685663
v -0.03454088 -0.03115167 0.74439953
v -0.03545414 -0.02795437 0.74313493
v -0.03414761 -0.02812227 0.75034872
v -0.03501599 -0.02516817 0.74855463
v -0.03262012 -0.02364257 0.75720252
v -0.03318696 -0.02005688 0.75621622
v -0.03058361 -0.01949438 0.76208612
v -0.03125148 -0.01617828 0.76062072
v -0.02781992 -0.01486568 0.76635572
v -0.02869122 -0.01177618 0.76463832
v -0.02448934 -0.00980548 0.77011542
v -0.02541547 -0.00679038 0.76836082
v -0.02068114 -0.00425568 0.77341372
v -0.02148509 -0.00103598 0.77163562
v -0.01647591 0.00170552 0.77621222
v -0.01692271 0.00543487 0.77441032
v -0.01183283 0.00808888 0.77825702
v -0.0118758 0.01255035 0.77655622
v -0.01183283 0.00808888 0.77825702
v -0.00696337 0.01314085 0.77960392
v -0.00674444 0.01692026 0.77780832
v -0.0118758 0.01255035 0.77655622
v -0.00040501 0.01520669 0.78027872
v -0.00073338 0.01858008 0.77836432
v 0.00549376 0.01413375 0.77991312
v 0.00431043 0.0180304 0.77818002
v 0.01108384 0.00942283 0.77866562
v 0.01018333 0.01488143 0.77718132
v 0.01594698 0.00308742 0.77668462
v 0.01505672 0.00864309 0.77549232
v 0.03059261 -0.01876048 0.76280392
v 0.03271638 -0.02291127 0.75818372
v 0.03372549 -0.02032877 0.75588772
v 0.0313503 -0.01568368 0.76124252
v 0.03389905 -0.02582047 0.75416322
v 0.03471427 -0.02281637 0.75240872
v 0.0347418 -0.02897757 0.74880703
v 0.03558587 -0.02594067 0.74712283
v 0.02462995 -0.00930398 0.77037642
v 0.02769022 -0.01393068 0.76707292
v 0.0279166 -0.00995238 0.76617302
v 0.02476382 -0.00516288 0.76938072
v 0.02066636 -0.00353638 0.77373642
v 0.02037698 0.00116272 0.77268342
v 0.02066636 -0.00353638 0.77373642
v 0.02037698 0.00116272 0.77268342
v 0.00561106 -0.05158207 0.70115653
v 0.00643205 -0.04970657 0.69818763
v 0.01457446 -0.04970107 0.70382633
v 0.01533865 -0.04769777 0.70099263
v 0.02276206 -0.04639077 0.70888063
v 0.02346724 -0.04414357 0.70621153
v 0.0284714 -0.04288777 0.71548003
v 0.02276206 -0.04639077 0.70888063
v 0.02346724 -0.04414357 0.70621153
v 0.02940868 -0.04004507 0.71342653
v 0.03254591 -0.03853217 0.72574893
v 0.03355484 -0.03560827 0.72388883
v 0.03441899 -0.03478597 0.73568073
v 0.03542154 -0.03179047 0.73399823
v 0.03494667 -0.03191027 0.74271593
v 0.0358613 -0.02887517 0.74106673
v -0.01307559 -0.04826837 0.73493973
v -0.01436913 -0.04868747 0.72977943
v -0.01367747 -0.04950317 0.72457733
v 0.01285672 -0.05015407 0.71972433
v 0.0125963 -0.05029657 0.72022643
v 0.00862419 -0.05138647 0.71644853
v 0.00876587 -0.05128227 0.71591803
v 0.00347817 -0.05210137 0.71427543
v 0.00359642 -0.05201207 0.71375723
v -0.00209725 -0.05216857 0.71420833
v -0.00194704 -0.05209907 0.71361763
v 0.01537638 -0.04895577 0.72489183
v 0.01492995 -0.04919027 0.72518393
v 0.01582705 -0.04810117 0.73056453
v 0.01530814 -0.04839147 0.73066993
v 0.01415818 -0.04771157 0.73611273
v 0.01365888 -0.04802117 0.73597343
v 0.01061606 -0.04769697 0.74062913
v 0.01017791 -0.04799517 0.74034473
v 0.00566757 -0.04782517 0.74354773
v 0.00530165 -0.04811827 0.74311343
v -8.025E-05 -0.04787467 0.74454043
v -0.0002476 -0.04814797 0.74404043
v -0.00596171 -0.04781177 0.74327363
v -0.00573408 -0.04809167 0.74282403
v -0.01085335 -0.04769517 0.74003623
v -0.0104264 -0.04799207 0.73974413
v -0.01414752 -0.04776177 0.73527613
v -0.01363641 -0.04807187 0.73518033
v -0.01549082 -0.04821917 0.72965913
v -0.01497954 -0.04850557 0.72979043
v -0.01466405 -0.04915267 0.72398223
v -0.01423382 -0.04937767 0.72438203
v -0.01190066 -0.05034307 0.71894763
v -0.01169008 -0.05046087 0.71948473
v -0.00733638 -0.05151257 0.71563743
v -0.007308 -0.05154517 0.71631793
v 0.02688389 -0.01770358 0.76757662
v 0.0292192 -0.02163557 0.76392672
v 0.03311186 -0.03150757 0.75013822
v 0.03330348 -0.03440117 0.74411673
v 0.032768 -0.03721127 0.73720163
v 0.0308082 -0.04073467 0.72752143
v 0.02657937 -0.04465667 0.71758693
v 0.02657937 -0.04465667 0.71758693
v 0.02143913 -0.04768227 0.71164833
v 0.0284714 -0.04288777 0.71548003
v 0.01344943 -0.05068947 0.70679513
v 0.00466442 -0.05228267 0.70432013
v -0.00316751 -0.05237027 0.70418283
v 0.01596117 -0.00224188 0.77667542
v 0.02024799 -0.00803888 0.77404202
v 0.02395111 -0.01326298 0.77092332
v 0.02462995 -0.00930398 0.77037642
v 0.02395111 -0.01326298 0.77092332
v 0.03229909 -0.02838007 0.75546952
v 0.03101169 -0.02516457 0.75992462
v 0.01118755 0.00409152 0.77873292
v 0.00620639 0.0101279 0.78007992
v -3.19E-05 0.01165419 0.78052922
v -0.00671822 0.00930655 0.77989882
v -0.01106572 0.00371752 0.77862232
v -0.01525449 -0.00191678 0.77680452
v -0.01647591 0.00170552 0.77621222
v -0.0192945 -0.00736238 0.77438802
v -0.01525449 -0.00191678 0.77680452
v -0.0230894 -0.01269308 0.77130942
v -0.02646755 -0.01771748 0.76754132
v -0.02925466 -0.02247747 0.76301922
v -0.03130274 -0.02680127 0.75775522
v -0.03253822 -0.03063297 0.75175492
v -0.03292827 -0.03383177 0.74542853
v -0.03256999 -0.03658687 0.73887343
v -0.03155564 -0.03905597 0.73223873
v -0.02836435 -0.04290967 0.72177193
v -0.02354526 -0.04635027 0.71408513
v -0.01813668 -0.04897057 0.70950283
v -0.02354526 -0.04635027 0.71408513
v -0.02572004 -0.04448627 0.71226393
v -0.01093173 -0.05121767 0.70621533
v -0.00022964 -0.04830887 0.74341003
v -0.00548816 -0.04826467 0.74224883
v -0.00999516 -0.04818147 0.73930793
v -0.01122069 -0.05055597 0.71990703
v -0.00700754 -0.05154977 0.71684793
v -0.00197947 -0.05213727 0.71481553
v 0.00333965 -0.05207967 0.71490643
v 0.00510281 -0.04826807 0.74255213
v 0.00976723 -0.04818087 0.73988243
v 0.01311588 -0.04821937 0.73570003
v 0.01470196 -0.04858087 0.73062033
v 0.01433748 -0.04934087 0.72536153
v 0.01208919 -0.05038687 0.72060733
v 0.00827032 -0.05141517 0.71698563
v -0.02337515 -0.04649607 0.71422763
v -0.02818649 -0.04309947 0.72183593
v -0.03141992 -0.03925247 0.73233403
v -0.02298027 -0.01291898 0.77140272
v -0.01918596 -0.00760538 0.77446432
v -0.01515913 -0.00220008 0.77685072
v 0.023898 -0.01357268 0.77096622
v 0.02682064 -0.01799878 0.76761612
v 0.03067248 -0.04090707 0.72766013
v 0.02643161 -0.04479497 0.71775183
v 0.01652652 -0.07697846 0.03491652
v 0.00499034 -0.07870506 0.03801155
v 0.0014509 -0.07856026 0.03004789
v 0.01148015 -0.07760496 0.02775084
v -0.02269935 -0.07470096 0.01992893
v -0.0150398 -0.07696226 0.02614951
v -0.01992321 -0.07621016 0.03408253
v -0.03190671 -0.07168956 0.02672111
v -0.02868675 -0.07176016 0.00953448
v -0.03956448 -0.06716197 0.01776289
v -0.03023832 -0.06980827 -0.00139952
v -0.04593734 -0.06127097 0.0026859
v 0.02091944 -0.07523996 0.02148723
v 0.02722912 -0.07364486 0.03000015
v 0.02741538 -0.07238786 0.01202476
v 0.03528242 -0.06973927 0.02312552
v 0.02996074 -0.07006117 0.00031257
v 0.042513 -0.06459287 0.01154834
v 0.04737131 -0.05876397 -0.00442636
v 0.02788584 -0.06908857 -0.01102316
v -0.02742009 -0.06901147 -0.01280891
v -0.0488923 -0.05595877 -0.01201421
v -0.00674283 -0.07859006 0.03782486
v -0.00674867 -0.07825816 0.02933526
v 0.02177262 -0.06914737 -0.02066648
v 0.03196864 -0.06354597 -0.02508604
v 0.01200801 -0.06960827 -0.02756965
v 0.0127331 -0.06546757 -0.03771615
v -0.0015738 -0.06982847 -0.0301485
v -0.00139254 -0.06566337 -0.0400123
v 0.04890399 -0.05504327 -0.01448845
v 0.03319781 -0.05860587 -0.03512108
v 0.01324629 -0.05951097 -0.04756397
v -0.00120318 -0.06006257 -0.04911065
v 0.04944949 -0.05086827 -0.0244745
v 0.04890399 -0.05504327 -0.01448845
v 0.03319781 -0.05860587 -0.03512108
v 0.03354608 -0.05211847 -0.04470717
v 0.03354608 -0.05211847 -0.04470717
v 0.01331347 -0.05179947 -0.05608295
v -0.0010491 -0.05284827 -0.05700599
v 0.04886304 -0.04600147 -0.03414595
v 0.03269111 -0.04447117 -0.0528966
v 0.01331347 -0.05179947 -0.05608295
v 0.01291674 -0.04297247 -0.06254183
v 0.01291674 -0.04297247 -0.06254183
v 0.01331347 -0.05179947 -0.05608295
v -0.0010491 -0.05284827 -0.05700599
v -0.00090765 -0.04420467 -0.06331824
v 0.04704092 -0.04027277 -0.04317498
v 0.03087394 -0.03606497 -0.05940197
v 0.01221925 -0.03347127 -0.06731676
v 0.01221925 -0.03347127 -0.06731676
v -0.00074295 -0.03460597 -0.06806444
v 0.04396169 -0.03370067 -0.05123042
v 0.02824228 -0.02722517 -0.06449376
v 0.02824228 -0.02722517 -0.06449376
v 0.03087394 -0.03606497 -0.05940197
v 0.01123327 -0.02370717 -0.07072638
v -0.00057993 -0.02442717 -0.07149754
v 0.03977059 -0.02647277 -0.05814145
v 0.02509277 -0.01830428 -0.06845878
v 0.02509277 -0.01830428 -0.06845878
v 0.01004397 -0.01386698 -0.07325791
v -0.00042229 -0.01399148 -0.07392953
v 0.03468882 -0.01886448 -0.06387661
v 0.03977059 -0.02647277 -0.05814145
v 0.02149266 -0.00933848 -0.07154034
v 0.00869232 -0.00393108 -0.07509302
v -0.00024523 -0.00338748 -0.07567845
v 0.02898763 -0.01081348 -0.06853662
v 0.01767462 -0.00029288 -0.07390569
v 0.00727242 0.00604808 -0.07642482
v -4.687E-05 0.00726342 -0.07689868
v 0.0229361 -0.00262368 -0.07216667
v 0.01669389 0.00582444 -0.07490657
v 0.01022249 0.01435637 -0.07684217
v 0.00015945 0.01794695 -0.07779394
v -0.03022318 -0.01200388 -0.06792913
v -0.02383226 -0.00331858 -0.07189868
v -0.01666891 0.00627732 -0.07503878
v -0.01743108 2.552E-05 -0.07415067
v -0.00925517 0.01558053 -0.07710014
v -0.00720733 0.00647044 -0.07650374
v -0.03575741 -0.01985488 -0.06321214
v -0.0212664 -0.00904328 -0.07177363
v -0.00899941 -0.00349918 -0.0751432
v -0.04014961 -0.02656117 -0.05811428
v -0.02451092 -0.01762318 -0.06896804
v -0.01049864 -0.01328978 -0.07333027
v -0.04359286 -0.03241227 -0.05263399
v -0.02719901 -0.02583077 -0.06562065
v -0.01177459 -0.02291117 -0.07097672
v -0.04624717 -0.03768567 -0.04661715
v -0.04359286 -0.03241227 -0.05263399
v -0.02719901 -0.02583077 -0.06562065
v -0.02953427 -0.03384837 -0.06139563
v -0.02953427 -0.03384837 -0.06139563
v -0.01290524 -0.03237977 -0.06771587
v -0.04819398 -0.04259397 -0.03978621
v -0.03142183 -0.04171727 -0.0559554
v -0.03142183 -0.04171727 -0.0559554
v -0.0138514 -0.04159697 -0.06325112
v -0.04941218 -0.04732927 -0.03167676
v -0.03270589 -0.04933987 -0.04877924
v -0.03270589 -0.04933987 -0.04877924
v -0.01470476 -0.05037657 -0.05704235
v -0.04969876 -0.05170867 -0.02252233
v -0.03314506 -0.05610577 -0.03982985
v -0.03314506 -0.05610577 -0.03982985
v -0.03270589 -0.04933987 -0.04877924
v -0.01470476 -0.05037657 -0.05704235
v -0.01510179 -0.05816957 -0.04884243
v -0.0488923 -0.05595877 -0.01201421
v -0.03272866 -0.06173097 -0.02924275
v -0.03272866 -0.06173097 -0.02924275
v -0.01523625 -0.06440577 -0.03884804
v -0.02125048 -0.06915917 -0.02151072
v -0.01260972 -0.06958017 -0.02743589
v 0.00395703 -0.07780466 0.04351472
v 0.01730901 -0.07580246 0.04045081
v 0.01748389 -0.07304146 0.04533803
v 0.00275892 -0.07514856 0.0483148
v 0.02972691 -0.07148956 0.03434371
v 0.03129219 -0.06802767 0.03815788
v 0.02972691 -0.07148956 0.03434371
v 0.03880642 -0.06669407 0.02611362
v 0.04088055 -0.06227277 0.02864766
v 0.03129219 -0.06802767 0.03815788
v 0.0462005 -0.06062877 0.01289284
v 0.04828911 -0.05547367 0.01406764
v 0.05018286 -0.05466067 -0.00242513
v 0.05188571 -0.04995807 -0.00044191
v 0.05160622 -0.05065837 -0.01295006
v 0.05320393 -0.04577847 -0.01130819
v 0.05206136 -0.04649007 -0.0227862
v 0.05343412 -0.04164567 -0.02086174
v 0.05147044 -0.04189997 -0.03183901
v 0.05277579 -0.03742407 -0.029109
v 0.04917531 -0.03511247 -0.04226791
v 0.05002718 -0.02967947 -0.04076755
v 0.04611491 -0.02882727 -0.04969954
v 0.04711859 -0.02380277 -0.04746973
v 0.0419616 -0.02181397 -0.05619632
v 0.04327117 -0.01713298 -0.05358337
v 0.03695635 -0.01414698 -0.06191765
v 0.03834872 -0.00957868 -0.05924748
v 0.03123359 -0.00573818 -0.06731676
v 0.0324422 -0.00085978 -0.06496595
v 0.02491456 0.00329412 -0.07137488
v 0.02558582 0.00894463 -0.06884931
v 0.01793718 0.01296585 -0.07436071
v 0.01800233 0.01972568 -0.07184742
v 0.01793718 0.01296585 -0.07436071
v 0.01061964 0.0206204 -0.07641195
v 0.0102908 0.02634686 -0.07375263
v 0.01800233 0.01972568 -0.07184742
v 0.00076399 0.02375048 -0.07738613
v 0.0012573 0.02886176 -0.07448255
v -0.00810051 0.02212482 -0.07682644
v -0.00632214 0.0280289 -0.07418941
v -0.01650089 0.01498705 -0.07492827
v -0.01514726 0.02325767 -0.07266949
v -0.02380895 0.00538772 -0.07191382
v -0.02247172 0.01380556 -0.07009946
v -0.04581814 -0.02771537 -0.05079179
v -0.04900919 -0.03400447 -0.04376137
v -0.05052577 -0.03009157 -0.04026722
v -0.04695629 -0.02305357 -0.04841578
v -0.05078702 -0.03841237 -0.03764343
v -0.05201142 -0.03386067 -0.0349735
v -0.05205338 -0.04319577 -0.02949285
v -0.05332129 -0.03859447 -0.02693021
v -0.03685693 -0.01338718 -0.0623145
v -0.04145615 -0.02039727 -0.05728792
v -0.04179685 -0.01436958 -0.05591844
v -0.03705846 -0.00711278 -0.06079935
v -0.03090106 -0.00464838 -0.06742762
v -0.03046601 0.00247162 -0.06582533
v -0.03090106 -0.00464838 -0.06742762
v -0.03046601 0.00247162 -0.06582533
v -0.00827664 -0.07744536 0.04301548
v -0.00951034 -0.07460366 0.04753363
v -0.02174699 -0.07459536 0.0389533
v -0.02289533 -0.07156006 0.04326534
v -0.03405087 -0.06957977 0.03126204
v -0.03510962 -0.06617497 0.03532356
v -0.04263054 -0.06427207 0.02121973
v -0.03405087 -0.06957977 0.03126204
v -0.03510962 -0.06617497 0.03532356
v -0.04403852 -0.05996507 0.02434492
v -0.04875301 -0.05767277 0.00559401
v -0.05026881 -0.05324247 0.00842476
v -0.05156796 -0.05199637 -0.00951898
v -0.05307429 -0.04745797 -0.00695872
v -0.05236082 -0.04763927 -0.02022421
v -0.05373482 -0.04304087 -0.01771456
v 0.01980519 -0.07220436 -0.00905359
v 0.02174896 -0.07283946 -0.00120091
v 0.02070981 -0.07407556 0.00671464
v -0.01916486 -0.07506166 0.01409924
v -0.01877421 -0.07527776 0.0133351
v -0.01280426 -0.07692906 0.01908433
v -0.01301717 -0.07677106 0.01989156
v -0.00507128 -0.07801206 0.02239108
v -0.0052492 -0.07787676 0.02317953
v 0.00330692 -0.07811396 0.02249312
v 0.00308138 -0.07800866 0.02339208
v -0.02295202 -0.07324606 0.00623608
v -0.02228075 -0.07360126 0.00579178
v -0.02362895 -0.07195116 -0.00239587
v -0.02284896 -0.07239106 -0.00255597
v -0.02112138 -0.07136086 -0.01083827
v -0.02037048 -0.07183006 -0.01062595
v -0.01579791 -0.07133876 -0.01771092
v -0.01513952 -0.07179076 -0.01727807
v -0.00836158 -0.07153306 -0.02215206
v -0.00781172 -0.07197706 -0.02149111
v 0.00027598 -0.07160796 -0.0236622
v 0.00052748 -0.07202206 -0.02290177
v 0.0091145 -0.07151286 -0.02173495
v 0.00877237 -0.07193686 -0.02105093
v 0.01646536 -0.07133596 -0.01680845
v 0.01582366 -0.07178596 -0.01636385
v 0.02141559 -0.07143696 -0.00956547
v 0.02064776 -0.07190676 -0.00941968
v 0.02343446 -0.07212986 -0.00101805
v 0.02266556 -0.07256396 -0.00121766
v 0.02219176 -0.07354436 0.00762027
v 0.02154552 -0.07388536 0.00701207
v 0.0180388 -0.07534806 0.01528126
v 0.01772308 -0.07552646 0.01446402
v 0.01118022 -0.07711996 0.02031821
v 0.01113766 -0.07716946 0.01928305
v -0.04029267 -0.02588777 -0.0580238
v -0.04383568 -0.03189917 -0.0524324
v -0.04970036 -0.04687767 -0.03143841
v -0.04998969 -0.05126407 -0.02227139
v -0.04918461 -0.05552597 -0.01174139
v -0.0462449 -0.06087787 0.0030036
v -0.03989933 -0.06684617 0.01814091
v -0.03989933 -0.06684617 0.01814091
v -0.03214096 -0.07145916 0.02721714
v -0.04263054 -0.06427207 0.02121973
v -0.02012234 -0.07603366 0.03461456
v -0.00691044 -0.07846496 0.0383923
v 0.00487745 -0.07860656 0.03861272
v -0.02382946 -0.00236758 -0.07190035
v -0.03029715 -0.01120028 -0.0678743
v -0.03587721 -0.01914838 -0.06311415
v -0.03685693 -0.01338718 -0.0623145
v -0.03587721 -0.01914838 -0.06311415
v -0.04847722 -0.04213717 -0.03955245
v -0.04654889 -0.03728357 -0.04630517
v -0.01665019 0.00722879 -0.07502674
v -0.00912899 0.01629549 -0.07707022
v 0.00022549 0.01858091 -0.077749
v 0.01026552 0.01504069 -0.07679151
v 0.01682966 0.00660461 -0.07484339
v 0.02315223 -0.00197718 -0.07206057
v 0.02491456 0.00329412 -0.07137488
v 0.02923279 -0.01025908 -0.06837367
v 0.02315223 -0.00197718 -0.07206057
v 0.03493641 -0.01834908 -0.06366251
v 0.0400096 -0.02596387 -0.0579289
v 0.04419695 -0.03316827 -0.05106311
v 0.0472744 -0.03970907 -0.04307574
v 0.04914795 -0.04555347 -0.03389394
v 0.04973482 -0.05038997 -0.02429008
v 0.04919921 -0.05456427 -0.01432073
v 0.04767852 -0.05831577 -0.00420773
v 0.04291587 -0.06415977 0.01169538
v 0.03566729 -0.06940647 0.0234524
v 0.02750199 -0.07340946 0.03047478
v 0.03566729 -0.06940647 0.0234524
v 0.03880642 -0.06669407 0.02611362
v 0.01661223 -0.07685006 0.03552109
v 0.00050048 -0.07226596 -0.02194201
v 0.00840282 -0.07219876 -0.02017509
v 0.01517564 -0.07207286 -0.01570034
v 0.0170173 -0.07567066 0.0138216
v 0.01068598 -0.07717636 0.01847648
v 0.00313008 -0.07806656 0.02156913
v -0.00486326 -0.07797916 0.02143085
v -0.00751293 -0.07220406 -0.02063703
v -0.01452237 -0.07207186 -0.01657462
v -0.01955449 -0.07213016 -0.01021051
v -0.02193796 -0.07267806 -0.00248074
v -0.02139079 -0.07382966 0.00552165
v -0.01801151 -0.07541446 0.01275599
v -0.01227289 -0.07697256 0.01826703
v 0.03528242 -0.06973927 0.02312552
v 0.042513 -0.06459287 0.01154834
v 0.04737131 -0.05876397 -0.00442636
v 0.03468882 -0.01886448 -0.06387661
v 0.02898763 -0.01081348 -0.06853662
v 0.0229361 -0.00262368 -0.07216667
v -0.03575741 -0.01985488 -0.06321214
v -0.04014961 -0.02656117 -0.05811428
v -0.04593734 -0.06127097 0.0026859
v -0.03956448 -0.06716197 0.01776289
vn -0.2429 -0.96861 -0.05277
vn -0.0911 -0.99313 -0.07349
vn -0.02057 -0.99923 0.0333
vn -0.14988 -0.98833 0.02719
vn 0.29176 -0.95448 0.06192
vn 0.18546 -0.98143 0.04892
vn 0.28749 -0.95406 -0.08442
vn 0.45598 -0.8885 -0.05142
vn 0.37701 -0.92169 0.09135
vn 0.51565 -0.85662 0.01767
vn 0.42443 -0.89384 0.1446
vn 0.50366 -0.84796 0.1652
vn -0.2758 -0.96012 0.04587
vn -0.38722 -0.91981 -0.0633
vn -0.37297 -0.92439 0.07996
vn -0.46536 -0.88485 -0.02185
vn -0.42178 -0.89687 0.13316
vn -0.47562 -0.87103 0.1229
vn -0.50921 -0.83983 0.18812
vn -0.42879 -0.87327 0.23139
vn 0.40462 -0.89238 0.19984
vn 0.51113 -0.83561 0.20124
vn 0.09223 -0.99215 -0.08442
vn 0.08243 -0.99565 0.04343
vn -0.31914 -0.90907 0.26784
vn -0.44504 -0.853 0.27263
vn -0.18232 -0.93108 0.316
vn -0.20686 -0.87788 0.4319
vn 0.0163 -0.94039 0.33971
vn 0.01712 -0.88662 0.46219
vn -0.54614 -0.80372 0.23616
vn -0.39837 -0.81576 0.41934
vn -0.21916 -0.78455 0.58004
vn 0.01206 -0.79701 0.60385
vn -0.73912 -0.61219 0.28093
vn -0.80883 -0.569 0.14845
vn -0.59256 -0.69358 0.40966
vn -0.54173 -0.62874 0.55787
vn -0.35054 -0.75986 0.54748
vn -0.20411 -0.72456 0.6583
vn 0.01407 -0.73328 0.67978
vn -0.73656 -0.54313 0.4031
vn -0.47332 -0.54593 0.69132
vn -0.33745 -0.57809 0.74293
vn -0.32054 -0.48327 0.81468
vn -0.09189 -0.51465 0.85246
vn -0.09345 -0.58352 0.8067
vn 0.00052 -0.58743 0.80927
vn 0.00424 -0.51937 0.85454
vn -0.72153 -0.45519 0.52172
vn -0.46596 -0.41844 0.7796
vn -0.30434 -0.40817 0.86068
vn -0.16093 -0.3615 0.91838
vn 0.00281 -0.38348 0.92355
vn -0.67549 -0.35757 0.64488
vn -0.49077 -0.26255 0.83079
vn -0.28819 -0.35396 0.88975
vn -0.30586 -0.40291 0.86262
vn -0.16822 -0.27211 0.94745
vn 0.00229 -0.27593 0.96118
vn -0.63257 -0.25053 0.73286
vn -0.47787 -0.20762 0.85354
vn -0.32338 -0.22941 0.91804
vn -0.14472 -0.19804 0.96945
vn 0.00479 -0.19611 0.98057
vn -0.37698 -0.33611 0.86309
vn -0.3763 -0.38054 0.84474
vn -0.28664 -0.1631 0.94405
vn -0.12257 -0.14234 0.9822
vn 0.004 -0.13978 0.99017
vn -0.30135 -0.2719 0.91393
vn -0.21919 -0.13682 0.96604
vn -0.09684 -0.10123 0.99014
vn -0.00269 -0.09684 0.9953
vn -0.25343 -0.18903 0.9487
vn -0.27678 -0.0564 0.95928
vn -0.19627 -0.00284 0.98055
vn -0.00705 0.00754 0.99995
vn 0.25752 -0.3322 0.90737
vn -0.24046 -0.52612 0.81571
vn 0.27144 -0.05484 0.96089
vn 0.22474 -0.14741 0.9632
vn 0.21019 0.0192 0.97747
vn 0.09745 -0.10734 0.98944
vn 0.20717 -0.45883 0.86404
vn 0.32729 -0.13932 0.9346
vn 0.13914 -0.13334 0.98126
vn 0.19774 -0.58155 0.78911
vn 0.37157 -0.19715 0.90723
vn 0.16254 -0.18455 0.96929
vn 0.36471 -0.43237 0.82464
vn 0.38729 -0.2679 0.88218
vn 0.18538 -0.2549 0.94903
vn 0.64219 -0.47424 0.60224
vn 0.61139 -0.40902 0.67743
vn 0.5643 -0.30821 0.76588
vn 0.61196 -0.27201 0.74264
vn 0.26573 -0.45071 0.8522
vn 0.20851 -0.35217 0.91242
vn 0.68237 -0.54043 0.49224
vn 0.63975 -0.38595 0.66465
vn 0.29506 -0.56692 0.76911
vn 0.23061 -0.47608 0.84863
vn 0.70903 -0.59559 0.37756
vn 0.64962 -0.51557 0.55873
vn 0.32363 -0.58677 0.74227
vn 0.25557 -0.54343 0.79961
vn 0.71772 -0.64294 0.26741
vn 0.63313 -0.64141 0.43329
vn 0.32383 -0.79837 0.50768
vn 0.30803 -0.75029 0.58496
vn 0.23872 -0.70783 0.66483
vn 0.25328 -0.75819 0.60083
vn 0.78867 -0.59756 0.14463
vn 0.61829 -0.70337 0.3507
vn 0.39688 -0.85617 0.33086
vn 0.24498 -0.85786 0.45174
vn 0.30098 -0.9137 0.27305
vn 0.17771 -0.93099 0.31887
vn -0.09137 -0.93067 -0.35426
vn -0.33385 -0.88702 -0.31896
vn -0.35189 -0.8167 -0.45736
vn -0.06272 -0.86148 -0.50391
vn -0.47824 -0.83413 -0.2748
vn -0.4849 -0.74468 -0.45862
vn -0.69264 -0.63767 -0.33709
vn -0.74049 -0.62919 -0.23622
vn -0.7823 -0.55237 -0.28792
vn -0.69119 -0.65353 -0.30846
vn -0.82509 -0.55399 -0.111
vn -0.89634 -0.41399 -0.1587
vn -0.88634 -0.46301 -0.00418
vn -0.93265 -0.35878 -0.03793
vn -0.91317 -0.40002 0.0781
vn -0.95212 -0.30141 0.05115
vn -0.92592 -0.33882 0.16697
vn -0.96424 -0.23112 0.1297
vn -0.92311 -0.26039 0.28297
vn -0.962 -0.14839 0.2292
vn -0.89787 -0.16651 0.40755
vn -0.93001 -0.05039 0.36406
vn -0.85005 -0.08344 0.52005
vn -0.88766 0.0203 0.46005
vn -0.79388 -0.00952 0.60799
vn -0.8316 0.07324 0.55052
vn -0.73441 0.04587 0.67716
vn -0.77426 0.12397 0.6206
vn -0.67203 0.08628 0.73548
vn -0.72534 0.1826 0.66373
vn -0.6719 0.17261 0.72024
vn -0.6851 0.24474 0.68611
vn -0.66572 0.26018 0.69938
vn -0.66508 0.2599 0.70009
vn -0.37597 0.09794 0.92144
vn -0.35033 0.26323 0.89888
vn -0.3261 0.40796 0.85278
vn -0.46691 0.31105 0.8278
vn -0.0455 0.30455 0.95141
vn -0.07203 0.48013 0.87423
vn 0.24845 0.2772 0.92813
vn 0.20744 0.46731 0.85941
vn 0.46588 0.17188 0.868
vn 0.47818 0.34658 0.80699
vn 0.5705 0.12626 0.81154
vn 0.6491 0.26766 0.71206
vn 0.84607 -0.06317 0.52932
vn 0.88761 -0.13959 0.43892
vn 0.92982 -0.04221 0.36559
vn 0.87994 0.02664 0.47434
vn 0.91307 -0.21653 0.34557
vn 0.95504 -0.09843 0.27965
vn 0.92566 -0.29017 0.24281
vn 0.96889 -0.16468 0.18473
vn 0.76501 0.08258 0.6387
vn 0.78866 0.00577 0.6148
vn 0.81245 0.09018 0.57602
vn 0.76072 0.1392 0.63398
vn 0.74889 0.17436 0.63935
vn 0.74947 0.18837 0.63468
vn 0.59313 0.04129 0.80405
vn 0.70414 0.21156 0.67781
vn 0.16227 -0.92423 -0.34565
vn 0.2054 -0.84884 -0.48712
vn 0.3991 -0.86031 -0.31716
vn 0.4465 -0.77868 -0.44079
vn 0.54759 -0.80045 -0.24379
vn 0.57901 -0.6926 -0.43017
vn 0.80873 -0.55759 -0.18724
vn 0.73316 -0.60315 -0.31413
vn 0.7462 -0.58151 -0.32408
vn 0.8411 -0.47024 -0.26725
vn 0.86495 -0.49905 -0.05307
vn 0.91487 -0.38719 -0.11445
vn 0.90575 -0.42126 0.04648
vn 0.94933 -0.31429 -0.00131
vn 0.9228 -0.35835 0.14149
vn 0.96693 -0.2382 0.09116
vn -0.15327 -0.98016 0.12568
vn -0.19175 -0.97318 0.12708
vn -0.17085 -0.97671 0.12977
vn 0.32182 -0.94673 0.01187
vn 0.33303 -0.94287 0.00967
vn 0.22782 -0.97295 -0.03833
vn 0.21449 -0.97645 -0.02329
vn 0.08408 -0.99458 -0.06122
vn 0.08493 -0.99563 -0.03888
vn -0.077 -0.99548 -0.05564
vn -0.05127 -0.9981 -0.03427
vn 0.39351 -0.91697 0.06568
vn 0.3943 -0.91633 0.06977
vn 0.41076 -0.90112 0.13874
vn 0.41085 -0.89928 0.14997
vn 0.36781 -0.90379 0.21882
vn 0.36623 -0.90044 0.23469
vn 0.27822 -0.91552 0.29054
vn 0.27076 -0.90989 0.31431
vn 0.14768 -0.92858 0.34047
vn 0.12846 -0.92525 0.35695
vn -0.00845 -0.92975 0.36809
vn -0.02414 -0.92308 0.38384
vn -0.16715 -0.92427 0.34319
vn -0.16227 -0.92049 0.35549
vn -0.29408 -0.91212 0.28557
vn -0.28694 -0.90945 0.30095
vn -0.38174 -0.89953 0.21244
vn -0.37661 -0.8989 0.22392
vn -0.41326 -0.90123 0.13041
vn -0.41293 -0.90038 0.13712
vn -0.38209 -0.9224 0.05649
vn -0.3836 -0.92147 0.06125
vn -0.29161 -0.95648 0.0105
vn -0.32557 -0.9455 -0.00522
vn -0.17161 -0.98515 0.00491
vn -0.17869 -0.98387 0.00833
vn 0.74817 -0.07547 0.6592
vn 0.79846 -0.15473 0.58183
vn 0.86659 -0.40358 0.2935
vn 0.86494 -0.4659 0.18659
vn 0.84639 -0.52532 0.08756
vn 0.78223 -0.62298 0.00171
vn 0.68211 -0.73124 -0.00314
vn 0.60407 -0.78874 -0.11399
vn 0.51986 -0.84257 -0.14078
vn 0.60987 -0.78468 -0.11109
vn 0.33434 -0.92577 -0.17655
vn 0.1208 -0.9768 -0.17683
vn -0.08902 -0.98015 -0.17713
vn 0.4639 0.00073 0.88589
vn 0.58679 0.00067 0.80974
vn 0.64087 -0.00369 0.76764
vn 0.64081 -0.00485 0.76768
vn 0.71933 -0.03443 0.69382
vn 0.85415 -0.32992 0.40197
vn 0.83168 -0.24473 0.49841
vn 0.34423 0.01666 0.93874
vn 0.19575 0.06726 0.97834
vn -0.01502 0.06641 0.99768
vn -0.23118 0.05893 0.97112
vn -0.35777 0.01663 0.93366
vn -0.40991 0.00977 0.91207
vn -0.41376 0.00934 0.91034
vn -0.5748 -0.00394 0.81828
vn -0.49011 -0.022 0.87138
vn -0.67464 -0.02497 0.73772
vn -0.75022 -0.08384 0.65585
vn -0.80426 -0.17863 0.56679
vn -0.85032 -0.27272 0.45009
vn -0.86903 -0.3701 0.32835
vn -0.87195 -0.4433 0.20784
vn -0.86134 -0.49636 0.10825
vn -0.82862 -0.55941 0.02103
vn -0.72481 -0.68742 -0.04593
vn -0.64129 -0.76624 -0.04025
vn -0.45565 -0.87291 -0.17436
vn -0.54757 -0.81699 -0.18079
vn -0.54474 -0.82342 -0.15885
vn -0.28179 -0.94494 -0.16636
vn -0.00851 -0.96883 0.24757
vn -0.11527 -0.96354 0.24146
vn -0.20558 -0.95529 0.21251
vn -0.26057 -0.95044 0.16963
vn -0.28017 -0.95096 0.13108
vn -0.25294 -0.96227 0.10026
vn -0.24147 -0.96891 0.05399
vn -0.13352 -0.98871 0.068
vn -0.03839 -0.99755 0.05841
vn 0.06174 -0.997 0.04672
vn 0.09189 -0.96968 0.22642
vn 0.19086 -0.9581 0.21357
vn 0.25703 -0.95021 0.17619
vn 0.28487 -0.9489 0.13578
vn 0.27394 -0.95637 0.1016
vn 0.23036 -0.9702 0.0752
vn 0.15928 -0.98591 0.05109
vn -0.62904 -0.77594 -0.04721
vn -0.71725 -0.69359 -0.06699
vn -0.82675 -0.56232 0.01676
vn -0.67942 -0.02612 0.73329
vn -0.58073 -0.00458 0.81408
vn -0.4879 -0.02194 0.87262
vn 0.73066 -0.03147 0.68201
vn 0.76728 -0.07965 0.63635
vn 0.78385 -0.62094 -0.00314
vn 0.68092 -0.73235 -0.00412
vn 0.05319 -0.98995 0.13102
vn -0.00369 -0.99136 0.13111
vn -0.02145 -0.9905 0.13581
vn 0.03668 -0.99013 0.13523
vn 0.10718 -0.98569 0.1301
vn 0.09385 -0.98658 0.13358
vn 0.15373 -0.9797 0.1287
vn 0.14558 -0.98064 0.13096
vn 0.18537 -0.97438 0.12736
vn 0.18232 -0.97484 0.12824
vn -0.06104 -0.98965 0.12989
vn -0.08402 -0.98722 0.13541
vn -0.11252 -0.98548 0.12717
vn -0.13886 -0.98127 0.13349
vn 0.2451 -0.96807 0.05265
vn 0.09156 -0.99309 0.07343
vn 0.02014 -0.99877 -0.04526
vn 0.14686 -0.98843 -0.03806
vn -0.28514 -0.95599 -0.06919
vn -0.18034 -0.98179 -0.05969
vn -0.29002 -0.95334 0.08387
vn -0.45917 -0.8869 0.05075
vn -0.37096 -0.92388 -0.09394
vn -0.51837 -0.85496 -0.01816
vn -0.4203 -0.89597 -0.14347
vn -0.50677 -0.84633 -0.16404
vn 0.27012 -0.96131 -0.05396
vn 0.39025 -0.91856 0.0629
vn 0.36742 -0.92629 -0.08356
vn 0.46798 -0.88348 0.02146
vn 0.41787 -0.89877 -0.13264
vn 0.47851 -0.86957 -0.12195
vn 0.5123 -0.83822 -0.1869
vn 0.42706 -0.87505 -0.22783
vn -0.40297 -0.89393 -0.19621
vn -0.51434 -0.83394 -0.19999
vn -0.09336 -0.99211 0.08362
vn -0.07999 -0.99523 -0.05588
vn 0.31932 -0.91042 -0.26299
vn 0.44808 -0.85179 -0.27144
vn 0.18342 -0.93218 -0.31209
vn 0.2086 -0.87826 -0.43029
vn -0.01651 -0.94155 -0.33647
vn -0.01724 -0.8874 -0.46068
vn 0.54944 -0.80193 -0.23457
vn 0.40099 -0.81544 -0.41744
vn 0.22111 -0.78535 -0.57822
vn -0.01218 -0.79823 -0.60223
vn 0.74137 -0.61039 -0.27892
vn 0.81146 -0.56562 -0.14701
vn 0.59614 -0.69206 -0.40704
vn 0.5456 -0.62794 -0.555
vn 0.35351 -0.75993 -0.54547
vn 0.20579 -0.72571 -0.6565
vn -0.01428 -0.73472 -0.67822
vn 0.73954 -0.54126 -0.40014
vn 0.47709 -0.54606 -0.68862
vn 0.34078 -0.57907 -0.74064
vn 0.32384 -0.48421 -0.81281
vn 0.09296 -0.51617 -0.85143
vn 0.09449 -0.58511 -0.80543
vn -0.00049 -0.58908 -0.80808
vn -0.0043 -0.52099 -0.85355
vn 0.7244 -0.45443 -0.5184
vn 0.46993 -0.41884 -0.77701
vn 0.30758 -0.40915 -0.85907
vn 0.16285 -0.36275 -0.91755
vn -0.00284 -0.38488 -0.92296
vn 0.67933 -0.35708 -0.64109
vn 0.49527 -0.26286 -0.82802
vn 0.2913 -0.35478 -0.88841
vn 0.30913 -0.40389 -0.861
vn 0.17021 -0.27312 -0.9468
vn -0.00232 -0.27705 -0.96085
vn 0.63694 -0.25053 -0.72907
vn 0.48242 -0.20787 -0.85092
vn 0.32684 -0.23003 -0.91666
vn 0.14646 -0.19884 -0.96903
vn -0.00485 -0.19694 -0.9804
vn 0.38088 -0.33672 -0.86113
vn 0.38012 -0.38131 -0.84268
vn 0.28972 -0.16364 -0.94302
vn 0.12406 -0.14295 -0.98192
vn -0.00403 -0.14039 -0.99009
vn 0.30449 -0.27281 -0.91261
vn 0.22172 -0.13734 -0.96539
vn 0.09806 -0.10181 -0.98996
vn 0.00269 -0.09726 -0.99526
vn 0.25646 -0.18986 -0.94772
vn 0.27846 -0.05777 -0.95871
vn 0.19731 -0.00446 -0.98033
vn 0.00726 0.00772 -0.99994
vn -0.25987 -0.33364 -0.90618
vn 0.23921 -0.52591 -0.81621
vn -0.27397 -0.05512 -0.96016
vn -0.22733 -0.14802 -0.9625
vn -0.21107 0.01886 -0.97729
vn -0.09864 -0.10782 -0.98926
vn -0.20869 -0.46078 -0.86263
vn -0.33071 -0.13984 -0.93331
vn -0.14079 -0.13386 -0.98095
vn -0.19987 -0.58292 -0.78756
vn -0.3752 -0.19777 -0.9056
vn -0.16444 -0.18525 -0.96884
vn -0.36879 -0.43273 -0.82264
vn -0.39108 -0.26857 -0.8803
vn -0.18748 -0.25581 -0.94837
vn -0.64563 -0.47393 -0.59879
vn -0.6145 -0.40963 -0.67423
vn -0.56873 -0.30846 -0.7625
vn -0.61651 -0.27177 -0.73895
vn -0.26866 -0.45181 -0.8507
vn -0.2108 -0.35326 -0.91147
vn -0.68558 -0.53936 -0.48895
vn -0.64402 -0.38525 -0.66093
vn -0.29812 -0.56791 -0.7672
vn -0.23298 -0.47729 -0.8473
vn -0.71171 -0.59412 -0.37484
vn -0.65358 -0.51426 -0.55531
vn -0.32698 -0.5874 -0.7403
vn -0.25816 -0.54468 -0.79792
vn -0.72019 -0.64099 -0.26545
vn -0.63682 -0.63959 -0.43057
vn -0.32664 -0.79862 -0.50548
vn -0.31078 -0.7508 -0.58285
vn -0.24077 -0.70893 -0.66291
vn -0.25551 -0.75889 -0.599
vn -0.79162 -0.59394 -0.14341
vn -0.62174 -0.70152 -0.34829
vn -0.39947 -0.85549 -0.32949
vn -0.24702 -0.85812 -0.45012
vn -0.30104 -0.91499 -0.26863
vn -0.1786 -0.93215 -0.31496
vn 0.09198 -0.9311 0.35298
vn 0.33632 -0.88659 0.31756
vn 0.35433 -0.81667 0.45553
vn 0.06339 -0.86232 0.50238
vn 0.48134 -0.83286 0.27323
vn 0.48841 -0.74392 0.45612
vn 0.69593 -0.63544 0.33452
vn 0.74363 -0.62619 0.2343
vn 0.78469 -0.55002 0.28591
vn 0.69443 -0.65122 0.30608
vn 0.82729 -0.55094 0.10978
vn 0.8978 -0.41133 0.15735
vn 0.88796 -0.4599 0.00397
vn 0.9336 -0.35634 0.0376
vn 0.91443 -0.39729 -0.0773
vn 0.95284 -0.29924 -0.05048
vn 0.92708 -0.33651 -0.16517
vn 0.96486 -0.22944 -0.12806
vn 0.92449 -0.25871 -0.27998
vn 0.9628 -0.14741 -0.22646
vn 0.89985 -0.16553 -0.40358
vn 0.93156 -0.05011 -0.36012
vn 0.85284 -0.08301 -0.51554
vn 0.89001 0.02014 -0.4555
vn 0.79742 -0.00949 -0.60335
vn 0.83473 0.07288 -0.54581
vn 0.74628 0.03647 -0.66464
vn 0.79151 0.11072 -0.60104
vn 0.64945 0.05255 -0.75859
vn 0.70878 0.15791 -0.68753
vn 0.65464 0.15928 -0.73897
vn 0.66204 0.23353 -0.71215
vn 0.65852 0.25667 -0.70744
vn 0.65243 0.25392 -0.71405
vn 0.37132 0.09027 -0.92411
vn 0.34676 0.25667 -0.90215
vn 0.31829 0.40127 -0.85888
vn 0.46646 0.30428 -0.83056
vn 0.04383 0.30464 -0.95146
vn 0.06775 0.47933 -0.87501
vn -0.25114 0.27772 -0.92725
vn -0.21015 0.46844 -0.85814
vn -0.46941 0.17155 -0.86616
vn -0.48236 0.34722 -0.80422
vn -0.57468 0.12583 -0.80864
vn -0.65357 0.26735 -0.70808
vn -0.84884 -0.06299 -0.52488
vn -0.88978 -0.13889 -0.43474
vn -0.9314 -0.04199 -0.36156
vn -0.88243 0.02655 -0.46969
vn -0.9147 -0.21525 -0.34203
vn -0.95607 -0.09766 -0.27638
vn -0.92692 -0.28831 -0.24021
vn -0.96954 -0.16343 -0.18242
vn -0.76891 0.08231 -0.63404
vn -0.79212 0.00558 -0.61035
vn -0.81582 0.08979 -0.5713
vn -0.76465 0.13877 -0.62933
vn -0.75289 0.17381 -0.63478
vn -0.75346 0.18782 -0.6301
vn -0.5979 0.04126 -0.80051
vn -0.70844 0.21116 -0.67344
vn -0.16377 -0.92449 0.34423
vn -0.20683 -0.84942 0.4855
vn -0.40203 -0.85957 0.31545
vn -0.44933 -0.77817 0.4388
vn -0.55057 -0.79894 0.24202
vn -0.58268 -0.69117 0.42752
vn -0.81137 -0.55443 0.18516
vn -0.73631 -0.60065 0.31157
vn -0.7493 -0.57898 0.32146
vn -0.84312 -0.46783 0.26512
vn -0.86664 -0.49618 0.05234
vn -0.91607 -0.38464 0.11344
vn -0.90703 -0.41854 -0.04602
vn -0.95007 -0.31202 0.00143
vn -0.92397 -0.35595 -0.13993
vn -0.96748 -0.2364 -0.08994
vn 0.15452 -0.98003 -0.12516
vn 0.19334 -0.97294 -0.12653
vn 0.17219 -0.97655 -0.12922
vn -0.31468 -0.94898 -0.02048
vn -0.33562 -0.94195 -0.00964
vn -0.22971 -0.9725 0.03833
vn -0.20884 -0.97789 0.01035
vn -0.08481 -0.99453 0.06104
vn -0.08295 -0.9963 0.02249
vn 0.07755 -0.99544 0.05551
vn 0.04727 -0.99875 0.01642
vn -0.38616 -0.91978 -0.06986
vn -0.39687 -0.91524 -0.06955
vn -0.40518 -0.90374 -0.13816
vn -0.41348 -0.89822 -0.14915
vn -0.36453 -0.90588 -0.21562
vn -0.3687 -0.8998 -0.23329
vn -0.27702 -0.9171 -0.2867
vn -0.27297 -0.90976 -0.31277
vn -0.14722 -0.92997 -0.33687
vn -0.12968 -0.92562 -0.35555
vn 0.00906 -0.93116 -0.36449
vn 0.02426 -0.92354 -0.38274
vn 0.16636 -0.92588 -0.33922
vn 0.16371 -0.92081 -0.354
vn 0.29219 -0.91371 -0.28242
vn 0.28926 -0.90919 -0.29951
vn 0.37831 -0.90144 -0.21043
vn 0.37923 -0.89812 -0.22264
vn 0.40746 -0.90382 -0.13074
vn 0.41549 -0.89931 -0.13639
vn 0.37407 -0.92539 -0.06098
vn 0.38637 -0.92032 -0.06104
vn 0.28279 -0.95896 -0.02063
vn 0.32814 -0.94462 0.00522
vn 0.16578 -0.98599 -0.01868
vn 0.18016 -0.9836 -0.00818
vn -0.75197 -0.07493 -0.65492
vn -0.80173 -0.15403 -0.5775
vn -0.86855 -0.40136 -0.29073
vn -0.86675 -0.46325 -0.18479
vn -0.84866 -0.52178 -0.0867
vn -0.78489 -0.61963 -0.00226
vn -0.68567 -0.72791 0.00259
vn -0.60749 -0.78627 0.11286
vn -0.52343 -0.84052 0.13981
vn -0.61303 -0.78232 0.11026
vn -0.33742 -0.92479 0.17582
vn -0.12235 -0.97674 0.1761
vn 0.08945 -0.9802 0.17667
vn -0.4685 0.00067 -0.88346
vn -0.59161 0.00073 -0.80622
vn -0.64566 -0.00375 -0.76362
vn -0.64562 -0.00479 -0.76364
vn -0.72335 -0.03391 -0.68965
vn -0.85667 -0.32796 -0.39818
vn -0.83467 -0.24336 -0.49407
vn -0.34764 0.017 -0.93747
vn -0.19758 0.06797 -0.97793
vn 0.0152 0.06653 -0.99767
vn 0.22813 0.05371 -0.97215
vn 0.35677 0.01245 -0.93411
vn 0.40661 0.00522 -0.91359
vn 0.38378 -0.00818 -0.92339
vn 0.55587 -0.02817 -0.83079
vn 0.48065 -0.03586 -0.87618
vn 0.6802 -0.02966 -0.73242
vn 0.75421 -0.08344 -0.6513
vn 0.80732 -0.17783 -0.56268
vn 0.8524 -0.27171 -0.44674
vn 0.8711 -0.36787 -0.32536
vn 0.87351 -0.44103 -0.20609
vn 0.86321 -0.49328 -0.10746
vn 0.83065 -0.55637 -0.02164
vn 0.72752 -0.68467 0.04404
vn 0.64477 -0.7634 0.03861
vn 0.45916 -0.87144 0.17252
vn 0.55112 -0.81508 0.17863
vn 0.54862 -0.82104 0.15782
vn 0.28422 -0.94441 0.16526
vn 0.00861 -0.96908 -0.2466
vn 0.11637 -0.96376 -0.24006
vn 0.20738 -0.95515 -0.21137
vn 0.26261 -0.95004 -0.16868
vn 0.28242 -0.95038 -0.13044
vn 0.25504 -0.96176 -0.09983
vn 0.24345 -0.96841 -0.0539
vn 0.13474 -0.98856 -0.06784
vn 0.03885 -0.99755 -0.0582
vn -0.06241 -0.99696 -0.04654
vn -0.09287 -0.96981 -0.22548
vn -0.19242 -0.95809 -0.21223
vn -0.25902 -0.94985 -0.17518
vn -0.28712 -0.94832 -0.13511
vn -0.27629 -0.95574 -0.10108
vn -0.23204 -0.9698 -0.07517
vn -0.1608 -0.98567 -0.05094
vn 0.63373 -0.77217 0.04627
vn 0.72041 -0.69044 0.0655
vn 0.82902 -0.55896 -0.01706
vn 0.68393 -0.02704 -0.72904
vn 0.57631 -0.01572 -0.81708
vn 0.49239 -0.02179 -0.8701
vn -0.7341 -0.03146 -0.67831
vn -0.77051 -0.07962 -0.63244
vn -0.78593 -0.61832 0.00177
vn -0.68372 -0.72974 0.00388
vn -0.05356 -0.99 -0.13047
vn 0.00372 -0.99143 -0.13056
vn 0.02158 -0.99058 -0.13523
vn -0.03693 -0.9902 -0.13465
vn 0.06143 -0.9897 -0.12934
vn 0.0846 -0.98725 -0.13483
vn 0.11332 -0.98546 -0.12662
vn 0.13993 -0.9812 -0.13294
vn -0.10795 -0.98568 -0.12955
vn -0.09449 -0.9866 -0.13303
vn -0.15495 -0.97958 -0.12815
vn -0.14668 -0.98055 -0.13041
vn -0.18684 -0.97418 -0.12678
vn -0.18369 -0.97465 -0.12769
vt 0.91612 0.56026
vt 0.91092 0.56341
vt 0.90813 0.56006
vt 0.91272 0.55754
vt 0.89489 0.55823
vt 0.89951 0.56033
vt 0.89814 0.56474
vt 0.89121 0.56255
vt 0.89052 0.55387
vt 0.88618 0.559
vt 0.88828 0.54871
vt 0.88095 0.55226
vt 0.91647 0.55312
vt 0.92065 0.55624
vt 0.91834 0.54752
vt 0.9236 0.55161
vt 0.91799 0.54141
vt 0.92551 0.54476
vt 0.92566 0.53608
vt 0.91546 0.53619
vt 0.88814 0.54281
vt 0.87745 0.54528
vt 0.90514 0.5649
vt 0.90402 0.56082
vt 0.91119 0.5324
vt 0.91549 0.52855
vt 0.90551 0.53044
vt 0.90444 0.52521
vt 0.89852 0.53105
vt 0.89722 0.52603
vt 0.925 0.53081
vt 0.91466 0.52326
vt 0.90327 0.52005
vt 0.896 0.52129
vt 0.2767 0.93292
vt 0.2776 0.93802
vt 0.26764 0.92982
vt 0.26769 0.92414
vt 0.91343 0.51821
vt 0.90202 0.51547
vt 0.89488 0.51703
vt 0.27592 0.92763
vt 0.26829 0.91853
vt 0.26067 0.9179
vt 0.26226 0.91263
vt 0.91695 0.3985
vt 0.91935 0.40166
vt 0.91448 0.40694
vt 0.91232 0.40366
vt 0.27537 0.92222
vt 0.26941 0.91325
vt 0.26448 0.90777
vt 0.91405 0.39519
vt 0.9097 0.40002
vt 0.27514 0.9168
vt 0.2709 0.9083
vt 0.91763 0.3874
vt 0.921 0.38981
vt 0.91081 0.39187
vt 0.90675 0.39616
vt 0.27522 0.91152
vt 0.2726 0.90372
vt 0.91392 0.38513
vt 0.90738 0.38859
vt 0.90362 0.3922
vt 0.91719 0.38207
vt 0.921 0.38319
vt 0.90995 0.383
vt 0.90379 0.38534
vt 0.90036 0.38817
vt 0.9129 0.381
vt 0.90579 0.38092
vt 0.90011 0.38208
vt 0.89705 0.38412
vt 0.90833 0.38
vt 0.90351 0.37896
vt 0.8985 0.37797
vt 0.89369 0.38004
vt 0.89132 0.40157
vt 0.89123 0.39616
vt 0.89103 0.39013
vt 0.89272 0.39273
vt 0.89092 0.38413
vt 0.89462 0.38685
vt 0.89138 0.40639
vt 0.89405 0.39743
vt 0.8971 0.39119
vt 0.89145 0.41038
vt 0.89539 0.40174
vt 0.89959 0.39536
vt 0.89155 0.41374
vt 0.89677 0.40572
vt 0.90206 0.39939
vt 0.95606 0.39539
vt 0.95614 0.39945
vt 0.95214 0.40728
vt 0.9505 0.40322
vt 0.89812 0.40951
vt 0.90443 0.40332
vt 0.95617 0.39111
vt 0.94912 0.39872
vt 0.89946 0.41309
vt 0.90667 0.40709
vt 0.9565 0.38636
vt 0.94811 0.39357
vt 0.90077 0.41637
vt 0.90861 0.41066
vt 0.95701 0.38131
vt 0.94767 0.38794
vt 0.8815 0.52982
vt 0.88039 0.52504
vt 0.88814 0.51871
vt 0.88919 0.52318
vt 0.95767 0.37577
vt 0.94789 0.38197
vt 0.88322 0.53519
vt 0.89057 0.52839
vt 0.89001 0.53781
vt 0.89347 0.53383
vt 0.91112 0.56613
vt 0.91721 0.56273
vt 0.91788 0.56488
vt 0.91111 0.56843
vt 0.9224 0.55786
vt 0.9236 0.55926
vt 0.28005 0.96024
vt 0.28162 0.95637
vt 0.28438 0.95615
vt 0.28268 0.96076
vt 0.28202 0.95005
vt 0.28471 0.94907
vt 0.28114 0.94264
vt 0.28379 0.94209
vt 0.28022 0.93747
vt 0.28283 0.93672
vt 0.27934 0.93243
vt 0.28197 0.93178
vt 0.27862 0.92747
vt 0.28129 0.92724
vt 0.27801 0.92114
vt 0.28064 0.9201
vt 0.27783 0.91606
vt 0.28052 0.91543
vt 0.27795 0.91101
vt 0.28067 0.91066
vt 0.27833 0.90598
vt 0.28105 0.9057
vt 0.27904 0.90092
vt 0.28184 0.90054
vt 0.28005 0.89591
vt 0.28304 0.89526
vt 0.28146 0.89109
vt 0.28471 0.88998
vt 0.90156 0.37586
vt 0.89653 0.37549
vt 0.89424 0.37345
vt 0.89909 0.3733
vt 0.89196 0.37766
vt 0.89016 0.37558
vt 0.88916 0.38129
vt 0.8876 0.37847
vt 0.88821 0.38681
vt 0.88575 0.38325
vt 0.88836 0.39289
vt 0.8859 0.38928
vt 0.95888 0.39989
vt 0.95877 0.3951
vt 0.96145 0.39466
vt 0.96151 0.40013
vt 0.95887 0.39127
vt 0.96154 0.39135
vt 0.9592 0.38649
vt 0.96187 0.38664
vt 0.95985 0.40897
vt 0.95928 0.40478
vt 0.96203 0.40585
vt 0.9627 0.41005
vt 0.96078 0.41372
vt 0.96385 0.41502
vt 0.88859 0.39905
vt 0.88624 0.39623
vt 0.90505 0.56753
vt 0.90499 0.56968
vt 0.89786 0.56722
vt 0.8978 0.56925
vt 0.89072 0.56488
vt 0.89066 0.56676
vt 0.96094 0.35977
vt 0.95941 0.3544
vt 0.96193 0.3536
vt 0.96366 0.35959
vt 0.96113 0.36792
vt 0.96385 0.36789
vt 0.96038 0.37572
vt 0.96308 0.37584
vt 0.95972 0.38137
vt 0.9624 0.38154
vt 0.91192 0.53876
vt 0.91392 0.5423
vt 0.91448 0.54632
vt 0.89595 0.55531
vt 0.89604 0.55491
vt 0.89976 0.55696
vt 0.89976 0.55737
vt 0.904 0.55757
vt 0.90402 0.55796
vt 0.90812 0.55649
vt 0.90813 0.55694
vt 0.89302 0.55194
vt 0.89329 0.55166
vt 0.89152 0.54781
vt 0.89189 0.54765
vt 0.89162 0.54338
vt 0.89203 0.54341
vt 0.89332 0.53937
vt 0.89371 0.53951
vt 0.89638 0.53624
vt 0.89675 0.53651
vt 0.90041 0.53435
vt 0.90065 0.53471
vt 0.90499 0.53408
vt 0.90493 0.53448
vt 0.90924 0.53544
vt 0.90899 0.53576
vt 0.91262 0.53825
vt 0.91228 0.53845
vt 0.91475 0.54212
vt 0.91436 0.54215
vt 0.91532 0.54652
vt 0.91493 0.54633
vt 0.91433 0.55087
vt 0.91407 0.55053
vt 0.91167 0.55432
vt 0.91152 0.55383
vt 0.9566 0.40357
vt 0.95634 0.39948
vt 0.9567 0.38637
vt 0.95721 0.38132
vt 0.95786 0.37576
vt 0.95863 0.36822
vt 0.95853 0.36048
vt 0.8861 0.55914
vt 0.89117 0.56272
vt 0.88508 0.56089
vt 0.89812 0.56492
vt 0.90514 0.56509
vt 0.91093 0.56361
vt 0.89102 0.39592
vt 0.89112 0.40139
vt 0.89119 0.40624
vt 0.88875 0.40434
vt 0.95709 0.40771
vt 0.95637 0.39112
vt 0.95626 0.39537
vt 0.89083 0.38989
vt 0.89079 0.38392
vt 0.89356 0.37987
vt 0.89836 0.37779
vt 0.90337 0.37874
vt 0.90824 0.37979
vt 0.90701 0.37711
vt 0.27643 0.90164
vt 0.27735 0.89712
vt 0.27577 0.90646
vt 0.27542 0.91148
vt 0.27534 0.91675
vt 0.27557 0.92214
vt 0.27612 0.92762
vt 0.2769 0.93289
vt 0.27779 0.93798
vt 0.27867 0.94289
vt 0.27959 0.95042
vt 0.27915 0.9559
vt 0.92077 0.55636
vt 0.92375 0.55167
vt 0.92566 0.55238
vt 0.9162 0.56044
vt 0.90076 0.53519
vt 0.90487 0.53496
vt 0.90877 0.53619
vt 0.91364 0.55032
vt 0.91119 0.55351
vt 0.90791 0.55607
vt 0.90398 0.55708
vt 0.89701 0.5369
vt 0.89411 0.53978
vt 0.89249 0.54352
vt 0.89235 0.54758
vt 0.8937 0.55142
vt 0.89634 0.55453
vt 0.89991 0.5565
vt 0.27896 0.95587
vt 0.2794 0.95044
vt 0.27848 0.94291
vt 0.27557 0.9065
vt 0.27623 0.90169
vt 0.27714 0.89721
vt 0.95687 0.40761
vt 0.95639 0.40348
vt 0.95843 0.36825
vt 0.95834 0.36053
vt 0.88701 0.64675
vt 0.87918 0.6515
vt 0.87499 0.64638
vt 0.88189 0.64259
vt 0.85507 0.64347
vt 0.86202 0.64669
vt 0.85997 0.65339
vt 0.84954 0.64999
vt 0.8485 0.6368
vt 0.84198 0.64455
vt 0.84513 0.62893
vt 0.83411 0.63426
vt 0.88752 0.6359
vt 0.89381 0.64069
vt 0.89034 0.62741
vt 0.89826 0.63368
vt 0.88982 0.61812
vt 0.90113 0.62328
vt 0.90135 0.61008
vt 0.88601 0.61016
vt 0.84491 0.61996
vt 0.82885 0.6236
vt 0.8705 0.65371
vt 0.8688 0.64747
vt 0.8796 0.60435
vt 0.88606 0.59854
vt 0.87105 0.60131
vt 0.86944 0.59336
vt 0.86054 0.60218
vt 0.85858 0.59454
vt 0.90037 0.60207
vt 0.88481 0.59049
vt 0.86768 0.5855
vt 0.85674 0.58732
vt 0.90997 0.32873
vt 0.91133 0.33648
vt 0.89627 0.32402
vt 0.89633 0.31539
vt 0.88297 0.5828
vt 0.86579 0.57852
vt 0.85506 0.58083
vt 0.90877 0.32069
vt 0.89724 0.30687
vt 0.88575 0.30593
vt 0.88816 0.29793
vt 0.94052 0.91368
vt 0.94413 0.9185
vt 0.93678 0.92639
vt 0.93354 0.92141
vt 0.90794 0.31246
vt 0.89895 0.29886
vt 0.89153 0.29056
vt 0.93616 0.90862
vt 0.9296 0.91586
vt 0.90759 0.30424
vt 0.90121 0.29136
vt 0.94155 0.89692
vt 0.94662 0.90061
vt 0.93128 0.90357
vt 0.92517 0.90998
vt 0.90773 0.29623
vt 0.9038 0.28441
vt 0.93598 0.89344
vt 0.92612 0.89857
vt 0.92045 0.90396
vt 0.9409 0.88888
vt 0.94662 0.89062
vt 0.92999 0.89017
vt 0.92071 0.89359
vt 0.91555 0.89783
vt 0.93444 0.88719
vt 0.92373 0.88695
vt 0.91517 0.88863
vt 0.91055 0.89166
vt 0.92756 0.88561
vt 0.9203 0.88397
vt 0.91275 0.8824
vt 0.9055 0.88546
vt 0.90189 0.91796
vt 0.90176 0.90977
vt 0.90148 0.90066
vt 0.90402 0.90461
vt 0.90131 0.8916
vt 0.90689 0.89575
vt 0.90197 0.92524
vt 0.90602 0.91172
vt 0.91063 0.90234
vt 0.90206 0.93128
vt 0.90803 0.91826
vt 0.91438 0.90868
vt 0.90219 0.93636
vt 0.91009 0.9243
vt 0.91808 0.9148
vt 0.91936 0.75812
vt 0.91948 0.76429
vt 0.91349 0.77617
vt 0.911 0.77002
vt 0.91212 0.93005
vt 0.92165 0.92077
vt 0.91953 0.75162
vt 0.90889 0.76318
vt 0.91413 0.93548
vt 0.92501 0.9265
vt 0.92003 0.74441
vt 0.90736 0.75536
vt 0.91608 0.94047
vt 0.92793 0.93192
vt 0.92082 0.73673
vt 0.90671 0.74681
vt 0.83493 0.60014
vt 0.83327 0.59287
vt 0.84492 0.58331
vt 0.8465 0.59013
vt 0.92183 0.7283
vt 0.90706 0.73774
vt 0.83751 0.60833
vt 0.84858 0.59805
vt 0.84774 0.61238
vt 0.85294 0.60635
vt 0.87948 0.65564
vt 0.88865 0.65053
vt 0.88966 0.6538
vt 0.87947 0.65913
vt 0.89645 0.64316
vt 0.89825 0.6453
vt 0.91517 0.37035
vt 0.9175 0.36445
vt 0.92169 0.36412
vt 0.91915 0.37116
vt 0.91808 0.35481
vt 0.92215 0.35334
vt 0.91671 0.34354
vt 0.92072 0.3427
vt 0.9153 0.33567
vt 0.91925 0.33453
vt 0.91396 0.32799
vt 0.91794 0.32701
vt 0.91285 0.32045
vt 0.91691 0.3201
vt 0.91193 0.31083
vt 0.91592 0.30926
vt 0.91167 0.30311
vt 0.91575 0.30218
vt 0.91186 0.29546
vt 0.91599 0.29495
vt 0.91246 0.28783
vt 0.91657 0.28742
vt 0.91339 0.27996
vt 0.9175 0.27919
vt 0.91503 0.27249
vt 0.91949 0.27139
vt 0.91725 0.26527
vt 0.92215 0.26356
vt 0.91736 0.87926
vt 0.90979 0.87862
vt 0.90634 0.87552
vt 0.91364 0.87537
vt 0.90288 0.88185
vt 0.90017 0.87868
vt 0.89866 0.88728
vt 0.8963 0.88301
vt 0.89722 0.89561
vt 0.89351 0.89021
vt 0.89745 0.90479
vt 0.89372 0.89931
vt 0.92363 0.76495
vt 0.92345 0.75768
vt 0.92751 0.757
vt 0.92762 0.76531
vt 0.92361 0.75185
vt 0.92766 0.75198
vt 0.92411 0.7446
vt 0.92816 0.74481
vt 0.92513 0.77873
vt 0.92425 0.77237
vt 0.92843 0.77398
vt 0.92947 0.78036
vt 0.92658 0.78593
vt 0.93124 0.78789
vt 0.89778 0.91411
vt 0.89423 0.90983
vt 0.87036 0.6577
vt 0.87026 0.66097
vt 0.85954 0.65716
vt 0.85946 0.66025
vt 0.84879 0.65354
vt 0.84871 0.65639
vt 0.92688 0.70395
vt 0.92462 0.69578
vt 0.92844 0.69455
vt 0.93101 0.70367
vt 0.92711 0.71635
vt 0.93124 0.71631
vt 0.92593 0.72821
vt 0.93002 0.72839
vt 0.92491 0.73682
vt 0.92898 0.73705
vt 0.88055 0.61352
vt 0.88356 0.61893
vt 0.8844 0.62504
vt 0.85653 0.63853
vt 0.85667 0.63792
vt 0.86226 0.64108
vt 0.86226 0.64169
vt 0.86865 0.64204
vt 0.86867 0.64264
vt 0.87484 0.64044
vt 0.87485 0.64113
vt 0.85212 0.63338
vt 0.85254 0.63295
vt 0.84987 0.62708
vt 0.85042 0.62685
vt 0.85002 0.62036
vt 0.85063 0.62041
vt 0.85258 0.61427
vt 0.85316 0.61449
vt 0.85718 0.60955
vt 0.85773 0.60996
vt 0.86324 0.60672
vt 0.86359 0.60726
vt 0.87013 0.60634
vt 0.87003 0.60695
vt 0.87652 0.60844
vt 0.87615 0.60894
vt 0.88161 0.61275
vt 0.88109 0.61306
vt 0.88481 0.61865
vt 0.88422 0.6187
vt 0.88566 0.62535
vt 0.88507 0.62507
vt 0.88418 0.63195
vt 0.88379 0.63144
vt 0.88018 0.63718
vt 0.87994 0.63643
vt 0.92036 0.77062
vt 0.91993 0.76436
vt 0.92047 0.74443
vt 0.92127 0.73674
vt 0.92228 0.72829
vt 0.92348 0.7168
vt 0.92338 0.70499
vt 0.8418 0.64486
vt 0.84946 0.65038
vt 0.84032 0.64742
vt 0.85992 0.6538
vt 0.87048 0.65414
vt 0.87921 0.65195
vt 0.90129 0.90922
vt 0.90144 0.91754
vt 0.90154 0.92489
vt 0.898 0.92211
vt 0.92112 0.7769
vt 0.91997 0.75164
vt 0.91981 0.75807
vt 0.90101 0.90011
vt 0.90102 0.89112
vt 0.90521 0.88507
vt 0.91243 0.88198
vt 0.91998 0.88345
vt 0.92734 0.88513
vt 0.9256 0.88123
vt 0.90975 0.28121
vt 0.91118 0.27435
vt 0.90872 0.28853
vt 0.90818 0.29614
vt 0.90804 0.30411
vt 0.90838 0.31228
vt 0.90922 0.32066
vt 0.9104 0.32865
vt 0.91177 0.33639
vt 0.91312 0.34389
vt 0.91455 0.35534
vt 0.91392 0.36376
vt 0.8941 0.64096
vt 0.8986 0.63381
vt 0.90135 0.63487
vt 0.88719 0.64717
vt 0.86377 0.60799
vt 0.86994 0.60769
vt 0.87581 0.60958
vt 0.88314 0.63112
vt 0.87945 0.63594
vt 0.87453 0.6398
vt 0.86861 0.64129
vt 0.85813 0.61055
vt 0.85376 0.61491
vt 0.85132 0.62057
vt 0.85112 0.62675
vt 0.85314 0.6326
vt 0.85712 0.63735
vt 0.86249 0.64038
vt 0.91348 0.36368
vt 0.91412 0.35541
vt 0.91268 0.34393
vt 0.90827 0.28862
vt 0.90929 0.28134
vt 0.9107 0.27456
vt 0.92062 0.77667
vt 0.91988 0.7704
vt 0.92304 0.71686
vt 0.92295 0.70512
usemtl mat0
f 581/581/518 582/582/519 583/583/520
f 581/581/518 583/583/520 584/584/521
f 585/585/522 586/586/523 587/587/524
f 585/585/522 587/587/524 588/588/525
f 589/589/526 585/585/522 588/588/525
f 589/589/526 588/588/525 590/590/527
f 591/591/528 589/589/526 590/590/527
f 591/591/528 590/590/527 592/592/529
f 584/584/521 593/593/530 594/594/531
f 584/584/521 594/594/531 581/581/518
f 593/593/530 595/595/532 596/596/533
f 593/593/530 596/596/533 594/594/531
f 595/595/532 597/597/534 598/598/535
f 595/595/532 598/598/535 596/596/533
f 599/599/536 598/598/535 597/597/534
f 599/599/536 597/597/534 600/600/537
f 601/601/538 591/591/528 592/592/529
f 601/601/538 592/592/529 602/602/539
f 603/603/540 587/587/524 586/586/523
f 603/603/540 586/586/523 604/604/541
f 604/604/541 583/583/520 582/582/519
f 604/604/541 582/582/519 603/603/540
f 599/599/536 600/600/537 605/605/542
f 599/599/536 605/605/542 606/606/543
f 606/606/543 605/605/542 607/607/544
f 606/606/543 607/607/544 608/608/545
f 608/608/545 607/607/544 609/609/546
f 608/608/545 609/609/546 610/610/547
f 611/611/548 599/599/536 606/606/543
f 611/611/548 606/606/543 612/612/549
f 612/612/549 606/606/543 608/608/545
f 612/612/549 608/608/545 613/613/550
f 613/613/550 608/608/545 610/610/547
f 613/613/550 610/610/547 614/614/551
f 615/615/552 616/616/553 617/617/554
f 615/615/552 617/617/554 618/618/555
f 619/619/556 612/612/549 613/613/550
f 619/619/556 613/613/550 620/620/557
f 620/620/557 613/613/550 614/614/551
f 620/620/557 614/614/551 621/621/558
f 622/622/559 615/615/552 618/618/555
f 622/622/559 618/618/555 623/623/560
f 623/623/560 618/618/555 624/624/561
f 623/623/560 624/624/561 625/625/562
f 626/626/563 627/627/564 628/628/565
f 626/626/563 628/628/565 629/629/566
f 630/630/567 622/622/559 623/623/560
f 630/630/567 623/623/560 631/631/568
f 631/631/568 623/623/560 625/625/562
f 631/631/568 625/625/562 632/632/569
f 633/633/570 626/626/563 629/629/566
f 633/633/570 629/629/566 634/634/571
f 635/635/572 630/630/567 631/631/568
f 635/635/572 631/631/568 636/636/573
f 637/637/574 638/638/575 633/633/570
f 637/637/574 633/633/570 639/639/576
f 639/639/576 633/633/570 634/634/571
f 639/639/576 634/634/571 640/640/577
f 641/641/578 635/635/572 636/636/573
f 641/641/578 636/636/573 642/642/579
f 643/643/580 637/637/574 639/639/576
f 643/643/580 639/639/576 644/644/581
f 644/644/581 639/639/576 640/640/577
f 644/644/581 640/640/577 645/645/582
f 646/646/583 647/647/584 643/643/580
f 646/646/583 643/643/580 648/648/585
f 648/648/585 643/643/580 644/644/581
f 648/648/585 644/644/581 649/649/586
f 649/649/586 644/644/581 645/645/582
f 649/649/586 645/645/582 650/650/587
f 651/651/588 646/646/583 648/648/585
f 651/651/588 648/648/585 652/652/589
f 652/652/589 648/648/585 649/649/586
f 652/652/589 649/649/586 653/653/590
f 653/653/590 649/649/586 650/650/587
f 653/653/590 650/650/587 654/654/591
f 655/655/592 651/651/588 652/652/589
f 655/655/592 652/652/589 656/656/593
f 656/656/593 652/652/589 653/653/590
f 656/656/593 653/653/590 657/657/594
f 657/657/594 653/653/590 654/654/591
f 657/657/594 654/654/591 658/658/595
f 659/659/596 660/660/597 661/661/598
f 659/659/596 661/661/598 662/662/599
f 662/662/599 661/661/598 663/663/600
f 662/662/599 663/663/600 664/664/601
f 664/664/601 663/663/600 658/658/595
f 664/664/601 658/658/595 654/654/591
f 665/665/602 659/659/596 662/662/599
f 665/665/602 662/662/599 666/666/603
f 666/666/603 662/662/599 664/664/601
f 666/666/603 664/664/601 667/667/604
f 667/667/604 664/664/601 654/654/591
f 667/667/604 654/654/591 650/650/587
f 668/668/605 665/665/602 666/666/603
f 668/668/605 666/666/603 669/669/606
f 669/669/606 666/666/603 667/667/604
f 669/669/606 667/667/604 670/670/607
f 670/670/607 667/667/604 650/650/587
f 670/670/607 650/650/587 645/645/582
f 671/671/608 668/668/605 669/669/606
f 671/671/608 669/669/606 672/672/609
f 672/672/609 669/669/606 670/670/607
f 672/672/609 670/670/607 673/673/610
f 673/673/610 670/670/607 645/645/582
f 673/673/610 645/645/582 640/640/577
f 674/674/611 675/675/612 676/676/613
f 674/674/611 676/676/613 677/677/614
f 678/678/615 672/672/609 673/673/610
f 678/678/615 673/673/610 679/679/616
f 679/679/616 673/673/610 640/640/577
f 679/679/616 640/640/577 634/634/571
f 680/680/617 674/674/611 677/677/614
f 680/680/617 677/677/614 681/681/618
f 682/682/619 678/678/615 679/679/616
f 682/682/619 679/679/616 683/683/620
f 683/683/620 679/679/616 634/634/571
f 683/683/620 634/634/571 629/629/566
f 684/684/621 680/680/617 681/681/618
f 684/684/621 681/681/618 685/685/622
f 686/686/623 682/682/619 683/683/620
f 686/686/623 683/683/620 687/687/624
f 687/687/624 683/683/620 629/629/566
f 687/687/624 629/629/566 628/628/565
f 688/688/625 684/684/621 685/685/622
f 688/688/625 685/685/622 689/689/626
f 690/690/627 691/691/628 692/692/629
f 690/690/627 692/692/629 693/693/630
f 693/693/630 692/692/629 621/621/558
f 693/693/630 621/621/558 614/614/551
f 694/694/631 688/688/625 689/689/626
f 694/694/631 689/689/626 695/695/632
f 696/696/633 690/690/627 693/693/630
f 696/696/633 693/693/630 697/697/634
f 697/697/634 693/693/630 614/614/551
f 697/697/634 614/614/551 610/610/547
f 601/601/538 602/602/539 696/696/633
f 601/601/538 696/696/633 698/698/635
f 698/698/635 696/696/633 697/697/634
f 698/698/635 697/697/634 699/699/636
f 699/699/636 697/697/634 610/610/547
f 699/699/636 610/610/547 609/609/546
f 700/700/637 701/701/638 702/702/639
f 700/700/637 702/702/639 703/703/640
f 701/701/638 704/704/641 705/705/642
f 701/701/638 705/705/642 702/702/639
f 706/706/643 707/707/644 708/708/645
f 706/706/643 708/708/645 709/709/646
f 707/707/644 710/710/647 711/711/648
f 707/707/644 711/711/648 708/708/645
f 710/710/647 712/712/649 713/713/650
f 710/710/647 713/713/650 711/711/648
f 712/712/649 714/714/651 715/715/652
f 712/712/649 715/715/652 713/713/650
f 714/714/651 716/716/653 717/717/654
f 714/714/651 717/717/654 715/715/652
f 716/716/653 718/718/655 719/719/656
f 716/716/653 719/719/656 717/717/654
f 718/718/655 720/720/657 721/721/658
f 718/718/655 721/721/658 719/719/656
f 720/720/657 722/722/659 723/723/660
f 720/720/657 723/723/660 721/721/658
f 722/722/659 724/724/661 725/725/662
f 722/722/659 725/725/662 723/723/660
f 724/724/661 726/726/663 727/727/664
f 724/724/661 727/727/664 725/725/662
f 726/726/663 728/728/665 729/729/666
f 726/726/663 729/729/666 727/727/664
f 728/728/665 730/730/667 731/731/668
f 728/728/665 731/731/668 729/729/666
f 730/730/667 732/732/669 733/733/670
f 730/730/667 733/733/670 731/731/668
f 734/734/671 735/735/672 736/736/673
f 734/734/671 736/736/673 737/737/674
f 735/735/672 738/738/675 739/739/676
f 735/735/672 739/739/676 736/736/673
f 738/738/675 740/740/677 741/741/678
f 738/738/675 741/741/678 739/739/676
f 740/740/677 742/742/679 743/743/680
f 740/740/677 743/743/680 741/741/678
f 742/742/679 744/744/681 745/745/682
f 742/742/679 745/745/682 743/743/680
f 746/746/683 747/747/684 748/748/685
f 746/746/683 748/748/685 749/749/686
f 747/747/684 750/750/687 751/751/688
f 747/747/684 751/751/688 748/748/685
f 750/750/687 752/752/689 753/753/690
f 750/750/687 753/753/690 751/751/688
f 754/754/691 755/755/692 756/756/693
f 754/754/691 756/756/693 757/757/694
f 758/758/695 754/754/691 757/757/694
f 758/758/695 757/757/694 759/759/696
f 744/744/681 760/760/697 761/761/698
f 744/744/681 761/761/698 745/745/682
f 762/762/699 700/700/637 703/703/640
f 762/762/699 703/703/640 763/763/700
f 764/764/701 762/762/699 763/763/700
f 764/764/701 763/763/700 765/765/702
f 766/766/703 764/764/701 765/765/702
f 766/766/703 765/765/702 767/767/704
f 768/768/705 769/769/706 770/770/707
f 768/768/705 770/770/707 771/771/708
f 772/772/709 768/768/705 771/771/708
f 772/772/709 771/771/708 773/773/710
f 774/774/711 772/772/709 773/773/710
f 774/774/711 773/773/710 775/775/712
f 776/776/713 774/774/711 775/775/712
f 776/776/713 775/775/712 777/777/714
f 752/752/689 776/776/713 777/777/714
f 752/752/689 777/777/714 753/753/690
f 755/755/692 746/746/683 749/749/686
f 755/755/692 749/749/686 756/756/693
f 778/778/715 779/779/716 780/780/717
f 781/781/718 782/782/719 783/783/720
f 781/781/718 783/783/720 784/784/721
f 784/784/721 783/783/720 785/785/722
f 784/784/721 785/785/722 786/786/723
f 786/786/723 785/785/722 787/787/724
f 786/786/723 787/787/724 788/788/725
f 789/789/726 790/790/727 782/782/719
f 789/789/726 782/782/719 781/781/718
f 791/791/728 792/792/729 790/790/727
f 791/791/728 790/790/727 789/789/726
f 793/793/730 794/794/731 792/792/729
f 793/793/730 792/792/729 791/791/728
f 795/795/732 796/796/733 794/794/731
f 795/795/732 794/794/731 793/793/730
f 797/797/734 798/798/735 796/796/733
f 797/797/734 796/796/733 795/795/732
f 799/799/736 800/800/737 798/798/735
f 799/799/736 798/798/735 797/797/734
f 801/801/738 802/802/739 800/800/737
f 801/801/738 800/800/737 799/799/736
f 803/803/740 804/804/741 802/802/739
f 803/803/740 802/802/739 801/801/738
f 805/805/742 806/806/743 804/804/741
f 805/805/742 804/804/741 803/803/740
f 807/807/744 808/808/745 806/806/743
f 807/807/744 806/806/743 805/805/742
f 809/809/746 810/810/747 808/808/745
f 809/809/746 808/808/745 807/807/744
f 811/811/748 812/812/749 810/810/747
f 811/811/748 810/810/747 809/809/746
f 813/813/750 814/814/751 812/812/749
f 813/813/750 812/812/749 811/811/748
f 788/788/725 787/787/724 814/814/751
f 788/788/725 814/814/751 813/813/750
f 815/815/752 816/816/753 746/746/683
f 815/815/752 746/746/683 755/755/692
f 817/817/754 818/818/755 776/776/713
f 817/817/754 776/776/713 752/752/689
f 818/818/755 819/819/756 774/774/711
f 818/818/755 774/774/711 776/776/713
f 819/819/756 820/820/757 772/772/709
f 819/819/756 772/772/709 774/774/711
f 820/820/757 821/821/758 768/768/705
f 820/820/757 768/768/705 772/772/709
f 822/822/759 823/823/760 766/766/703
f 822/822/759 766/766/703 824/824/761
f 823/823/760 825/825/762 764/764/701
f 823/823/760 764/764/701 766/766/703
f 825/825/762 826/826/763 762/762/699
f 825/825/762 762/762/699 764/764/701
f 826/826/763 827/827/764 700/700/637
f 826/826/763 700/700/637 762/762/699
f 828/828/765 829/829/766 760/760/697
f 828/828/765 760/760/697 744/744/681
f 829/829/766 830/830/767 831/831/768
f 829/829/766 831/831/768 760/760/697
f 832/832/769 815/815/752 755/755/692
f 832/832/769 755/755/692 754/754/691
f 833/833/770 817/817/754 752/752/689
f 833/833/770 752/752/689 750/750/687
f 834/834/771 833/833/770 750/750/687
f 834/834/771 750/750/687 747/747/684
f 816/816/753 834/834/771 747/747/684
f 816/816/753 747/747/684 746/746/683
f 835/835/772 828/828/765 744/744/681
f 835/835/772 744/744/681 742/742/679
f 836/836/773 835/835/772 742/742/679
f 836/836/773 742/742/679 740/740/677
f 837/837/774 836/836/773 740/740/677
f 837/837/774 740/740/677 738/738/675
f 838/838/775 837/837/774 738/738/675
f 838/838/775 738/738/675 735/735/672
f 839/839/776 838/838/775 735/735/672
f 839/839/776 735/735/672 734/734/671
f 840/840/777 839/839/776 734/734/671
f 840/840/777 734/734/671 841/841/778
f 842/842/779 843/843/780 730/730/667
f 842/842/779 730/730/667 728/728/665
f 844/844/781 842/842/779 728/728/665
f 844/844/781 728/728/665 726/726/663
f 845/845/782 844/844/781 726/726/663
f 845/845/782 726/726/663 724/724/661
f 846/846/783 845/845/782 724/724/661
f 846/846/783 724/724/661 722/722/659
f 847/847/784 846/846/783 722/722/659
f 847/847/784 722/722/659 720/720/657
f 848/848/785 847/847/784 720/720/657
f 848/848/785 720/720/657 718/718/655
f 849/849/786 848/848/785 718/718/655
f 849/849/786 718/718/655 716/716/653
f 850/850/787 849/849/786 716/716/653
f 850/850/787 716/716/653 714/714/651
f 851/851/788 850/850/787 714/714/651
f 851/851/788 714/714/651 712/712/649
f 852/852/789 851/851/788 712/712/649
f 852/852/789 712/712/649 710/710/647
f 853/853/790 852/852/789 710/710/647
f 853/853/790 710/710/647 707/707/644
f 854/854/791 855/855/792 856/856/793
f 854/854/791 856/856/793 704/704/641
f 857/857/794 854/854/791 704/704/641
f 857/857/794 704/704/641 701/701/638
f 827/827/764 857/857/794 701/701/638
f 827/827/764 701/701/638 700/700/637
f 583/583/520 788/788/725 813/813/750
f 583/583/520 813/813/750 584/584/521
f 584/584/521 813/813/750 811/811/748
f 584/584/521 811/811/748 593/593/530
f 593/593/530 811/811/748 809/809/746
f 593/593/530 809/809/746 595/595/532
f 595/595/532 809/809/746 807/807/744
f 595/595/532 807/807/744 597/597/534
f 597/597/534 807/807/744 805/805/742
f 597/597/534 805/805/742 600/600/537
f 600/600/537 805/805/742 803/803/740
f 600/600/537 803/803/740 605/605/542
f 605/605/542 803/803/740 801/801/738
f 605/605/542 801/801/738 607/607/544
f 607/607/544 801/801/738 799/799/736
f 607/607/544 799/799/736 609/609/546
f 609/609/546 799/799/736 797/797/734
f 609/609/546 797/797/734 699/699/636
f 699/699/636 797/797/734 795/795/732
f 699/699/636 795/795/732 698/698/635
f 698/698/635 795/795/732 793/793/730
f 698/698/635 793/793/730 601/601/538
f 601/601/538 793/793/730 791/791/728
f 601/601/538 791/791/728 591/591/528
f 591/591/528 791/791/728 789/789/726
f 591/591/528 789/789/726 589/589/526
f 589/589/526 789/789/726 781/781/718
f 589/589/526 781/781/718 585/585/522
f 604/604/541 786/786/723 788/788/725
f 604/604/541 788/788/725 583/583/520
f 586/586/523 784/784/721 786/786/723
f 586/586/523 786/786/723 604/604/541
f 585/585/522 781/781/718 784/784/721
f 585/585/522 784/784/721 586/586/523
f 858/858/795 800/800/737 802/802/739
f 858/858/795 802/802/739 859/859/796
f 859/859/796 802/802/739 804/804/741
f 859/859/796 804/804/741 860/860/797
f 860/860/797 804/804/741 806/806/743
f 860/860/797 806/806/743 778/778/798
f 778/778/798 806/806/743 808/808/745
f 778/778/798 808/808/745 779/779/799
f 779/779/799 808/808/745 810/810/747
f 779/779/799 810/810/747 780/780/800
f 780/780/800 810/810/747 812/812/749
f 780/780/800 812/812/749 861/861/801
f 862/862/802 814/814/751 787/787/724
f 862/862/802 787/787/724 863/863/803
f 863/863/803 787/787/724 785/785/722
f 863/863/803 785/785/722 864/864/804
f 865/865/805 798/798/735 800/800/737
f 865/865/805 800/800/737 858/858/795
f 866/866/806 796/796/733 798/798/735
f 866/866/806 798/798/735 865/865/805
f 867/867/807 794/794/731 796/796/733
f 867/867/807 796/796/733 866/866/806
f 868/868/808 792/792/729 794/794/731
f 868/868/808 794/794/731 867/867/807
f 869/869/809 790/790/727 792/792/729
f 869/869/809 792/792/729 868/868/808
f 870/870/810 782/782/719 790/790/727
f 870/870/810 790/790/727 869/869/809
f 864/864/804 785/785/722 783/783/720
f 864/864/804 783/783/720 871/871/811
f 871/871/811 783/783/720 782/782/719
f 871/871/811 782/782/719 870/870/810
f 861/861/801 812/812/749 814/814/751
f 861/861/801 814/814/751 862/862/802
f 582/582/519 581/581/518 857/857/794
f 582/582/519 857/857/794 827/827/764
f 581/581/518 594/594/531 854/854/791
f 581/581/518 854/854/791 857/857/794
f 594/594/531 596/596/533 855/855/792
f 594/594/531 855/855/792 854/854/791
f 872/872/812 873/873/813 852/852/789
f 872/872/812 852/852/789 853/853/790
f 873/873/813 874/874/814 851/851/788
f 873/873/813 851/851/788 852/852/789
f 874/874/814 616/616/553 850/850/787
f 874/874/814 850/850/787 851/851/788
f 616/616/553 615/615/552 849/849/786
f 616/616/553 849/849/786 850/850/787
f 615/615/552 622/622/559 848/848/785
f 615/615/552 848/848/785 849/849/786
f 622/622/559 630/630/567 847/847/784
f 622/622/559 847/847/784 848/848/785
f 630/630/567 635/635/572 846/846/783
f 630/630/567 846/846/783 847/847/784
f 635/635/572 641/641/578 845/845/782
f 635/635/572 845/845/782 846/846/783
f 641/641/578 875/875/815 844/844/781
f 641/641/578 844/844/781 845/845/782
f 875/875/815 876/876/816 842/842/779
f 875/875/815 842/842/779 844/844/781
f 876/876/816 877/877/817 843/843/780
f 876/876/816 843/843/780 842/842/779
f 655/655/592 656/656/593 839/839/776
f 655/655/592 839/839/776 840/840/777
f 656/656/593 657/657/594 838/838/775
f 656/656/593 838/838/775 839/839/776
f 657/657/594 658/658/595 837/837/774
f 657/657/594 837/837/774 838/838/775
f 658/658/595 663/663/600 836/836/773
f 658/658/595 836/836/773 837/837/774
f 663/663/600 661/661/598 835/835/772
f 663/663/600 835/835/772 836/836/773
f 661/661/598 660/660/597 828/828/765
f 661/661/598 828/828/765 835/835/772
f 675/675/612 674/674/611 834/834/771
f 675/675/612 834/834/771 816/816/753
f 674/674/611 680/680/617 833/833/770
f 674/674/611 833/833/770 834/834/771
f 680/680/617 684/684/621 817/817/754
f 680/680/617 817/817/754 833/833/770
f 878/878/818 879/879/819 815/815/752
f 878/878/818 815/815/752 832/832/769
f 659/659/596 665/665/602 830/830/767
f 659/659/596 830/830/767 829/829/766
f 660/660/597 659/659/596 829/829/766
f 660/660/597 829/829/766 828/828/765
f 603/603/540 582/582/519 827/827/764
f 603/603/540 827/827/764 826/826/763
f 587/587/524 603/603/540 826/826/763
f 587/587/524 826/826/763 825/825/762
f 588/588/525 587/587/524 825/825/762
f 588/588/525 825/825/762 823/823/760
f 590/590/527 588/588/525 823/823/760
f 590/590/527 823/823/760 822/822/759
f 880/880/820 881/881/821 821/821/758
f 880/880/820 821/821/758 820/820/757
f 694/694/631 880/880/820 820/820/757
f 694/694/631 820/820/757 819/819/756
f 688/688/625 694/694/631 819/819/756
f 688/688/625 819/819/756 818/818/755
f 684/684/621 688/688/625 818/818/755
f 684/684/621 818/818/755 817/817/754
f 879/879/819 675/675/612 816/816/753
f 879/879/819 816/816/753 815/815/752
f 865/865/822 858/858/823 863/863/824
f 865/865/822 863/863/824 864/864/825
f 866/866/826 865/865/822 864/864/825
f 866/866/826 864/864/825 871/871/827
f 867/867/828 866/866/826 871/871/827
f 867/867/828 871/871/827 870/870/829
f 868/868/830 867/867/828 870/870/829
f 868/868/830 870/870/829 869/869/831
f 858/858/823 859/859/832 862/862/833
f 858/858/823 862/862/833 863/863/824
f 859/859/832 860/860/834 861/861/835
f 859/859/832 861/861/835 862/862/833
f 860/860/834 778/778/715 780/780/717
f 860/860/834 780/780/717 861/861/835
f 882/882/836 883/883/837 884/884/838
f 882/882/836 884/884/838 885/885/839
f 886/886/840 887/887/841 888/888/842
f 886/886/840 888/888/842 889/889/843
f 890/890/844 886/886/840 889/889/843
f 890/890/844 889/889/843 891/891/845
f 892/892/846 890/890/844 891/891/845
f 892/892/846 891/891/845 893/893/847
f 885/885/839 894/894/848 895/895/849
f 885/885/839 895/895/849 882/882/836
f 894/894/848 896/896/850 897/897/851
f 894/894/848 897/897/851 895/895/849
f 896/896/850 898/898/852 899/899/853
f 896/896/850 899/899/853 897/897/851
f 900/900/854 899/899/853 898/898/852
f 900/900/854 898/898/852 901/901/855
f 902/902/856 892/892/846 893/893/847
f 902/902/856 893/893/847 903/903/857
f 904/904/858 888/888/842 887/887/841
f 904/904/858 887/887/841 905/905/859
f 905/905/859 884/884/838 883/883/837
f 905/905/859 883/883/837 904/904/858
f 900/900/854 901/901/855 906/906/860
f 900/900/854 906/906/860 907/907/861
f 907/907/861 906/906/860 908/908/862
f 907/907/861 908/908/862 909/909/863
f 909/909/863 908/908/862 910/910/864
f 909/909/863 910/910/864 911/911/865
f 912/912/866 900/900/854 907/907/861
f 912/912/866 907/907/861 913/913/867
f 913/913/867 907/907/861 909/909/863
f 913/913/867 909/909/863 914/914/868
f 914/914/868 909/909/863 911/911/865
f 914/914/868 911/911/865 915/915/869
f 916/916/870 917/917/871 918/918/872
f 916/916/870 918/918/872 919/919/873
f 920/920/874 913/913/867 914/914/868
f 920/920/874 914/914/868 921/921/875
f 921/921/875 914/914/868 915/915/869
f 921/921/875 915/915/869 922/922/876
f 923/923/877 916/916/870 919/919/873
f 923/923/877 919/919/873 924/924/878
f 924/924/878 919/919/873 925/925/879
f 924/924/878 925/925/879 926/926/880
f 927/927/881 928/928/882 929/929/883
f 927/927/881 929/929/883 930/930/884
f 931/931/885 923/923/877 924/924/878
f 931/931/885 924/924/878 932/932/886
f 932/932/886 924/924/878 926/926/880
f 932/932/886 926/926/880 933/933/887
f 934/934/888 927/927/881 930/930/884
f 934/934/888 930/930/884 935/935/889
f 936/936/890 931/931/885 932/932/886
f 936/936/890 932/932/886 937/937/891
f 938/938/892 939/939/893 934/934/888
f 938/938/892 934/934/888 940/940/894
f 940/940/894 934/934/888 935/935/889
f 940/940/894 935/935/889 941/941/895
f 942/942/896 936/936/890 937/937/891
f 942/942/896 937/937/891 943/943/897
f 944/944/898 938/938/892 940/940/894
f 944/944/898 940/940/894 945/945/899
f 945/945/899 940/940/894 941/941/895
f 945/945/899 941/941/895 946/946/900
f 947/947/901 948/948/902 944/944/898
f 947/947/901 944/944/898 949/949/903
f 949/949/903 944/944/898 945/945/899
f 949/949/903 945/945/899 950/950/904
f 950/950/904 945/945/899 946/946/900
f 950/950/904 946/946/900 951/951/905
f 952/952/906 947/947/901 949/949/903
f 952/952/906 949/949/903 953/953/907
f 953/953/907 949/949/903 950/950/904
f 953/953/907 950/950/904 954/954/908
f 954/954/908 950/950/904 951/951/905
f 954/954/908 951/951/905 955/955/909
f 956/956/910 952/952/906 953/953/907
f 956/956/910 953/953/907 957/957/911
f 957/957/911 953/953/907 954/954/908
f 957/957/911 954/954/908 958/958/912
f 958/958/912 954/954/908 955/955/909
f 958/958/912 955/955/909 959/959/913
f 960/960/914 961/961/915 962/962/916
f 960/960/914 962/962/916 963/963/917
f 963/963/917 962/962/916 964/964/918
f 963/963/917 964/964/918 965/965/919
f 965/965/919 964/964/918 959/959/913
f 965/965/919 959/959/913 955/955/909
f 966/966/920 960/960/914 963/963/917
f 966/966/920 963/963/917 967/967/921
f 967/967/921 963/963/917 965/965/919
f 967/967/921 965/965/919 968/968/922
f 968/968/922 965/965/919 955/955/909
f 968/968/922 955/955/909 951/951/905
f 969/969/923 966/966/920 967/967/921
f 969/969/923 967/967/921 970/970/924
f 970/970/924 967/967/921 968/968/922
f 970/970/924 968/968/922 971/971/925
f 971/971/925 968/968/922 951/951/905
f 971/971/925 951/951/905 946/946/900
f 972/972/926 969/969/923 970/970/924
f 972/972/926 970/970/924 973/973/927
f 973/973/927 970/970/924 971/971/925
f 973/973/927 971/971/925 974/974/928
f 974/974/928 971/971/925 946/946/900
f 974/974/928 946/946/900 941/941/895
f 975/975/929 976/976/930 977/977/931
f 975/975/929 977/977/931 978/978/932
f 979/979/933 973/973/927 974/974/928
f 979/979/933 974/974/928 980/980/934
f 980/980/934 974/974/928 941/941/895
f 980/980/934 941/941/895 935/935/889
f 981/981/935 975/975/929 978/978/932
f 981/981/935 978/978/932 982/982/936
f 983/983/937 979/979/933 980/980/934
f 983/983/937 980/980/934 984/984/938
f 984/984/938 980/980/934 935/935/889
f 984/984/938 935/935/889 930/930/884
f 985/985/939 981/981/935 982/982/936
f 985/985/939 982/982/936 986/986/940
f 987/987/941 983/983/937 984/984/938
f 987/987/941 984/984/938 988/988/942
f 988/988/942 984/984/938 930/930/884
f 988/988/942 930/930/884 929/929/883
f 989/989/943 985/985/939 986/986/940
f 989/989/943 986/986/940 990/990/944
f 991/991/945 992/992/946 993/993/947
f 991/991/945 993/993/947 994/994/948
f 994/994/948 993/993/947 922/922/876
f 994/994/948 922/922/876 915/915/869
f 995/995/949 989/989/943 990/990/944
f 995/995/949 990/990/944 996/996/950
f 997/997/951 991/991/945 994/994/948
f 997/997/951 994/994/948 998/998/952
f 998/998/952 994/994/948 915/915/869
f 998/998/952 915/915/869 911/911/865
f 902/902/856 903/903/857 997/997/951
f 902/902/856 997/997/951 999/999/953
f 999/999/953 997/997/951 998/998/952
f 999/999/953 998/998/952 1000/1000/954
f 1000/1000/954 998/998/952 911/911/865
f 1000/1000/954 911/911/865 910/910/864
f 1001/1001/955 1002/1002/956 1003/1003/957
f 1001/1001/955 1003/1003/957 1004/1004/958
f 1002/1002/956 1005/1005/959 1006/1006/960
f 1002/1002/956 1006/1006/960 1003/1003/957
f 1007/1007/961 1008/1008/962 1009/1009/963
f 1007/1007/961 1009/1009/963 1010/1010/964
f 1008/1008/962 1011/1011/965 1012/1012/966
f 1008/1008/962 1012/1012/966 1009/1009/963
f 1011/1011/965 1013/1013/967 1014/1014/968
f 1011/1011/965 1014/1014/968 1012/1012/966
f 1013/1013/967 1015/1015/969 1016/1016/970
f 1013/1013/967 1016/1016/970 1014/1014/968
f 1015/1015/969 1017/1017/971 1018/1018/972
f 1015/1015/969 1018/1018/972 1016/1016/970
f 1017/1017/971 1019/1019/973 1020/1020/974
f 1017/1017/971 1020/1020/974 1018/1018/972
f 1019/1019/973 1021/1021/975 1022/1022/976
f 1019/1019/973 1022/1022/976 1020/1020/974
f 1021/1021/975 1023/1023/977 1024/1024/978
f 1021/1021/975 1024/1024/978 1022/1022/976
f 1023/1023/977 1025/1025/979 1026/1026/980
f 1023/1023/977 1026/1026/980 1024/1024/978
f 1025/1025/979 1027/1027/981 1028/1028/982
f 1025/1025/979 1028/1028/982 1026/1026/980
f 1027/1027/981 1029/1029/983 1030/1030/984
f 1027/1027/981 1030/1030/984 1028/1028/982
f 1029/1029/983 1031/1031/985 1032/1032/986
f 1029/1029/983 1032/1032/986 1030/1030/984
f 1031/1031/985 1033/1033/987 1034/1034/988
f 1031/1031/985 1034/1034/988 1032/1032/986
f 1035/1035/989 1036/1036/990 1037/1037/991
f 1035/1035/989 1037/1037/991 1038/1038/992
f 1036/1036/990 1039/1039/993 1040/1040/994
f 1036/1036/990 1040/1040/994 1037/1037/991
f 1039/1039/993 1041/1041/995 1042/1042/996
f 1039/1039/993 1042/1042/996 1040/1040/994
f 1041/1041/995 1043/1043/997 1044/1044/998
f 1041/1041/995 1044/1044/998 1042/1042/996
f 1043/1043/997 1045/1045/999 1046/1046/1000
f 1043/1043/997 1046/1046/1000 1044/1044/998
f 1047/1047/1001 1048/1048/1002 1049/1049/1003
f 1047/1047/1001 1049/1049/1003 1050/1050/1004
f 1048/1048/1002 1051/1051/1005 1052/1052/1006
f 1048/1048/1002 1052/1052/1006 1049/1049/1003
f 1051/1051/1005 1053/1053/1007 1054/1054/1008
f 1051/1051/1005 1054/1054/1008 1052/1052/1006
f 1055/1055/1009 1056/1056/1010 1057/1057/1011
f 1055/1055/1009 1057/1057/1011 1058/1058/1012
f 1059/1059/1013 1055/1055/1009 1058/1058/1012
f 1059/1059/1013 1058/1058/1012 1060/1060/1014
f 1045/1045/999 1061/1061/1015 1062/1062/1016
f 1045/1045/999 1062/1062/1016 1046/1046/1000
f 1063/1063/1017 1001/1001/955 1004/1004/958
f 1063/1063/1017 1004/1004/958 1064/1064/1018
f 1065/1065/1019 1063/1063/1017 1064/1064/1018
f 1065/1065/1019 1064/1064/1018 1066/1066/1020
f 1067/1067/1021 1065/1065/1019 1066/1066/1020
f 1067/1067/1021 1066/1066/1020 1068/1068/1022
f 1069/1069/1023 1070/1070/1024 1071/1071/1025
f 1069/1069/1023 1071/1071/1025 1072/1072/1026
f 1073/1073/1027 1069/1069/1023 1072/1072/1026
f 1073/1073/1027 1072/1072/1026 1074/1074/1028
f 1075/1075/1029 1073/1073/1027 1074/1074/1028
f 1075/1075/1029 1074/1074/1028 1076/1076/1030
f 1077/1077/1031 1075/1075/1029 1076/1076/1030
f 1077/1077/1031 1076/1076/1030 1078/1078/1032
f 1053/1053/1007 1077/1077/1031 1078/1078/1032
f 1053/1053/1007 1078/1078/1032 1054/1054/1008
f 1056/1056/1010 1047/1047/1001 1050/1050/1004
f 1056/1056/1010 1050/1050/1004 1057/1057/1011
f 1079/1079/1033 1080/1080/1034 1081/1081/1035
f 1082/1082/1036 1083/1083/1037 1084/1084/1038
f 1082/1082/1036 1084/1084/1038 1085/1085/1039
f 1085/1085/1039 1084/1084/1038 1086/1086/1040
f 1085/1085/1039 1086/1086/1040 1087/1087/1041
f 1087/1087/1041 1086/1086/1040 1088/1088/1042
f 1087/1087/1041 1088/1088/1042 1089/1089/1043
f 1090/1090/1044 1091/1091/1045 1083/1083/1037
f 1090/1090/1044 1083/1083/1037 1082/1082/1036
f 1092/1092/1046 1093/1093/1047 1091/1091/1045
f 1092/1092/1046 1091/1091/1045 1090/1090/1044
f 1094/1094/1048 1095/1095/1049 1093/1093/1047
f 1094/1094/1048 1093/1093/1047 1092/1092/1046
f 1096/1096/1050 1097/1097/1051 1095/1095/1049
f 1096/1096/1050 1095/1095/1049 1094/1094/1048
f 1098/1098/1052 1099/1099/1053 1097/1097/1051
f 1098/1098/1052 1097/1097/1051 1096/1096/1050
f 1100/1100/1054 1101/1101/1055 1099/1099/1053
f 1100/1100/1054 1099/1099/1053 1098/1098/1052
f 1102/1102/1056 1103/1103/1057 1101/1101/1055
f 1102/1102/1056 1101/1101/1055 1100/1100/1054
f 1104/1104/1058 1105/1105/1059 1103/1103/1057
f 1104/1104/1058 1103/1103/1057 1102/1102/1056
f 1106/1106/1060 1107/1107/1061 1105/1105/1059
f 1106/1106/1060 1105/1105/1059 1104/1104/1058
f 1108/1108/1062 1109/1109/1063 1107/1107/1061
f 1108/1108/1062 1107/1107/1061 1106/1106/1060
f 1110/1110/1064 1111/1111/1065 1109/1109/1063
f 1110/1110/1064 1109/1109/1063 1108/1108/1062
f 1112/1112/1066 1113/1113/1067 1111/1111/1065
f 1112/1112/1066 1111/1111/1065 1110/1110/1064
f 1114/1114/1068 1115/1115/1069 1113/1113/1067
f 1114/1114/1068 1113/1113/1067 1112/1112/1066
f 1089/1089/1043 1088/1088/1042 1115/1115/1069
f 1089/1089/1043 1115/1115/1069 1114/1114/1068
f 1116/1116/1070 1117/1117/1071 1047/1047/1001
f 1116/1116/1070 1047/1047/1001 1056/1056/1010
f 1118/1118/1072 1119/1119/1073 1077/1077/1031
f 1118/1118/1072 1077/1077/1031 1053/1053/1007
f 1119/1119/1073 1120/1120/1074 1075/1075/1029
f 1119/1119/1073 1075/1075/1029 1077/1077/1031
f 1120/1120/1074 1121/1121/1075 1073/1073/1027
f 1120/1120/1074 1073/1073/1027 1075/1075/1029
f 1121/1121/1075 1122/1122/1076 1069/1069/1023
f 1121/1121/1075 1069/1069/1023 1073/1073/1027
f 1123/1123/1077 1124/1124/1078 1067/1067/1021
f 1123/1123/1077 1067/1067/1021 1125/1125/1079
f 1124/1124/1078 1126/1126/1080 1065/1065/1019
f 1124/1124/1078 1065/1065/1019 1067/1067/1021
f 1126/1126/1080 1127/1127/1081 1063/1063/1017
f 1126/1126/1080 1063/1063/1017 1065/1065/1019
f 1127/1127/1081 1128/1128/1082 1001/1001/955
f 1127/1127/1081 1001/1001/955 1063/1063/1017
f 1129/1129/1083 1130/1130/1084 1061/1061/1015
f 1129/1129/1083 1061/1061/1015 1045/1045/999
f 1130/1130/1084 1131/1131/1085 1132/1132/1086
f 1130/1130/1084 1132/1132/1086 1061/1061/1015
f 1133/1133/1087 1116/1116/1070 1056/1056/1010
f 1133/1133/1087 1056/1056/1010 1055/1055/1009
f 1134/1134/1088 1118/1118/1072 1053/1053/1007
f 1134/1134/1088 1053/1053/1007 1051/1051/1005
f 1135/1135/1089 1134/1134/1088 1051/1051/1005
f 1135/1135/1089 1051/1051/1005 1048/1048/1002
f 1117/1117/1071 1135/1135/1089 1048/1048/1002
f 1117/1117/1071 1048/1048/1002 1047/1047/1001
f 1136/1136/1090 1129/1129/1083 1045/1045/999
f 1136/1136/1090 1045/1045/999 1043/1043/997
f 1137/1137/1091 1136/1136/1090 1043/1043/997
f 1137/1137/1091 1043/1043/997 1041/1041/995
f 1138/1138/1092 1137/1137/1091 1041/1041/995
f 1138/1138/1092 1041/1041/995 1039/1039/993
f 1139/1139/1093 1138/1138/1092 1039/1039/993
f 1139/1139/1093 1039/1039/993 1036/1036/990
f 1140/1140/1094 1139/1139/1093 1036/1036/990
f 1140/1140/1094 1036/1036/990 1035/1035/989
f 1141/1141/1095 1140/1140/1094 1035/1035/989
f 1141/1141/1095 1035/1035/989 1142/1142/1096
f 1143/1143/1097 1144/1144/1098 1031/1031/985
f 1143/1143/1097 1031/1031/985 1029/1029/983
f 1145/1145/1099 1143/1143/1097 1029/1029/983
f 1145/1145/1099 1029/1029/983 1027/1027/981
f 1146/1146/1100 1145/1145/1099 1027/1027/981
f 1146/1146/1100 1027/1027/981 1025/1025/979
f 1147/1147/1101 1146/1146/1100 1025/1025/979
f 1147/1147/1101 1025/1025/979 1023/1023/977
f 1148/1148/1102 1147/1147/1101 1023/1023/977
f 1148/1148/1102 1023/1023/977 1021/1021/975
f 1149/1149/1103 1148/1148/1102 1021/1021/975
f 1149/1149/1103 1021/1021/975 1019/1019/973
f 1150/1150/1104 1149/1149/1103 1019/1019/973
f 1150/1150/1104 1019/1019/973 1017/1017/971
f 1151/1151/1105 1150/1150/1104 1017/1017/971
f 1151/1151/1105 1017/1017/971 1015/1015/969
f 1152/1152/1106 1151/1151/1105 1015/1015/969
f 1152/1152/1106 1015/1015/969 1013/1013/967
f 1153/1153/1107 1152/1152/1106 1013/1013/967
f 1153/1153/1107 1013/1013/967 1011/1011/965
f 1154/1154/1108 1153/1153/1107 1011/1011/965
f 1154/1154/1108 1011/1011/965 1008/1008/962
f 1155/1155/1109 1156/1156/1110 1157/1157/1111
f 1155/1155/1109 1157/1157/1111 1005/1005/959
f 1158/1158/1112 1155/1155/1109 1005/1005/959
f 1158/1158/1112 1005/1005/959 1002/1002/956
f 1128/1128/1082 1158/1158/1112 1002/1002/956
f 1128/1128/1082 1002/1002/956 1001/1001/955
f 884/884/838 1089/1089/1043 1114/1114/1068
f 884/884/838 1114/1114/1068 885/885/839
f 885/885/839 1114/1114/1068 1112/1112/1066
f 885/885/839 1112/1112/1066 894/894/848
f 894/894/848 1112/1112/1066 1110/1110/1064
f 894/894/848 1110/1110/1064 896/896/850
f 896/896/850 1110/1110/1064 1108/1108/1062
f 896/896/850 1108/1108/1062 898/898/852
f 898/898/852 1108/1108/1062 1106/1106/1060
f 898/898/852 1106/1106/1060 901/901/855
f 901/901/855 1106/1106/1060 1104/1104/1058
f 901/901/855 1104/1104/1058 906/906/860
f 906/906/860 1104/1104/1058 1102/1102/1056
f 906/906/860 1102/1102/1056 908/908/862
f 908/908/862 1102/1102/1056 1100/1100/1054
f 908/908/862 1100/1100/1054 910/910/864
f 910/910/864 1100/1100/1054 1098/1098/1052
f 910/910/864 1098/1098/1052 1000/1000/954
f 1000/1000/954 1098/1098/1052 1096/1096/1050
f 1000/1000/954 1096/1096/1050 999/999/953
f 999/999/953 1096/1096/1050 1094/1094/1048
f 999/999/953 1094/1094/1048 902/902/856
f 902/902/856 1094/1094/1048 1092/1092/1046
f 902/902/856 1092/1092/1046 892/892/846
f 892/892/846 1092/1092/1046 1090/1090/1044
f 892/892/846 1090/1090/1044 890/890/844
f 890/890/844 1090/1090/1044 1082/1082/1036
f 890/890/844 1082/1082/1036 886/886/840
f 905/905/859 1087/1087/1041 1089/1089/1043
f 905/905/859 1089/1089/1043 884/884/838
f 887/887/841 1085/1085/1039 1087/1087/1041
f 887/887/841 1087/1087/1041 905/905/859
f 886/886/840 1082/1082/1036 1085/1085/1039
f 886/886/840 1085/1085/1039 887/887/841
f 1159/1159/1113 1101/1101/1055 1103/1103/1057
f 1159/1159/1113 1103/1103/1057 1160/1160/1114
f 1160/1160/1114 1103/1103/1057 1105/1105/1059
f 1160/1160/1114 1105/1105/1059 1161/1161/1115
f 1161/1161/1115 1105/1105/1059 1107/1107/1061
f 1161/1161/1115 1107/1107/1061 1079/1079/1116
f 1079/1079/1116 1107/1107/1061 1109/1109/1063
f 1079/1079/1116 1109/1109/1063 1080/1080/1117
f 1080/1080/1117 1109/1109/1063 1111/1111/1065
f 1080/1080/1117 1111/1111/1065 1081/1081/1118
f 1081/1081/1118 1111/1111/1065 1113/1113/1067
f 1081/1081/1118 1113/1113/1067 1162/1162/1119
f 1163/1163/1120 1115/1115/1069 1088/1088/1042
f 1163/1163/1120 1088/1088/1042 1164/1164/1121
f 1164/1164/1121 1088/1088/1042 1086/1086/1040
f 1164/1164/1121 1086/1086/1040 1165/1165/1122
f 1166/1166/1123 1099/1099/1053 1101/1101/1055
f 1166/1166/1123 1101/1101/1055 1159/1159/1113
f 1167/1167/1124 1097/1097/1051 1099/1099/1053
f 1167/1167/1124 1099/1099/1053 1166/1166/1123
f 1168/1168/1125 1095/1095/1049 1097/1097/1051
f 1168/1168/1125 1097/1097/1051 1167/1167/1124
f 1169/1169/1126 1093/1093/1047 1095/1095/1049
f 1169/1169/1126 1095/1095/1049 1168/1168/1125
f 1170/1170/1127 1091/1091/1045 1093/1093/1047
f 1170/1170/1127 1093/1093/1047 1169/1169/1126
f 1171/1171/1128 1083/1083/1037 1091/1091/1045
f 1171/1171/1128 1091/1091/1045 1170/1170/1127
f 1165/1165/1122 1086/1086/1040 1084/1084/1038
f 1165/1165/1122 1084/1084/1038 1172/1172/1129
f 1172/1172/1129 1084/1084/1038 1083/1083/1037
f 1172/1172/1129 1083/1083/1037 1171/1171/1128
f 1162/1162/1119 1113/1113/1067 1115/1115/1069
f 1162/1162/1119 1115/1115/1069 1163/1163/1120
f 883/883/837 882/882/836 1158/1158/1112
f 883/883/837 1158/1158/1112 1128/1128/1082
f 882/882/836 895/895/849 1155/1155/1109
f 882/882/836 1155/1155/1109 1158/1158/1112
f 895/895/849 897/897/851 1156/1156/1110
f 895/895/849 1156/1156/1110 1155/1155/1109
f 1173/1173/1130 1174/1174/1131 1153/1153/1107
f 1173/1173/1130 1153/1153/1107 1154/1154/1108
f 1174/1174/1131 1175/1175/1132 1152/1152/1106
f 1174/1174/1131 1152/1152/1106 1153/1153/1107
f 1175/1175/1132 917/917/871 1151/1151/1105
f 1175/1175/1132 1151/1151/1105 1152/1152/1106
f 917/917/871 916/916/870 1150/1150/1104
f 917/917/871 1150/1150/1104 1151/1151/1105
f 916/916/870 923/923/877 1149/1149/1103
f 916/916/870 1149/1149/1103 1150/1150/1104
f 923/923/877 931/931/885 1148/1148/1102
f 923/923/877 1148/1148/1102 1149/1149/1103
f 931/931/885 936/936/890 1147/1147/1101
f 931/931/885 1147/1147/1101 1148/1148/1102
f 936/936/890 942/942/896 1146/1146/1100
f 936/936/890 1146/1146/1100 1147/1147/1101
f 942/942/896 1176/1176/1133 1145/1145/1099
f 942/942/896 1145/1145/1099 1146/1146/1100
f 1176/1176/1133 1177/1177/1134 1143/1143/1097
f 1176/1176/1133 1143/1143/1097 1145/1145/1099
f 1177/1177/1134 1178/1178/1135 1144/1144/1098
f 1177/1177/1134 1144/1144/1098 1143/1143/1097
f 956/956/910 957/957/911 1140/1140/1094
f 956/956/910 1140/1140/1094 1141/1141/1095
f 957/957/911 958/958/912 1139/1139/1093
f 957/957/911 1139/1139/1093 1140/1140/1094
f 958/958/912 959/959/913 1138/1138/1092
f 958/958/912 1138/1138/1092 1139/1139/1093
f 959/959/913 964/964/918 1137/1137/1091
f 959/959/913 1137/1137/1091 1138/1138/1092
f 964/964/918 962/962/916 1136/1136/1090
f 964/964/918 1136/1136/1090 1137/1137/1091
f 962/962/916 961/961/915 1129/1129/1083
f 962/962/916 1129/1129/1083 1136/1136/1090
f 976/976/930 975/975/929 1135/1135/1089
f 976/976/930 1135/1135/1089 1117/1117/1071
f 975/975/929 981/981/935 1134/1134/1088
f 975/975/929 1134/1134/1088 1135/1135/1089
f 981/981/935 985/985/939 1118/1118/1072
f 981/981/935 1118/1118/1072 1134/1134/1088
f 1179/1179/1136 1180/1180/1137 1116/1116/1070
f 1179/1179/1136 1116/1116/1070 1133/1133/1087
f 960/960/914 966/966/920 1131/1131/1085
f 960/960/914 1131/1131/1085 1130/1130/1084
f 961/961/915 960/960/914 1130/1130/1084
f 961/961/915 1130/1130/1084 1129/1129/1083
f 904/904/858 883/883/837 1128/1128/1082
f 904/904/858 1128/1128/1082 1127/1127/1081
f 888/888/842 904/904/858 1127/1127/1081
f 888/888/842 1127/1127/1081 1126/1126/1080
f 889/889/843 888/888/842 1126/1126/1080
f 889/889/843 1126/1126/1080 1124/1124/1078
f 891/891/845 889/889/843 1124/1124/1078
f 891/891/845 1124/1124/1078 1123/1123/1077
f 1181/1181/1138 1182/1182/1139 1122/1122/1076
f 1181/1181/1138 1122/1122/1076 1121/1121/1075
f 995/995/949 1181/1181/1138 1121/1121/1075
f 995/995/949 1121/1121/1075 1120/1120/1074
f 989/989/943 995/995/949 1120/1120/1074
f 989/989/943 1120/1120/1074 1119/1119/1073
f 985/985/939 989/989/943 1119/1119/1073
f 985/985/939 1119/1119/1073 1118/1118/1072
f 1180/1180/1137 976/976/930 1117/1117/1071
f 1180/1180/1137 1117/1117/1071 1116/1116/1070
f 1166/1166/1140 1159/1159/1141 1164/1164/1142
f 1166/1166/1140 1164/1164/1142 1165/1165/1143
f 1159/1159/1141 1160/1160/1144 1163/1163/1145
f 1159/1159/1141 1163/1163/1145 1164/1164/1142
f 1160/1160/1144 1161/1161/1146 1162/1162/1147
f 1160/1160/1144 1162/1162/1147 1163/1163/1145
f 1161/1161/1146 1079/1079/1033 1081/1081/1035
f 1161/1161/1146 1081/1081/1035 1162/1162/1147
f 1167/1167/1148 1166/1166/1140 1165/1165/1143
f 1167/1167/1148 1165/1165/1143 1172/1172/1149
f 1168/1168/1150 1167/1167/1148 1172/1172/1149
f 1168/1168/1150 1172/1172/1149 1171/1171/1151
f 1169/1169/1152 1168/1168/1150 1171/1171/1151
f 1169/1169/1152 1171/1171/1151 1170/1170/1153
# Vertices: 602, normals: 636, texture coordinates: 602, faces: 938

o obj3
v -0.01484817 0.08920029 -0.07258223
v -9.633E-05 0.08920029 -0.07411002
v -9.633E-05 0.08850065 -0.07411002
v -0.01484817 0.08850065 -0.07258223
v 0.02880393 0.08920017 0.06833111
v 0.01467621 0.08920029 0.072677
v 0.01467621 0.08850065 0.072677
v 0.02880393 0.08850006 0.06833111
v 0.0688452 0.08919916 -0.02764785
v 0.07287674 0.0891988 -0.01392138
v 0.07287674 0.0884991 -0.01392138
v 0.0688452 0.08849916 -0.02764785
v -0.02892219 0.08920017 -0.06817614
v -0.02892219 0.08849982 -0.06817614
v 0.04170261 0.08920035 0.06133454
v 0.04170261 0.08850065 0.06133454
v 0.01468575 0.08920029 -0.07262848
v 0.01468575 0.08850065 -0.07262848
v -0.04174785 0.08920029 -0.06114613
v -0.04174785 0.08850065 -0.06114613
v 0.05288826 0.08920035 0.05203365
v 0.05288826 0.08850065 0.05203365
v -0.06851338 0.08920029 -0.02799499
v -0.06190167 0.08919916 -0.04061228
v -0.06190167 0.08849916 -0.04061228
v -0.06851338 0.08850065 -0.02799499
v -0.05285268 0.08919922 -0.05184446
v -0.05285268 0.08849922 -0.05184446
v 0.06199364 0.08920035 0.0407797
v 0.05288826 0.08920035 0.05203365
v 0.05288826 0.08850065 0.05203365
v 0.06199364 0.08850065 0.0407797
v -0.06212871 0.08920035 0.04030132
v -0.0687338 0.0891988 0.02749121
v -0.0687338 0.0884991 0.02749121
v -0.06212871 0.08850065 0.04030132
v -0.05285268 0.08919922 -0.05184446
v -0.05285268 0.08849922 -0.05184446
v 0.06866555 0.08920017 0.02810955
v 0.06866555 0.08850006 0.02810955
v -0.07259403 0.08919886 -0.01443326
v -0.07259403 0.0884991 -0.01443326
v 0.07277952 0.08920029 0.01447415
v 0.07277952 0.08850065 0.01447415
v -0.07402758 0.08920029 -0.00027251
v -0.07402758 0.08850065 -0.00027251
v 0.07421665 0.08920029 0.00025296
v 0.07421665 0.08850065 0.00025296
v -0.07271193 0.08920029 0.01382488
v -0.07271193 0.08850065 0.01382488
v 0.06220458 0.08920029 -0.04044497
v 0.06220458 0.08850065 -0.04044497
v -0.05309843 0.08920035 0.05161367
v -0.05309843 0.08850065 0.05161367
v 0.05307589 0.08920029 -0.05180751
v 0.05307589 0.08850065 -0.05180751
v -0.04193471 0.08920035 0.06104623
v -0.05309843 0.08920035 0.05161367
v -0.05309843 0.08850065 0.05161367
v -0.04193471 0.08850065 0.06104623
v 0.04183595 0.08920029 -0.06121527
v 0.05307589 0.08920029 -0.05180751
v 0.05307589 0.08850065 -0.05180751
v 0.04183595 0.08850065 -0.06121527
v -0.02902739 0.08920035 0.06816088
v -0.02902739 0.08850065 0.06816088
v 0.02886789 0.08920029 -0.06827651
v 0.02886789 0.08850065 -0.06827651
v -0.01488101 0.08920035 0.07259892
v -0.01488101 0.08850065 0.07259892
v -9.859E-05 0.08920035 0.07408236
v -9.859E-05 0.08850065 0.07408236
v -0.05363064 -0.05270537 0.08621894
v -0.05363064 -0.05270537 0.08528505
v -0.04237334 -0.06213877 0.0852841
v -0.0423734 -0.06213877 0.08621798
v 0.0627896 0.04122983 0.08621918
v 0.0627896 0.04122983 0.08528529
v 0.05355917 0.05264299 0.08528517
v 0.05355911 0.05264299 0.08621906
v -0.06303345 0.04074441 0.08621775
v -0.06303339 0.04074441 0.08528386
v -0.06972896 0.02775305 0.08528529
v -0.06972902 0.02775305 0.08621918
v -0.06280367 -0.04131427 0.08621894
v -0.06280367 -0.04131427 0.08528493
v 0.06955253 0.02838003 0.08621953
v 0.06955259 0.02838003 0.08528565
v 0.0627896 0.04122983 0.08528529
v 0.0627896 0.04122983 0.08621918
v -0.07364212 -0.01476458 0.08621906
v -0.07364212 -0.01476458 0.08528517
v -0.06950556 -0.02851857 0.08528374
v -0.06950556 -0.02851857 0.08621775
v 0.07372282 0.0145517 0.0862193
v 0.07372288 0.0145517 0.08528541
v -0.07509527 -0.00040358 0.08621763
v -0.07509527 -0.00040358 0.08528374
v 0.07517967 0.00012932 0.0862193
v 0.07517967 0.00012932 0.08528541
v -0.07376163 0.01389366 0.08621763
v -0.07376163 0.01389366 0.08528374
v 0.07382141 -0.01424568 0.08622085
v 0.07382141 -0.01424568 0.08528696
v 0.06300341 -0.04114447 0.08621918
v 0.06300347 -0.04114447 0.08528529
v 0.06973462 -0.02816617 0.08528648
v 0.06973462 -0.02816617 0.08622049
v -0.05387937 0.05221717 0.08621787
v -0.05387937 0.05221717 0.08528398
v 0.05374967 -0.05266767 0.08621906
v 0.05374967 -0.05266767 0.08528517
v -0.04256313 0.06178264 0.08621798
v -0.04256313 0.06178264 0.0852841
v 0.04235511 -0.06220847 0.08621894
v 0.04235511 -0.06220847 0.08528505
v -0.02947848 0.06899802 0.0862181
v -0.02947848 0.06899802 0.08528422
v -0.04256313 0.06178264 0.0852841
v -0.04256313 0.06178264 0.08621798
v 0.02920984 -0.06936967 0.08621882
v 0.02920984 -0.06936967 0.08528493
v -0.01513814 0.07349889 0.08621822
v -0.01513808 0.07349889 0.08528434
v 0.01483345 -0.07378336 0.0862187
v 0.01483345 -0.07378336 0.08528469
v 0.02920984 -0.06936967 0.08528493
v 0.02920984 -0.06936967 0.08621882
v 0.01482331 0.07357816 0.0862187
v 0.01482331 0.07357816 0.08528481
v -0.00015354 0.07500331 0.08528458
v -0.00015355 0.07500331 0.08621846
v -0.01510483 -0.07373626 0.08621834
v -0.01510483 -0.07373626 0.08528446
v -0.00015129 -0.07528566 0.08528458
v -0.0001513 -0.07528566 0.08621846
v 0.02914487 0.06917106 0.08621906
v 0.02914487 0.06917106 0.08528517
v -0.02937226 -0.06926777 0.08621858
v -0.02937226 -0.06926777 0.08528469
v 0.04222064 0.0620753 0.08621894
v 0.04222064 0.0620753 0.08528505
v -0.06950556 -0.02851857 0.08621775
v -0.06950556 -0.02851857 0.08528374
v 0.06935875 0.08665076 -0.02850306
v 0.06935869 0.0627626 -0.02840054
v 0.06259589 0.06044041 -0.04123646
v 0.06259595 0.08665076 -0.04134762
v 0.07362722 0.05692802 0.01460695
v 0.0736274 0.04364888 0.01573109
v 0.0749862 0.035466 0.00156355
v 0.07498585 0.05151419 0.00028408
v -0.07383649 0.08665231 0.01462054
v -0.07383649 0.07056145 0.01469564
v -0.06970005 0.07304572 0.02843499
v -0.06970005 0.08665076 0.02836835
v 0.07352887 0.08665076 -0.01468122
v 0.07352887 0.06526183 -0.01458728
v -0.07528946 0.08665076 0.00026572
v -0.07528946 0.0679643 0.00035024
v 0.07498555 0.08665076 -0.00026524
v 0.07498555 0.06786792 -0.00018036
v -0.07395564 0.08665076 -0.01402509
v -0.07395564 0.06538044 -0.01393151
v 0.0736271 0.08665231 0.01410341
v 0.0736271 0.07046776 0.01417875
v -0.06992285 0.08665231 -0.0278784
v -0.06992285 0.06287722 -0.02777624
v 0.06280886 0.08665076 0.04099011
v 0.06280886 0.07532714 0.04104828
v 0.06954013 0.07298277 0.02808398
v 0.06954013 0.08665166 0.02801764
v -0.0540732 0.08665076 -0.05233107
v -0.0540732 0.05845486 -0.05221342
v -0.06322716 0.0605282 -0.04075276
v -0.06322716 0.08665076 -0.04086387
v 0.05355494 0.08665076 0.05250774
v 0.05355494 0.07740967 0.052559
v -0.0427563 0.08665076 -0.06189238
v -0.0427563 0.05672596 -0.0617684
v -0.0540732 0.05845486 -0.05221342
v -0.0540732 0.08665076 -0.05233107
v 0.04216056 0.08665076 0.06204461
v 0.04216056 0.07913391 0.06208979
v 0.05355494 0.07740967 0.052559
v 0.05355494 0.08665076 0.05250774
v -0.02967165 0.08665076 -0.06910454
v -0.02967165 0.05542187 -0.06897579
v 0.02901493 0.08665076 0.06920253
v 0.02901493 0.0804281 0.06924306
v -0.01533186 0.08665076 -0.07360326
v -0.01533186 0.05460833 -0.07347177
v 0.0146386 0.08665076 0.07361399
v 0.0146386 0.08122573 0.07365178
v 0.01462996 0.08665076 -0.07368205
v 0.01462996 0.0545942 -0.07355045
v -0.00034689 0.05433641 -0.0749744
v -0.00034689 0.08665076 -0.07510696
v -0.01530021 0.08665076 0.07356666
v -0.01530021 0.08121732 0.07360445
v -0.00034631 0.08149765 0.07515238
v -0.0003463 0.08665076 0.07511555
v 0.02895151 0.08665082 -0.06927656
v 0.02895145 0.05539076 -0.06914781
v -0.02956723 0.08665106 0.06910013
v -0.02956723 0.08041058 0.06914066
v 0.0420268 0.08665076 -0.06218372
v 0.0420268 0.05667321 -0.06205975
v -0.04256861 0.08665076 0.0619738
v -0.04256861 0.07912169 0.06201904
v 0.05336528 0.08665076 -0.05275558
v 0.05336528 0.05837755 -0.05263709
v -0.06299828 0.07535897 0.04121673
v -0.06299828 0.08665208 0.04115808
v -0.05382507 0.08665166 0.0525447
v -0.05382507 0.07741796 0.05259584
v 0.05336528 0.05837755 -0.05263709
v 0.05336528 0.08665076 -0.05275558
v -0.05382507 0.07741796 0.05259584
v -0.05382507 0.08665166 0.0525447
v 0.04216515 0.06404685 0.06788097
v 0.04216664 0.06311236 0.0707321
v 0.05355524 0.05382358 0.06524907
v 0.05355518 0.05511455 0.06084894
v -0.06992213 0.0411136 -0.02724272
v -0.06992136 0.01974195 -0.02566552
v -0.07395457 0.0276277 -0.01200449
v -0.0739551 0.04632978 -0.01343262
v 0.0628088 0.06705318 0.04140961
v 0.06280874 0.05895548 0.04224359
v 0.06954019 0.05157058 0.02945137
v 0.06954013 0.06216852 0.02847743
v -0.05407237 0.03190224 -0.05161808
v -0.05407165 0.00581848 -0.04977703
v -0.06322567 0.01234758 -0.03846931
v -0.06322639 0.03622143 -0.040187
v 0.05355494 0.07139109 0.05289148
v 0.05355494 0.06551282 0.05360161
v -0.04275595 0.02830124 -0.06114911
v -0.04275499 0.00037512 -0.05920444
v -0.05407165 0.00581848 -0.04977703
v -0.05407237 0.03190224 -0.05161808
v 0.04216062 0.07498323 0.06239758
v 0.04216062 0.07094263 0.06300507
v 0.05355494 0.06551282 0.05360161
v 0.05355494 0.07139109 0.05289148
v -0.02967148 0.02558493 -0.06833886
v -0.02953427 -0.00336808 -0.06525145
v 0.02901511 0.0776789 0.06953333
v 0.02901535 0.07501797 0.07006322
v -0.01533108 0.02389049 -0.07282351
v -0.01533097 -0.00629238 -0.07075249
v 0.01463896 0.0793405 0.07393096
v 0.01463896 0.07752965 0.07441328
v 0.01463031 0.02386075 -0.07290207
v 0.01463103 -0.00633728 -0.07083021
v -0.00034623 -0.00714878 -0.07223509
v -0.00034656 0.02332395 -0.07432233
v -0.01529955 0.07932274 0.07388388
v -0.01529932 0.07750259 0.07436667
v -0.00034561 0.0783845 0.07589386
v -0.00034596 0.07990596 0.07542787
v 0.02895193 0.02552026 -0.0685104
v 0.02895235 -0.00382868 -0.06648611
v -0.02956705 0.07764123 0.06943105
v -0.02956687 0.07495986 0.06996201
v 0.0420277 0.0281915 -0.0614401
v 0.04202794 0.00020952 -0.05949228
v -0.04256861 0.07495616 0.06232749
v -0.04256861 0.07090204 0.06293534
v 0.05336623 0.03174298 -0.05204128
v 0.05336677 0.00557828 -0.05019484
v -0.06970011 0.06229805 0.0288273
v -0.06970017 0.0517659 0.02979815
v -0.06299846 0.05905055 0.04240942
v -0.06299834 0.06711666 0.0415771
v -0.05382512 0.07140569 0.0529276
v -0.05382524 0.0655335 0.05363666
v 0.0625966 0.03603999 -0.04066932
v 0.06259738 0.01207405 -0.03894639
v 0.05336677 0.00557828 -0.05019484
v 0.05336623 0.03174298 -0.05204128
v -0.05382524 0.0655335 0.05363666
v -0.05382512 0.07140569 0.0529276
v 0.06935935 0.04087834 -0.02786535
v 0.06936006 0.01938796 -0.02628087
v -0.07383631 0.05712096 0.01512241
v -0.07383619 0.04393958 0.01624107
v 0.07352935 0.04608481 -0.01408672
v 0.07352988 0.02725809 -0.01265144
v -0.07528911 0.05171298 0.00081336
v -0.07528881 0.03576486 0.00208712
v -0.0152564 0.07379983 0.07922564
v -0.01523 0.07358615 0.0811467
v -0.00026273 0.07511483 0.08142565
v -0.0002941 0.07532273 0.07981287
v -0.02964739 -0.05895147 -0.02882742
v -0.02963983 -0.06483787 -0.00467253
v -0.04271542 -0.05781337 -0.00052619
v -0.04272555 -0.05219707 -0.02350974
v 0.02902554 0.07075261 0.07315908
v 0.02902894 0.07008664 0.07484744
v -0.01531326 -0.06316707 -0.03214502
v -0.0153079 -0.06922237 -0.00725913
v 0.01465374 0.07488869 0.07641207
v 0.01465857 0.07438938 0.07738374
v 0.01464653 -0.06323787 -0.03220283
v 0.01465135 -0.06929557 -0.00730425
v -0.00032633 -0.07069496 -0.00812364
v -0.0003312 -0.06458177 -0.03325361
v -0.01528692 0.0748416 0.07637714
v -0.01528275 0.07433955 0.07735644
v -0.00032547 0.07584457 0.07824694
v -0.0003305 0.0762891 0.07751928
v 0.02897196 -0.05910607 -0.02895474
v 0.02897887 -0.06499727 -0.00477147
v 0.06954102 0.0321735 0.04278886
v 0.06954126 0.02996366 0.05116718
v 0.07363723 0.0164023 0.04316711
v 0.07363479 0.01913499 0.03252828
v -0.0295599 0.07065038 0.07308303
v -0.02955769 0.06997876 0.07478784
v 0.04205357 -0.05244877 -0.02372455
v 0.04206215 -0.05807077 -0.00069344
v 0.02897887 -0.06499727 -0.00477147
v 0.02897196 -0.05910607 -0.02895474
v -0.04256783 0.06395857 0.06782864
v -0.04256771 0.06301634 0.07069097
v 0.05337165 -0.04339167 -0.01680827
v 0.05340622 -0.04885987 0.0047276
v -0.06970255 0.03240375 0.04304814
v -0.06970339 0.03018342 0.05136918
v -0.06300221 0.04268549 0.05872183
v -0.06300126 0.04441832 0.05247842
v -0.0538296 0.05510388 0.06087469
v -0.05383115 0.05380271 0.06526874
v -0.04256771 0.06301634 0.07069097
v -0.04256783 0.06395857 0.06782864
v 0.06262909 -0.03288747 -0.00835979
v 0.06263952 -0.03771787 0.01128625
v -0.06319271 -0.03249887 -0.00800323
v -0.0631818 -0.03732697 0.01156437
v -0.06987815 -0.02468347 0.0190289
v -0.06988887 -0.02034037 0.00157058
v 0.06938933 -0.02082977 0.00111139
v 0.06939898 -0.02517227 0.01867139
v -0.07383047 0.01950216 0.03290915
v -0.07382862 0.01676023 0.04346334
v 0.07355265 -0.00785888 0.01130414
v 0.07356016 -0.01167748 0.02661854
v -0.07527373 0.00604647 0.02232491
v -0.07526878 0.00276462 0.03521168
v 0.07500127 0.00565493 0.02193415
v 0.07500622 0.00237912 0.0349071
v -0.07393013 -0.00736128 0.01178741
v -0.07392208 -0.01118398 0.0269953
v 0.06280713 0.04432462 0.05235516
v 0.06280659 0.04260133 0.05862688
v -0.05403714 -0.04324437 -0.01645934
v -0.05402564 -0.04850317 0.00497103
v -0.0631818 -0.03732697 0.01156437
v -0.06319271 -0.03249887 -0.00800323
v 0.05355518 0.05511455 0.06084894
v 0.05355524 0.05382358 0.06524907
v -0.05384903 0.05245338 0.07736169
v -0.06301372 0.04103087 0.075312
v 0.02902083 -0.06787007 0.02508068
v 0.02906249 -0.06923887 0.05543469
v 0.0147174 -0.07364706 0.05464159
v 0.01468437 -0.07224146 0.02341043
v 0.06954329 0.02875036 0.06196009
v 0.06954531 0.02823805 0.07294796
v 0.07366835 0.01436507 0.07044302
v 0.07365273 0.01497596 0.05668508
v -0.02954327 0.06936036 0.07753216
v -0.02952884 0.06910543 0.08034228
v 0.04211538 -0.06081667 0.02776896
v 0.04216848 -0.06211737 0.05671154
v 0.02906249 -0.06923887 0.05543469
v 0.02902083 -0.06787007 0.02508068
v 0.01471883 0.07364754 0.08115552
v 0.01468873 0.07385562 0.07924376
v -0.04256718 0.06226777 0.07483123
v -0.04256617 0.06194095 0.07905971
v 0.05346905 -0.05143407 0.03134334
v 0.05353115 -0.05264077 0.05840848
v -0.06970809 0.02881825 0.06209289
v -0.06971286 0.02815353 0.07301103
v -0.063008 0.04156076 0.06694005
v -0.05384015 0.05287759 0.07125615
v -0.04256617 0.06194095 0.07905971
v -0.04256718 0.06226777 0.07483123
v 0.0627058 -0.04008737 0.0356673
v 0.06277208 -0.04118387 0.06046246
v -0.0631129 -0.03979417 0.0358501
v -0.06304406 -0.04099067 0.06054889
v -0.06974237 -0.02809217 0.06288491
v -0.06981026 -0.02696987 0.04077076
v 0.06946008 -0.02731087 0.0405364
v 0.06952123 -0.02828257 0.06277488
v -0.07381646 0.01515263 0.05688046
v -0.0738043 0.01435911 0.07053481
v 0.07360773 -0.01357488 0.04577589
v 0.07365529 -0.01441948 0.06526326
v -0.07523719 0.00093252 0.05144005
v -0.07520566 3.272E-05 0.06795166
v 0.07503775 0.00071002 0.05123971
v 0.07506934 -2.488E-05 0.06785749
v -0.07387106 -0.01326028 0.04602336
v -0.07382016 -0.01428638 0.06537996
v -0.06981026 -0.02696987 0.04077076
v -0.06974237 -0.02809217 0.06288491
v 0.06280343 0.04157995 0.06687795
v 0.06280033 0.041153 0.07528351
v -0.05395345 -0.05114517 0.03150331
v -0.05388187 -0.05242197 0.05848466
v 0.05355559 0.05297266 0.07124375
v 0.05355661 0.05262213 0.07735668
v 0.06280033 0.041153 0.07528351
v 0.06280343 0.04157995 0.06687795
v -0.04265349 -0.06059047 0.02787894
v -0.04259126 -0.06192427 0.05676328
v 0.04217677 0.06240068 0.07485853
v 0.04218625 0.06210999 0.07907329
v -0.02959143 -0.06771927 0.02514559
v -0.02954273 -0.06909787 0.05546539
v 0.0290501 0.06948172 0.07757173
v 0.0290712 0.06923901 0.08036171
v -0.0152707 -0.07217226 0.02344048
v -0.01523429 -0.07358226 0.05465554
v -0.00026278 -0.07510606 0.05438469
v -0.00029455 -0.07367666 0.0228706
v -0.04261868 -0.02203657 -0.05275153
v -0.04273503 -0.04061737 -0.04183959
v -0.05404823 -0.03243067 -0.03355813
v -0.05406009 -0.01544948 -0.04447209
v 0.053555 0.06109576 0.05488919
v 0.05355512 0.05747359 0.05725335
v 0.06280772 0.04760783 0.04727613
v 0.0628082 0.05269276 0.04397279
v -0.05406009 -0.01544948 -0.04447209
v -0.05404823 -0.03243067 -0.03355813
v -0.06320362 -0.02260617 -0.02362453
v -0.06321459 -0.00708178 -0.03360366
v 0.06954078 0.03649734 0.03603899
v 0.06954049 0.04322951 0.03167748
v -0.06991051 0.00239092 -0.02129817
v -0.06989966 -0.01148728 -0.01237785
v -0.07393824 0.00037912 -0.00037742
v -0.07394634 0.01249754 -0.00816774
v 0.0736299 0.03307627 0.01848959
v 0.07363234 0.02457654 0.02398622
v 0.07499628 0.01225459 0.01154112
v 0.07499127 0.02258455 0.00487322
v -0.07527867 0.01263433 0.01200079
v -0.07528374 0.02293175 0.00537646
v 0.07354508 -9.978E-05 -0.00094557
v 0.07353751 0.01206344 -0.00878942
v -0.07383238 0.02493625 0.02443397
v -0.07383429 0.03340893 0.01898002
v 0.06937961 -0.01195498 -0.01291847
v 0.06936984 0.00197062 -0.02188932
v -0.06970172 0.03672759 0.03634357
v -0.06970094 0.04344694 0.03201067
v 0.06261854 -0.02297477 -0.02404356
v 0.06260799 -0.00741038 -0.03406262
v -0.06299935 0.05279182 0.04413127
v -0.06300031 0.04770713 0.04742085
v -0.05382811 0.05747353 0.05728374
v -0.05382667 0.06110631 0.05492268
v 0.05326878 -0.03186617 -0.03370893
v 0.0533769 -0.01574188 -0.04487437
v -0.04256795 0.06556498 0.06545244
v -0.04256843 0.06799363 0.06386028
v 0.04204534 -0.04085197 -0.04209244
v 0.04152893 -0.02156737 -0.0533819
v -0.04256843 0.06799363 0.06386028
v -0.04256795 0.06556498 0.06545244
v -0.02956228 0.07168011 0.07162474
v -0.02956443 0.07319872 0.07061385
v -0.00034058 0.07758854 0.07631527
v -0.00033554 0.07683484 0.07683562
v 0.01464891 0.07555316 0.07553504
v 0.01464372 0.07649545 0.07489215
v 0.04152893 -0.02156737 -0.0533819
v 0.04204534 -0.04085197 -0.04209244
v 0.02896576 -0.04693627 -0.04823601
v 0.02895908 -0.02780777 -0.06053232
v -0.01529115 0.07551091 0.07549404
v -0.01529502 0.07645987 0.07484733
v 0.01464152 -0.05071327 -0.05205189
v 0.01463598 -0.03102397 -0.0647075
v -0.00034115 -0.03206687 -0.06605791
v -0.00033614 -0.05194017 -0.0532857
v -0.01531898 -0.05064777 -0.05198358
v -0.01532495 -0.03096747 -0.06463288
v 0.02902178 0.07177208 0.07171391
v 0.02901869 0.07327525 0.07071112
v -0.02965508 -0.04679357 -0.04808688
v -0.02966319 -0.02768477 -0.06036912
v 0.04216366 0.06564055 0.06551383
v 0.04216211 0.06805281 0.06392728
v -0.04273503 -0.04061737 -0.04183959
v -0.04261868 -0.02203657 -0.05275153
v 0.04216211 0.06805281 0.06392728
v 0.04216366 0.06564055 0.06551383
v -0.06320362 -0.02260617 -0.02362453
v -0.0295599 0.07065038 0.07308303
v -0.02956228 0.07168011 0.07162474
v -0.00033554 0.07683484 0.07683562
v 0.01464891 0.07555316 0.07553504
v 0.02896576 -0.04693627 -0.04823601
v -0.02956228 0.07168011 0.07162474
v -0.01529115 0.07551091 0.07549404
v 0.01464653 -0.06323787 -0.03220283
v 0.01464152 -0.05071327 -0.05205189
v -0.00033614 -0.05194017 -0.0532857
v -0.01531898 -0.05064777 -0.05198358
v 0.01464152 -0.05071327 -0.05205189
v 0.02902178 0.07177208 0.07171391
v -0.02965508 -0.04679357 -0.04808688
v 0.04216366 0.06564055 0.06551383
v 0.05355512 0.05747359 0.05725335
v 0.053555 0.06109576 0.05488919
v 0.0533769 -0.01574188 -0.04487437
v -0.05382667 0.06110631 0.05492268
v -0.05406009 -0.01544948 -0.04447209
v 0.06280659 0.04260133 0.05862688
v -0.06987815 -0.02468347 0.0190289
v 0.01017725 0.04896997 0.65416023
v 0.01971966 0.04597728 0.65416033
v 0.01968812 0.04590409 0.65391203
v 0.01016116 0.04889201 0.65391173
v -0.00976753 -0.04895887 0.65415993
v -0.01933377 -0.04602417 0.65415983
v -0.01930302 -0.04595057 0.65391143
v -0.00975168 -0.04888057 0.65391153
v -0.00976097 0.0490226 0.65415993
v 0.00020557 0.04997031 0.65416023
v 0.00020547 0.04989044 0.65391173
v -0.00974512 0.04894422 0.65391153
v 0.01015514 -0.04892757 0.65416023
v 0.00020411 -0.04995787 0.65415993
v 0.00020401 -0.04987787 0.65391163
v 0.01013875 -0.04884937 0.65391173
v -0.01929098 0.0460925 0.65415973
v -0.01925987 0.04601877 0.65391133
v -0.04630087 -0.01862778 0.65415873
v -0.04902039 -0.00937198 0.65415853
v -0.0489419 -0.00935698 0.65391013
v -0.04622667 -0.01859798 0.65391033
v 0.01964879 -0.04595657 0.65415993
v 0.01961791 -0.04588297 0.65391153
v -0.027992 0.04137437 0.65415973
v -0.02794681 0.04130821 0.65391143
v 0.02830087 -0.04121637 0.65416043
v 0.01964879 -0.04595657 0.65415993
v 0.01961791 -0.04588297 0.65391153
v 0.02825581 -0.04115037 0.65391203
v -0.03553729 0.03510247 0.65415973
v -0.027992 0.04137437 0.65415973
v -0.02794681 0.04130821 0.65391143
v -0.03548025 0.03504638 0.65391133
v 0.04635565 -0.01886198 0.65416063
v 0.04189549 -0.02736997 0.65415973
v 0.04182892 -0.02732607 0.65391133
v 0.04628174 -0.01883188 0.65391223
v 0.03579174 -0.03494407 0.65415973
v 0.0357347 -0.03488817 0.65391133
v -0.04167967 0.02751404 0.65415973
v -0.04161279 0.02747005 0.65391133
v 0.04204874 0.02719134 0.65416063
v 0.04650407 0.01855331 0.65415963
v 0.04643016 0.01852363 0.65391113
v 0.04198138 0.02714789 0.65391223
v -0.04617994 0.01897013 0.65415953
v -0.04610603 0.01893979 0.65391103
v 0.04910795 -0.00971698 0.65415973
v 0.04902963 -0.00970148 0.65391133
v -0.04895519 0.00977558 0.65415953
v -0.04887669 0.00976002 0.65391103
v 0.05007528 -0.00016818 0.65416063
v 0.04999541 -0.00016788 0.65391223
v -0.0499246 0.00018602 0.65415953
v -0.04984455 0.00018572 0.65391103
v 0.04918765 0.00933808 0.65416063
v 0.04910927 0.00932318 0.65391223
v -0.04182158 -0.02725707 0.65415963
v -0.04630087 -0.01862778 0.65415873
v -0.04622667 -0.01859798 0.65391033
v -0.04175483 -0.02721347 0.65391113
v 0.03595702 0.03481959 0.65416043
v 0.04204874 0.02719134 0.65416063
v 0.04198138 0.02714789 0.65391223
v 0.03589974 0.03476398 0.65391213
v -0.03566407 -0.03491887 0.65415973
v -0.03560679 -0.03486317 0.65391133
v 0.02842687 0.04117976 0.65416043
v 0.02838163 0.0411139 0.65391203
v -0.02808182 -0.04126277 0.65415973
v -0.0280367 -0.04119667 0.65391133
v -0.04605113 0.05771498 0.74778363
v -0.04605107 0.0418313 0.74771513
v -0.0415508 0.040287 0.75625892
v -0.04155086 0.05771487 0.75633282
v -0.04889159 0.03795175 0.71908883
v -0.04889171 0.02912247 0.71834053
v -0.04979555 0.02368164 0.72777063
v -0.04979531 0.03435217 0.72862233
v 0.04923742 0.05771558 0.71907983
v 0.04923742 0.0470169 0.71902983
v 0.04648463 0.04866843 0.70988473
v 0.04648463 0.05771498 0.70992903
v -0.04882585 0.05771487 0.73858343
v -0.04882585 0.04349278 0.73852083
v 0.05020414 0.05771498 0.72863453
v 0.05020414 0.04529034 0.72857823
v -0.0497952 0.05771487 0.72898783
v -0.0497952 0.04522584 0.72893133
v 0.04931687 0.05771498 0.73814673
v 0.04931687 0.04357199 0.73808433
v -0.04889147 0.05771552 0.71942393
v -0.04889147 0.04695426 0.71937393
v 0.04663329 0.05771558 0.74736753
v 0.04663329 0.04190754 0.74729953
v -0.04169254 0.05771493 0.70152793
v -0.04169254 0.0501859 0.70148893
v -0.04617183 0.04862706 0.71011813
v -0.04617183 0.05771528 0.71016253
v 0.03608619 0.05771493 0.76364382
v 0.03608619 0.03896676 0.76356522
v 0.0421773 0.04034542 0.75593712
v 0.0421773 0.05771493 0.75601082
v -0.03553455 0.05771493 0.69386143
v -0.03553455 0.05157022 0.69382733
v 0.02855562 0.05771493 0.77000782
v 0.02855562 0.03781735 0.76992502
v 0.03608619 0.03896676 0.76356522
v 0.03608619 0.05771493 0.76364382
v -0.02795224 0.05771493 0.68751373
v -0.02795218 0.05271708 0.68748373
v -0.03553455 0.05157022 0.69382733
v -0.03553455 0.05771493 0.69386143
v 0.01984852 0.05771493 0.77480812
v 0.01984852 0.03695034 0.77472252
v -0.01920413 0.05771493 0.68274943
v -0.01920413 0.05357723 0.68272243
v 0.01030588 0.05771487 0.77780262
v 0.01030588 0.03640942 0.77771492
v -0.00963783 0.05771493 0.67981313
v -0.00963783 0.05410759 0.67978793
v -0.00963229 0.05771493 0.77785512
v -0.00963229 0.03639995 0.77776732
v 0.00033421 0.03622864 0.77871522
v 0.00033421 0.05771487 0.77880342
v 0.01028484 0.05771498 0.67984453
v 0.01028484 0.05410235 0.67981943
v 0.00033382 0.05428813 0.67878903
v 0.00033382 0.05771498 0.67881363
v -0.01916193 0.05771498 0.77492262
v -0.01916193 0.03692971 0.77483692
v 0.01977849 0.05771498 0.68281763
v 0.01977849 0.05356573 0.68279053
v -0.02786343 0.05771487 0.77020182
v -0.02786343 0.03778212 0.77011912
v 0.02843051 0.05771498 0.68756073
v 0.02843051 0.05270837 0.68753073
v -0.03540818 0.05771487 0.76392612
v -0.03540812 0.03891562 0.76384732
v 0.04202501 0.050207 0.70137713
v 0.04202496 0.0577154 0.70141583
v 0.0359209 0.05771534 0.69383703
v 0.0359209 0.05157589 0.69380303
v -0.03540812 0.03891562 0.76384732
v -0.03540818 0.05771487 0.76392612
v 0.0359209 0.05157589 0.69380303
v 0.0359209 0.05771534 0.69383703
v -0.02795546 0.04268538 0.68362893
v -0.02795647 0.04206388 0.68173143
v -0.03553461 0.03588747 0.68538083
v -0.03553461 0.03674607 0.68830963
v 0.04663245 0.02743679 0.74694453
v 0.04663222 0.01322662 0.74589463
v 0.0493158 0.01846987 0.73680173
v 0.04931615 0.03090499 0.73775223
v -0.04169212 0.04468434 0.70124863
v -0.04169212 0.03929971 0.70069333
v -0.04617183 0.03438966 0.70920793
v -0.04617183 0.04143606 0.70985643
v 0.03608565 0.02131205 0.76316922
v 0.03608488 0.00396882 0.76194352
v 0.04217665 0.00831008 0.75441692
v 0.04217713 0.02418393 0.75556032
v -0.03553455 0.04756866 0.69360623
v -0.03553455 0.04365997 0.69313353
v 0.0285552 0.01891774 0.76951302
v 0.02855436 0.00034952 0.76821872
v 0.03608488 0.00396882 0.76194352
v 0.03608565 0.02131205 0.76316922
v -0.0279523 0.04995678 0.68727853
v -0.02795236 0.04727016 0.68687443
v -0.03553455 0.04365997 0.69313353
v -0.03553455 0.04756866 0.69360623
v 0.01984781 0.0171116 0.77429832
v 0.01975709 -0.00213938 0.77224342
v -0.01920425 0.05174933 0.68252913
v -0.01920479 0.04997973 0.68217653
v 0.01030564 0.01598495 0.77728352
v 0.0103054 -0.00408378 0.77590492
v -0.00963801 0.0528544 0.67960213
v -0.00963825 0.05164991 0.67928103
v -0.00963253 0.01596522 0.77733582
v -0.00963276 -0.00411368 0.77595672
v 0.00033379 -0.00465328 0.77689192
v 0.000334 0.01560825 0.77828112
v 0.01028466 0.05284236 0.67963343
v 0.01028442 0.05163203 0.67931213
v 0.00033337 0.05221824 0.67829553
v 0.00033359 0.05323009 0.67860573
v -0.01916259 0.01706862 0.77441272
v -0.01916283 -0.00244568 0.77306522
v 0.01977849 0.051724 0.68259723
v 0.01977849 0.0499417 0.68224393
v -0.02786379 0.01884472 0.76970662
v -0.02786385 0.00023932 0.76841012
v 0.02843045 0.0499389 0.68732543
v 0.02843051 0.04724304 0.68692083
v -0.03540896 0.02120614 0.76345052
v -0.03540938 0.00380912 0.76222182
v 0.04648469 0.04152219 0.70962343
v 0.04648475 0.03451954 0.70897743
v 0.04202507 0.03936295 0.70058313
v 0.04202501 0.04472672 0.70113723
v 0.03592132 0.04757802 0.69358223
v 0.03592144 0.04367374 0.69310993
v -0.04155128 0.02406329 0.75588122
v -0.04155152 0.00812816 0.75473442
v -0.03540938 0.00380912 0.76222182
v -0.03540896 0.02120614 0.76345052
v 0.03592144 0.04367374 0.69310993
v 0.03592132 0.04757802 0.69358223
v -0.04605155 0.02728033 0.74735893
v -0.04605179 0.01299125 0.74630443
v 0.04923742 0.03808002 0.71874573
v 0.04923742 0.02931553 0.71800103
v -0.04882608 0.03074186 0.73818763
v -0.0488268 0.01822412 0.73723243
v 0.0502039 0.03448413 0.72827003
v 0.05020379 0.02388036 0.72742213
v 0.01025569 0.04916988 0.67607793
v 0.01023817 0.04902808 0.67479913
v 0.00027821 0.0500444 0.67461353
v 0.00029908 0.05018292 0.67568703
v 0.01983237 -0.03909717 0.74799933
v 0.01982736 -0.04301097 0.73192133
v 0.02852844 -0.03834037 0.72916153
v 0.02853476 -0.03460607 0.74445973
v -0.01921159 0.04714368 0.68011583
v -0.01921379 0.04670148 0.67899213
v -0.02795647 0.04206388 0.68173143
v -0.02795546 0.04268538 0.68362893
v 0.01029378 -0.04190007 0.75020732
v 0.0102896 -0.04592737 0.73363933
v 0.01982736 -0.04301097 0.73192133
v 0.01983237 -0.03909717 0.74799933
v -0.0096479 0.04989402 0.67795053
v -0.00965112 0.04956202 0.67730383
v -0.00964314 -0.04194727 0.75024612
v -0.00964653 -0.04597577 0.73367123
v 0.00032056 -0.04690557 0.73421853
v 0.0003238 -0.04284077 0.75094552
v 0.0102759 0.04986291 0.67797393
v 0.01027292 0.04952888 0.67732213
v 0.00031995 0.05052964 0.67672943
v 0.0003233 0.05082516 0.67721363
v -0.01917612 -0.03919997 0.74808393
v -0.01918011 -0.04311707 0.73198733
v -0.04617243 0.02149242 0.70033053
v -0.04617243 0.0200231 0.69475373
v -0.04889821 0.01100605 0.70007893
v -0.0488966 0.01282304 0.70716013
v 0.01977396 0.04707573 0.68016643
v 0.01977241 0.04662941 0.67903163
v -0.02788113 -0.03477337 0.74460263
v -0.02788644 -0.03851157 0.72927283
v 0.02843021 0.04262672 0.68366383
v 0.02843015 0.04200004 0.68175863
v -0.03541248 -0.02875137 0.73999913
v -0.03543542 -0.03238717 0.72566453
v 0.0464863 0.0216456 0.70015803
v 0.04648726 0.02016925 0.69461923
v 0.04202794 0.02848172 0.68972533
v 0.04202734 0.02963411 0.69388123
v 0.03592394 0.03673904 0.68829243
v 0.03592508 0.0358737 0.68536773
v -0.04157268 -0.02176707 0.73437563
v -0.04157983 -0.02497877 0.72129883
v 0.0421546 -0.02150857 0.73413843
v 0.04214714 -0.02471887 0.72111393
v 0.04660355 -0.01631208 0.71614543
v 0.04661064 -0.01342438 0.72776583
v 0.03592508 0.0358737 0.68536773
v 0.03592394 0.03673904 0.68829243
v -0.0460714 -0.01374978 0.72807163
v -0.04607753 -0.01663718 0.71638343
v -0.04157983 -0.02497877 0.72129883
v -0.04157268 -0.02176707 0.73437563
v 0.04923324 0.01306718 0.70690663
v 0.04923235 0.01124405 0.69988133
v -0.04884194 -0.00512538 0.72128723
v -0.04884689 -0.00766438 0.71109363
v 0.05019401 0.00412042 0.71395143
v 0.05019037 0.00193832 0.70537403
v -0.04980575 0.00386002 0.71421163
v -0.04980884 0.00168192 0.70557683
v 0.04929958 -0.00479448 0.72096553
v 0.04929458 -0.00733618 0.71084303
v -0.04169141 0.02957177 0.69396303
v -0.04169105 0.02842599 0.68978873
v 0.03606223 -0.02865337 0.73976693
v 0.03605466 -0.03214987 0.72550253
v 0.035937 0.03497659 0.67731853
v 0.04203551 0.02738177 0.67868283
v 0.04204874 0.02719134 0.66980983
v 0.03595696 0.03481959 0.66980983
v -0.01920843 -0.04502717 0.71211733
v -0.01923632 -0.04593727 0.69191333
v -0.00969046 -0.04886827 0.69244113
v -0.00966847 -0.04793367 0.71322893
v -0.04617392 0.01921635 0.68757003
v -0.04617529 0.01887571 0.68025633
v -0.04891889 0.00965148 0.68192353
v -0.04890858 0.01005768 0.69108083
v 0.01976281 0.0462182 0.67720503
v 0.01975286 0.04604898 0.67533463
v -0.0279222 -0.04033737 0.71032783
v -0.02795736 -0.04120217 0.69106343
v -0.00969118 0.04906879 0.67479343
v -0.00967115 0.04920732 0.67606583
v 0.0284292 0.0415021 0.67900293
v 0.02842896 0.04128502 0.67618843
v -0.03547733 -0.03409877 0.70794883
v -0.03551893 -0.03490107 0.68993373
v 0.04649036 0.01926154 0.68748143
v 0.04649352 0.01881957 0.68021433
v 0.04203551 0.02738177 0.67868283
v 0.04203181 0.0277341 0.68425533
v 0.0359311 0.03525876 0.68138233
v -0.04162394 -0.02655427 0.70507053
v -0.04166768 -0.02728327 0.68856683
v 0.04210167 -0.02635937 0.70494883
v 0.04205583 -0.02715497 0.68850943
v 0.04651313 -0.01857868 0.68695443
v 0.04655837 -0.01783238 0.70167353
v 0.04203181 0.0277341 0.68425533
v -0.04611818 -0.01805918 0.70182983
v -0.04615889 -0.01870518 0.68702763
v 0.04922388 0.01017516 0.69095103
v 0.0492162 0.00964754 0.68186253
v -0.0488786 -0.00892598 0.69834223
v -0.04891025 -0.00948748 0.68537133
v -0.04615889 -0.01870518 0.68702763
v -0.04611818 -0.01805918 0.70182983
v 0.05016933 0.00072022 0.69457213
v 0.05014835 0.00012192 0.68358193
v -0.04982989 0.00057222 0.69470543
v -0.04985099 8.352E-05 0.68364463
v 0.04926024 -0.00871678 0.69817743
v 0.04922675 -0.00939898 0.68529363
v -0.04168873 0.02774685 0.68429663
v -0.04168682 0.02746296 0.67870183
v 0.0360065 -0.03390667 0.70784203
v 0.03595851 -0.03475567 0.68988313
v -0.03553484 0.03532194 0.68139073
v -0.03553568 0.03508858 0.67732183
v 0.02848665 -0.04018697 0.71025463
v 0.02844559 -0.04107377 0.69102903
v -0.02796297 0.04159056 0.67898463
v -0.02796935 0.04139744 0.67617933
v 0.01979494 -0.04492687 0.71207403
v 0.01976251 -0.04584347 0.69189293
v -0.01922786 0.04629903 0.67717883
v -0.01924175 0.04613762 0.67532173
v -0.02796935 0.04139744 0.67617933
v -0.02796297 0.04159056 0.67898463
v 0.01026535 -0.04788767 0.71320913
v 0.01024097 -0.04882517 0.69243183
v 0.01976251 -0.04584347 0.69189293
v 0.01979494 -0.04492687 0.71207403
v 0.00027828 -0.04983827 0.69261213
v 0.00029941 -0.04889907 0.71356163
v -0.04630087 -0.01862778 0.66980983
v -0.04182164 -0.02725707 0.66980983
v 0.04918765 0.00933808 0.66980983
v 0.04650407 0.01855331 0.66980983
v -0.04902045 -0.00937198 0.66980983
v -0.04630087 -0.01862778 0.66980983
v 0.05007528 -0.00016818 0.66980983
v -0.04992466 0.00018602 0.66980983
v 0.04910789 -0.00971698 0.66980983
v -0.04895519 0.00977558 0.66980983
v 0.04635559 -0.01886198 0.66980983
v -0.04167967 0.02751404 0.66980983
v -0.04617994 0.01897013 0.66980983
v 0.03579168 -0.03494417 0.66980983
v 0.04189549 -0.02736997 0.66980983
v -0.03553735 0.03510247 0.66980983
v 0.02830081 -0.04121637 0.66980983
v -0.027992 0.04137437 0.66980983
v 0.01964879 -0.04595657 0.66980983
v -0.01929098 0.0460925 0.66980983
v -0.027992 0.04137437 0.66980983
v 0.01015508 -0.04892757 0.66980983
v 0.01964879 -0.04595657 0.66980983
v -0.00976097 0.0490226 0.66980983
v 0.00020408 -0.04995787 0.66980983
v 0.01017683 0.04896997 0.66980983
v 0.00020554 0.04997031 0.66980983
v -0.01933383 -0.04602417 0.66980983
v -0.00976753 -0.04895887 0.66980983
v 0.01971966 0.04597728 0.66980983
v -0.02808188 -0.04126267 0.66980983
v 0.02842687 0.04117976 0.66980983
v -0.03566413 -0.03491887 0.66980983
v 0.04204874 0.02719134 0.66980983
v 0.02846383 -0.01455218 0.76392332
v 0.02854149 -0.02690657 0.75666042
v 0.0360698 -0.02146327 0.75114792
v 0.03607737 -0.01017238 0.75841272
v -0.03553461 0.04072301 0.69227653
v -0.03553461 0.03831439 0.69070283
v -0.04169177 0.0317546 0.69734353
v -0.04169177 0.03513555 0.69954243
v 0.04216199 -0.01493088 0.74453633
v 0.04216932 -0.00460868 0.75117852
v -0.04617225 0.02436739 0.70482343
v -0.04617207 0.0288434 0.70772643
v 0.04662471 0.00168982 0.74298753
v 0.04661749 -0.00753788 0.73705043
v 0.04930525 0.00035222 0.72906253
v 0.04931073 0.00840979 0.73424783
v -0.04889332 0.0220927 0.71650423
v -0.04889499 0.01644116 0.71284583
v -0.04980259 0.00824821 0.72112923
v -0.04979925 0.01511669 0.72556763
v 0.05019735 0.00850075 0.72082323
v 0.05020069 0.01534754 0.72523273
v -0.04883651 3.372E-05 0.72944063
v -0.04883187 0.00812107 0.73466173
v 0.04923449 0.01668036 0.71254783
v 0.04923587 0.02231389 0.71617803
v -0.04606496 -0.00784898 0.73741003
v -0.04605816 0.00141022 0.74338133
v 0.04648601 0.02452051 0.70462063
v 0.04648559 0.02898824 0.70750473
v -0.04156588 -0.01517608 0.74481533
v -0.04155885 -0.00482718 0.75148382
v 0.04202603 0.03520165 0.69943683
v 0.04202645 0.03182058 0.69724723
v 0.03592335 0.03831433 0.69068233
v 0.0359221 0.04073005 0.69225403
v -0.03534435 -0.02108797 0.75124842
v -0.03541569 -0.01036678 0.75868032
v 0.0359221 0.04073005 0.69225403
v 0.03592335 0.03831433 0.69068233
v 0.02843027 0.04369442 0.68524543
v 0.02843039 0.04530923 0.68630523
v -0.03541569 -0.01036678 0.75868032
v -0.03534435 -0.02108797 0.75124842
v -0.02787553 -0.02706277 0.75682852
v -0.02753203 -0.01424018 0.76434322
v 0.01977545 0.04776047 0.68113713
v 0.01977694 0.04877035 0.68181013
v 0.00033001 0.05168919 0.67801503
v 0.00032666 0.05118846 0.67766873
v -0.00964469 0.05033581 0.67853443
v -0.00964147 0.05096237 0.67896233
v -0.01917177 -0.03110817 0.76091782
v -0.0191673 -0.01838958 0.76910222
v 0.01027882 0.05030792 0.67856163
v 0.01028162 0.05093871 0.67899223
v -0.00963974 -0.03361957 0.76345772
v -0.00963628 -0.02052797 0.77188142
v 0.00033041 -0.02122147 0.77278022
v 0.00032708 -0.03443527 0.76427922
v 0.01029723 -0.03357607 0.76341212
v 0.01030147 -0.02049037 0.77183172
v -0.01920932 0.04782193 0.68107773
v -0.01920706 0.04882149 0.68174523
v 0.01983726 -0.03101327 0.76081842
v 0.01984262 -0.01830768 0.76899382
v -0.02795427 0.04374515 0.68520473
v -0.02795337 0.04534911 0.68626063
v 0.01984262 -0.01830768 0.76899382
v 0.01983726 -0.03101327 0.76081842
v -0.02795337 0.04534911 0.68626063
v -0.02795427 0.04374515 0.68520473
v -0.04156588 -0.01517608 0.74481533
v -0.03534435 -0.02108797 0.75124842
v 0.03592335 0.03831433 0.69068233
v 0.02843027 0.04369442 0.68524543
v -0.02787553 -0.02706277 0.75682852
v 0.01977545 0.04776047 0.68113713
v 0.00032666 0.05118846 0.67766873
v -0.00964469 0.05033581 0.67853443
v -0.01917177 -0.03110817 0.76091782
v 0.01027882 0.05030792 0.67856163
v -0.00963974 -0.03361957 0.76345772
v 0.00032708 -0.03443527 0.76427922
v 0.01029723 -0.03357607 0.76341212
v -0.01920932 0.04782193 0.68107773
v 0.01029723 -0.03357607 0.76341212
v 0.01029378 -0.04190007 0.75020732
v -0.01920932 0.04782193 0.68107773
v -0.01921159 0.04714368 0.68011583
v -0.02795236 0.04727016 0.68687443
v 0.02846383 -0.01455218 0.76392332
v 0.02855436 0.00034952 0.76821872
v -0.04607753 -0.01663718 0.71638343
v 0.04202794 0.02848172 0.68972533
v -0.06948404 -0.02794027 0.08914922
v -0.06930242 0.0284264 0.08914994
v 0.00023876 0.07490186 0.08915113
v -0.03554748 0.08040032 0.69384493
v -0.0280553 0.08040098 0.68757183
v -0.0280553 0.05771498 0.68757183
v -0.03554748 0.05771409 0.69384493
v 0.041934 0.08040026 0.75631132
v 0.03579085 0.08040032 0.76390072
v 0.03579085 0.05771409 0.76390072
v 0.041934 0.05771403 0.75631132
v -0.04180507 0.08040158 0.75598852
v -0.04626136 0.0804002 0.74734933
v -0.04626136 0.05771397 0.74734933
v -0.04180507 0.05771498 0.75598852
v -0.04165249 0.08040038 0.70142003
v -0.03554748 0.08040032 0.69384493
v -0.03554748 0.05771409 0.69384493
v -0.04165249 0.05771415 0.70142003
v 0.04643475 0.08040014 0.74776633
v 0.04643475 0.05771379 0.74776633
v -0.04886584 0.08040026 0.71907543
v -0.04611246 0.08040158 0.70992903
v -0.04611246 0.05771498 0.70992903
v -0.04886584 0.05771403 0.71907543
v 0.04921024 0.08040014 0.73857063
v 0.04921024 0.05771391 0.73857063
v -0.04983293 0.08040164 0.72862533
v -0.04983293 0.05771498 0.72862533
v 0.0501797 0.08040014 0.72897973
v 0.0501797 0.05771391 0.72897973
v -0.04894505 0.08040164 0.73813293
v -0.04894505 0.05771498 0.73813293
v 0.0492761 0.08039913 0.71942053
v 0.0492761 0.05771326 0.71942053
v 0.04207622 0.0804002 0.70153303
v 0.04655616 0.08039937 0.71016343
v 0.04655616 0.05771349 0.71016343
v 0.04207622 0.05771397 0.70153303
v -0.03571288 0.08040152 0.76361782
v -0.03571288 0.05771498 0.76361782
v 0.03591757 0.08040026 0.69387003
v 0.03591757 0.05771403 0.69387003
v -0.02818178 0.08040104 0.76997872
v -0.03571288 0.08040152 0.76361782
v -0.03571288 0.05771498 0.76361782
v -0.02818178 0.05771498 0.76997872
v 0.02833419 0.08040032 0.68752543
v 0.03591757 0.08040026 0.69387003
v 0.03591757 0.05771403 0.69387003
v 0.02833419 0.05771409 0.68752543
v -0.01947355 0.08040098 0.77477682
v -0.01947355 0.05771498 0.77477682
v 0.01958549 0.08040044 0.68276323
v 0.01958549 0.05771421 0.68276323
v -0.00992971 0.08040086 0.77777002
v -0.00992971 0.05771498 0.77777002
v 0.01001775 0.08040056 0.67982833
v 0.01001775 0.05771469 0.67982833
v 0.01001071 0.08040056 0.77782262
v 4.323E-05 0.08040074 0.77877052
v 4.323E-05 0.05771487 0.77877052
v 0.01001071 0.05771469 0.77782262
v -0.00990754 0.08040074 0.67985953
v 4.479E-05 0.08040062 0.67882923
v 4.479E-05 0.05771475 0.67882923
v -0.00990754 0.05771487 0.67985953
v 0.01954197 0.08040032 0.77489182
v 0.01954197 0.05771409 0.77489182
v -0.01940274 0.08040056 0.68283103
v -0.01940274 0.05771469 0.68283103
v 0.02824466 0.08040044 0.77017352
v 0.02824466 0.05771421 0.77017352
v 0.03579085 0.08040032 0.76390072
v 0.03579085 0.05771409 0.76390072
v -0.06950556 -0.02851857 0.0886458
v -0.06950556 -0.02851857 0.08621775
v -0.06280367 -0.04131427 0.08621894
v -0.06280367 -0.04131427 0.08864699
v 0.05355911 0.05264299 0.08864723
v 0.05355911 0.05264299 0.08621906
v 0.04222064 0.0620753 0.08621894
v 0.04222064 0.0620753 0.08864711
v -0.0423734 -0.06213877 0.08864616
v -0.0423734 -0.06213877 0.08621798
v -0.02937226 -0.06926777 0.08621858
v -0.02937232 -0.06926777 0.08864675
v -0.00015133 -0.07528566 0.08864664
v -0.0001513 -0.07528566 0.08621846
v 0.01483345 -0.07378336 0.0862187
v 0.01483345 -0.07378336 0.08864675
v 0.02914487 0.06917106 0.08621906
v 0.02914487 0.06917106 0.08864723
v -0.01510483 -0.07373626 0.08621834
v -0.01510488 -0.07373626 0.08864652
v 0.06973462 -0.02816617 0.08864854
v 0.06973462 -0.02816617 0.08622049
v 0.07382141 -0.01424568 0.08622085
v 0.07382135 -0.01424568 0.08864902
v 0.01482331 0.07357816 0.0862187
v 0.01482331 0.07357816 0.08864687
v -0.00015357 0.07500331 0.08864664
v -0.00015355 0.07500331 0.08621846
v -0.01513814 0.07349889 0.08621822
v -0.01513814 0.07349889 0.0886464
v 0.02920984 -0.06936967 0.08621882
v 0.02920984 -0.06936967 0.08864699
v -0.02947848 0.06899802 0.0862181
v -0.02947848 0.06899802 0.08864628
v 0.02920984 -0.06936967 0.08864699
v 0.02920984 -0.06936967 0.08621882
v 0.04235511 -0.06220847 0.08621894
v 0.04235511 -0.06220847 0.08864711
v -0.04256313 0.06178264 0.08621798
v -0.04256313 0.06178264 0.08864616
v 0.05374967 -0.05266767 0.08621906
v 0.05374961 -0.05266767 0.08864723
v -0.04256313 0.06178264 0.08864616
v -0.04256313 0.06178264 0.08621798
v -0.05387937 0.05221717 0.08621787
v -0.05387937 0.05221717 0.08864604
v 0.06300341 -0.04114447 0.08621918
v 0.06300341 -0.04114447 0.08864735
v -0.06303345 0.04074441 0.08621775
v -0.06303345 0.04074441 0.08864592
v -0.06972902 0.02775305 0.08864735
v -0.06972902 0.02775305 0.08621918
v -0.07376163 0.01389366 0.08621763
v -0.07376163 0.01389366 0.0886458
v 0.07517967 0.00012932 0.0862193
v 0.07517967 0.00012932 0.08864747
v -0.07509527 -0.00040358 0.08621763
v -0.07509533 -0.00040358 0.0886458
v 0.07372282 0.0145517 0.0862193
v 0.07372282 0.0145517 0.08864747
v -0.07364212 -0.01476458 0.08621906
v -0.07364212 -0.01476458 0.08864723
v 0.06955253 0.02838003 0.08621953
v 0.06955253 0.02838003 0.08864771
v -0.06950556 -0.02851857 0.08621775
v -0.06950556 -0.02851857 0.0886458
v 0.0627896 0.04122983 0.08621918
v 0.0627896 0.04122983 0.08864735
v -0.05363064 -0.05270537 0.08621894
v -0.05363064 -0.05270537 0.08864711
v 0.0627896 0.04122983 0.08864735
v 0.0627896 0.04122983 0.08621918
v 0.03579168 -0.03494407 0.66745953
v 0.03579168 -0.03494417 0.66980983
v 0.02830081 -0.04121637 0.66980983
v 0.02830087 -0.04121637 0.66746013
v -0.04167967 0.02751404 0.66745943
v -0.04167967 0.02751404 0.66980983
v -0.03553735 0.03510247 0.66980983
v -0.03553735 0.03510247 0.66745943
v 0.04204874 0.02719134 0.66746043
v 0.04204874 0.02719134 0.66980983
v 0.04650407 0.01855331 0.66980983
v 0.04650407 0.01855331 0.66745943
v 0.04189549 -0.02736997 0.66745953
v 0.04189549 -0.02736997 0.66980983
v -0.04617994 0.01897013 0.66745923
v -0.04617994 0.01897013 0.66980983
v 0.04910789 -0.00971698 0.66745943
v 0.04910789 -0.00971698 0.66980983
v 0.04635559 -0.01886198 0.66980983
v 0.04635559 -0.01886198 0.66746043
v -0.04895519 0.00977558 0.66745933
v -0.04895519 0.00977558 0.66980983
v 0.05007528 -0.00016818 0.66746043
v 0.05007528 -0.00016818 0.66980983
v -0.04992466 0.00018602 0.66745933
v -0.04992466 0.00018602 0.66980983
v 0.04918765 0.00933808 0.66746043
v 0.04918765 0.00933808 0.66980983
v -0.04902039 -0.00937198 0.66745823
v -0.04902045 -0.00937198 0.66980983
v -0.04182164 -0.02725707 0.66745943
v -0.04182164 -0.02725707 0.66980983
v -0.04630087 -0.01862778 0.66980983
v -0.04630087 -0.01862778 0.66745843
v 0.03595696 0.03481959 0.66746023
v 0.03595696 0.03481959 0.66980983
v 0.04204874 0.02719134 0.66980983
v 0.04204874 0.02719134 0.66746043
v -0.03566407 -0.03491887 0.66745943
v -0.03566413 -0.03491887 0.66980983
v 0.02842687 0.04117976 0.66746023
v 0.02842687 0.04117976 0.66980983
v -0.02808182 -0.04126267 0.66745953
v -0.02808188 -0.04126267 0.66980983
v 0.01971966 0.04597728 0.66746013
v 0.01971966 0.04597728 0.66980983
v -0.01933383 -0.04602417 0.66745963
v -0.01933383 -0.04602417 0.66980983
v 0.01017683 0.04896997 0.66746003
v 0.01017683 0.04896997 0.66980983
v -0.00976753 -0.04895887 0.66745963
v -0.00976753 -0.04895887 0.66980983
v -0.00976097 0.0490226 0.66745983
v -0.00976097 0.0490226 0.66980983
v 0.00020554 0.04997031 0.66980983
v 0.00020556 0.04997031 0.66745993
v 0.01015514 -0.04892757 0.66745993
v 0.01015508 -0.04892757 0.66980983
v 0.00020408 -0.04995787 0.66980983
v 0.0002041 -0.04995787 0.66745983
v -0.01929098 0.0460925 0.66745943
v -0.01929098 0.0460925 0.66980983
v -0.04630087 -0.01862778 0.66745843
v -0.04630087 -0.01862778 0.66980983
v 0.01964879 -0.04595657 0.66745963
v 0.01964879 -0.04595657 0.66980983
v -0.027992 0.04137437 0.66745953
v -0.027992 0.04137437 0.66980983
v 0.01964879 -0.04595657 0.66980983
v 0.01964879 -0.04595657 0.66745963
v -0.027992 0.04137437 0.66980983
v -0.027992 0.04137437 0.66745953
v -0.02899002 0.06908755 0.08915065
v -0.01470267 0.07348089 0.08915089
v 0.01518791 0.07340197 0.08915137
v 0.02949445 0.06891541 0.08915161
v 0.04254805 0.06172298 0.08915161
v 0.05383734 0.05218802 0.08915184
v 0.06296991 0.04075156 0.08915184
v 0.06964962 0.02780145 0.08915041
v 0.07367276 0.01398605 0.08915196
v 0.07500324 -0.00026578 0.08915196
v 0.07355355 -0.01458118 0.08915053
v 0.06942676 -0.02829137 0.08915184
v 0.06274073 -0.04104647 0.08915077
v 0.05358939 -0.05240157 0.08915065
v 0.0423591 -0.06180497 0.08915161
v 0.02938806 -0.06891147 0.08915089
v 0.01515477 -0.07336566 0.08915113
v -0.01471287 -0.07341256 0.08915077
v 0.00023657 -0.07491006 0.08915113
v -0.02905487 -0.06901297 0.08915065
v -0.04216962 -0.06187447 0.08915065
v -0.05353688 -0.05236397 0.08915053
v -0.0627688 -0.04087727 0.08915041
v -0.07356118 -0.01406398 0.08914874
v -0.07491623 0.00026542 0.08915029
v -0.07346289 0.014642 0.08915029
v -0.06255554 0.04123537 0.08915041
v -0.05334686 0.05261199 0.08915065
v -0.04203521 0.06201474 0.08915065
v 0.07382135 -0.01424568 0.08915363
v -0.00015358 0.07500331 0.08915125
v -0.07376169 0.01389366 0.08915041
v -0.01513814 0.07349889 0.0886464
v -0.02947848 0.06899802 0.08864628
v -0.02947848 0.06899802 0.08915089
v -0.01513814 0.07349889 0.08915113
v 0.01483345 -0.07378336 0.08864675
v 0.02920984 -0.06936967 0.08864699
v 0.02920978 -0.06936967 0.08915161
v 0.01483345 -0.07378336 0.08915149
v 0.01482331 0.07357816 0.08864687
v -0.00015357 0.07500331 0.08864664
v -0.00015358 0.07500331 0.08915125
v 0.01482325 0.07357816 0.08915149
v -0.01510488 -0.07373626 0.08864652
v -0.00015133 -0.07528566 0.08864664
v -0.00015134 -0.07528566 0.08915125
v -0.01510488 -0.07373626 0.08915113
v 0.02914487 0.06917106 0.08864723
v 0.02914487 0.06917106 0.08915196
v 0.06973462 -0.02816617 0.08864854
v 0.07382135 -0.01424568 0.08864902
v 0.07382135 -0.01424568 0.08915363
v 0.06973456 -0.02816617 0.08915327
v -0.02937232 -0.06926777 0.08864675
v -0.02937232 -0.06926777 0.08915149
v 0.04222064 0.0620753 0.08864711
v 0.04222058 0.0620753 0.08915173
v -0.0423734 -0.06213877 0.08864616
v -0.0423734 -0.06213877 0.08915077
v 0.05355911 0.05264299 0.08864723
v 0.04222064 0.0620753 0.08864711
v 0.04222058 0.0620753 0.08915173
v 0.05355911 0.05264299 0.08915184
v -0.06950556 -0.02851857 0.0886458
v -0.06280367 -0.04131427 0.08864699
v -0.06280367 -0.04131427 0.08915173
v -0.06950562 -0.02851857 0.08915053
v -0.05363064 -0.05270537 0.08864711
v -0.0423734 -0.06213877 0.08864616
v -0.0423734 -0.06213877 0.08915077
v -0.05363064 -0.05270537 0.08915184
v 0.0627896 0.04122983 0.08864735
v 0.0627896 0.04122983 0.08915196
v -0.06303345 0.04074441 0.08864592
v -0.06972902 0.02775305 0.08864735
v -0.06972902 0.02775305 0.08915208
v -0.06303345 0.04074441 0.08915053
v 0.06955253 0.02838003 0.08864771
v 0.06955253 0.02838003 0.08915232
v -0.07364212 -0.01476458 0.08864723
v -0.07364218 -0.01476458 0.08915196
v 0.07372282 0.0145517 0.08864747
v 0.07372282 0.0145517 0.08915208
v -0.07509533 -0.00040358 0.0886458
v -0.07509533 -0.00040358 0.08915041
v 0.07517967 0.00012932 0.08864747
v 0.07517967 0.00012932 0.0891522
v -0.07376163 0.01389366 0.0886458
v -0.07376169 0.01389366 0.08915041
v -0.06972902 0.02775305 0.08864735
v -0.06972902 0.02775305 0.08915208
v 0.06300341 -0.04114447 0.08864735
v 0.06300341 -0.04114447 0.08915196
v -0.05387937 0.05221717 0.08864604
v -0.05387937 0.05221717 0.08915065
v 0.05374961 -0.05266767 0.08864723
v 0.05374961 -0.05266767 0.08915196
v -0.04256313 0.06178264 0.08864616
v -0.04256313 0.06178264 0.08915077
v 0.04235511 -0.06220847 0.08864711
v 0.05374961 -0.05266767 0.08864723
v 0.05374961 -0.05266767 0.08915196
v 0.04235511 -0.06220847 0.08915184
v 0.02914487 0.06917106 0.08915196
v 0.01482325 0.07357816 0.08915149
v -0.01513814 0.07349889 0.08915113
v -0.02947848 0.06899802 0.08915089
v -0.04256313 0.06178264 0.08915077
v -0.05387937 0.05221717 0.08915065
v -0.06303345 0.04074441 0.08915053
v -0.06972902 0.02775305 0.08915208
v -0.07509533 -0.00040358 0.08915041
v -0.07364218 -0.01476458 0.08915196
v -0.06950562 -0.02851857 0.08915053
v -0.06280367 -0.04131427 0.08915173
v -0.05363064 -0.05270537 0.08915184
v -0.0423734 -0.06213877 0.08915077
v -0.02937232 -0.06926777 0.08915149
v 0.01483345 -0.07378336 0.08915149
v -0.01510488 -0.07373626 0.08915113
v -0.00015134 -0.07528566 0.08915125
v 0.02920978 -0.06936967 0.08915161
v 0.04235511 -0.06220847 0.08915184
v 0.05374961 -0.05266767 0.08915196
v 0.06973456 -0.02816617 0.08915327
v 0.06300341 -0.04114447 0.08915196
v 0.07517967 0.00012932 0.0891522
v 0.07372282 0.0145517 0.08915208
v 0.06955253 0.02838003 0.08915232
v 0.0627896 0.04122983 0.08915196
v 0.05355911 0.05264299 0.08915184
v 0.04222058 0.0620753 0.08915173
vn -0.20188 0 -0.97941
vn -0.00165 0 -1
vn 0.38732 0 0.92195
vn 0.19535 0 0.98073
vn 0.92787 0 -0.37291
vn 0.98201 0 -0.18882
vn -0.39162 0 -0.92013
vn 0.56079 0 0.82796
vn 0.19749 0 -0.9803
vn -0.56408 0 -0.82572
vn 0.63936 0 0.76891
vn -0.92586 0 -0.37786
vn -0.83623 0 -0.54837
vn -0.64212 0 -0.76661
vn 0.83511 0 0.55009
vn 0.77741 0 0.629
vn -0.83927 0 0.54372
vn -0.92879 0 0.3706
vn -0.77873 0 -0.62736
vn 0.92535 0 0.37911
vn -0.98074 0 -0.19532
vn 0.98069 0 0.19559
vn -0.99999 0 -0.00391
vn 0.99999 0 0.00324
vn 0.99999 0 0.0032
vn -0.98235 0 0.18705
vn 0.83769 0 -0.54614
vn 0.83771 0 -0.54612
vn -0.78153 0 0.62387
vn 0.77957 0 -0.62631
vn -0.56683 0 0.82383
vn -0.64538 0 0.76386
vn 0.56277 0 -0.82661
vn 0.64184 0 -0.76684
vn -0.39299 0 0.91954
vn 0.38774 0 -0.92177
vn -0.20063 0 0.97967
vn -0.00256 0 1
vn -0.71397 -0.70018 0
vn -0.7138 -0.70035 -0.00055
vn -0.56412 -0.8257 -0.00116
vn -0.56424 -0.82561 0
vn 0.77755 0.62882 0
vn 0.77753 0.62884 -0.00198
vn 0.71209 0.70208 -0.00119
vn 0.71197 0.70221 3E-05
vn -0.83938 0.54355 -3E-05
vn -0.83974 0.54294 0.00687
vn -0.9291 0.3698 0.00516
vn -0.92884 0.37047 -3E-05
vn -0.83634 -0.54821 0
vn -0.83622 -0.5484 0.00015
vn 0.92541 0.37896 3E-05
vn 0.92544 0.3789 -0.00281
vn 0.88528 0.46506 -0.00201
vn 0.88493 0.46572 0
vn -0.98076 -0.19523 0
vn -0.98068 -0.19563 0.00165
vn -0.95787 -0.28721 0.0014
vn -0.95763 -0.28801 0
vn 0.9807 0.19551 6E-05
vn 0.98069 0.19556 -0.0033
vn -0.99999 -0.00391 0
vn -0.99999 -0.00433 0.00275
vn 0.99999 0.0032 0
vn 0.99999 0.0032 -0.00345
vn -0.98237 0.18696 0
vn -0.98245 0.18647 0.00394
vn 0.98203 -0.18873 0
vn 0.98202 -0.18873 -0.00357
vn 0.83781 -0.54596 3E-05
vn 0.83787 -0.54586 -0.00354
vn 0.92793 -0.37273 -0.00366
vn 0.92793 -0.37276 0
vn -0.71705 0.69703 0
vn -0.7175 0.6965 0.00894
vn 0.7143 -0.69984 0
vn 0.71436 -0.69977 -0.00336
vn -0.64557 0.7637 0
vn -0.64551 0.76368 0.00989
vn 0.56296 -0.82649 0
vn 0.56301 -0.82645 -0.0032
vn -0.39312 0.91949 0
vn -0.39324 0.91936 0.01212
vn -0.48303 0.87553 0.01135
vn -0.48288 0.87569 0
vn 0.47838 -0.87815 0
vn 0.47838 -0.87815 -0.00308
vn -0.20072 0.97965 0
vn -0.20057 0.97959 0.01288
vn 0.19758 -0.98029 0
vn 0.19746 -0.98031 -0.00278
vn 0.29356 -0.95594 -0.00272
vn 0.29347 -0.95597 0
vn 0.19541 0.98072 0
vn 0.1963 0.98053 0.00574
vn -0.00101 0.9999 0.01392
vn -0.00259 1 0
vn -0.20198 -0.97939 0
vn -0.20185 -0.97941 -0.00204
vn -0.0014 -1 -0.00275
vn -0.00165 -1 0
vn 0.38744 0.92189 0
vn 0.3882 0.92157 0.00327
vn -0.39175 -0.92007 0
vn -0.39162 -0.92012 -0.00162
vn 0.56094 0.82786 0
vn 0.56137 0.82756 0.00052
vn -0.88586 -0.46396 0
vn -0.88586 -0.46396 0.00024
vn 0.92527 -0.00162 -0.37932
vn 0.9254 -0.00525 -0.37896
vn 0.8353 -0.00739 -0.54974
vn 0.83499 -0.00232 -0.55025
vn 0.98288 0.01114 0.18391
vn 0.98505 0.03052 0.16957
vn 0.99996 0.00061 -0.00891
vn 0.99999 0.00031 -0.00482
vn -0.9808 0.00092 0.19502
vn -0.98103 0.00378 0.1938
vn -0.92674 0.00812 0.37563
vn -0.92599 0.00186 0.37755
vn 0.98064 -0.00082 -0.19584
vn 0.98064 -0.00278 -0.19581
vn -0.99999 0 0.0036
vn -1 0.00018 0.00308
vn 0.99999 0 -0.00348
vn 0.99999 9E-05 -0.00394
vn -0.9823 -0.00082 -0.1873
vn -0.9823 -0.00278 -0.1873
vn 0.98206 0.00085 0.18855
vn 0.98226 0.00348 0.18751
vn -0.9287 -0.00159 -0.37084
vn -0.92883 -0.00534 -0.37047
vn 0.83787 0.00275 0.54586
vn 0.83926 0.013 0.54358
vn 0.92861 0.0076 0.37099
vn 0.92797 0.00177 0.37264
vn -0.78154 -0.00262 -0.62385
vn -0.78221 -0.00894 -0.62296
vn -0.83946 -0.00751 -0.54336
vn -0.83914 -0.00229 -0.54391
vn 0.77961 0.00336 0.62625
vn 0.78151 0.01663 0.62367
vn -0.56668 -0.00342 -0.82393
vn -0.56722 -0.01077 -0.82349
vn -0.64595 -0.00964 -0.76332
vn -0.64536 -0.00317 -0.76387
vn 0.56302 0.00488 0.82643
vn 0.56672 0.03195 0.82329
vn 0.64353 0.02442 0.76503
vn 0.64181 0.00424 0.76685
vn -0.39288 -0.00378 -0.91958
vn -0.39336 -0.01181 -0.91931
vn 0.38795 0.00592 0.92166
vn 0.39269 0.04984 0.91832
vn -0.20057 -0.004 -0.97967
vn -0.20085 -0.01245 -0.97954
vn 0.19764 0.00674 0.98025
vn 0.20179 0.07373 0.97665
vn 0.19532 -0.004 -0.98073
vn 0.19557 -0.01242 -0.98061
vn -0.00256 -0.01263 -0.99992
vn -0.00256 -0.00409 -0.99999
vn -0.20201 0.00681 0.97936
vn -0.20533 0.07489 0.97582
vn -0.00098 0.08814 0.99611
vn -0.00162 0.00711 0.99997
vn 0.38722 -0.00378 -0.92198
vn 0.38765 -0.01175 -0.92173
vn -0.3918 0.00601 0.92003
vn -0.39635 0.05133 0.91666
vn 0.56068 -0.00342 -0.82803
vn 0.56119 -0.01068 -0.82762
vn -0.56433 0.00501 0.82554
vn -0.56818 0.03345 0.82222
vn 0.63937 -0.00317 -0.76889
vn 0.64006 -0.00955 -0.76827
vn -0.83798 0.01379 0.54552
vn -0.83641 0.00287 0.5481
vn -0.64224 0.00433 0.76649
vn -0.64533 0.02554 0.76347
vn 0.77794 -0.00879 -0.62827
vn 0.77738 -0.00262 -0.62903
vn -0.77995 0.01776 0.62559
vn -0.77873 0.00345 0.62735
vn 0.62362 0.70361 0.34062
vn 0.59485 0.78062 0.19178
vn 0.71977 0.68113 0.13416
vn 0.69831 0.64527 0.30983
vn -0.92998 -0.01764 -0.36718
vn -0.93428 -0.05475 -0.35231
vn -0.98334 -0.02734 -0.17969
vn -0.98253 -0.00903 -0.18586
vn 0.84373 0.03928 0.53533
vn 0.85663 0.09549 0.50701
vn 0.93766 0.06162 0.34205
vn 0.93077 0.02368 0.36483
vn -0.7861 -0.03134 -0.6173
vn -0.80153 -0.10331 -0.58896
vn -0.85116 -0.08106 -0.51862
vn -0.84186 -0.02542 -0.5391
vn 0.78779 0.04959 0.61395
vn 0.80149 0.11048 0.58771
vn -0.5711 -0.03763 -0.82002
vn -0.56146 -0.14796 -0.81417
vn -0.6659 -0.10599 -0.73847
vn -0.64979 -0.03263 -0.75941
vn 0.57621 0.09025 0.81231
vn 0.59702 0.1815 0.78142
vn 0.67069 0.15818 0.72468
vn 0.65091 0.07038 0.75589
vn -0.39263 -0.05359 -0.91813
vn -0.42007 -0.14371 -0.89604
vn 0.40309 0.13614 0.90498
vn 0.4223 0.24635 0.87234
vn -0.20899 -0.05112 -0.97658
vn -0.23817 -0.14539 -0.96028
vn 0.20958 0.1959 0.95797
vn 0.2219 0.33021 0.91745
vn 0.19746 -0.04434 -0.97931
vn 0.20588 -0.15379 -0.96642
vn -0.00275 -0.15726 -0.98755
vn -0.00262 -0.0452 -0.99897
vn -0.21171 0.19572 0.95753
vn -0.22407 0.3275 0.9179
vn 0 0.37994 0.92501
vn 0 0.23042 0.97309
vn 0.39098 -0.04178 -0.91945
vn 0.40545 -0.14307 -0.90285
vn -0.40618 0.13596 0.90362
vn -0.42503 0.24345 0.87183
vn 0.56504 -0.03769 -0.82421
vn 0.58783 -0.13886 -0.79698
vn -0.57761 0.09061 0.81127
vn -0.59782 0.17979 0.78121
vn 0.64404 -0.03278 -0.76429
vn 0.65528 -0.11729 -0.74623
vn -0.92903 0.02423 0.36922
vn -0.93592 0.06208 0.34669
vn -0.85528 0.09534 0.50931
vn -0.84261 0.0398 0.53705
vn -0.65455 0.07077 0.7527
vn -0.67379 0.15687 0.72208
vn 0.83776 -0.02558 -0.54544
vn 0.84725 -0.08176 -0.52487
vn 0.79731 -0.1038 -0.59457
vn 0.78172 -0.03137 -0.62284
vn -0.79842 0.11024 0.59192
vn -0.78498 0.05014 0.61749
vn 0.92663 -0.01791 -0.37554
vn 0.93113 -0.05567 -0.36043
vn -0.98173 0.0116 0.18992
vn -0.98398 0.03116 0.17551
vn 0.98092 -0.00934 -0.19419
vn 0.98181 -0.02826 -0.18776
vn -1 0.00064 0.00195
vn -1 0.00131 -0.00229
vn -0.21339 0.95818 0.19068
vn -0.20472 0.97652 0.06705
vn -0.00241 0.99699 0.07746
vn -0.00378 0.97528 0.22096
vn -0.43612 -0.82826 -0.35183
vn -0.40987 -0.89927 -0.15275
vn -0.58569 -0.79917 -0.13526
vn -0.61452 -0.7268 -0.30682
vn 0.44333 0.79045 0.42266
vn 0.42013 0.86883 0.26195
vn -0.22654 -0.89583 -0.38231
vn -0.21082 -0.96364 -0.16419
vn 0.23051 0.82538 0.51537
vn 0.21864 0.90882 0.3553
vn 0.17542 -0.92494 -0.33721
vn 0.20552 -0.96471 -0.16459
vn -0.00262 -0.98575 -0.16819
vn -0.00284 -0.91956 -0.39293
vn -0.2379 0.8222 0.5171
vn -0.2273 0.90537 0.35866
vn -0.00501 0.9079 0.41916
vn -0.00375 0.81985 0.57256
vn 0.31651 -0.92167 -0.22437
vn 0.30861 -0.93873 -0.15345
vn 0.94663 0.29525 0.12934
vn 0.93658 0.34444 0.0647
vn 0.9846 0.172 0.03131
vn 0.98762 0.14356 0.06314
vn -0.41381 0.81597 0.40368
vn -0.42623 0.86465 0.26592
vn 0.61586 -0.72442 -0.30974
vn 0.58154 -0.8018 -0.13761
vn 0.49917 -0.85307 -0.15202
vn 0.46987 -0.78736 -0.3991
vn -0.51983 0.81016 0.27095
vn -0.51052 0.83155 0.21882
vn 0.75276 -0.60194 -0.2665
vn 0.72881 -0.67464 -0.11707
vn -0.94547 0.29787 0.13175
vn -0.93554 0.34655 0.06833
vn -0.85457 0.50866 0.10474
vn -0.87332 0.44446 0.19942
vn -0.76708 0.58228 0.26933
vn -0.74092 0.65553 0.14604
vn -0.67405 0.71806 0.17335
vn -0.65262 0.66617 0.36098
vn 0.86174 -0.46786 -0.19627
vn 0.84708 -0.52392 -0.08921
vn -0.91329 -0.37124 -0.16758
vn -0.90282 -0.41762 -0.10251
vn -0.94881 -0.30904 -0.06516
vn -0.94139 -0.31181 -0.12867
vn 0.93899 -0.31774 -0.13172
vn 0.93131 -0.35902 -0.06134
vn -0.9869 0.14732 0.0658
vn -0.98387 0.17548 0.0347
vn 0.98375 -0.16621 -0.06797
vn 0.98205 -0.18592 -0.03189
vn -0.99998 -0.00687 -3E-05
vn -0.99999 -0.00244 0.00217
vn 0.99993 -0.01132 -0.00272
vn 0.99998 -0.00674 -0.00079
vn -0.9849 -0.1605 -0.06491
vn -0.9832 -0.18018 -0.02905
vn 0.87401 0.444 0.1974
vn 0.86888 0.48336 0.10679
vn -0.75773 -0.60181 -0.25233
vn -0.73331 -0.67044 -0.11304
vn -0.82502 -0.55936 -0.08036
vn -0.81978 -0.5325 -0.21074
vn 0.81952 0.52553 0.22846
vn 0.80678 0.56696 0.16633
vn -0.71851 0.69477 0.03235
vn -0.83998 0.54208 0.02405
vn 0.29799 -0.95227 -0.06617
vn 0.29484 -0.95525 -0.02396
vn 0.19676 -0.98013 -0.02493
vn 0.1988 -0.97756 -0.06961
vn 0.93036 0.36546 0.02939
vn 0.92775 0.37313 0.00681
vn 0.98178 0.19001 0.00134
vn 0.9826 0.18525 0.01337
vn -0.40737 0.90216 0.14198
vn -0.39663 0.91641 0.05359
vn 0.56692 -0.82164 -0.05927
vn 0.56274 -0.82634 -0.02216
vn 0.47922 -0.87737 -0.02396
vn 0.4836 -0.87291 -0.06452
vn 0.19825 0.97845 0.05771
vn 0.20668 0.96084 0.18458
vn -0.49246 0.86268 0.11518
vn -0.48456 0.87356 0.04587
vn 0.7175 -0.69471 -0.05069
vn 0.71378 -0.7001 -0.0195
vn -0.93022 0.3654 0.03421
vn -0.92854 0.37084 0.01715
vn -0.844 0.53375 0.05268
vn -0.72541 0.68424 0.0748
vn -0.64731 0.7613 0.03748
vn -0.65628 0.74912 0.09015
vn 0.83934 -0.54211 -0.04032
vn 0.83686 -0.54717 -0.01627
vn -0.84154 -0.53888 -0.03766
vn -0.83827 -0.54514 -0.01111
vn -0.88786 -0.46004 -0.00815
vn -0.89086 -0.45327 -0.03012
vn 0.92778 -0.37203 -0.02847
vn 0.92669 -0.37563 -0.01233
vn -0.98234 0.18626 0.01785
vn -0.98197 0.18873 0.01093
vn 0.98143 -0.1912 -0.01553
vn 0.98123 -0.19266 -0.00803
vn -1 -0.00082 0.00241
vn -0.99999 -0.0015 0.00476
vn 1 -0.00278 -0.00153
vn 0.99999 -0.00128 -0.00354
vn -0.98211 -0.18794 -0.01202
vn -0.98147 -0.19163 -0.00089
vn -0.96064 -0.27708 -0.02014
vn -0.95923 -0.2826 -0.004
vn 0.8901 0.45428 0.03665
vn 0.88705 0.46158 0.00937
vn -0.72071 -0.69153 -0.04865
vn -0.71628 -0.69764 -0.01556
vn 0.72371 0.68669 0.06861
vn 0.71578 0.69805 0.01935
vn 0.78009 0.62545 0.01617
vn 0.78708 0.6141 0.0582
vn -0.57135 -0.81868 -0.05771
vn -0.56659 -0.82378 -0.01923
vn 0.57553 0.81206 0.09653
vn 0.56518 0.82447 0.02884
vn -0.39724 -0.91543 -0.06464
vn -0.39333 -0.91913 -0.02213
vn 0.40176 0.9056 0.13593
vn 0.39095 0.91945 0.04196
vn -0.20369 -0.97659 -0.06919
vn -0.20188 -0.97911 -0.02438
vn -0.00211 -0.99967 -0.02545
vn -0.00241 -0.99748 -0.07093
vn -0.68949 -0.38018 -0.61649
vn -0.65904 -0.57444 -0.48548
vn -0.74958 -0.48892 -0.44619
vn -0.6771 -0.39821 -0.61884
vn 0.7884 0.28062 0.54742
vn 0.80194 0.39128 0.45143
vn 0.88588 0.32854 0.32753
vn 0.87537 0.19764 0.44121
vn -0.82494 -0.23442 -0.51431
vn -0.83089 -0.30126 -0.46783
vn -0.89065 -0.28789 -0.35195
vn -0.86799 -0.1941 -0.45708
vn 0.95258 0.21584 0.21449
vn 0.94737 0.12998 0.29256
vn -0.94227 -0.13016 -0.30852
vn -0.94652 -0.22935 -0.22694
vn -0.98616 -0.11802 -0.11646
vn -0.98518 -0.06592 -0.15833
vn 0.98785 0.06379 0.14173
vn 0.98928 0.10377 0.10273
vn 0.99991 -0.00925 -0.00961
vn 0.99993 -0.00232 -0.01187
vn -0.99997 -0.00607 -0.00531
vn -0.99998 -0.0007 -0.00604
vn 0.98503 -0.12217 -0.12162
vn 0.98387 -0.06806 -0.16541
vn -0.98856 0.10654 0.10672
vn -0.98697 0.06528 0.14707
vn 0.94416 -0.23371 -0.23225
vn 0.93957 -0.13245 -0.31569
vn -0.95132 0.21794 0.21794
vn -0.94585 0.13105 0.29698
vn 0.8667 -0.35183 -0.35363
vn 0.86333 -0.20008 -0.46328
vn -0.87407 0.19758 0.44381
vn -0.88487 0.329 0.32979
vn -0.78379 0.43761 0.44064
vn -0.78721 0.27998 0.54947
vn 0.7737 -0.44995 -0.44601
vn 0.77845 -0.29545 -0.55383
vn -0.66867 0.556 0.49371
vn -0.70686 0.38772 0.59162
vn 0.66196 -0.5777 -0.47757
vn 0.65494 -0.36864 -0.65967
vn -0.59735 0.31358 0.73813
vn -0.54773 0.45864 0.69974
vn -0.45717 0.49212 0.74082
vn -0.4476 0.40285 0.79835
vn -0.00085 0.51784 0.85547
vn -0.00137 0.56802 0.82301
vn 0.23698 0.5485 0.80187
vn 0.23213 0.4805 0.84572
vn 0.59714 -0.28654 -0.74921
vn 0.53778 -0.41516 -0.73378
vn 0.45013 -0.47128 -0.75847
vn 0.45598 -0.3586 -0.81455
vn -0.24113 0.54553 0.80265
vn -0.23548 0.476 0.84733
vn 0.22654 -0.5266 -0.81937
vn 0.22196 -0.38832 -0.89439
vn -0.00296 -0.39867 -0.91709
vn -0.00299 -0.54065 -0.84124
vn -0.23249 -0.5259 -0.81815
vn -0.22788 -0.3878 -0.89313
vn 0.4534 0.49549 0.74089
vn 0.44442 0.40743 0.7978
vn -0.44641 -0.48395 -0.75267
vn -0.45883 -0.33611 -0.8225
vn 0.54483 0.46142 0.70018
vn 0.59631 0.31697 0.73752
vn -0.56457 -0.43465 -0.70166
vn -0.58457 -0.27062 -0.76488
vn 0.70698 0.38854 0.59095
vn 0.70707 0.38888 0.59061
vn -0.82978 -0.47176 -0.29817
vn -0.54928 0.68338 0.48092
vn -0.54965 0.68198 0.48248
vn -0.00339 0.78188 0.62342
vn 0.23542 0.77598 0.58517
vn 0.43835 -0.76003 -0.4798
vn -0.34969 0.76414 0.54205
vn -0.24235 0.77238 0.5871
vn 0.34288 -0.79435 -0.50143
vn 0.34301 -0.79437 -0.50132
vn -0.00296 -0.84568 -0.53368
vn -0.23133 -0.82276 -0.51919
vn 0.11252 -0.84031 -0.5303
vn 0.45251 0.72981 0.51245
vn -0.4443 -0.75761 -0.47815
vn 0.63507 0.64133 0.43056
vn 0.70613 0.59204 0.38842
vn 0.68014 0.20753 0.70309
vn 0.63206 -0.18733 -0.75194
vn -0.68223 0.20414 0.70206
vn -0.66117 -0.20066 -0.72291
vn 0.79081 0.60739 0.07547
vn -0.89342 -0.44704 -0.04422
vn 0.19099 0.93292 -0.30526
vn 0.37417 0.87551 -0.30574
vn 0.37408 0.87555 -0.30575
vn 0.19093 0.93294 -0.30525
vn -0.188 -0.93327 -0.30604
vn -0.36907 -0.87765 -0.30581
vn -0.36913 -0.87763 -0.3058
vn -0.18797 -0.93328 -0.30605
vn -0.18595 0.93357 -0.30638
vn 0.00244 0.95203 -0.30598
vn 0.00247 0.95202 -0.30602
vn -0.18583 0.93359 -0.30639
vn 0.19218 -0.93242 -0.30605
vn 0.00156 -0.95182 -0.30665
vn 0.19206 -0.93244 -0.30604
vn -0.36868 0.87753 -0.30663
vn -0.36861 0.87756 -0.30663
vn -0.91372 -0.26829 -0.30519
vn -0.93478 -0.17973 -0.30641
vn -0.93477 -0.17979 -0.30641
vn 0.28435 -0.909 -0.30474
vn -0.45376 0.83711 -0.30553
vn 0.53689 -0.78611 -0.30623
vn 0.4577 -0.83541 -0.30431
vn 0.4577 -0.8354 -0.30434
vn -0.67734 0.66874 -0.3066
vn -0.6086 0.73223 -0.30569
vn -0.60858 0.73225 -0.30568
vn -0.67731 0.66877 -0.3066
vn 0.88148 -0.35979 -0.30586
vn 0.79606 -0.52224 -0.30586
vn 0.7961 -0.52219 -0.30586
vn 0.88146 -0.35982 -0.30587
vn 0.67934 -0.66692 -0.30614
vn 0.67932 -0.66693 -0.30614
vn -0.79471 0.52374 -0.30681
vn -0.7947 0.52378 -0.30678
vn 0.8463 0.4364 -0.3055
vn 0.8845 0.35298 -0.30507
vn 0.88452 0.35292 -0.30507
vn 0.84629 0.43639 -0.30553
vn -0.88097 0.36092 -0.30599
vn -0.88098 0.36092 -0.30596
vn 0.9337 -0.18595 -0.30598
vn 0.93369 -0.18601 -0.30598
vn -0.93344 0.18626 -0.3066
vn -0.93343 0.18632 -0.30659
vn 0.95199 -0.00369 -0.30611
vn -0.95183 0.00305 -0.30662
vn -0.95183 0.00302 -0.30662
vn 0.93528 0.17814 -0.3058
vn -0.79765 -0.52001 -0.30553
vn -0.84505 -0.43887 -0.30544
vn -0.84506 -0.43887 -0.30541
vn -0.79767 -0.52 -0.3055
vn 0.68232 0.66388 -0.30611
vn 0.74423 0.59398 -0.30546
vn 0.74422 0.594 -0.30544
vn 0.68229 0.66391 -0.30611
vn -0.67972 -0.66647 -0.30626
vn -0.67961 -0.66657 -0.30629
vn 0.5394 0.78441 -0.3062
vn 0.53943 0.78438 -0.3062
vn -0.53531 -0.78697 -0.30678
vn -0.53528 -0.787 -0.30678
vn -0.9253 -0.00162 0.37923
vn -0.92544 -0.00528 0.37887
vn -0.83536 -0.00742 0.54965
vn -0.83505 -0.00232 0.55016
vn -0.98289 0.01117 -0.18385
vn -0.98505 0.03052 -0.16953
vn -0.99996 0.00061 0.00891
vn -0.99999 0.00031 0.00485
vn 0.98081 0.00092 -0.19495
vn 0.98104 0.00378 -0.19377
vn 0.92676 0.00815 -0.37557
vn 0.92602 0.00186 -0.37746
vn -0.98065 -0.00085 0.19578
vn -0.98065 -0.00278 0.19575
vn 0.99999 0 -0.00363
vn 1 0.00018 -0.00308
vn -0.99999 0 0.00348
vn -0.99999 9E-05 0.00394
vn 0.98231 -0.00082 0.18726
vn 0.98231 -0.00281 0.18723
vn -0.98208 0.00085 -0.18849
vn -0.98227 0.00348 -0.18745
vn 0.92872 -0.00159 0.37077
vn 0.92886 -0.00534 0.37039
vn -0.83793 0.00278 -0.54577
vn -0.83931 0.013 -0.54349
vn -0.92864 0.0076 -0.3709
vn -0.928 0.0018 -0.37258
vn 0.78164 -0.00262 0.62373
vn 0.7823 -0.00894 0.62284
vn 0.83952 -0.00754 0.54327
vn 0.8392 -0.00229 0.54381
vn -0.77971 0.00336 -0.62613
vn -0.78159 0.01663 -0.62357
vn 0.56677 -0.00342 0.82387
vn 0.56733 -0.0108 0.82342
vn 0.64604 -0.00967 0.76324
vn 0.64545 -0.00317 0.7638
vn -0.56307 0.00488 -0.82639
vn -0.56681 0.03201 -0.82323
vn -0.64362 0.02442 -0.76496
vn -0.64191 0.00424 -0.76677
vn 0.39297 -0.00378 0.91955
vn 0.39343 -0.01184 0.91928
vn -0.38803 0.00592 -0.92163
vn -0.39278 0.04993 -0.91828
vn 0.20063 -0.00403 0.97966
vn 0.20091 -0.01248 0.97953
vn -0.19767 0.00678 -0.98024
vn -0.20185 0.07382 -0.97663
vn -0.19535 -0.00403 0.98073
vn -0.1956 -0.01242 0.98061
vn 0.00256 -0.01267 0.99992
vn 0.00256 -0.00409 0.99999
vn 0.20206 0.00681 -0.97935
vn 0.20536 0.07498 -0.97581
vn 0.00098 0.08823 -0.9961
vn 0.00162 0.00714 -0.99997
vn -0.38729 -0.00378 0.92195
vn -0.38774 -0.01175 0.92169
vn 0.39187 0.00604 -0.92
vn 0.39641 0.05139 -0.91663
vn -0.56077 -0.00342 0.82797
vn -0.56128 -0.01068 0.82756
vn 0.56442 0.00497 -0.82548
vn 0.56829 0.03348 -0.82215
vn -0.6395 -0.00317 0.76878
vn -0.64017 -0.00955 0.76817
vn 0.83806 0.01383 -0.54541
vn 0.83647 0.00287 -0.548
vn 0.64234 0.00433 -0.7664
vn 0.64545 0.02561 -0.76337
vn -0.778 -0.00879 0.62821
vn -0.77748 -0.00262 0.62891
vn 0.78003 0.01779 -0.62549
vn 0.77881 0.00345 -0.62725
vn -0.64933 0.66999 -0.35985
vn -0.66752 0.72517 -0.16898
vn -0.73988 0.65772 -0.14137
vn -0.76648 0.58401 -0.26728
vn 0.93002 -0.01767 0.36709
vn 0.9343 -0.05478 0.35225
vn 0.98335 -0.02734 0.17966
vn 0.98255 -0.00903 0.1858
vn -0.84379 0.03931 -0.53524
vn -0.85667 0.09559 -0.50692
vn -0.93768 0.06168 -0.34197
vn -0.93081 0.02371 -0.36474
vn 0.78618 -0.03137 0.6172
vn 0.76595 -0.12745 0.63014
vn 0.85121 -0.08112 0.51852
vn 0.84192 -0.02545 0.53899
vn -0.78788 0.04962 -0.61383
vn -0.76246 0.14414 -0.63077
vn 0.57119 -0.03766 0.81995
vn 0.51632 -0.13004 0.84647
vn 0.65383 -0.05286 0.75479
vn 0.64987 -0.03269 0.75934
vn -0.57629 0.09034 -0.81224
vn -0.56961 0.17021 -0.8041
vn -0.6564 0.0944 -0.74848
vn -0.65102 0.07044 -0.75579
vn 0.39271 -0.05365 0.91809
vn 0.42013 -0.14387 0.89599
vn -0.40316 0.1363 -0.90492
vn -0.42236 0.24669 -0.87221
vn 0.20905 -0.05115 0.97657
vn 0.23823 -0.14554 0.96024
vn -0.20961 0.19612 -0.95792
vn -0.22193 0.33052 -0.91733
vn -0.19749 -0.04441 0.9793
vn -0.20591 -0.15394 0.96639
vn 0.00275 -0.15742 0.98753
vn 0.00262 -0.04523 0.99897
vn 0.21175 0.19588 -0.9575
vn 0.2241 0.32781 -0.91778
vn 0 0.38033 -0.92485
vn 0 0.2306 -0.97305
vn -0.39107 -0.04181 0.91941
vn -0.40551 -0.14323 0.9028
vn 0.40627 0.13612 -0.90356
vn 0.4251 0.24363 -0.87174
vn -0.56515 -0.03775 0.82413
vn -0.58789 -0.13898 0.79691
vn 0.5777 0.0907 -0.8112
vn 0.59788 0.17994 -0.78112
vn -0.64416 -0.03281 0.76419
vn -0.65535 -0.11741 0.74615
vn 0.92905 0.02426 -0.36915
vn 0.93595 0.06214 -0.3466
vn 0.85534 0.09547 -0.50919
vn 0.84267 0.03983 -0.53696
vn 0.65464 0.0709 -0.75261
vn 0.67385 0.15696 -0.72201
vn -0.83782 -0.02561 0.54535
vn -0.8473 -0.08182 0.52477
vn -0.79739 -0.10389 0.59446
vn -0.7818 -0.0314 0.62274
vn 0.79852 0.11033 -0.59178
vn 0.78507 0.05023 -0.61737
vn -0.92667 -0.01795 0.37545
vn -0.93114 -0.05573 0.36037
vn 0.98174 0.01163 -0.18989
vn 0.98399 0.03119 -0.17548
vn -0.98092 -0.00937 0.19416
vn -0.98182 -0.02826 0.18772
vn 1 0.00064 -0.00195
vn 1 0.00131 0.00232
vn 0.21324 0.95827 -0.19041
vn 0.20433 0.97698 -0.06128
vn 0.00214 0.99749 -0.07077
vn 0.00381 0.97532 -0.22074
vn 0.47552 -0.78483 0.39739
vn 0.50408 -0.85038 0.15083
vn 0.58542 -0.79939 0.13517
vn 0.61426 -0.72709 0.30663
vn -0.40795 0.82048 -0.40048
vn -0.41985 0.86906 -0.26164
vn -0.51184 0.83205 -0.21382
vn -0.52047 0.81155 -0.26551
vn 0.18085 -0.92411 0.33662
vn 0.21067 -0.9637 0.16401
vn 0.3141 -0.93703 0.15272
vn 0.3221 -0.91987 0.2238
vn -0.23039 0.82568 -0.51496
vn -0.21849 0.90899 -0.35497
vn -0.22068 -0.89718 0.38259
vn -0.20546 -0.96474 0.1645
vn 0.00269 -0.98576 0.16816
vn 0.00284 -0.91969 0.39263
vn 0.2378 0.82236 -0.5169
vn 0.22716 0.90548 -0.35848
vn 0.00501 0.90812 -0.41869
vn 0.00375 0.81999 -0.57236
vn -0.43012 -0.83099 0.35278
vn -0.4041 -0.90175 0.15345
vn -0.94656 0.29546 -0.12931
vn -0.93649 0.34469 -0.0647
vn -0.98458 0.1721 -0.03131
vn -0.98761 0.14369 -0.06314
vn 0.44857 0.78682 -0.42391
vn 0.42596 0.86486 -0.26567
vn -0.61564 -0.72468 0.30956
vn -0.58125 -0.80202 0.13752
vn 0.62564 0.701 -0.3423
vn 0.59732 0.77757 -0.19645
vn -0.75256 -0.60226 0.26634
vn -0.72855 -0.67493 0.11701
vn 0.9454 0.29811 -0.13172
vn 0.93544 0.34682 -0.06827
vn 0.86846 0.48355 -0.10938
vn 0.87318 0.44476 -0.19935
vn 0.69736 0.64523 -0.31203
vn 0.72013 0.67948 -0.14045
vn -0.81302 -0.5407 0.21595
vn -0.82154 -0.56417 0.08234
vn 0.8662 -0.46139 0.19185
vn 0.85002 -0.5195 0.08707
vn 0.93366 -0.35332 0.05872
vn 0.94133 -0.31203 0.12861
vn 0.80797 0.56583 -0.16441
vn 0.82055 0.52332 -0.22987
vn -0.93891 -0.31797 0.13169
vn -0.9466 -0.31517 0.0679
vn -0.89998 -0.42315 0.10474
vn -0.91049 -0.37673 0.17051
vn 0.98688 0.14747 -0.06577
vn 0.98385 0.17561 -0.0347
vn -0.98373 -0.16633 0.06794
vn -0.98202 -0.18608 0.03186
vn 0.99998 -0.0069 0
vn 0.99999 -0.00244 -0.0022
vn -0.99993 -0.01132 0.00269
vn -0.99998 -0.00674 0.00079
vn 0.98488 -0.16062 0.06491
vn 0.98318 -0.18031 0.02905
vn -0.87389 0.44427 -0.19734
vn -0.85481 0.50906 -0.10074
vn 0.75754 -0.60211 0.25218
vn 0.73306 -0.67071 0.11298
vn 0.71827 0.69513 -0.02976
vn 0.78178 0.62299 -0.0264
vn 0.78101 0.62441 -0.01169
vn 0.71723 0.69672 -0.01239
vn -0.39195 -0.91764 0.06562
vn -0.38815 -0.92129 0.02374
vn -0.1966 -0.98017 0.02466
vn -0.19902 -0.97753 0.06946
vn -0.93026 0.36571 -0.02939
vn -0.92766 0.37334 -0.00732
vn -0.98176 0.1901 -0.00189
vn -0.98258 0.18537 -0.01334
vn 0.40712 0.9023 -0.14182
vn 0.39629 0.91683 -0.04874
vn -0.56662 -0.82185 0.05924
vn -0.56244 -0.82655 0.02179
vn -0.19859 0.97854 -0.05506
vn -0.20653 0.96091 -0.1844
vn 0.57852 0.80915 -0.10288
vn 0.56918 0.82133 -0.03815
vn -0.71724 -0.69499 0.05066
vn -0.71348 -0.70042 0.01914
vn 0.93013 0.36565 -0.03418
vn 0.92845 0.37111 -0.01599
vn 0.88854 0.45843 -0.01816
vn 0.89093 0.45226 -0.04126
vn 0.72512 0.68456 -0.07474
vn -0.83915 -0.54241 0.04028
vn -0.83665 -0.54751 0.01584
vn 0.84135 -0.53918 0.03766
vn 0.83806 -0.54547 0.01117
vn 0.92739 -0.37404 0.00629
vn 0.92929 -0.36849 0.0253
vn 0.78673 0.61396 -0.06403
vn -0.88859 -0.45754 0.03269
vn -0.88682 -0.46193 0.01309
vn 0.98232 0.18638 -0.01785
vn 0.98195 0.18885 -0.0101
vn -0.9814 -0.19135 0.01553
vn -0.9812 -0.19285 0.00757
vn -0.95881 -0.28386 0.01053
vn -0.95946 -0.28084 0.02384
vn 1 -0.00082 -0.00241
vn 0.99999 -0.00153 -0.00424
vn -1 -0.00278 0.00153
vn -0.99999 -0.00134 0.00302
vn 0.98208 -0.18809 0.01199
vn 0.98144 -0.19175 0.00119
vn -0.84327 0.53539 -0.04743
vn -0.83824 0.54514 -0.01318
vn 0.72042 -0.69183 0.04859
vn 0.71598 -0.69795 0.01553
vn -0.72343 0.68699 -0.06858
vn -0.71552 0.69831 -0.01965
vn 0.57105 -0.81889 0.05765
vn 0.56625 -0.82401 0.0191
vn -0.65018 0.7551 -0.08417
vn -0.64237 0.76601 -0.02435
vn 0.48788 -0.87062 0.06311
vn 0.48297 -0.87538 0.0213
vn -0.40147 0.90574 -0.13587
vn -0.39089 0.91955 -0.0405
vn -0.48026 0.87653 -0.0325
vn -0.49197 0.86385 -0.10831
vn 0.2039 -0.97654 0.06919
vn 0.20176 -0.97914 0.02408
vn 0.29991 -0.9537 0.0224
vn 0.30327 -0.95066 0.06537
vn 0.00204 -0.99969 0.025
vn 0.00241 -0.99749 0.0708
vn -0.88716 -0.46142 0.0062
vn -0.83769 -0.54611 0.00632
vn 0.98245 0.18644 -0.00626
vn 0.92906 0.36983 -0.00797
vn -0.98197 -0.18891 0.0062
vn -0.95942 -0.2819 0.00662
vn 0.99998 -0.00455 -0.00449
vn -0.99998 0.00317 0.00589
vn 0.9806 -0.19602 -0.00275
vn -0.98065 0.19569 0.00555
vn 0.92568 -0.37832 -0.0014
vn -0.83521 0.54992 0.00317
vn -0.92539 0.37898 0.00461
vn 0.7134 -0.70076 0.00101
vn 0.83594 -0.54882 -0.00024
vn -0.71193 0.70225 0.00183
vn 0.56372 -0.82597 0.00208
vn -0.63996 0.76841 0.00034
vn 0.48079 -0.87683 0.00244
vn -0.38811 0.92161 -0.00378
vn -0.47668 0.87908 -0.00146
vn 0.20158 -0.97947 0.00372
vn 0.29866 -0.95435 0.00333
vn -0.19618 0.98055 -0.00641
vn 0.00119 -0.99999 0.00494
vn 0.2006 0.97957 -0.01444
vn 0.00058 0.99989 -0.01453
vn -0.38784 -0.92171 0.00525
vn -0.19725 -0.98034 0.00504
vn 0.3929 0.91947 -0.01437
vn -0.56274 -0.82661 0.00574
vn 0.56705 0.82357 -0.0137
vn -0.71409 -0.70002 0.00598
vn 0.88872 0.45837 -0.00848
vn 0.64749 -0.34282 0.68061
vn 0.63748 -0.53994 0.54962
vn 0.7708 -0.44833 0.45263
vn 0.74788 -0.2668 0.60786
vn -0.76847 0.26649 -0.58175
vn -0.78386 0.43905 -0.43908
vn -0.88582 0.32882 -0.32741
vn -0.87539 0.19783 -0.4411
vn 0.87696 -0.34163 0.33799
vn 0.86801 -0.19426 0.45697
vn -0.95255 0.21601 -0.21443
vn -0.94738 0.13007 -0.2925
vn 0.94229 -0.13026 0.30843
vn 0.94649 -0.22953 0.22688
vn 0.98615 -0.11814 0.11643
vn 0.98518 -0.06598 0.1583
vn -0.98785 0.06385 -0.1417
vn -0.98928 0.10386 -0.1027
vn -0.99991 -0.00928 0.00961
vn -0.99993 -0.00232 0.01187
vn 0.99997 -0.00607 0.00528
vn 0.99998 -0.00067 0.00604
vn -0.98502 -0.12226 0.12159
vn -0.98388 -0.06812 0.16535
vn 0.98855 0.10663 -0.10673
vn 0.98697 0.06531 -0.14704
vn -0.94414 -0.2339 0.23216
vn -0.93957 -0.13258 0.31563
vn 0.95131 0.21806 -0.21787
vn 0.94585 0.13117 -0.29692
vn -0.88275 -0.29686 0.36419
vn -0.86334 -0.20024 0.4632
vn 0.87408 0.19777 -0.4437
vn 0.88482 0.32925 -0.32967
vn 0.83414 0.38902 -0.39098
vn 0.82049 0.22713 -0.5246
vn -0.81886 -0.31984 0.47662
vn -0.82256 -0.24693 0.51227
vn 0.69995 0.30677 -0.64495
vn 0.70704 0.38592 -0.59259
vn 0.63694 0.42275 -0.64466
vn 0.62605 0.33297 -0.70512
vn -0.66244 -0.27876 0.69531
vn -0.73096 -0.39205 0.55856
vn -0.61353 -0.40298 0.67911
vn -0.61304 -0.3084 0.72737
vn 0.45712 0.49249 -0.74061
vn 0.44763 0.40316 -0.79818
vn 0.00085 0.51843 -0.85512
vn 0.0014 0.56866 -0.82257
vn -0.23692 0.54883 -0.80166
vn -0.23213 0.48086 -0.84551
vn -0.45013 -0.47162 0.75826
vn -0.45599 -0.35888 0.81442
vn 0.24107 0.54608 -0.80229
vn 0.23551 0.47649 -0.84705
vn -0.22655 -0.52701 0.81911
vn -0.22197 -0.38864 0.89425
vn 0.00296 -0.39901 0.91694
vn 0.00299 -0.54107 0.84097
vn 0.23253 -0.5263 0.81788
vn 0.22789 -0.38811 0.89299
vn -0.45334 0.49591 -0.74065
vn -0.44445 0.40786 -0.79756
vn 0.35028 -0.5069 0.78763
vn 0.41411 -0.30168 0.85878
vn -0.54482 0.46169 -0.70001
vn -0.53638 0.3724 -0.75737
vn 0.5729 -0.42534 0.70062
vn 0.48611 -0.67123 0.5596
vn -0.6987 0.29939 -0.64975
vn -0.66754 0.55895 -0.4919
vn -0.81413 -0.48324 0.32198
vn -0.76278 -0.53734 0.35975
vn 0.7059 0.59097 -0.39046
vn 0.63672 0.63874 -0.43197
vn -0.63358 -0.6543 0.41287
vn 0.45748 0.72587 -0.51364
vn 0.00339 0.78191 -0.62339
vn -0.2354 0.77635 -0.58469
vn -0.43817 -0.76033 0.47949
vn 0.24229 0.77262 -0.58682
vn -0.22529 -0.82418 0.51959
vn 0.00296 -0.84594 0.53327
vn 0.11842 -0.84002 0.52948
vn -0.34532 0.76739 -0.54024
vn 0.34877 -0.79283 0.49978
vn 0.34865 -0.79292 0.49972
vn -0.54408 0.68746 -0.48102
vn -0.54395 0.68641 -0.48266
vn -0.68444 0.21879 -0.69546
vn 0.52148 -0.19154 0.83149
vn 0.66837 -0.19187 0.71866
vn -0.89035 -0.4529 0.04651
vn 0.79045 0.60663 -0.08484
vn 1E-05 1E-05 -1
vn -0.64197 0 -0.76673
vn -0.56393 0 -0.82582
vn 0.83502 0 0.55022
vn 0.77729 0 0.62915
vn 0.77727 0 0.62916
vn -0.83918 0 0.54385
vn -0.92875 0 0.37071
vn -0.83616 0 -0.54849
vn -0.77862 0 -0.62749
vn -0.77861 0 -0.62751
vn 0.9253 0 0.37923
vn -0.98073 0 -0.19538
vn -0.92583 0 -0.37795
vn 0.98067 0 0.19566
vn -0.99999 0 -0.00388
vn -0.98234 0 0.18711
vn 0.98201 0 -0.18885
vn 0.83762 0 -0.54626
vn 0.92782 0 -0.37304
vn -0.78143 0 0.62399
vn 0.77947 0 -0.62644
vn -0.56669 0 0.82393
vn -0.64527 0 0.76396
vn 0.56265 0 -0.8267
vn 0.64169 0 -0.76697
vn 0.64167 0 -0.76698
vn -0.39287 0 0.91959
vn 0.38762 0 -0.92182
vn -0.20057 0 0.97968
vn 0.19742 0 -0.98032
vn 0.19743 0 -0.98032
vn 0.19529 0 0.98074
vn -0.20182 0 -0.97942
vn 0.38716 0 0.92201
vn -0.3915 0 -0.92018
vn 0.56063 0 0.82807
vn 0.56064 0 0.82806
vn 0.63922 0 0.76902
vn -0.83635 -0.54819 0
vn 0.71197 0.70221 0
vn 0.92792 -0.37278 0
vn -0.64555 0.76372 0
vn 0.83781 -0.54596 0
vn -0.83938 0.54355 0
vn -0.92884 0.37047 0
vn 0.9807 0.19551 0
vn 0.92541 0.37896 0
vn 0.77753 0.62884 0
vn 0.71371 -0.70044 -3E-05
vn 0.7137 -0.70045 -3E-05
vn 0.56393 -0.82582 0
vn -0.83503 0.5502 0
vn -0.7117 0.70248 0
vn 0.88875 0.4584 0
vn 0.92875 0.37071 0
vn 0.83614 -0.54852 0
vn -0.9253 0.37923 0
vn 0.98073 -0.19538 0
vn 0.92583 -0.37795 0
vn -0.98067 0.19566 0
vn 0.99999 -0.00391 0
vn -0.99999 0.0032 0
vn 0.98234 0.18711 0
vn -0.98199 -0.18891 0
vn -0.982 -0.18888 0
vn -0.83762 -0.54626 0
vn -0.88755 -0.46071 0
vn 0.71676 0.69732 0
vn 0.78141 0.62402 0
vn -0.71406 -0.70008 0
vn 0.56669 0.82393 0
vn -0.56265 -0.8267 0
vn 0.39287 0.91959 0
vn -0.38762 -0.92182 0
vn 0.20054 0.97969 0
vn -0.19743 -0.98032 0
vn -0.19526 0.98075 0
vn 0.00256 1 0
vn 0.20182 -0.97942 0
vn 0.00165 -1 0
vn -0.38719 0.922 0
vn -0.95944 -0.2819 0
vn 0.29866 -0.95436 0
vn -0.47666 0.87909 0
vn -0.47664 0.8791 0
vn 0.48047 -0.87701 0
vn -0.63922 0.76902 0
vn 2E-05 0 -1
vn 2E-05 -0 -1
vn 3E-05 5E-05 -1
vn 1E-05 -2E-05 -1
vn 0.00039 0.00031 -1
vn -0.00011 -0.00014 -1
vn 0.00051 5E-05 -1
vn -0.00049 5E-05 -1
vn -0.00026 0.00022 -1
vn -0.00028 0.00023 -1
vn 5E-05 1E-05 -1
vn 1E-05 -0 -1
vn 1E-05 -9E-05 -1
vn 1E-05 -0.00012 -1
vn 2E-05 3E-05 -1
vn 0 0 -1
vn -7E-05 -0.0001 -1
vn -0.00029 -0.00024 -1
vn 0.00016 1E-05 -1
vn -0.00055 6E-05 -1
vn -0.00026 5E-05 -1
vn -6E-05 7E-05 -1
vn -5E-05 6E-05 -1
vn 3E-05 -5E-05 -1
vn 1E-05 2E-05 -1
vn 5E-05 9E-05 -1
vn 1E-05 0 -1
vn 1E-05 0 -1
vn 4E-05 -1E-05 -1
vn -2E-05 1E-05 1
vn -0.20069 0.97965 0
vn 0.19758 -0.98029 0
vn 0.3879 -0.9217 6E-05
vn 0.19544 0.98072 0
vn 0.92792 -0.37278 9E-05
vn 0.47696 0.87893 3E-05
vn 0.47696 0.87893 6E-05
vn -0.48079 -0.87683 0
vn 0.63952 0.76877 6E-05
vn -0.92593 -0.37771 -9E-05
vn -0.64227 -0.76648 0
vn -0.71399 -0.70016 0
vn 0.83522 0.54992 0
vn -0.88889 0.45812 0
vn -0.98076 -0.19523 -9E-05
vn -0.98237 0.18696 -9E-05
vn -0.96018 0.27937 0
vn 0.83783 -0.54594 0
vn 0.7797 -0.62616 0
vn -0.56698 0.82373 0
vn 0.64197 -0.76673 0
vn -1E-05 8E-05 1
vn -1E-05 -4E-05 1
vn -2E-05 1E-05 1
vn -1E-05 0 1
vn -0.00046 0.00036 1
vn 0.00012 -0.00015 1
vn -0.00056 5E-05 1
vn 0.00054 6E-05 1
vn 0.0003 0.00025 1
vn 0.00031 0.00026 1
vn 1E-05 0.00012 1
vn -1E-05 -0 1
vn -1E-05 -0.00012 1
vn -1E-05 -4E-05 1
vn 0 -4E-05 1
vn 8E-05 -0.0001 1
vn 0.00036 -0.00029 1
vn -3E-05 -2E-05 1
vn 0.00047 6E-05 1
vn 0.00024 5E-05 1
vn 6E-05 6E-05 1
vn 1E-05 3E-05 1
vn -5E-05 -0.00012 1
vn -1E-05 1E-05 1
vn -5E-05 9E-05 1
vn -2E-05 0 1
vn 1E-05 -5E-05 1
vn 1E-05 3E-05 1
vn -2E-05 -2E-05 1
vt 0.99472 0.31522
vt 0.99469 0.30395
vt 0.99523 0.30395
vt 0.99526 0.31522
vt 0.99451 0.50238
vt 0.99459 0.51315
vt 0.99406 0.51315
vt 0.99398 0.50238
vt 0.99251 0.63937
vt 0.99236 0.62889
vt 0.9929 0.62889
vt 0.99304 0.63937
vt 0.9948 0.32598
vt 0.99534 0.32598
vt 0.99438 0.49254
vt 0.99385 0.49254
vt 0.99472 0.29267
vt 0.99526 0.29267
vt 0.99493 0.33578
vt 0.99547 0.33578
vt 0.99421 0.48402
vt 0.99368 0.48402
vt 0.71534 0.93554
vt 0.71545 0.92591
vt 0.71598 0.92591
vt 0.71587 0.93554
vt 0.9951 0.34428
vt 0.99564 0.34428
vt 0.99275 0.58712
vt 0.99308 0.57852
vt 0.99361 0.57852
vt 0.99328 0.58712
vt 0.71544 0.98769
vt 0.71534 0.97791
vt 0.71587 0.97791
vt 0.71598 0.98769
vt 0.71559 0.91733
vt 0.71613 0.91733
vt 0.99251 0.59679
vt 0.99305 0.59679
vt 0.71527 0.9459
vt 0.71581 0.9459
vt 0.99236 0.60721
vt 0.9929 0.60721
vt 0.71525 0.95671
vt 0.71578 0.95671
vt 0.99231 0.61806
vt 0.99285 0.61806
vt 0.71527 0.96748
vt 0.7158 0.96748
vt 0.99275 0.64914
vt 0.99328 0.64914
vt 0.71559 0.99633
vt 0.71613 0.99633
vt 0.99308 0.65781
vt 0.99361 0.65781
vt 0.99438 0.5564
vt 0.99421 0.56495
vt 0.99368 0.56495
vt 0.99385 0.5564
vt 0.99493 0.27196
vt 0.9951 0.2634
vt 0.99564 0.2634
vt 0.99547 0.27196
vt 0.99451 0.54653
vt 0.99398 0.54653
vt 0.9948 0.28185
vt 0.99534 0.28185
vt 0.99459 0.53572
vt 0.99406 0.53572
vt 0.99462 0.52443
vt 0.99409 0.52443
vt 0.41388 0.86609
vt 0.41388 0.86538
vt 0.42492 0.86554
vt 0.42491 0.86626
vt 0.96174 0.50492
vt 0.96103 0.50492
vt 0.96108 0.49723
vt 0.96179 0.49723
vt 0.76012 0.36932
vt 0.76012 0.36861
vt 0.77076 0.36863
vt 0.77076 0.36934
vt 0.40348 0.86589
vt 0.40349 0.86517
vt 0.83082 0.045
vt 0.83011 0.045
vt 0.83006 0.03678
vt 0.83077 0.03678
vt 0.80326 0.36929
vt 0.80326 0.36858
vt 0.81307 0.36853
vt 0.81307 0.36924
vt 0.83086 0.05443
vt 0.83015 0.05444
vt 0.79264 0.36933
vt 0.79264 0.36861
vt 0.83091 0.06482
vt 0.83019 0.06483
vt 0.78171 0.36934
vt 0.78171 0.36863
vt 0.83095 0.07571
vt 0.83023 0.07572
vt 0.831 0.09766
vt 0.83029 0.09766
vt 0.83027 0.08679
vt 0.83098 0.08678
vt 0.7503 0.36928
vt 0.7503 0.36857
vt 0.83102 0.10794
vt 0.83031 0.10794
vt 0.74163 0.36923
vt 0.74163 0.36852
vt 0.83103 0.11716
vt 0.83032 0.11716
vt 0.96112 0.43306
vt 0.96041 0.43307
vt 0.96018 0.42353
vt 0.96089 0.42352
vt 0.83103 0.12495
vt 0.83032 0.12495
vt 0.96133 0.44372
vt 0.96062 0.44373
vt 0.46724 0.86637
vt 0.46725 0.86566
vt 0.4751 0.86554
vt 0.47509 0.86625
vt 0.96165 0.46652
vt 0.96093 0.46653
vt 0.96079 0.45505
vt 0.96151 0.45504
vt 0.44738 0.86643
vt 0.44739 0.86572
vt 0.45789 0.86572
vt 0.45788 0.86643
vt 0.96174 0.47768
vt 0.96103 0.47769
vt 0.43623 0.86637
vt 0.43624 0.86566
vt 0.96179 0.48805
vt 0.96108 0.48806
vt 0.39418 0.86565
vt 0.39419 0.86493
vt 0.74306 0.00221
vt 0.7432 0.01987
vt 0.7334 0.0229
vt 0.73324 0.00352
vt 0.77606 0.02328
vt 0.77696 0.0331
vt 0.76617 0.03892
vt 0.76515 0.02706
vt 0.72693 0.3148
vt 0.73904 0.31483
vt 0.73664 0.3253
vt 0.72641 0.32527
vt 0.75362 0.00138
vt 0.75375 0.0172
vt 0.72711 0.30385
vt 0.74117 0.30388
vt 0.76463 0.00107
vt 0.76475 0.01496
vt 0.72693 0.29293
vt 0.74294 0.29297
vt 0.7756 0.0013
vt 0.7757 0.01327
vt 0.7264 0.28233
vt 0.74429 0.28237
vt 0.79611 0.00329
vt 0.79619 0.01166
vt 0.7863 0.01215
vt 0.78621 0.00204
vt 0.72432 0.26356
vt 0.74554 0.2636
vt 0.74518 0.27241
vt 0.72552 0.27237
vt 0.80489 0.00501
vt 0.80495 0.01185
vt 0.55072 0.86487
vt 0.55072 0.84204
vt 0.55937 0.84365
vt 0.55937 0.86515
vt 0.96768 0.79801
vt 0.96194 0.79802
vt 0.9608 0.79021
vt 0.96786 0.79019
vt 0.54072 0.86465
vt 0.54072 0.84083
vt 0.96755 0.80737
vt 0.9628 0.80738
vt 0.52977 0.86452
vt 0.52977 0.84008
vt 0.96747 0.8179
vt 0.96333 0.8179
vt 0.50689 0.86452
vt 0.50689 0.84007
vt 0.51832 0.83982
vt 0.51833 0.86448
vt 0.96747 0.84061
vt 0.96332 0.84062
vt 0.96351 0.82914
vt 0.96744 0.82913
vt 0.49596 0.86465
vt 0.49596 0.84081
vt 0.96755 0.85182
vt 0.96279 0.85183
vt 0.48599 0.86487
vt 0.48598 0.842
vt 0.96768 0.8623
vt 0.96194 0.86231
vt 0.47734 0.86515
vt 0.47734 0.84358
vt 0.73404 0.33502
vt 0.72554 0.335
vt 0.96786 0.87165
vt 0.96081 0.87167
vt 0.72469 0.02621
vt 0.72452 0.0053
vt 0.73131 0.34366
vt 0.72436 0.34363
vt 0.94782 0.48806
vt 0.94998 0.48809
vt 0.9458 0.49735
vt 0.94245 0.49732
vt 0.76066 0.28274
vt 0.77674 0.2839
vt 0.77134 0.29437
vt 0.75727 0.29331
vt 0.79648 0.01778
vt 0.79714 0.02377
vt 0.78741 0.02798
vt 0.78663 0.02014
vt 0.76552 0.26401
vt 0.78515 0.26537
vt 0.78143 0.27407
vt 0.76347 0.2728
vt 0.80522 0.0163
vt 0.80578 0.02064
vt 0.55072 0.82037
vt 0.55072 0.79912
vt 0.55937 0.80356
vt 0.55937 0.82341
vt 0.95877 0.79801
vt 0.95568 0.79796
vt 0.9517 0.79014
vt 0.9562 0.79019
vt 0.54072 0.81809
vt 0.54062 0.79609
vt 0.9607 0.80736
vt 0.95866 0.80732
vt 0.52977 0.81666
vt 0.52977 0.79369
vt 0.96189 0.81788
vt 0.96049 0.81784
vt 0.50689 0.81664
vt 0.50689 0.79366
vt 0.51833 0.793
vt 0.51832 0.81618
vt 0.96187 0.8406
vt 0.96048 0.84056
vt 0.96112 0.82908
vt 0.96229 0.82912
vt 0.49596 0.81804
vt 0.49596 0.7957
vt 0.96067 0.85181
vt 0.95861 0.85177
vt 0.48598 0.82029
vt 0.48599 0.799
vt 0.95875 0.86229
vt 0.95565 0.86225
vt 0.47734 0.82328
vt 0.47734 0.80337
vt 0.74473 0.32558
vt 0.75265 0.3263
vt 0.74631 0.3359
vt 0.74024 0.33528
vt 0.95621 0.87165
vt 0.95172 0.8716
vt 0.7339 0.04095
vt 0.73528 0.05867
vt 0.7267 0.06525
vt 0.72522 0.04591
vt 0.74025 0.34443
vt 0.73583 0.3439
vt 0.74367 0.03606
vt 0.74494 0.05195
vt 0.74915 0.31513
vt 0.75907 0.31597
vt 0.75419 0.03138
vt 0.75534 0.04531
vt 0.7534 0.30421
vt 0.7654 0.30515
vt 0.956 0.44368
vt 0.95746 0.44369
vt 0.95785 0.45499
vt 0.95662 0.45497
vt 0.43306 0.77835
vt 0.4351 0.79691
vt 0.42374 0.79996
vt 0.42179 0.78231
vt 0.95179 0.47762
vt 0.95307 0.47765
vt 0.44419 0.77588
vt 0.44629 0.79499
vt 0.95418 0.46641
vt 0.95491 0.46643
vt 0.46407 0.77577
vt 0.46617 0.7949
vt 0.45678 0.79433
vt 0.45466 0.77503
vt 0.95383 0.44362
vt 0.95457 0.44364
vt 0.95543 0.45493
vt 0.95488 0.45491
vt 0.47197 0.77814
vt 0.47401 0.79671
vt 0.79765 0.0423
vt 0.80405 0.04391
vt 0.79799 0.05318
vt 0.78986 0.05119
vt 0.95112 0.43303
vt 0.95241 0.43305
vt 0.74706 0.11025
vt 0.76466 0.11436
vt 0.76154 0.12197
vt 0.74306 0.11767
vt 0.94688 0.42356
vt 0.94906 0.42359
vt 0.75233 0.10139
vt 0.76879 0.10538
vt 0.76723 0.33639
vt 0.76891 0.34274
vt 0.75864 0.34833
vt 0.75733 0.34357
vt 0.7481 0.34994
vt 0.74908 0.35329
vt 0.74069 0.35738
vt 0.73998 0.35519
vt 0.75877 0.09185
vt 0.77378 0.09537
vt 0.81519 0.29726
vt 0.81883 0.31219
vt 0.81019 0.31795
vt 0.80692 0.30463
vt 0.76597 0.08162
vt 0.77939 0.08479
vt 0.77747 0.32865
vt 0.77954 0.3367
vt 0.77373 0.07122
vt 0.78543 0.074
vt 0.78777 0.32055
vt 0.79025 0.33039
vt 0.78181 0.06092
vt 0.79172 0.06331
vt 0.79768 0.31248
vt 0.80057 0.32408
vt 0.80491 0.03456
vt 0.8097 0.03582
vt 0.41084 0.78753
vt 0.41267 0.804
vt 0.40231 0.80883
vt 0.40063 0.7938
vt 0.81135 0.02832
vt 0.81471 0.02926
vt 0.75011 0.36252
vt 0.75989 0.361
vt 0.47489 0.81956
vt 0.47519 0.84275
vt 0.46736 0.84226
vt 0.46706 0.8184
vt 0.81229 0.04478
vt 0.82069 0.04513
vt 0.81882 0.05462
vt 0.80831 0.0542
vt 0.9545 0.43307
vt 0.95664 0.43307
vt 0.7864 0.11631
vt 0.8085 0.11719
vt 0.80753 0.12495
vt 0.78435 0.12402
vt 0.95778 0.46649
vt 0.95632 0.46647
vt 0.95221 0.4236
vt 0.95543 0.42358
vt 0.78912 0.10721
vt 0.80979 0.10802
vt 0.76994 0.35092
vt 0.77045 0.35926
vt 0.75949 0.3546
vt 0.74978 0.35786
vt 0.74151 0.36377
vt 0.74126 0.36054
vt 0.7924 0.09705
vt 0.81134 0.09779
vt 0.4031 0.82741
vt 0.4034 0.84629
vt 0.39405 0.84783
vt 0.39376 0.83093
vt 0.79609 0.08631
vt 0.81308 0.08697
vt 0.78076 0.34694
vt 0.78136 0.35737
vt 0.80006 0.07535
vt 0.81494 0.07592
vt 0.79164 0.34278
vt 0.79232 0.35538
vt 0.8042 0.0645
vt 0.81689 0.065
vt 0.80213 0.33861
vt 0.80291 0.35338
vt 0.81192 0.33455
vt 0.81277 0.35143
vt 0.816 0.03656
vt 0.82242 0.03686
vt 0.41351 0.8243
vt 0.41383 0.84492
vt 0.95036 0.49735
vt 0.95502 0.49731
vt 0.95339 0.50503
vt 0.94698 0.50509
vt 0.42461 0.8217
vt 0.42492 0.84377
vt 0.95312 0.4881
vt 0.95633 0.48809
vt 0.43599 0.81972
vt 0.4363 0.84289
vt 0.95514 0.47767
vt 0.95727 0.47768
vt 0.44718 0.81848
vt 0.44749 0.84233
vt 0.45799 0.84213
vt 0.45768 0.81804
vt 0.41066 0.75939
vt 0.41754 0.76809
vt 0.40687 0.77427
vt 0.40051 0.7656
vt 0.80678 0.02391
vt 0.80859 0.02658
vt 0.80102 0.03215
vt 0.79848 0.02839
vt 0.80115 0.26939
vt 0.81393 0.27769
vt 0.80774 0.28535
vt 0.79605 0.27775
vt 0.79248 0.03911
vt 0.78913 0.03414
vt 0.7898 0.28721
vt 0.80025 0.29399
vt 0.79185 0.3032
vt 0.78273 0.29728
vt 0.7791 0.04091
vt 0.78332 0.04718
vt 0.77385 0.05607
vt 0.76873 0.04844
vt 0.78281 0.31268
vt 0.77506 0.30764
vt 0.76435 0.06551
vt 0.75833 0.05653
vt 0.77338 0.32219
vt 0.767 0.31804
vt 0.75524 0.0751
vt 0.74835 0.06482
vt 0.76397 0.33128
vt 0.75892 0.32798
vt 0.74676 0.08455
vt 0.73907 0.07307
vt 0.75102 0.33721
vt 0.75485 0.33971
vt 0.74632 0.3472
vt 0.74358 0.34541
vt 0.73939 0.09293
vt 0.73082 0.08101
vt 0.73877 0.35338
vt 0.73694 0.35217
vt 0.733 0.10172
vt 0.72432 0.08758
vt 0.95341 0.86218
vt 0.95153 0.86204
vt 0.95608 0.85163
vt 0.95726 0.85172
vt 0.96051 0.82905
vt 0.95992 0.829
vt 0.95897 0.81774
vt 0.9597 0.8178
vt 0.48637 0.78256
vt 0.48599 0.76819
vt 0.49597 0.76336
vt 0.49596 0.77759
vt 0.95893 0.84046
vt 0.95967 0.84052
vt 0.5069 0.76036
vt 0.50689 0.77501
vt 0.51833 0.77417
vt 0.51834 0.75939
vt 0.52978 0.76041
vt 0.52977 0.77505
vt 0.95615 0.80718
vt 0.95732 0.80726
vt 0.54073 0.76347
vt 0.54072 0.77768
vt 0.95158 0.79775
vt 0.95345 0.79789
vt 0.55073 0.76837
vt 0.55062 0.78222
vt 0.81364 0.0209
vt 0.81486 0.02268
vt 0.397 0.78168
vt 0.73326 0.35914
vt 0.73248 0.35803
vt 0.95437 0.45488
vt 0.95351 0.46638
vt 0.72831 0.10872
vt 0.95002 0.43298
vt 0.95317 0.44359
vt 0.74057 0.12345
vt 0.72538 0.11424
vt 0.45002 0.75949
vt 0.43959 0.76049
vt 0.45947 0.76037
vt 0.9507 0.47757
vt 0.4286 0.76341
vt 0.94603 0.48799
vt 0.93974 0.49722
vt 0.94831 0.79004
vt 0.47734 0.78726
vt 0.94832 0.8715
vt 0.55937 0.78749
vt 0.9407 0.50511
vt 0.39302 0.81429
vt 0.92416 0.96814
vt 0.92418 0.9607
vt 0.92437 0.96072
vt 0.92436 0.96815
vt 0.92157 0.97833
vt 0.92155 0.97087
vt 0.92175 0.97087
vt 0.92176 0.97831
vt 0.92422 0.98332
vt 0.92418 0.97579
vt 0.92437 0.97578
vt 0.92441 0.9833
vt 0.92171 0.99152
vt 0.92162 0.98531
vt 0.92182 0.98528
vt 0.9219 0.99148
vt 0.92428 0.99041
vt 0.92447 0.99038
vt 0.97849 0.12443
vt 0.97846 0.11782
vt 0.97865 0.1178
vt 0.97868 0.1244
vt 0.92183 0.99668
vt 0.92202 0.99663
vt 0.92437 0.99676
vt 0.92456 0.99672
vt 0.14241 0.89198
vt 0.14242 0.88684
vt 0.14261 0.88689
vt 0.1426 0.89202
vt 0.97846 0.0826
vt 0.97849 0.0769
vt 0.97868 0.07695
vt 0.97865 0.08264
vt 0.14239 0.91194
vt 0.14239 0.9048
vt 0.14258 0.90482
vt 0.14257 0.91195
vt 0.1424 0.89804
vt 0.14259 0.89807
vt 0.97843 0.08911
vt 0.97862 0.08914
vt 0.14242 0.94519
vt 0.14241 0.93964
vt 0.1426 0.93961
vt 0.14261 0.94514
vt 0.97842 0.09612
vt 0.97861 0.09614
vt 0.14239 0.91923
vt 0.14258 0.91923
vt 0.97842 0.1034
vt 0.97861 0.1034
vt 0.14239 0.92647
vt 0.14258 0.92646
vt 0.97843 0.11074
vt 0.97862 0.11073
vt 0.1424 0.93334
vt 0.14259 0.93331
vt 0.92171 0.94885
vt 0.92183 0.94261
vt 0.92202 0.94265
vt 0.9219 0.94888
vt 0.92428 0.94769
vt 0.92437 0.94261
vt 0.92456 0.94266
vt 0.92447 0.94773
vt 0.92163 0.95584
vt 0.92182 0.95586
vt 0.92422 0.95379
vt 0.92441 0.95382
vt 0.92157 0.96327
vt 0.92176 0.96328
vt 0.88999 0.88763
vt 0.87804 0.88771
vt 0.87746 0.88121
vt 0.89057 0.88113
vt 0.87476 0.90955
vt 0.86811 0.91013
vt 0.8639 0.90294
vt 0.87193 0.90227
vt 0.86804 0.70626
vt 0.86781 0.71417
vt 0.86084 0.71329
vt 0.86104 0.7066
vt 0.88963 0.89464
vt 0.87893 0.89471
vt 0.87534 0.70626
vt 0.87507 0.71544
vt 0.88951 0.90196
vt 0.88011 0.90202
vt 0.8826 0.70661
vt 0.88229 0.71706
vt 0.88963 0.90927
vt 0.88153 0.90932
vt 0.88962 0.70729
vt 0.88928 0.71898
vt 0.89057 0.92298
vt 0.8849 0.92302
vt 0.88314 0.9164
vt 0.88998 0.91636
vt 0.90197 0.70961
vt 0.90157 0.72347
vt 0.89581 0.72115
vt 0.89618 0.70831
vt 0.89137 0.92887
vt 0.88674 0.9289
vt 0.93796 0.19756
vt 0.93807 0.18238
vt 0.94323 0.18343
vt 0.94312 0.19774
vt 0.81741 0.92404
vt 0.8136 0.92404
vt 0.81291 0.91824
vt 0.8176 0.91824
vt 0.93176 0.19741
vt 0.93188 0.18156
vt 0.81727 0.93073
vt 0.81411 0.93073
vt 0.92478 0.19728
vt 0.92491 0.18102
vt 0.81718 0.93803
vt 0.81443 0.93803
vt 0.90966 0.19712
vt 0.90979 0.18085
vt 0.91743 0.18078
vt 0.91731 0.19718
vt 0.81718 0.95325
vt 0.81442 0.95325
vt 0.81454 0.94565
vt 0.81715 0.94565
vt 0.90218 0.19709
vt 0.9023 0.18123
vt 0.81727 0.96049
vt 0.8141 0.96049
vt 0.89517 0.1971
vt 0.89529 0.18189
vt 0.81741 0.96709
vt 0.81359 0.96709
vt 0.88891 0.19715
vt 0.88901 0.1828
vt 0.85434 0.71284
vt 0.85451 0.70728
vt 0.8176 0.9728
vt 0.81292 0.9728
vt 0.87722 0.87546
vt 0.89137 0.87537
vt 0.84855 0.71283
vt 0.84868 0.7083
vt 0.88105 0.93675
vt 0.88058 0.9382
vt 0.87495 0.93537
vt 0.87559 0.93314
vt 0.88875 0.72967
vt 0.88769 0.74016
vt 0.88086 0.7356
vt 0.88181 0.72642
vt 0.88076 0.92321
vt 0.87671 0.92364
vt 0.87243 0.91712
vt 0.87773 0.91661
vt 0.90095 0.73651
vt 0.8997 0.74931
vt 0.89407 0.7448
vt 0.89523 0.73309
vt 0.88373 0.92908
vt 0.88079 0.92944
vt 0.93815 0.16796
vt 0.93815 0.15381
vt 0.9433 0.15674
vt 0.9433 0.16996
vt 0.81149 0.92404
vt 0.80942 0.92404
vt 0.80686 0.91825
vt 0.80985 0.91824
vt 0.93197 0.16643
vt 0.93184 0.15177
vt 0.81271 0.93073
vt 0.81135 0.93073
vt 0.925 0.16544
vt 0.925 0.15014
vt 0.81347 0.93803
vt 0.81254 0.93803
vt 0.90987 0.16526
vt 0.90988 0.14996
vt 0.91752 0.14961
vt 0.91752 0.16505
vt 0.81346 0.95325
vt 0.81252 0.95325
vt 0.81294 0.94565
vt 0.81372 0.94565
vt 0.90239 0.16607
vt 0.90239 0.1512
vt 0.81269 0.96049
vt 0.81132 0.96049
vt 0.89537 0.16744
vt 0.89537 0.15326
vt 0.81147 0.96709
vt 0.8094 0.96709
vt 0.88909 0.16929
vt 0.88909 0.15603
vt 0.86051 0.71857
vt 0.85989 0.72374
vt 0.85354 0.72084
vt 0.85406 0.71688
vt 0.80986 0.9728
vt 0.80687 0.97281
vt 0.86525 0.88152
vt 0.85326 0.88242
vt 0.85081 0.87675
vt 0.8639 0.87579
vt 0.84787 0.71866
vt 0.8483 0.71579
vt 0.86709 0.888
vt 0.85634 0.88882
vt 0.86743 0.72077
vt 0.86671 0.72723
vt 0.86934 0.89498
vt 0.85992 0.89572
vt 0.87464 0.72343
vt 0.8738 0.73125
vt 0.64436 0.93884
vt 0.64534 0.93884
vt 0.64549 0.94648
vt 0.64467 0.94648
vt 0.88816 0.78397
vt 0.87582 0.78656
vt 0.87386 0.7814
vt 0.8856 0.77893
vt 0.64138 0.96116
vt 0.64225 0.96114
vt 0.64024 0.96753
vt 0.63878 0.96757
vt 0.66538 0.84686
vt 0.66407 0.85947
vt 0.65889 0.861
vt 0.66016 0.84877
vt 0.64297 0.95404
vt 0.64347 0.95402
vt 0.67857 0.84643
vt 0.67726 0.85904
vt 0.6703 0.85882
vt 0.67162 0.84609
vt 0.6429 0.93887
vt 0.6434 0.93885
vt 0.64387 0.94648
vt 0.6435 0.9465
vt 0.68596 0.84791
vt 0.68468 0.86016
vt 0.86273 0.92391
vt 0.86163 0.92817
vt 0.85449 0.9241
vt 0.85585 0.91869
vt 0.64124 0.93148
vt 0.64211 0.93145
vt 0.69345 0.85043
vt 0.69223 0.86209
vt 0.63861 0.92463
vt 0.64007 0.9246
vt 0.70078 0.85385
vt 0.6996 0.86475
vt 0.85293 0.73308
vt 0.84867 0.73407
vt 0.84506 0.72867
vt 0.84825 0.7279
vt 0.63513 0.9186
vt 0.63737 0.91854
vt 0.70759 0.85808
vt 0.70654 0.86803
vt 0.87806 0.76647
vt 0.86806 0.76859
vt 0.86445 0.76144
vt 0.87337 0.75952
vt 0.84182 0.72428
vt 0.84407 0.7237
vt 0.83622 0.90278
vt 0.83405 0.91171
vt 0.82836 0.90799
vt 0.83077 0.898
vt 0.85794 0.73904
vt 0.85255 0.74025
vt 0.84235 0.90793
vt 0.84044 0.91572
vt 0.86317 0.7456
vt 0.85658 0.74705
vt 0.84899 0.91331
vt 0.84735 0.91991
vt 0.86835 0.7525
vt 0.86058 0.75419
vt 0.86939 0.92879
vt 0.86853 0.93198
vt 0.88218 0.77301
vt 0.87123 0.77533
vt 0.64353 0.91847
vt 0.64257 0.91338
vt 0.64935 0.91335
vt 0.64926 0.91843
vt 0.68423 0.8753
vt 0.68417 0.89072
vt 0.67673 0.89048
vt 0.6768 0.87462
vt 0.86102 0.93366
vt 0.86077 0.93924
vt 0.85347 0.93796
vt 0.85377 0.93097
vt 0.64351 0.93143
vt 0.64494 0.93143
vt 0.69181 0.87654
vt 0.69176 0.89123
vt 0.64539 0.95402
vt 0.64442 0.95401
vt 0.64218 0.92456
vt 0.64433 0.92455
vt 0.69921 0.87826
vt 0.69917 0.892
vt 0.84321 0.7346
vt 0.83765 0.73479
vt 0.83661 0.72927
vt 0.84087 0.72912
vt 0.64042 0.91849
vt 0.70619 0.8804
vt 0.70615 0.89299
vt 0.85569 0.7695
vt 0.84312 0.76978
vt 0.84212 0.76257
vt 0.85337 0.76229
vt 0.63831 0.91342
vt 0.71243 0.88286
vt 0.71241 0.89415
vt 0.84571 0.74087
vt 0.83876 0.74109
vt 0.83949 0.92545
vt 0.83907 0.93536
vt 0.83249 0.93412
vt 0.83298 0.92282
vt 0.84831 0.74775
vt 0.83991 0.74799
vt 0.84652 0.92821
vt 0.84615 0.93666
vt 0.85089 0.75497
vt 0.84104 0.75523
vt 0.86802 0.93617
vt 0.86781 0.94045
vt 0.85772 0.77629
vt 0.84399 0.77659
vt 0.87452 0.93842
vt 0.87435 0.94153
vt 0.85939 0.78241
vt 0.8447 0.7827
vt 0.88022 0.9403
vt 0.88008 0.94244
vt 0.86064 0.7876
vt 0.84522 0.78789
vt 0.64364 0.96112
vt 0.64506 0.96112
vt 0.64449 0.96749
vt 0.64234 0.9675
vt 0.66361 0.87504
vt 0.66354 0.89089
vt 0.65838 0.89153
vt 0.65844 0.87613
vt 0.66975 0.89054
vt 0.66982 0.87456
vt 0.71275 0.90729
vt 0.70651 0.9073
vt 0.82956 0.74109
vt 0.82971 0.73478
vt 0.83914 0.94724
vt 0.83253 0.94727
vt 0.82939 0.74795
vt 0.84622 0.94722
vt 0.82921 0.75519
vt 0.85356 0.94721
vt 0.82903 0.76248
vt 0.86785 0.94724
vt 0.86084 0.94722
vt 0.82867 0.77637
vt 0.82885 0.76961
vt 0.87436 0.94726
vt 0.8285 0.78243
vt 0.88006 0.9473
vt 0.82836 0.78757
vt 0.64926 0.96114
vt 0.64935 0.9675
vt 0.66386 0.90816
vt 0.6587 0.90838
vt 0.6492 0.95406
vt 0.67006 0.90794
vt 0.64915 0.93888
vt 0.64916 0.94653
vt 0.68449 0.90758
vt 0.67704 0.90775
vt 0.64916 0.93144
vt 0.69209 0.90745
vt 0.6492 0.92453
vt 0.69952 0.90735
vt 0.82983 0.72924
vt 0.90082 0.76449
vt 0.89506 0.77347
vt 0.891 0.76791
vt 0.89675 0.7597
vt 0.87858 0.9301
vt 0.87677 0.93131
vt 0.87103 0.92621
vt 0.87358 0.92452
vt 0.88611 0.7618
vt 0.89137 0.7543
vt 0.86489 0.92048
vt 0.86826 0.91826
vt 0.88526 0.74864
vt 0.88056 0.75535
vt 0.87463 0.74885
vt 0.87873 0.74299
vt 0.86282 0.91155
vt 0.85857 0.91435
vt 0.85229 0.90803
vt 0.85746 0.90463
vt 0.86849 0.7425
vt 0.87198 0.73752
vt 0.84623 0.9017
vt 0.85232 0.8977
vt 0.86231 0.73647
vt 0.86519 0.73238
vt 0.84066 0.89564
vt 0.84762 0.89107
vt 0.85639 0.73104
vt 0.85867 0.7278
vt 0.83573 0.89002
vt 0.84351 0.88492
vt 0.85259 0.72389
vt 0.85086 0.72635
vt 0.84592 0.72258
vt 0.84717 0.72082
vt 0.83209 0.88516
vt 0.84014 0.87947
vt 0.8046 0.97281
vt 0.80271 0.97281
vt 0.80665 0.96709
vt 0.80791 0.96709
vt 0.88886 0.14527
vt 0.88834 0.13722
vt 0.89453 0.13262
vt 0.89536 0.14228
vt 0.80963 0.96049
vt 0.81042 0.96049
vt 0.81253 0.94565
vt 0.81214 0.94564
vt 0.81151 0.93803
vt 0.812 0.93803
vt 0.90151 0.12953
vt 0.90214 0.1391
vt 0.81149 0.95324
vt 0.81199 0.95324
vt 0.90897 0.12765
vt 0.90962 0.1375
vt 0.91727 0.13703
vt 0.91661 0.12709
vt 0.92409 0.12785
vt 0.92474 0.13769
vt 0.80967 0.93072
vt 0.81045 0.93072
vt 0.93109 0.12993
vt 0.93172 0.13948
vt 0.80668 0.92404
vt 0.80794 0.92404
vt 0.90456 0.769
vt 0.89809 0.77824
vt 0.88305 0.93474
vt 0.88184 0.93555
vt 0.70995 0.85017
vt 0.7035 0.84533
vt 0.63328 0.91869
vt 0.63738 0.9247
vt 0.69621 0.84117
vt 0.64049 0.93152
vt 0.64314 0.94652
vt 0.64252 0.95406
vt 0.68886 0.83819
vt 0.64245 0.93889
vt 0.68156 0.83642
vt 0.67464 0.83599
vt 0.66837 0.83686
vt 0.64064 0.9612
vt 0.89996 0.78199
vt 0.88973 0.78789
vt 0.88605 0.93875
vt 0.88554 0.93948
vt 0.8845 0.93427
vt 0.9378 0.14251
vt 0.90437 0.75354
vt 0.71275 0.87176
vt 0.63413 0.91347
vt 0.81247 0.57605
vt 0.81204 0.57609
vt 0.81164 0.5756
vt 0.08475 0.70938
vt 0.08456 0.71511
vt 0.06725 0.71511
vt 0.06744 0.70938
vt 0.19309 0.89905
vt 0.19425 0.89327
vt 0.21103 0.89325
vt 0.20987 0.89903
vt 0.71196 0.91631
vt 0.71138 0.92288
vt 0.69431 0.92289
vt 0.69489 0.91633
vt 0.71196 0.95797
vt 0.71275 0.9638
vt 0.69568 0.96381
vt 0.69489 0.95799
vt 0.19224 0.90557
vt 0.20902 0.90555
vt 0.71103 0.94445
vt 0.71139 0.95145
vt 0.69432 0.95147
vt 0.69396 0.94447
vt 0.19172 0.91258
vt 0.20849 0.91256
vt 0.71091 0.93715
vt 0.69384 0.93717
vt 0.19154 0.9199
vt 0.20831 0.91988
vt 0.71103 0.9299
vt 0.69396 0.92991
vt 0.19171 0.9272
vt 0.20849 0.92718
vt 0.19308 0.94088
vt 0.19223 0.93428
vt 0.20901 0.93426
vt 0.20986 0.94086
vt 0.71275 0.91052
vt 0.69568 0.91054
vt 0.19425 0.94674
vt 0.21103 0.94672
vt 0.61704 0.96136
vt 0.61716 0.96762
vt 0.59984 0.96767
vt 0.59972 0.9614
vt 0.08456 0.75817
vt 0.08475 0.76395
vt 0.06744 0.76395
vt 0.06725 0.75817
vt 0.61695 0.95434
vt 0.59964 0.95438
vt 0.08442 0.75149
vt 0.06711 0.75149
vt 0.6169 0.94684
vt 0.59958 0.94689
vt 0.08433 0.74419
vt 0.06702 0.74419
vt 0.6169 0.93171
vt 0.61688 0.93919
vt 0.59956 0.93923
vt 0.59958 0.93175
vt 0.08433 0.72898
vt 0.0843 0.73658
vt 0.06699 0.73658
vt 0.06702 0.72898
vt 0.61695 0.92473
vt 0.59964 0.92477
vt 0.08442 0.72172
vt 0.06711 0.72172
vt 0.61704 0.91853
vt 0.59972 0.91858
vt 0.61716 0.91335
vt 0.59984 0.91339
vt 0.38902 0.85691
vt 0.39088 0.85691
vt 0.39071 0.86621
vt 0.38885 0.8662
vt 0.14505 0.89453
vt 0.14691 0.89453
vt 0.14681 0.90371
vt 0.14496 0.90371
vt 0.38864 0.88764
vt 0.3905 0.88765
vt 0.39047 0.89897
vt 0.38861 0.89896
vt 0.38872 0.92061
vt 0.39057 0.92061
vt 0.3907 0.92997
vt 0.38885 0.92996
vt 0.14675 0.91407
vt 0.1449 0.91408
vt 0.39049 0.91011
vt 0.38864 0.91011
vt 0.08283 0.80426
vt 0.08469 0.80426
vt 0.08469 0.81533
vt 0.08283 0.81533
vt 0.14673 0.92523
vt 0.14487 0.92523
vt 0.14489 0.93672
vt 0.14675 0.93672
vt 0.14681 0.94804
vt 0.14495 0.94804
vt 0.39088 0.93782
vt 0.38902 0.93782
vt 0.1469 0.95869
vt 0.14505 0.9587
vt 0.08289 0.7661
vt 0.08475 0.7661
vt 0.08473 0.77389
vt 0.08287 0.77389
vt 0.14703 0.96824
vt 0.14518 0.96824
vt 0.08471 0.7831
vt 0.08285 0.78311
vt 0.98837 0.00107
vt 0.99022 0.00107
vt 0.99017 0.00974
vt 0.98831 0.00974
vt 0.0847 0.79338
vt 0.08284 0.79338
vt 0.99013 0.01956
vt 0.98828 0.01956
vt 0.98826 0.03021
vt 0.99011 0.03021
vt 0.99012 0.04116
vt 0.98826 0.04116
vt 0.0847 0.82622
vt 0.08284 0.82622
vt 0.99013 0.05209
vt 0.98828 0.05209
vt 0.08471 0.83661
vt 0.08285 0.83661
vt 0.99017 0.06271
vt 0.98831 0.06271
vt 0.08473 0.84605
vt 0.08287 0.84605
vt 0.99022 0.07252
vt 0.98837 0.07252
vt 0.08475 0.85427
vt 0.08289 0.85427
vt 0.39058 0.87661
vt 0.38872 0.8766
vt 0.14518 0.88684
vt 0.14703 0.88684
vt 0.99668 0.19378
vt 0.99488 0.19378
vt 0.9949 0.18772
vt 0.99669 0.18772
vt 0.94321 0.38551
vt 0.94141 0.38551
vt 0.94144 0.379
vt 0.94323 0.379
vt 0.99671 0.24092
vt 0.99491 0.24092
vt 0.9949 0.23538
vt 0.99669 0.23538
vt 0.99667 0.20054
vt 0.99488 0.20054
vt 0.9432 0.39252
vt 0.9414 0.39253
vt 0.99667 0.21496
vt 0.99487 0.21496
vt 0.99487 0.20768
vt 0.99667 0.20768
vt 0.9432 0.3998
vt 0.9414 0.3998
vt 0.99667 0.22221
vt 0.99488 0.22221
vt 0.94321 0.40714
vt 0.94141 0.40715
vt 0.99668 0.22907
vt 0.99489 0.22907
vt 0.94323 0.41422
vt 0.94144 0.41422
vt 0.35401 0.59816
vt 0.35221 0.59816
vt 0.35233 0.59192
vt 0.35412 0.59192
vt 0.98592 0.36904
vt 0.98412 0.36904
vt 0.98421 0.36396
vt 0.986 0.36396
vt 0.35392 0.60515
vt 0.35213 0.60514
vt 0.98585 0.37514
vt 0.98406 0.37514
vt 0.35387 0.61258
vt 0.35207 0.61258
vt 0.98581 0.38205
vt 0.98402 0.38205
vt 0.35385 0.62018
vt 0.35205 0.62018
vt 0.9858 0.38949
vt 0.98401 0.38949
vt 0.35386 0.62764
vt 0.35207 0.62763
vt 0.98585 0.40467
vt 0.98406 0.40467
vt 0.98402 0.39714
vt 0.98581 0.39714
vt 0.354 0.64083
vt 0.35221 0.64082
vt 0.35212 0.63462
vt 0.35392 0.63462
vt 0.98592 0.41175
vt 0.98412 0.41176
vt 0.94327 0.42083
vt 0.94147 0.42083
vt 0.35412 0.64599
vt 0.35233 0.64598
vt 0.986 0.41811
vt 0.98421 0.41811
vt 0.99491 0.18257
vt 0.99671 0.18257
vt 0.94147 0.37331
vt 0.94327 0.3733
vt 0.8117 0.57582
vt 0.81166 0.57571
vt 0.81164 0.57549
vt 0.81166 0.57537
vt 0.8117 0.57527
vt 0.81177 0.57518
vt 0.81185 0.5751
vt 0.81194 0.57504
vt 0.81204 0.575
vt 0.81215 0.57498
vt 0.81226 0.57498
vt 0.81237 0.575
vt 0.81247 0.57504
vt 0.81256 0.5751
vt 0.81264 0.57518
vt 0.81271 0.57527
vt 0.81275 0.57538
vt 0.81277 0.5756
vt 0.81277 0.57549
vt 0.81275 0.57571
vt 0.81271 0.57582
vt 0.81264 0.57591
vt 0.81256 0.57599
vt 0.81237 0.57609
vt 0.81226 0.57612
vt 0.81215 0.57612
vt 0.81194 0.57605
vt 0.81185 0.57599
vt 0.81177 0.57591
vt 0.7943 0.41815
vt 0.79503 0.41864
vt 0.79462 0.41925
vt 0.35201 0.5321
vt 0.35201 0.52062
vt 0.35239 0.52062
vt 0.35239 0.5321
vt 0.99817 0.306
vt 0.99817 0.31726
vt 0.99778 0.31726
vt 0.99778 0.306
vt 0.35201 0.55395
vt 0.35201 0.54336
vt 0.35239 0.54336
vt 0.35239 0.55395
vt 0.99817 0.28326
vt 0.99817 0.2945
vt 0.99778 0.2945
vt 0.99778 0.28326
vt 0.35201 0.56338
vt 0.35239 0.56338
vt 0.99677 0.89513
vt 0.99677 0.90601
vt 0.99638 0.90601
vt 0.99638 0.89513
vt 0.99817 0.27275
vt 0.99778 0.27275
vt 0.35201 0.57129
vt 0.35239 0.57129
vt 0.99817 0.2634
vt 0.99778 0.2634
vt 0.99677 0.95542
vt 0.99677 0.96179
vt 0.99638 0.96179
vt 0.99638 0.95542
vt 0.99893 0.61835
vt 0.99893 0.62933
vt 0.99854 0.62933
vt 0.99854 0.61835
vt 0.99893 0.64003
vt 0.99893 0.64995
vt 0.99854 0.64995
vt 0.99854 0.64003
vt 0.99677 0.9474
vt 0.99638 0.9474
vt 0.35201 0.48973
vt 0.35201 0.48189
vt 0.35239 0.48189
vt 0.35239 0.48973
vt 0.99677 0.93811
vt 0.99638 0.93811
vt 0.99893 0.60743
vt 0.99854 0.60743
vt 0.99677 0.92789
vt 0.99638 0.92789
vt 0.99893 0.59686
vt 0.99854 0.59686
vt 0.99677 0.91703
vt 0.99638 0.91703
vt 0.99893 0.58715
vt 0.99854 0.58715
vt 0.99893 0.57852
vt 0.99854 0.57852
vt 0.99677 0.88479
vt 0.99638 0.88479
vt 0.35201 0.49901
vt 0.35239 0.49901
vt 0.99677 0.87537
vt 0.99638 0.87537
vt 0.35201 0.50944
vt 0.35239 0.50944
vt 0.99817 0.32778
vt 0.99817 0.33715
vt 0.99778 0.33715
vt 0.99778 0.32778
vt 0.79496 0.41843
vt 0.79501 0.41853
vt 0.79503 0.41876
vt 0.79501 0.41887
vt 0.79496 0.41898
vt 0.7949 0.41907
vt 0.79482 0.41915
vt 0.79473 0.41921
vt 0.79452 0.41927
vt 0.79441 0.41927
vt 0.7943 0.41925
vt 0.7942 0.41921
vt 0.7941 0.41915
vt 0.79402 0.41907
vt 0.79396 0.41898
vt 0.79389 0.41864
vt 0.79391 0.41887
vt 0.79389 0.41876
vt 0.79391 0.41853
vt 0.79396 0.41843
vt 0.79402 0.41833
vt 0.79419 0.41819
vt 0.7941 0.41825
vt 0.7944 0.41813
vt 0.79452 0.41813
vt 0.79462 0.41815
vt 0.79473 0.41819
vt 0.79482 0.41825
vt 0.7949 0.41833
usemtl mat0
f 1183/1183/1154 1184/1184/1155 1185/1185/1155
f 1183/1183/1154 1185/1185/1155 1186/1186/1154
f 1187/1187/1156 1188/1188/1157 1189/1189/1157
f 1187/1187/1156 1189/1189/1157 1190/1190/1156
f 1191/1191/1158 1192/1192/1159 1193/1193/1159
f 1191/1191/1158 1193/1193/1159 1194/1194/1158
f 1195/1195/1160 1183/1183/1154 1186/1186/1154
f 1195/1195/1160 1186/1186/1154 1196/1196/1160
f 1197/1197/1161 1187/1187/1156 1190/1190/1156
f 1197/1197/1161 1190/1190/1156 1198/1198/1161
f 1184/1184/1155 1199/1199/1162 1200/1200/1162
f 1184/1184/1155 1200/1200/1162 1185/1185/1155
f 1201/1201/1163 1195/1195/1160 1196/1196/1160
f 1201/1201/1163 1196/1196/1160 1202/1202/1163
f 1203/1203/1164 1197/1197/1161 1198/1198/1161
f 1203/1203/1164 1198/1198/1161 1204/1204/1164
f 1205/1205/1165 1206/1206/1166 1207/1207/1166
f 1205/1205/1165 1207/1207/1166 1208/1208/1165
f 1209/1209/1167 1201/1201/1163 1202/1202/1163
f 1209/1209/1167 1202/1202/1163 1210/1210/1167
f 1211/1211/1168 1212/1212/1169 1213/1213/1169
f 1211/1211/1168 1213/1213/1169 1214/1214/1168
f 1215/1215/1170 1216/1216/1171 1217/1217/1171
f 1215/1215/1170 1217/1217/1171 1218/1218/1170
f 1206/1206/1166 1219/1219/1172 1220/1220/1172
f 1206/1206/1166 1220/1220/1172 1207/1207/1166
f 1221/1221/1173 1211/1211/1168 1214/1214/1168
f 1221/1221/1173 1214/1214/1168 1222/1222/1173
f 1223/1223/1174 1205/1205/1165 1208/1208/1165
f 1223/1223/1174 1208/1208/1165 1224/1224/1174
f 1225/1225/1175 1221/1221/1173 1222/1222/1173
f 1225/1225/1175 1222/1222/1173 1226/1226/1175
f 1227/1227/1176 1223/1223/1174 1224/1224/1174
f 1227/1227/1176 1224/1224/1174 1228/1228/1176
f 1229/1229/1177 1225/1225/1175 1226/1226/1175
f 1229/1229/1177 1226/1226/1175 1230/1230/1178
f 1231/1231/1179 1227/1227/1176 1228/1228/1176
f 1231/1231/1179 1228/1228/1176 1232/1232/1179
f 1192/1192/1159 1229/1229/1177 1230/1230/1178
f 1192/1192/1159 1230/1230/1178 1193/1193/1159
f 1216/1216/1171 1231/1231/1179 1232/1232/1179
f 1216/1216/1171 1232/1232/1179 1217/1217/1171
f 1233/1233/1180 1191/1191/1158 1194/1194/1158
f 1233/1233/1180 1194/1194/1158 1234/1234/1181
f 1235/1235/1182 1215/1215/1170 1218/1218/1170
f 1235/1235/1182 1218/1218/1170 1236/1236/1182
f 1237/1237/1183 1233/1233/1180 1234/1234/1181
f 1237/1237/1183 1234/1234/1181 1238/1238/1183
f 1239/1239/1184 1240/1240/1185 1241/1241/1185
f 1239/1239/1184 1241/1241/1185 1242/1242/1184
f 1243/1243/1186 1244/1244/1187 1245/1245/1187
f 1243/1243/1186 1245/1245/1187 1246/1246/1186
f 1247/1247/1188 1239/1239/1184 1242/1242/1184
f 1247/1247/1188 1242/1242/1184 1248/1248/1188
f 1249/1249/1189 1243/1243/1186 1246/1246/1186
f 1249/1249/1189 1246/1246/1186 1250/1250/1189
f 1251/1251/1190 1247/1247/1188 1248/1248/1188
f 1251/1251/1190 1248/1248/1188 1252/1252/1190
f 1199/1199/1162 1249/1249/1189 1250/1250/1189
f 1199/1199/1162 1250/1250/1189 1200/1200/1162
f 1188/1188/1157 1253/1253/1191 1254/1254/1191
f 1188/1188/1157 1254/1254/1191 1189/1189/1157
f 1253/1253/1191 1251/1251/1190 1252/1252/1190
f 1253/1253/1191 1252/1252/1190 1254/1254/1191
f 1255/1255/1192 1256/1256/1193 1257/1257/1194
f 1255/1255/1192 1257/1257/1194 1258/1258/1195
f 1259/1259/1196 1260/1260/1197 1261/1261/1198
f 1259/1259/1196 1261/1261/1198 1262/1262/1199
f 1263/1263/1200 1264/1264/1201 1265/1265/1202
f 1263/1263/1200 1265/1265/1202 1266/1266/1203
f 1267/1267/1204 1268/1268/1205 1256/1256/1193
f 1267/1267/1204 1256/1256/1193 1255/1255/1192
f 1269/1269/1206 1270/1270/1207 1271/1271/1208
f 1269/1269/1206 1271/1271/1208 1272/1272/1209
f 1273/1273/1210 1274/1274/1211 1275/1275/1212
f 1273/1273/1210 1275/1275/1212 1276/1276/1213
f 1277/1277/1214 1278/1278/1215 1270/1270/1207
f 1277/1277/1214 1270/1270/1207 1269/1269/1206
f 1279/1279/1216 1280/1280/1217 1274/1274/1211
f 1279/1279/1216 1274/1274/1211 1273/1273/1210
f 1281/1281/1218 1282/1282/1219 1278/1278/1215
f 1281/1281/1218 1278/1278/1215 1277/1277/1214
f 1283/1283/1220 1284/1284/1221 1280/1280/1217
f 1283/1283/1220 1280/1280/1217 1279/1279/1216
f 1285/1285/1222 1286/1286/1223 1282/1282/1219
f 1285/1285/1222 1282/1282/1219 1281/1281/1218
f 1266/1266/1203 1265/1265/1202 1284/1284/1221
f 1266/1266/1203 1284/1284/1221 1283/1283/1220
f 1287/1287/1224 1288/1288/1225 1289/1289/1226
f 1287/1287/1224 1289/1289/1226 1290/1290/1227
f 1291/1291/1228 1292/1292/1229 1264/1264/1201
f 1291/1291/1228 1264/1264/1201 1263/1263/1200
f 1293/1293/1230 1294/1294/1231 1288/1288/1225
f 1293/1293/1230 1288/1288/1225 1287/1287/1224
f 1295/1295/1232 1296/1296/1233 1292/1292/1229
f 1295/1295/1232 1292/1292/1229 1291/1291/1228
f 1297/1297/1234 1298/1298/1235 1294/1294/1231
f 1297/1297/1234 1294/1294/1231 1293/1293/1230
f 1299/1299/1236 1300/1300/1237 1301/1301/1238
f 1299/1299/1236 1301/1301/1238 1302/1302/1239
f 1303/1303/1240 1304/1304/1241 1298/1298/1235
f 1303/1303/1240 1298/1298/1235 1297/1297/1234
f 1305/1305/1242 1306/1306/1243 1300/1300/1237
f 1305/1305/1242 1300/1300/1237 1299/1299/1236
f 1307/1307/1244 1308/1308/1245 1309/1309/1246
f 1307/1307/1244 1309/1309/1246 1310/1310/1247
f 1311/1311/1248 1312/1312/1249 1313/1313/1250
f 1311/1311/1248 1313/1313/1250 1314/1314/1251
f 1314/1314/1251 1313/1313/1250 1306/1306/1243
f 1314/1314/1251 1306/1306/1243 1305/1305/1242
f 1315/1315/1252 1316/1316/1253 1317/1317/1254
f 1315/1315/1252 1317/1317/1254 1318/1318/1255
f 1319/1319/1256 1320/1320/1257 1312/1312/1249
f 1319/1319/1256 1312/1312/1249 1311/1311/1248
f 1290/1290/1227 1289/1289/1226 1286/1286/1223
f 1290/1290/1227 1286/1286/1223 1285/1285/1222
f 1321/1321/1258 1322/1322/1259 1316/1316/1253
f 1321/1321/1258 1316/1316/1253 1315/1315/1252
f 1323/1323/1260 1324/1324/1261 1320/1320/1257
f 1323/1323/1260 1320/1320/1257 1319/1319/1256
f 1318/1318/1255 1317/1317/1254 1308/1308/1245
f 1318/1318/1255 1308/1308/1245 1307/1307/1244
f 1258/1258/1195 1257/1257/1194 1322/1322/1259
f 1258/1258/1195 1322/1322/1259 1321/1321/1258
f 1262/1262/1199 1261/1261/1198 1324/1324/1261
f 1262/1262/1199 1324/1324/1261 1323/1323/1260
f 1325/1325/1262 1326/1326/1263 1268/1268/1205
f 1325/1325/1262 1268/1268/1205 1267/1267/1204
f 1327/1327/1264 1328/1328/1265 1329/1329/1266
f 1327/1327/1264 1329/1329/1266 1330/1330/1267
f 1331/1331/1268 1332/1332/1269 1333/1333/1270
f 1331/1331/1268 1333/1333/1270 1334/1334/1271
f 1335/1335/1272 1336/1336/1273 1337/1337/1274
f 1335/1335/1272 1337/1337/1274 1338/1338/1275
f 1339/1339/1276 1340/1340/1277 1328/1328/1265
f 1339/1339/1276 1328/1328/1265 1327/1327/1264
f 1341/1341/1278 1342/1342/1279 1336/1336/1273
f 1341/1341/1278 1336/1336/1273 1335/1335/1272
f 1343/1343/1280 1344/1344/1281 1340/1340/1277
f 1343/1343/1280 1340/1340/1277 1339/1339/1276
f 1345/1345/1282 1346/1346/1283 1342/1342/1279
f 1345/1345/1282 1342/1342/1279 1341/1341/1278
f 1347/1347/1284 1348/1348/1285 1344/1344/1281
f 1347/1347/1284 1344/1344/1281 1343/1343/1280
f 1349/1349/1286 1350/1350/1287 1346/1346/1283
f 1349/1349/1286 1346/1346/1283 1345/1345/1282
f 1351/1351/1288 1352/1352/1289 1353/1353/1290
f 1351/1351/1288 1353/1353/1290 1354/1354/1291
f 1355/1355/1292 1356/1356/1293 1357/1357/1294
f 1355/1355/1292 1357/1357/1294 1358/1358/1295
f 1359/1359/1296 1360/1360/1297 1352/1352/1289
f 1359/1359/1296 1352/1352/1289 1351/1351/1288
f 1361/1361/1298 1362/1362/1299 1363/1363/1300
f 1361/1361/1298 1363/1363/1300 1364/1364/1301
f 1365/1365/1302 1366/1366/1303 1367/1367/1304
f 1365/1365/1302 1367/1367/1304 1368/1368/1305
f 1369/1369/1306 1370/1370/1307 1362/1362/1299
f 1369/1369/1306 1362/1362/1299 1361/1361/1298
f 1371/1371/1308 1372/1372/1309 1366/1366/1303
f 1371/1371/1308 1366/1366/1303 1365/1365/1302
f 1373/1373/1310 1374/1374/1311 1370/1370/1307
f 1373/1373/1310 1370/1370/1307 1369/1369/1306
f 1375/1375/1312 1376/1376/1313 1372/1372/1309
f 1375/1375/1312 1372/1372/1309 1371/1371/1308
f 1377/1377/1314 1378/1378/1315 1379/1379/1316
f 1377/1377/1314 1379/1379/1316 1380/1380/1317
f 1380/1380/1317 1379/1379/1316 1374/1374/1311
f 1380/1380/1317 1374/1374/1311 1373/1373/1310
f 1381/1381/1318 1382/1382/1319 1383/1383/1320
f 1381/1381/1318 1383/1383/1320 1384/1384/1321
f 1385/1385/1322 1386/1386/1323 1378/1378/1315
f 1385/1385/1322 1378/1378/1315 1377/1377/1314
f 1354/1354/1291 1353/1353/1290 1348/1348/1285
f 1354/1354/1291 1348/1348/1285 1347/1347/1284
f 1387/1387/1324 1388/1388/1325 1382/1382/1319
f 1387/1387/1324 1382/1382/1319 1381/1381/1318
f 1389/1389/1326 1390/1390/1327 1386/1386/1323
f 1389/1389/1326 1386/1386/1323 1385/1385/1322
f 1384/1384/1321 1383/1383/1320 1376/1376/1313
f 1384/1384/1321 1376/1376/1313 1375/1375/1312
f 1391/1391/1328 1392/1392/1329 1388/1388/1325
f 1391/1391/1328 1388/1388/1325 1387/1387/1324
f 1393/1393/1330 1394/1394/1331 1390/1390/1327
f 1393/1393/1330 1390/1390/1327 1389/1389/1326
f 1338/1338/1275 1337/1337/1274 1395/1395/1332
f 1338/1338/1275 1395/1395/1332 1396/1396/1333
f 1397/1397/1334 1398/1398/1335 1392/1392/1329
f 1397/1397/1334 1392/1392/1329 1391/1391/1328
f 1330/1330/1267 1329/1329/1266 1399/1399/1336
f 1330/1330/1267 1399/1399/1336 1400/1400/1337
f 1358/1358/1295 1357/1357/1294 1350/1350/1287
f 1358/1358/1295 1350/1350/1287 1349/1349/1286
f 1396/1396/1333 1395/1395/1332 1401/1401/1338
f 1396/1396/1333 1401/1401/1338 1402/1402/1339
f 1403/1403/1340 1404/1404/1341 1405/1405/1342
f 1403/1403/1340 1405/1405/1342 1406/1406/1343
f 1407/1407/1344 1408/1408/1345 1409/1409/1346
f 1407/1407/1344 1409/1409/1346 1410/1410/1347
f 1411/1411/1348 1412/1412/1349 1413/1413/1350
f 1411/1411/1348 1413/1413/1350 1414/1414/1351
f 1415/1415/1352 1416/1416/1353 1417/1417/1354
f 1415/1415/1352 1417/1417/1354 1418/1418/1355
f 1419/1419/1356 1420/1420/1357 1412/1412/1349
f 1419/1419/1356 1412/1412/1349 1411/1411/1348
f 1421/1421/1358 1422/1422/1359 1423/1423/1360
f 1421/1421/1358 1423/1423/1360 1424/1424/1361
f 1425/1425/1362 1426/1426/1363 1427/1427/1364
f 1425/1425/1362 1427/1427/1364 1428/1428/1365
f 1429/1429/1366 1430/1430/1367 1422/1422/1359
f 1429/1429/1366 1422/1422/1359 1421/1421/1358
f 1431/1431/1368 1432/1432/1369 1426/1426/1363
f 1431/1431/1368 1426/1426/1363 1425/1425/1362
f 1433/1433/1370 1434/1434/1371 1430/1430/1367
f 1433/1433/1370 1430/1430/1367 1429/1429/1366
f 1435/1435/1372 1436/1436/1373 1432/1432/1369
f 1435/1435/1372 1432/1432/1369 1431/1431/1368
f 1437/1437/1374 1438/1438/1375 1439/1439/1376
f 1437/1437/1374 1439/1439/1376 1440/1440/1377
f 1440/1440/1377 1439/1439/1376 1434/1434/1371
f 1440/1440/1377 1434/1434/1371 1433/1433/1370
f 1441/1441/1378 1442/1442/1379 1443/1443/1380
f 1441/1441/1378 1443/1443/1380 1444/1444/1381
f 1445/1445/1382 1446/1446/1383 1438/1438/1375
f 1445/1445/1382 1438/1438/1375 1437/1437/1374
f 1414/1414/1351 1413/1413/1350 1332/1332/1269
f 1414/1414/1351 1332/1332/1269 1331/1331/1268
f 1447/1447/1384 1448/1448/1385 1442/1442/1379
f 1447/1447/1384 1442/1442/1379 1441/1441/1378
f 1449/1449/1386 1450/1450/1387 1446/1446/1383
f 1449/1449/1386 1446/1446/1383 1445/1445/1382
f 1444/1444/1381 1443/1443/1380 1436/1436/1373
f 1444/1444/1381 1436/1436/1373 1435/1435/1372
f 1451/1451/1388 1452/1452/1389 1448/1448/1385
f 1451/1451/1388 1448/1448/1385 1447/1447/1384
f 1453/1453/1390 1454/1454/1391 1450/1450/1387
f 1453/1453/1390 1450/1450/1387 1449/1449/1386
f 1455/1455/1392 1456/1456/1393 1457/1457/1394
f 1455/1455/1392 1457/1457/1394 1458/1458/1395
f 1459/1459/1396 1460/1460/1397 1452/1452/1389
f 1459/1459/1396 1452/1452/1389 1451/1451/1388
f 1461/1461/1398 1462/1462/1399 1463/1463/1400
f 1461/1461/1398 1463/1463/1400 1464/1464/1401
f 1418/1418/1355 1417/1417/1354 1408/1408/1345
f 1418/1418/1355 1408/1408/1345 1407/1407/1344
f 1458/1458/1395 1457/1457/1394 1465/1465/1402
f 1458/1458/1395 1465/1465/1402 1466/1466/1403
f 1467/1467/1404 1468/1468/1405 1462/1462/1399
f 1467/1467/1404 1462/1462/1399 1461/1461/1398
f 1469/1469/1406 1470/1470/1407 1456/1456/1393
f 1469/1469/1406 1456/1456/1393 1455/1455/1392
f 1471/1471/1408 1472/1472/1409 1468/1468/1405
f 1471/1471/1408 1468/1468/1405 1467/1467/1404
f 1473/1473/1410 1474/1474/1411 1470/1470/1407
f 1473/1473/1410 1470/1470/1407 1469/1469/1406
f 1334/1334/1271 1333/1333/1270 1472/1472/1409
f 1334/1334/1271 1472/1472/1409 1471/1471/1408
f 1410/1410/1347 1409/1409/1346 1474/1474/1411
f 1410/1410/1347 1474/1474/1411 1473/1473/1410
f 1475/1475/1412 1476/1476/1413 1477/1477/1414
f 1475/1475/1412 1477/1477/1414 1478/1478/1415
f 1479/1479/1416 1480/1480/1417 1481/1481/1418
f 1479/1479/1416 1481/1481/1418 1482/1482/1419
f 1483/1483/1420 1484/1484/1421 1404/1404/1341
f 1483/1483/1420 1404/1404/1341 1403/1403/1340
f 1485/1485/1422 1486/1486/1423 1480/1480/1417
f 1485/1485/1422 1480/1480/1417 1479/1479/1416
f 1487/1487/1424 1488/1488/1425 1484/1484/1421
f 1487/1487/1424 1484/1484/1421 1483/1483/1420
f 1489/1489/1426 1490/1490/1427 1491/1491/1428
f 1489/1489/1426 1491/1491/1428 1492/1492/1429
f 1492/1492/1429 1491/1491/1428 1486/1486/1423
f 1492/1492/1429 1486/1486/1423 1485/1485/1422
f 1493/1493/1430 1494/1494/1431 1495/1495/1432
f 1493/1493/1430 1495/1495/1432 1496/1496/1433
f 1497/1497/1434 1498/1498/1435 1490/1490/1427
f 1497/1497/1434 1490/1490/1427 1489/1489/1426
f 1499/1499/1436 1500/1500/1437 1501/1501/1438
f 1499/1499/1436 1501/1501/1438 1502/1502/1439
f 1503/1503/1440 1504/1504/1441 1494/1494/1431
f 1503/1503/1440 1494/1494/1431 1493/1493/1430
f 1505/1505/1442 1506/1506/1443 1507/1507/1444
f 1505/1505/1442 1507/1507/1444 1508/1508/1445
f 1496/1496/1433 1495/1495/1432 1488/1488/1425
f 1496/1496/1433 1488/1488/1425 1487/1487/1424
f 1509/1509/1446 1510/1510/1447 1504/1504/1441
f 1509/1509/1446 1504/1504/1441 1503/1503/1440
f 1511/1511/1448 1512/1512/1449 1506/1506/1443
f 1511/1511/1448 1506/1506/1443 1505/1505/1442
f 1513/1513/1450 1514/1514/1451 1515/1515/1452
f 1513/1513/1450 1515/1515/1452 1516/1516/1453
f 1517/1517/1454 1518/1518/1455 1519/1519/1456
f 1517/1517/1454 1519/1519/1456 1520/1520/1457
f 1521/1521/1458 1522/1522/1459 1512/1512/1449
f 1521/1521/1458 1512/1512/1449 1511/1511/1448
f 1523/1523/1460 1524/1524/1461 1525/1525/1462
f 1523/1523/1460 1525/1525/1462 1526/1526/1463
f 1516/1516/1453 1515/1515/1452 1518/1518/1455
f 1516/1516/1453 1518/1518/1455 1517/1517/1454
f 1527/1527/1464 1528/1528/1465 1522/1522/1459
f 1527/1527/1464 1522/1522/1459 1521/1521/1458
f 1529/1529/1466 1530/1530/1467 1514/1514/1451
f 1529/1529/1466 1514/1514/1451 1513/1513/1450
f 1531/1531/1468 1532/1532/1469 1528/1528/1465
f 1531/1531/1468 1528/1528/1465 1527/1527/1464
f 1533/1533/1470 1534/1534/1471 1530/1530/1467
f 1533/1533/1470 1530/1530/1467 1529/1529/1466
f 1535/1535/1472 1536/1536/1473 1532/1532/1469
f 1535/1535/1472 1532/1532/1469 1531/1531/1468
f 1537/1537/1474 1538/1538/1475 1534/1534/1471
f 1537/1537/1474 1534/1534/1471 1533/1533/1470
f 1502/1502/1439 1501/1501/1438 1536/1536/1473
f 1502/1502/1439 1536/1536/1473 1535/1535/1472
f 1526/1526/1463 1525/1525/1462 1538/1538/1475
f 1526/1526/1463 1538/1538/1475 1537/1537/1474
f 1539/1539/1476 1540/1540/1477 1500/1500/1437
f 1539/1539/1476 1500/1500/1437 1499/1499/1436
f 1541/1541/1478 1542/1542/1479 1543/1543/1480
f 1541/1541/1478 1543/1543/1480 1544/1544/1481
f 1545/1545/1482 1546/1546/1483 1540/1540/1477
f 1545/1545/1482 1540/1540/1477 1539/1539/1476
f 1482/1482/1419 1481/1481/1418 1542/1542/1479
f 1482/1482/1419 1542/1542/1479 1541/1541/1478
f 1547/1547/1484 1548/1548/1485 1264/1264/1201
f 1547/1547/1484 1264/1264/1201 1292/1292/1229
f 1549/1549/1486 1550/1550/1487 1551/1551/1488
f 1549/1549/1486 1551/1551/1488 1552/1552/1489
f 1553/1553/1490 1554/1554/1491 1555/1555/1492
f 1553/1553/1490 1555/1555/1492 1556/1556/1493
f 1557/1557/1494 1558/1558/1495 1476/1476/1413
f 1557/1557/1494 1476/1476/1413 1475/1475/1412
f 1559/1559/1496 1560/1560/1497 1561/1561/1498
f 1559/1559/1496 1561/1561/1498 1562/1562/1499
f 1478/1478/1415 1477/1477/1414 1563/1563/1500
f 1478/1478/1415 1563/1563/1500 1564/1564/1501
f 1565/1565/1502 1566/1566/1503 1558/1558/1495
f 1565/1565/1502 1558/1558/1495 1557/1557/1494
f 1567/1567/1504 1568/1568/1505 1560/1560/1497
f 1567/1567/1504 1560/1560/1497 1559/1559/1496
f 1569/1569/1506 1570/1570/1507 1548/1548/1485
f 1569/1569/1506 1548/1548/1485 1571/1571/1508
f 1572/1572/1509 1547/1547/1484 1573/1573/1510
f 1572/1572/1509 1573/1573/1510 1574/1574/1511
f 1575/1575/1512 1576/1576/1513 1568/1568/1505
f 1575/1575/1512 1568/1568/1505 1567/1567/1504
f 1577/1577/1514 1578/1578/1515 1579/1579/1516
f 1577/1577/1514 1579/1579/1516 1580/1580/1517
f 1571/1571/1508 1548/1548/1485 1547/1547/1484
f 1571/1571/1508 1547/1547/1484 1572/1572/1509
f 1581/1581/1518 1582/1582/1519 1576/1576/1513
f 1581/1581/1518 1576/1576/1513 1575/1575/1512
f 1583/1583/1520 1584/1584/1521 1570/1570/1507
f 1583/1583/1520 1570/1570/1507 1569/1569/1506
f 1585/1585/1522 1586/1586/1523 1582/1582/1519
f 1585/1585/1522 1582/1582/1519 1581/1581/1518
f 1587/1587/1524 1588/1588/1525 1584/1584/1521
f 1587/1587/1524 1584/1584/1521 1583/1583/1520
f 1589/1589/1526 1590/1590/1527 1586/1586/1523
f 1589/1589/1526 1586/1586/1523 1585/1585/1522
f 1591/1591/1528 1592/1592/1529 1588/1588/1525
f 1591/1591/1528 1588/1588/1525 1587/1587/1524
f 1556/1556/1493 1555/1555/1492 1590/1590/1527
f 1556/1556/1493 1590/1590/1527 1589/1589/1526
f 1593/1593/1530 1594/1594/1531 1592/1592/1529
f 1593/1593/1530 1592/1592/1529 1591/1591/1528
f 1595/1595/1532 1596/1596/1533 1554/1554/1491
f 1595/1595/1532 1554/1554/1491 1553/1553/1490
f 1597/1597/1534 1598/1598/1535 1578/1578/1515
f 1597/1597/1534 1578/1578/1515 1577/1577/1514
f 1599/1599/1536 1600/1600/1537 1601/1601/1538
f 1599/1599/1536 1601/1601/1538 1602/1602/1539
f 1603/1603/1540 1604/1604/1541 1598/1598/1535
f 1603/1603/1540 1598/1598/1535 1597/1597/1534
f 1605/1605/1542 1606/1606/1543 1600/1600/1537
f 1605/1605/1542 1600/1600/1537 1599/1599/1536
f 1607/1607/1544 1608/1608/1545 1604/1604/1541
f 1607/1607/1544 1604/1604/1541 1603/1603/1540
f 1609/1609/1546 1610/1610/1547 1606/1606/1543
f 1609/1609/1546 1606/1606/1543 1605/1605/1542
f 1611/1611/1548 1612/1612/1549 1608/1608/1545
f 1611/1611/1548 1608/1608/1545 1607/1607/1544
f 1564/1564/1501 1563/1563/1500 1610/1610/1547
f 1564/1564/1501 1610/1610/1547 1609/1609/1546
f 1552/1552/1489 1551/1551/1488 1613/1613/1550
f 1552/1552/1489 1613/1613/1550 1614/1614/1551
f 1614/1614/1551 1613/1613/1550 1612/1612/1549
f 1614/1614/1551 1612/1612/1549 1611/1611/1548
f 1576/1576/1513 1582/1582/1519 1289/1289/1226
f 1576/1576/1513 1289/1289/1226 1288/1288/1225
f 1570/1570/1507 1584/1584/1521 1284/1284/1221
f 1570/1570/1507 1284/1284/1221 1265/1265/1202
f 1582/1582/1519 1586/1586/1523 1286/1286/1223
f 1582/1582/1519 1286/1286/1223 1289/1289/1226
f 1584/1584/1521 1588/1588/1525 1280/1280/1217
f 1584/1584/1521 1280/1280/1217 1284/1284/1221
f 1586/1586/1523 1590/1590/1527 1282/1282/1219
f 1586/1586/1523 1282/1282/1219 1286/1286/1223
f 1588/1588/1525 1592/1592/1529 1274/1274/1211
f 1588/1588/1525 1274/1274/1211 1280/1280/1217
f 1590/1590/1527 1555/1555/1492 1278/1278/1215
f 1590/1590/1527 1278/1278/1215 1282/1282/1219
f 1592/1592/1529 1594/1594/1531 1275/1275/1212
f 1592/1592/1529 1275/1275/1212 1274/1274/1211
f 1554/1554/1491 1596/1596/1533 1271/1271/1208
f 1554/1554/1491 1271/1271/1208 1270/1270/1207
f 1578/1578/1515 1598/1598/1535 1256/1256/1193
f 1578/1578/1515 1256/1256/1193 1268/1268/1205
f 1601/1601/1538 1600/1600/1537 1261/1261/1198
f 1601/1601/1538 1261/1261/1198 1260/1260/1197
f 1598/1598/1535 1604/1604/1541 1257/1257/1194
f 1598/1598/1535 1257/1257/1194 1256/1256/1193
f 1600/1600/1537 1606/1606/1543 1324/1324/1261
f 1600/1600/1537 1324/1324/1261 1261/1261/1198
f 1604/1604/1541 1608/1608/1545 1322/1322/1259
f 1604/1604/1541 1322/1322/1259 1257/1257/1194
f 1606/1606/1543 1610/1610/1547 1320/1320/1257
f 1606/1606/1543 1320/1320/1257 1324/1324/1261
f 1608/1608/1545 1612/1612/1549 1316/1316/1253
f 1608/1608/1545 1316/1316/1253 1322/1322/1259
f 1610/1610/1547 1563/1563/1500 1312/1312/1249
f 1610/1610/1547 1312/1312/1249 1320/1320/1257
f 1612/1612/1549 1613/1613/1550 1317/1317/1254
f 1612/1612/1549 1317/1317/1254 1316/1316/1253
f 1477/1477/1414 1476/1476/1413 1306/1306/1243
f 1477/1477/1414 1306/1306/1243 1313/1313/1250
f 1551/1551/1488 1550/1550/1487 1309/1309/1246
f 1551/1551/1488 1309/1309/1246 1308/1308/1245
f 1555/1555/1492 1554/1554/1491 1270/1270/1207
f 1555/1555/1492 1270/1270/1207 1278/1278/1215
f 1476/1476/1413 1558/1558/1495 1300/1300/1237
f 1476/1476/1413 1300/1300/1237 1306/1306/1243
f 1561/1561/1498 1560/1560/1497 1298/1298/1235
f 1561/1561/1498 1298/1298/1235 1304/1304/1241
f 1563/1563/1500 1477/1477/1414 1313/1313/1250
f 1563/1563/1500 1313/1313/1250 1312/1312/1249
f 1558/1558/1495 1566/1566/1503 1301/1301/1238
f 1558/1558/1495 1301/1301/1238 1300/1300/1237
f 1560/1560/1497 1568/1568/1505 1294/1294/1231
f 1560/1560/1497 1294/1294/1231 1298/1298/1235
f 1548/1548/1485 1570/1570/1507 1265/1265/1202
f 1548/1548/1485 1265/1265/1202 1264/1264/1201
f 1573/1573/1510 1547/1547/1484 1292/1292/1229
f 1573/1573/1510 1292/1292/1229 1296/1296/1233
f 1568/1568/1505 1576/1576/1513 1288/1288/1225
f 1568/1568/1505 1288/1288/1225 1294/1294/1231
f 1579/1579/1516 1578/1578/1515 1268/1268/1205
f 1579/1579/1516 1268/1268/1205 1326/1326/1263
f 1613/1613/1550 1551/1551/1488 1308/1308/1245
f 1613/1613/1550 1308/1308/1245 1317/1317/1254
f 1615/1615/1552 1616/1616/1553 1617/1617/1554
f 1615/1615/1552 1617/1617/1554 1618/1618/1555
f 1619/1619/1556 1620/1620/1557 1621/1621/1558
f 1619/1619/1556 1621/1621/1558 1622/1622/1559
f 1623/1623/1560 1624/1624/1561 1625/1625/1562
f 1623/1623/1560 1625/1625/1562 1626/1626/1563
f 1622/1622/1559 1621/1621/1558 1627/1627/1564
f 1622/1622/1559 1627/1627/1564 1628/1628/1565
f 1629/1629/1566 1630/1630/1567 1631/1631/1568
f 1629/1629/1566 1631/1631/1568 1632/1632/1569
f 1633/1633/1570 1634/1634/1571 1635/1635/1572
f 1633/1633/1570 1635/1635/1572 1636/1636/1573
f 1632/1632/1569 1631/1631/1568 1637/1637/1574
f 1632/1632/1569 1637/1637/1574 1638/1638/1575
f 1636/1636/1573 1635/1635/1572 1639/1639/1576
f 1636/1636/1573 1639/1639/1576 1640/1640/1577
f 1638/1638/1575 1637/1637/1574 1641/1641/1578
f 1638/1638/1575 1641/1641/1578 1642/1642/1579
f 1640/1640/1577 1639/1639/1576 1643/1643/1580
f 1640/1640/1577 1643/1643/1580 1644/1644/1581
f 1642/1642/1579 1641/1641/1578 1645/1645/1582
f 1642/1642/1579 1645/1645/1582 1646/1646/1583
f 1644/1644/1581 1643/1643/1580 1647/1647/1584
f 1644/1644/1581 1647/1647/1584 1648/1648/1585
f 1649/1649/1586 1650/1650/1587 1651/1651/1588
f 1649/1649/1586 1651/1651/1588 1652/1652/1589
f 1626/1626/1563 1625/1625/1562 1630/1630/1567
f 1626/1626/1563 1630/1630/1567 1629/1629/1566
f 1648/1648/1585 1647/1647/1584 1653/1653/1590
f 1648/1648/1585 1653/1653/1590 1654/1654/1591
f 1652/1652/1589 1651/1651/1588 1655/1655/1592
f 1652/1652/1589 1655/1655/1592 1656/1656/1593
f 1646/1646/1583 1645/1645/1582 1650/1650/1587
f 1646/1646/1583 1650/1650/1587 1649/1649/1586
f 1654/1654/1591 1653/1653/1590 1657/1657/1594
f 1654/1654/1591 1657/1657/1594 1658/1658/1595
f 1659/1659/1596 1660/1660/1597 1661/1661/1598
f 1659/1659/1596 1661/1661/1598 1662/1662/1599
f 1663/1663/1600 1664/1664/1601 1665/1665/1602
f 1663/1663/1600 1665/1665/1602 1666/1666/1603
f 1667/1667/1604 1668/1668/1605 1669/1669/1606
f 1667/1667/1604 1669/1669/1606 1670/1670/1607
f 1662/1662/1599 1661/1661/1598 1671/1671/1608
f 1662/1662/1599 1671/1671/1608 1672/1672/1609
f 1628/1628/1565 1627/1627/1564 1634/1634/1571
f 1628/1628/1565 1634/1634/1571 1633/1633/1570
f 1670/1670/1607 1669/1669/1606 1673/1673/1610
f 1670/1670/1607 1673/1673/1610 1674/1674/1611
f 1672/1672/1609 1671/1671/1608 1664/1664/1601
f 1672/1672/1609 1664/1664/1601 1663/1663/1600
f 1675/1675/1612 1676/1676/1613 1677/1677/1614
f 1675/1675/1612 1677/1677/1614 1678/1678/1615
f 1674/1674/1611 1673/1673/1610 1676/1676/1613
f 1674/1674/1611 1676/1676/1613 1675/1675/1612
f 1666/1666/1603 1665/1665/1602 1679/1679/1616
f 1666/1666/1603 1679/1679/1616 1680/1680/1617
f 1678/1678/1615 1677/1677/1614 1681/1681/1618
f 1678/1678/1615 1681/1681/1618 1682/1682/1619
f 1680/1680/1617 1679/1679/1616 1683/1683/1620
f 1680/1680/1617 1683/1683/1620 1684/1684/1621
f 1682/1682/1619 1681/1681/1618 1685/1685/1622
f 1682/1682/1619 1685/1685/1622 1686/1686/1623
f 1687/1687/1624 1688/1688/1625 1620/1620/1557
f 1687/1687/1624 1620/1620/1557 1619/1619/1556
f 1616/1616/1553 1482/1482/1419 1541/1541/1478
f 1616/1616/1553 1541/1541/1478 1617/1617/1554
f 1620/1620/1557 1545/1545/1482 1539/1539/1476
f 1620/1620/1557 1539/1539/1476 1621/1621/1558
f 1617/1617/1554 1541/1541/1478 1544/1544/1481
f 1617/1617/1554 1544/1544/1481 1689/1689/1626
f 1621/1621/1558 1539/1539/1476 1499/1499/1436
f 1621/1621/1558 1499/1499/1436 1627/1627/1564
f 1630/1630/1567 1526/1526/1463 1537/1537/1474
f 1630/1630/1567 1537/1537/1474 1631/1631/1568
f 1634/1634/1571 1502/1502/1439 1535/1535/1472
f 1634/1634/1571 1535/1535/1472 1635/1635/1572
f 1631/1631/1568 1537/1537/1474 1533/1533/1470
f 1631/1631/1568 1533/1533/1470 1637/1637/1574
f 1635/1635/1572 1535/1535/1472 1531/1531/1468
f 1635/1635/1572 1531/1531/1468 1639/1639/1576
f 1637/1637/1574 1533/1533/1470 1529/1529/1466
f 1637/1637/1574 1529/1529/1466 1641/1641/1578
f 1639/1639/1576 1531/1531/1468 1527/1527/1464
f 1639/1639/1576 1527/1527/1464 1643/1643/1580
f 1641/1641/1578 1529/1529/1466 1513/1513/1450
f 1641/1641/1578 1513/1513/1450 1645/1645/1582
f 1643/1643/1580 1527/1527/1464 1521/1521/1458
f 1643/1643/1580 1521/1521/1458 1647/1647/1584
f 1650/1650/1587 1516/1516/1453 1517/1517/1454
f 1650/1650/1587 1517/1517/1454 1651/1651/1588
f 1625/1625/1562 1523/1523/1460 1526/1526/1463
f 1625/1625/1562 1526/1526/1463 1630/1630/1567
f 1647/1647/1584 1521/1521/1458 1511/1511/1448
f 1647/1647/1584 1511/1511/1448 1653/1653/1590
f 1651/1651/1588 1517/1517/1454 1520/1520/1457
f 1651/1651/1588 1520/1520/1457 1655/1655/1592
f 1645/1645/1582 1513/1513/1450 1516/1516/1453
f 1645/1645/1582 1516/1516/1453 1650/1650/1587
f 1653/1653/1590 1511/1511/1448 1505/1505/1442
f 1653/1653/1590 1505/1505/1442 1657/1657/1594
f 1655/1655/1592 1520/1520/1457 1690/1690/1627
f 1655/1655/1592 1690/1690/1627 1691/1691/1628
f 1692/1692/1629 1496/1496/1433 1487/1487/1424
f 1692/1692/1629 1487/1487/1424 1693/1693/1630
f 1657/1657/1594 1505/1505/1442 1508/1508/1445
f 1657/1657/1594 1508/1508/1445 1694/1694/1631
f 1695/1695/1632 1503/1503/1440 1493/1493/1430
f 1695/1695/1632 1493/1493/1430 1696/1696/1633
f 1627/1627/1564 1499/1499/1436 1502/1502/1439
f 1627/1627/1564 1502/1502/1439 1634/1634/1571
f 1694/1694/1631 1508/1508/1445 1697/1697/1634
f 1694/1694/1631 1697/1697/1634 1698/1698/1635
f 1696/1696/1633 1493/1493/1430 1496/1496/1433
f 1696/1696/1633 1496/1496/1433 1692/1692/1629
f 1699/1699/1636 1492/1492/1429 1485/1485/1422
f 1699/1699/1636 1485/1485/1422 1700/1700/1637
f 1701/1701/1638 1489/1489/1426 1492/1492/1429
f 1701/1701/1638 1492/1492/1429 1699/1699/1636
f 1693/1693/1630 1487/1487/1424 1483/1483/1420
f 1693/1693/1630 1483/1483/1420 1702/1702/1639
f 1700/1700/1637 1485/1485/1422 1479/1479/1416
f 1700/1700/1637 1479/1479/1416 1703/1703/1640
f 1702/1702/1639 1483/1483/1420 1403/1403/1340
f 1702/1702/1639 1403/1403/1340 1704/1704/1641
f 1703/1703/1640 1479/1479/1416 1482/1482/1419
f 1703/1703/1640 1482/1482/1419 1616/1616/1553
f 1704/1704/1641 1403/1403/1340 1406/1406/1343
f 1704/1704/1641 1406/1406/1343 1705/1705/1642
f 1426/1426/1363 1684/1684/1621 1706/1706/1643
f 1426/1426/1363 1706/1706/1643 1427/1427/1364
f 1430/1430/1367 1682/1682/1619 1686/1686/1623
f 1430/1430/1367 1686/1686/1623 1422/1422/1359
f 1432/1432/1369 1680/1680/1617 1684/1684/1621
f 1432/1432/1369 1684/1684/1621 1426/1426/1363
f 1434/1434/1371 1678/1678/1615 1682/1682/1619
f 1434/1434/1371 1682/1682/1619 1430/1430/1367
f 1436/1436/1373 1666/1666/1603 1680/1680/1617
f 1436/1436/1373 1680/1680/1617 1432/1432/1369
f 1438/1438/1375 1674/1674/1611 1675/1675/1612
f 1438/1438/1375 1675/1675/1612 1439/1439/1376
f 1439/1439/1376 1675/1675/1612 1678/1678/1615
f 1439/1439/1376 1678/1678/1615 1434/1434/1371
f 1442/1442/1379 1672/1672/1609 1663/1663/1600
f 1442/1442/1379 1663/1663/1600 1443/1443/1380
f 1446/1446/1383 1670/1670/1607 1674/1674/1611
f 1446/1446/1383 1674/1674/1611 1438/1438/1375
f 1413/1413/1350 1628/1628/1565 1633/1633/1570
f 1413/1413/1350 1633/1633/1570 1332/1332/1269
f 1448/1448/1385 1662/1662/1599 1672/1672/1609
f 1448/1448/1385 1672/1672/1609 1442/1442/1379
f 1450/1450/1387 1667/1667/1604 1670/1670/1607
f 1450/1450/1387 1670/1670/1607 1446/1446/1383
f 1443/1443/1380 1663/1663/1600 1666/1666/1603
f 1443/1443/1380 1666/1666/1603 1436/1436/1373
f 1452/1452/1389 1659/1659/1596 1662/1662/1599
f 1452/1452/1389 1662/1662/1599 1448/1448/1385
f 1454/1454/1391 1707/1707/1644 1667/1667/1604
f 1454/1454/1391 1667/1667/1604 1450/1450/1387
f 1456/1456/1393 1646/1646/1583 1649/1649/1586
f 1456/1456/1393 1649/1649/1586 1457/1457/1394
f 1460/1460/1397 1708/1708/1645 1659/1659/1596
f 1460/1460/1397 1659/1659/1596 1452/1452/1389
f 1462/1462/1399 1648/1648/1585 1654/1654/1591
f 1462/1462/1399 1654/1654/1591 1463/1463/1400
f 1417/1417/1354 1626/1626/1563 1629/1629/1566
f 1417/1417/1354 1629/1629/1566 1408/1408/1345
f 1457/1457/1394 1649/1649/1586 1652/1652/1589
f 1457/1457/1394 1652/1652/1589 1465/1465/1402
f 1468/1468/1405 1644/1644/1581 1648/1648/1585
f 1468/1468/1405 1648/1648/1585 1462/1462/1399
f 1470/1470/1407 1642/1642/1579 1646/1646/1583
f 1470/1470/1407 1646/1646/1583 1456/1456/1393
f 1472/1472/1409 1640/1640/1577 1644/1644/1581
f 1472/1472/1409 1644/1644/1581 1468/1468/1405
f 1474/1474/1411 1638/1638/1575 1642/1642/1579
f 1474/1474/1411 1642/1642/1579 1470/1470/1407
f 1333/1333/1270 1636/1636/1573 1640/1640/1577
f 1333/1333/1270 1640/1640/1577 1472/1472/1409
f 1409/1409/1346 1632/1632/1569 1638/1638/1575
f 1409/1409/1346 1638/1638/1575 1474/1474/1411
f 1332/1332/1269 1633/1633/1570 1636/1636/1573
f 1332/1332/1269 1636/1636/1573 1333/1333/1270
f 1408/1408/1345 1629/1629/1566 1632/1632/1569
f 1408/1408/1345 1632/1632/1569 1409/1409/1346
f 1412/1412/1349 1622/1622/1559 1628/1628/1565
f 1412/1412/1349 1628/1628/1565 1413/1413/1350
f 1416/1416/1353 1623/1623/1560 1626/1626/1563
f 1416/1416/1353 1626/1626/1563 1417/1417/1354
f 1420/1420/1357 1619/1619/1556 1622/1622/1559
f 1420/1420/1357 1622/1622/1559 1412/1412/1349
f 1422/1422/1359 1686/1686/1623 1709/1709/1646
f 1422/1422/1359 1709/1709/1646 1423/1423/1360
f 1491/1491/1428 1614/1614/1551 1611/1611/1548
f 1491/1491/1428 1611/1611/1548 1486/1486/1423
f 1490/1490/1427 1552/1552/1489 1614/1614/1551
f 1490/1490/1427 1614/1614/1551 1491/1491/1428
f 1488/1488/1425 1564/1564/1501 1609/1609/1546
f 1488/1488/1425 1609/1609/1546 1484/1484/1421
f 1486/1486/1423 1611/1611/1548 1607/1607/1544
f 1486/1486/1423 1607/1607/1544 1480/1480/1417
f 1484/1484/1421 1609/1609/1546 1605/1605/1542
f 1484/1484/1421 1605/1605/1542 1404/1404/1341
f 1480/1480/1417 1607/1607/1544 1603/1603/1540
f 1480/1480/1417 1603/1603/1540 1481/1481/1418
f 1404/1404/1341 1605/1605/1542 1599/1599/1536
f 1404/1404/1341 1599/1599/1536 1405/1405/1342
f 1481/1481/1418 1603/1603/1540 1597/1597/1534
f 1481/1481/1418 1597/1597/1534 1542/1542/1479
f 1405/1405/1342 1599/1599/1536 1602/1602/1539
f 1405/1405/1342 1602/1602/1539 1710/1710/1647
f 1542/1542/1479 1597/1597/1534 1577/1577/1514
f 1542/1542/1479 1577/1577/1514 1543/1543/1480
f 1540/1540/1477 1595/1595/1532 1553/1553/1490
f 1540/1540/1477 1553/1553/1490 1500/1500/1437
f 1525/1525/1462 1593/1593/1530 1591/1591/1528
f 1525/1525/1462 1591/1591/1528 1538/1538/1475
f 1501/1501/1438 1556/1556/1493 1589/1589/1526
f 1501/1501/1438 1589/1589/1526 1536/1536/1473
f 1538/1538/1475 1591/1591/1528 1587/1587/1524
f 1538/1538/1475 1587/1587/1524 1534/1534/1471
f 1536/1536/1473 1589/1589/1526 1585/1585/1522
f 1536/1536/1473 1585/1585/1522 1532/1532/1469
f 1534/1534/1471 1587/1587/1524 1583/1583/1520
f 1534/1534/1471 1583/1583/1520 1530/1530/1467
f 1532/1532/1469 1585/1585/1522 1581/1581/1518
f 1532/1532/1469 1581/1581/1518 1528/1528/1465
f 1530/1530/1467 1583/1583/1520 1569/1569/1506
f 1530/1530/1467 1569/1569/1506 1514/1514/1451
f 1528/1528/1465 1581/1581/1518 1575/1575/1512
f 1528/1528/1465 1575/1575/1512 1522/1522/1459
f 1515/1515/1452 1571/1571/1508 1572/1572/1509
f 1515/1515/1452 1572/1572/1509 1518/1518/1455
f 1543/1543/1480 1577/1577/1514 1580/1580/1517
f 1543/1543/1480 1580/1580/1517 1711/1711/1648
f 1522/1522/1459 1575/1575/1512 1567/1567/1504
f 1522/1522/1459 1567/1567/1504 1512/1512/1449
f 1518/1518/1455 1572/1572/1509 1574/1574/1511
f 1518/1518/1455 1574/1574/1511 1519/1519/1456
f 1514/1514/1451 1569/1569/1506 1571/1571/1508
f 1514/1514/1451 1571/1571/1508 1515/1515/1452
f 1512/1512/1449 1567/1567/1504 1559/1559/1496
f 1512/1512/1449 1559/1559/1496 1506/1506/1443
f 1510/1510/1447 1565/1565/1502 1557/1557/1494
f 1510/1510/1447 1557/1557/1494 1504/1504/1441
f 1495/1495/1432 1478/1478/1415 1564/1564/1501
f 1495/1495/1432 1564/1564/1501 1488/1488/1425
f 1506/1506/1443 1559/1559/1496 1562/1562/1499
f 1506/1506/1443 1562/1562/1499 1507/1507/1444
f 1504/1504/1441 1557/1557/1494 1475/1475/1412
f 1504/1504/1441 1475/1475/1412 1494/1494/1431
f 1500/1500/1437 1553/1553/1490 1556/1556/1493
f 1500/1500/1437 1556/1556/1493 1501/1501/1438
f 1498/1498/1435 1549/1549/1486 1552/1552/1489
f 1498/1498/1435 1552/1552/1489 1490/1490/1427
f 1494/1494/1431 1475/1475/1412 1478/1478/1415
f 1494/1494/1431 1478/1478/1415 1495/1495/1432
f 1346/1346/1283 1410/1410/1347 1473/1473/1410
f 1346/1346/1283 1473/1473/1410 1342/1342/1279
f 1344/1344/1281 1334/1334/1271 1471/1471/1408
f 1344/1344/1281 1471/1471/1408 1340/1340/1277
f 1342/1342/1279 1473/1473/1410 1469/1469/1406
f 1342/1342/1279 1469/1469/1406 1336/1336/1273
f 1340/1340/1277 1471/1471/1408 1467/1467/1404
f 1340/1340/1277 1467/1467/1404 1328/1328/1265
f 1336/1336/1273 1469/1469/1406 1455/1455/1392
f 1336/1336/1273 1455/1455/1392 1337/1337/1274
f 1328/1328/1265 1467/1467/1404 1461/1461/1398
f 1328/1328/1265 1461/1461/1398 1329/1329/1266
f 1395/1395/1332 1458/1458/1395 1466/1466/1403
f 1395/1395/1332 1466/1466/1403 1401/1401/1338
f 1357/1357/1294 1418/1418/1355 1407/1407/1344
f 1357/1357/1294 1407/1407/1344 1350/1350/1287
f 1329/1329/1266 1461/1461/1398 1464/1464/1401
f 1329/1329/1266 1464/1464/1401 1399/1399/1336
f 1398/1398/1335 1459/1459/1396 1451/1451/1388
f 1398/1398/1335 1451/1451/1388 1392/1392/1329
f 1337/1337/1274 1455/1455/1392 1458/1458/1395
f 1337/1337/1274 1458/1458/1395 1395/1395/1332
f 1394/1394/1331 1453/1453/1390 1449/1449/1386
f 1394/1394/1331 1449/1449/1386 1390/1390/1327
f 1392/1392/1329 1451/1451/1388 1447/1447/1384
f 1392/1392/1329 1447/1447/1384 1388/1388/1325
f 1383/1383/1320 1444/1444/1381 1435/1435/1372
f 1383/1383/1320 1435/1435/1372 1376/1376/1313
f 1390/1390/1327 1449/1449/1386 1445/1445/1382
f 1390/1390/1327 1445/1445/1382 1386/1386/1323
f 1388/1388/1325 1447/1447/1384 1441/1441/1378
f 1388/1388/1325 1441/1441/1378 1382/1382/1319
f 1353/1353/1290 1414/1414/1351 1331/1331/1268
f 1353/1353/1290 1331/1331/1268 1348/1348/1285
f 1386/1386/1323 1445/1445/1382 1437/1437/1374
f 1386/1386/1323 1437/1437/1374 1378/1378/1315
f 1382/1382/1319 1441/1441/1378 1444/1444/1381
f 1382/1382/1319 1444/1444/1381 1383/1383/1320
f 1379/1379/1316 1440/1440/1377 1433/1433/1370
f 1379/1379/1316 1433/1433/1370 1374/1374/1311
f 1378/1378/1315 1437/1437/1374 1440/1440/1377
f 1378/1378/1315 1440/1440/1377 1379/1379/1316
f 1376/1376/1313 1435/1435/1372 1431/1431/1368
f 1376/1376/1313 1431/1431/1368 1372/1372/1309
f 1374/1374/1311 1433/1433/1370 1429/1429/1366
f 1374/1374/1311 1429/1429/1366 1370/1370/1307
f 1372/1372/1309 1431/1431/1368 1425/1425/1362
f 1372/1372/1309 1425/1425/1362 1366/1366/1303
f 1370/1370/1307 1429/1429/1366 1421/1421/1358
f 1370/1370/1307 1421/1421/1358 1362/1362/1299
f 1366/1366/1303 1425/1425/1362 1428/1428/1365
f 1366/1366/1303 1428/1428/1365 1367/1367/1304
f 1362/1362/1299 1421/1421/1358 1424/1424/1361
f 1362/1362/1299 1424/1424/1361 1363/1363/1300
f 1360/1360/1297 1419/1419/1356 1411/1411/1348
f 1360/1360/1297 1411/1411/1348 1352/1352/1289
f 1356/1356/1293 1415/1415/1352 1418/1418/1355
f 1356/1356/1293 1418/1418/1355 1357/1357/1294
f 1352/1352/1289 1411/1411/1348 1414/1414/1351
f 1352/1352/1289 1414/1414/1351 1353/1353/1290
f 1350/1350/1287 1407/1407/1344 1410/1410/1347
f 1350/1350/1287 1410/1410/1347 1346/1346/1283
f 1348/1348/1285 1331/1331/1268 1334/1334/1271
f 1348/1348/1285 1334/1334/1271 1344/1344/1281
f 1712/1712/1649 1713/1713/1650 1714/1714/1651
f 1712/1712/1649 1714/1714/1651 1715/1715/1652
f 1716/1716/1653 1717/1717/1654 1718/1718/1655
f 1716/1716/1653 1718/1718/1655 1719/1719/1656
f 1720/1720/1657 1721/1721/1658 1722/1722/1659
f 1720/1720/1657 1722/1722/1659 1723/1723/1660
f 1721/1721/1658 1712/1712/1649 1715/1715/1652
f 1721/1721/1658 1715/1715/1652 1722/1722/1659
f 1724/1724/1661 1725/1725/1662 1726/1726/1662
f 1724/1724/1661 1726/1726/1662 1727/1727/1663
f 1728/1728/1664 1720/1720/1657 1723/1723/1660
f 1728/1728/1664 1723/1723/1660 1729/1729/1665
f 1730/1730/1666 1731/1731/1667 1732/1732/1668
f 1730/1730/1666 1732/1732/1668 1733/1733/1666
f 1734/1734/1669 1724/1724/1661 1727/1727/1663
f 1734/1734/1669 1727/1727/1663 1735/1735/1669
f 1736/1736/1670 1728/1728/1664 1729/1729/1665
f 1736/1736/1670 1729/1729/1665 1737/1737/1670
f 1725/1725/1662 1716/1716/1653 1719/1719/1656
f 1725/1725/1662 1719/1719/1656 1726/1726/1662
f 1738/1738/1671 1739/1739/1672 1740/1740/1673
f 1738/1738/1671 1740/1740/1673 1741/1741/1671
f 1742/1742/1674 1743/1743/1675 1744/1744/1676
f 1742/1742/1674 1744/1744/1676 1745/1745/1677
f 1746/1746/1678 1747/1747/1679 1748/1748/1680
f 1746/1746/1678 1748/1748/1680 1749/1749/1681
f 1750/1750/1682 1738/1738/1671 1741/1741/1671
f 1750/1750/1682 1741/1741/1671 1751/1751/1683
f 1752/1752/1684 1742/1742/1674 1745/1745/1677
f 1752/1752/1684 1745/1745/1677 1753/1753/1685
f 1754/1754/1686 1755/1755/1687 1756/1756/1688
f 1754/1754/1686 1756/1756/1688 1757/1757/1689
f 1747/1747/1679 1750/1750/1682 1751/1751/1683
f 1747/1747/1679 1751/1751/1683 1748/1748/1680
f 1758/1758/1690 1752/1752/1684 1753/1753/1685
f 1758/1758/1690 1753/1753/1685 1759/1759/1691
f 1760/1760/1692 1746/1746/1678 1749/1749/1681
f 1760/1760/1692 1749/1749/1681 1761/1761/1693
f 1762/1762/1694 1758/1758/1690 1759/1759/1691
f 1762/1762/1694 1759/1759/1691 1763/1763/1695
f 1764/1764/1696 1760/1760/1692 1761/1761/1693
f 1764/1764/1696 1761/1761/1693 1765/1765/1696
f 1766/1766/1697 1762/1762/1694 1763/1763/1695
f 1766/1766/1697 1763/1763/1695 1767/1767/1698
f 1768/1768/1699 1764/1764/1696 1765/1765/1696
f 1768/1768/1699 1765/1765/1696 1769/1769/1699
f 1731/1731/1667 1766/1766/1697 1767/1767/1698
f 1731/1731/1667 1767/1767/1698 1732/1732/1668
f 1755/1755/1687 1768/1768/1699 1769/1769/1699
f 1755/1755/1687 1769/1769/1699 1756/1756/1688
f 1770/1770/1700 1771/1771/1701 1772/1772/1702
f 1770/1770/1700 1772/1772/1702 1773/1773/1703
f 1774/1774/1704 1775/1775/1705 1776/1776/1706
f 1774/1774/1704 1776/1776/1706 1777/1777/1707
f 1778/1778/1708 1770/1770/1700 1773/1773/1703
f 1778/1778/1708 1773/1773/1703 1779/1779/1709
f 1780/1780/1710 1774/1774/1704 1777/1777/1707
f 1780/1780/1710 1777/1777/1707 1781/1781/1711
f 1782/1782/1712 1778/1778/1708 1779/1779/1709
f 1782/1782/1712 1779/1779/1709 1783/1783/1713
f 1713/1713/1650 1780/1780/1710 1781/1781/1711
f 1713/1713/1650 1781/1781/1711 1714/1714/1651
f 1717/1717/1654 1782/1782/1712 1783/1783/1713
f 1717/1717/1654 1783/1783/1713 1718/1718/1655
f 1784/1784/1714 1785/1785/1715 1786/1786/1716
f 1784/1784/1714 1786/1786/1716 1787/1787/1717
f 1788/1788/1718 1789/1789/1719 1790/1790/1720
f 1788/1788/1718 1790/1790/1720 1791/1791/1721
f 1792/1792/1722 1793/1793/1723 1794/1794/1724
f 1792/1792/1722 1794/1794/1724 1795/1795/1725
f 1796/1796/1726 1797/1797/1727 1785/1785/1715
f 1796/1796/1726 1785/1785/1715 1784/1784/1714
f 1798/1798/1728 1799/1799/1729 1793/1793/1723
f 1798/1798/1728 1793/1793/1723 1792/1792/1722
f 1800/1800/1730 1801/1801/1731 1797/1797/1727
f 1800/1800/1730 1797/1797/1727 1796/1796/1726
f 1802/1802/1732 1803/1803/1733 1799/1799/1729
f 1802/1802/1732 1799/1799/1729 1798/1798/1728
f 1804/1804/1734 1805/1805/1735 1801/1801/1731
f 1804/1804/1734 1801/1801/1731 1800/1800/1730
f 1806/1806/1736 1807/1807/1737 1803/1803/1733
f 1806/1806/1736 1803/1803/1733 1802/1802/1732
f 1808/1808/1738 1809/1809/1739 1810/1810/1740
f 1808/1808/1738 1810/1810/1740 1811/1811/1741
f 1812/1812/1742 1813/1813/1743 1814/1814/1744
f 1812/1812/1742 1814/1814/1744 1815/1815/1745
f 1816/1816/1746 1817/1817/1747 1809/1809/1739
f 1816/1816/1746 1809/1809/1739 1808/1808/1738
f 1818/1818/1748 1819/1819/1749 1820/1820/1750
f 1818/1818/1748 1820/1820/1750 1821/1821/1751
f 1822/1822/1752 1823/1823/1753 1824/1824/1754
f 1822/1822/1752 1824/1824/1754 1825/1825/1755
f 1826/1826/1756 1827/1827/1757 1819/1819/1749
f 1826/1826/1756 1819/1819/1749 1818/1818/1748
f 1828/1828/1758 1829/1829/1759 1823/1823/1753
f 1828/1828/1758 1823/1823/1753 1822/1822/1752
f 1830/1830/1760 1831/1831/1761 1827/1827/1757
f 1830/1830/1760 1827/1827/1757 1826/1826/1756
f 1832/1832/1762 1833/1833/1763 1829/1829/1759
f 1832/1832/1762 1829/1829/1759 1828/1828/1758
f 1834/1834/1764 1835/1835/1765 1836/1836/1766
f 1834/1834/1764 1836/1836/1766 1837/1837/1767
f 1837/1837/1767 1836/1836/1766 1831/1831/1761
f 1837/1837/1767 1831/1831/1761 1830/1830/1760
f 1838/1838/1768 1839/1839/1769 1840/1840/1770
f 1838/1838/1768 1840/1840/1770 1841/1841/1771
f 1842/1842/1772 1843/1843/1773 1835/1835/1765
f 1842/1842/1772 1835/1835/1765 1834/1834/1764
f 1811/1811/1741 1810/1810/1740 1805/1805/1735
f 1811/1811/1741 1805/1805/1735 1804/1804/1734
f 1844/1844/1774 1845/1845/1775 1839/1839/1769
f 1844/1844/1774 1839/1839/1769 1838/1838/1768
f 1846/1846/1776 1847/1847/1777 1843/1843/1773
f 1846/1846/1776 1843/1843/1773 1842/1842/1772
f 1841/1841/1771 1840/1840/1770 1833/1833/1763
f 1841/1841/1771 1833/1833/1763 1832/1832/1762
f 1848/1848/1778 1849/1849/1779 1845/1845/1775
f 1848/1848/1778 1845/1845/1775 1844/1844/1774
f 1850/1850/1780 1851/1851/1781 1847/1847/1777
f 1850/1850/1780 1847/1847/1777 1846/1846/1776
f 1795/1795/1725 1794/1794/1724 1852/1852/1782
f 1795/1795/1725 1852/1852/1782 1853/1853/1783
f 1854/1854/1784 1855/1855/1785 1849/1849/1779
f 1854/1854/1784 1849/1849/1779 1848/1848/1778
f 1787/1787/1717 1786/1786/1716 1856/1856/1786
f 1787/1787/1717 1856/1856/1786 1857/1857/1787
f 1815/1815/1745 1814/1814/1744 1807/1807/1737
f 1815/1815/1745 1807/1807/1737 1806/1806/1736
f 1853/1853/1783 1852/1852/1782 1858/1858/1788
f 1853/1853/1783 1858/1858/1788 1859/1859/1789
f 1860/1860/1790 1861/1861/1791 1862/1862/1792
f 1860/1860/1790 1862/1862/1792 1863/1863/1793
f 1864/1864/1794 1865/1865/1795 1866/1866/1796
f 1864/1864/1794 1866/1866/1796 1867/1867/1797
f 1868/1868/1798 1869/1869/1799 1870/1870/1800
f 1868/1868/1798 1870/1870/1800 1871/1871/1801
f 1872/1872/1802 1873/1873/1803 1874/1874/1804
f 1872/1872/1802 1874/1874/1804 1875/1875/1805
f 1876/1876/1806 1877/1877/1807 1869/1869/1799
f 1876/1876/1806 1869/1869/1799 1868/1868/1798
f 1878/1878/1808 1879/1879/1809 1880/1880/1810
f 1878/1878/1808 1880/1880/1810 1881/1881/1811
f 1882/1882/1812 1883/1883/1813 1884/1884/1814
f 1882/1882/1812 1884/1884/1814 1885/1885/1815
f 1886/1886/1816 1887/1887/1817 1879/1879/1809
f 1886/1886/1816 1879/1879/1809 1878/1878/1808
f 1888/1888/1818 1889/1889/1819 1883/1883/1813
f 1888/1888/1818 1883/1883/1813 1882/1882/1812
f 1890/1890/1820 1891/1891/1821 1887/1887/1817
f 1890/1890/1820 1887/1887/1817 1886/1886/1816
f 1892/1892/1822 1893/1893/1823 1889/1889/1819
f 1892/1892/1822 1889/1889/1819 1888/1888/1818
f 1894/1894/1824 1895/1895/1825 1896/1896/1826
f 1894/1894/1824 1896/1896/1826 1897/1897/1827
f 1897/1897/1827 1896/1896/1826 1891/1891/1821
f 1897/1897/1827 1891/1891/1821 1890/1890/1820
f 1898/1898/1828 1899/1899/1829 1900/1900/1830
f 1898/1898/1828 1900/1900/1830 1901/1901/1831
f 1902/1902/1832 1903/1903/1833 1895/1895/1825
f 1902/1902/1832 1895/1895/1825 1894/1894/1824
f 1871/1871/1801 1870/1870/1800 1789/1789/1719
f 1871/1871/1801 1789/1789/1719 1788/1788/1718
f 1904/1904/1834 1905/1905/1835 1899/1899/1829
f 1904/1904/1834 1899/1899/1829 1898/1898/1828
f 1906/1906/1836 1907/1907/1837 1903/1903/1833
f 1906/1906/1836 1903/1903/1833 1902/1902/1832
f 1901/1901/1831 1900/1900/1830 1893/1893/1823
f 1901/1901/1831 1893/1893/1823 1892/1892/1822
f 1908/1908/1838 1909/1909/1839 1905/1905/1835
f 1908/1908/1838 1905/1905/1835 1904/1904/1834
f 1910/1910/1840 1911/1911/1841 1907/1907/1837
f 1910/1910/1840 1907/1907/1837 1906/1906/1836
f 1912/1912/1842 1913/1913/1843 1914/1914/1844
f 1912/1912/1842 1914/1914/1844 1915/1915/1845
f 1916/1916/1846 1917/1917/1847 1909/1909/1839
f 1916/1916/1846 1909/1909/1839 1908/1908/1838
f 1918/1918/1848 1919/1919/1849 1920/1920/1850
f 1918/1918/1848 1920/1920/1850 1921/1921/1851
f 1875/1875/1805 1874/1874/1804 1865/1865/1795
f 1875/1875/1805 1865/1865/1795 1864/1864/1794
f 1915/1915/1845 1914/1914/1844 1922/1922/1852
f 1915/1915/1845 1922/1922/1852 1923/1923/1853
f 1924/1924/1854 1925/1925/1855 1919/1919/1849
f 1924/1924/1854 1919/1919/1849 1918/1918/1848
f 1926/1926/1856 1927/1927/1857 1913/1913/1843
f 1926/1926/1856 1913/1913/1843 1912/1912/1842
f 1928/1928/1858 1929/1929/1859 1925/1925/1855
f 1928/1928/1858 1925/1925/1855 1924/1924/1854
f 1930/1930/1860 1931/1931/1861 1927/1927/1857
f 1930/1930/1860 1927/1927/1857 1926/1926/1856
f 1791/1791/1721 1790/1790/1720 1929/1929/1859
f 1791/1791/1721 1929/1929/1859 1928/1928/1858
f 1867/1867/1797 1866/1866/1796 1931/1931/1861
f 1867/1867/1797 1931/1931/1861 1930/1930/1860
f 1932/1932/1862 1933/1933/1863 1934/1934/1864
f 1932/1932/1862 1934/1934/1864 1935/1935/1865
f 1936/1936/1866 1937/1937/1867 1938/1938/1868
f 1936/1936/1866 1938/1938/1868 1939/1939/1869
f 1940/1940/1870 1941/1941/1871 1942/1942/1872
f 1940/1940/1870 1942/1942/1872 1943/1943/1873
f 1944/1944/1874 1945/1945/1875 1946/1946/1876
f 1944/1944/1874 1946/1946/1876 1947/1947/1877
f 1948/1948/1878 1949/1949/1879 1941/1941/1871
f 1948/1948/1878 1941/1941/1871 1940/1940/1870
f 1950/1950/1880 1951/1951/1881 1952/1952/1882
f 1950/1950/1880 1952/1952/1882 1953/1953/1883
f 1953/1953/1883 1952/1952/1882 1945/1945/1875
f 1953/1953/1883 1945/1945/1875 1944/1944/1874
f 1954/1954/1884 1955/1955/1885 1956/1956/1886
f 1954/1954/1884 1956/1956/1886 1957/1957/1887
f 1958/1958/1888 1959/1959/1889 1951/1951/1881
f 1958/1958/1888 1951/1951/1881 1950/1950/1880
f 1960/1960/1890 1961/1961/1891 1962/1962/1892
f 1960/1960/1890 1962/1962/1892 1963/1963/1893
f 1964/1964/1894 1965/1965/1895 1955/1955/1885
f 1964/1964/1894 1955/1955/1885 1954/1954/1884
f 1966/1966/1896 1967/1967/1897 1959/1959/1889
f 1966/1966/1896 1959/1959/1889 1958/1958/1888
f 1957/1957/1887 1956/1956/1886 1949/1949/1879
f 1957/1957/1887 1949/1949/1879 1948/1948/1878
f 1968/1968/1898 1969/1969/1899 1965/1965/1895
f 1968/1968/1898 1965/1965/1895 1964/1964/1894
f 1970/1970/1900 1971/1971/1901 1967/1967/1897
f 1970/1970/1900 1967/1967/1897 1966/1966/1896
f 1972/1972/1902 1973/1973/1903 1974/1974/1904
f 1972/1972/1902 1974/1974/1904 1975/1975/1905
f 1976/1976/1906 1977/1977/1907 1969/1969/1899
f 1976/1976/1906 1969/1969/1899 1968/1968/1898
f 1978/1978/1908 1979/1979/1909 1971/1971/1901
f 1978/1978/1908 1971/1971/1901 1970/1970/1900
f 1980/1980/1910 1981/1981/1911 1982/1982/1912
f 1980/1980/1910 1982/1982/1912 1983/1983/1913
f 1975/1975/1905 1974/1974/1904 1984/1984/1914
f 1975/1975/1905 1984/1984/1914 1985/1985/1915
f 1986/1986/1916 1987/1987/1917 1988/1988/1918
f 1986/1986/1916 1988/1988/1918 1989/1989/1919
f 1990/1990/1920 1991/1991/1921 1973/1973/1903
f 1990/1990/1920 1973/1973/1903 1972/1972/1902
f 1992/1992/1922 1993/1993/1923 1987/1987/1917
f 1992/1992/1922 1987/1987/1917 1986/1986/1916
f 1994/1994/1924 1995/1995/1925 1991/1991/1921
f 1994/1994/1924 1991/1991/1921 1990/1990/1920
f 1996/1996/1926 1997/1997/1927 1993/1993/1923
f 1996/1996/1926 1993/1993/1923 1992/1992/1922
f 1998/1998/1928 1999/1999/1929 1995/1995/1925
f 1998/1998/1928 1995/1995/1925 1994/1994/1924
f 1963/1963/1893 1962/1962/1892 1997/1997/1927
f 1963/1963/1893 1997/1997/1927 1996/1996/1926
f 1983/1983/1913 1982/1982/1912 1999/1999/1929
f 1983/1983/1913 1999/1999/1929 1998/1998/1928
f 2000/2000/1930 2001/2001/1931 1961/1961/1891
f 2000/2000/1930 1961/1961/1891 1960/1960/1890
f 2002/2002/1932 2003/2003/1933 1981/1981/1911
f 2002/2002/1932 1981/1981/1911 1980/1980/1910
f 1863/1863/1793 1862/1862/1792 2001/2001/1931
f 1863/1863/1793 2001/2001/1931 2000/2000/1930
f 1939/1939/1869 1938/1938/1868 2003/2003/1933
f 1939/1939/1869 2003/2003/1933 2002/2002/1932
f 2004/2004/1934 2005/2005/1935 2006/2006/1936
f 2004/2004/1934 2006/2006/1936 2007/2007/1937
f 2008/2008/1938 2009/2009/1939 2010/2010/1940
f 2008/2008/1938 2010/2010/1940 2011/2011/1941
f 2012/2012/1942 2013/2013/1943 2014/2014/1944
f 2012/2012/1942 2014/2014/1944 2015/2015/1945
f 2016/2016/1946 2017/2017/1947 1933/1933/1863
f 2016/2016/1946 1933/1933/1863 1932/1932/1862
f 2018/2018/1948 2019/2019/1949 2009/2009/1939
f 2018/2018/1948 2009/2009/1939 2008/2008/1938
f 1935/1935/1865 1934/1934/1864 2020/2020/1950
f 1935/1935/1865 2020/2020/1950 2021/2021/1951
f 2022/2022/1952 2023/2023/1953 2017/2017/1947
f 2022/2022/1952 2017/2017/1947 2016/2016/1946
f 2024/2024/1954 2025/2025/1955 2019/2019/1949
f 2024/2024/1954 2019/2019/1949 2018/2018/1948
f 2026/2026/1956 2027/2027/1957 2028/2028/1958
f 2026/2026/1956 2028/2028/1958 2029/2029/1959
f 2030/2030/1960 2004/2004/1934 2023/2023/1953
f 2030/2030/1960 2023/2023/1953 2022/2022/1952
f 2031/2031/1961 2032/2032/1962 2025/2025/1955
f 2031/2031/1961 2025/2025/1955 2024/2024/1954
f 2033/2033/1963 2034/2034/1964 2035/2035/1965
f 2033/2033/1963 2035/2035/1965 2036/2036/1966
f 2037/2037/1967 2005/2005/1935 2004/2004/1934
f 2037/2037/1967 2004/2004/1934 2030/2030/1960
f 2038/2038/1968 2039/2039/1969 2032/2032/1962
f 2038/2038/1968 2032/2032/1962 2031/2031/1961
f 2040/2040/1970 2041/2041/1971 2027/2027/1957
f 2040/2040/1970 2027/2027/1957 2026/2026/1956
f 2042/2042/1972 2043/2043/1973 2044/2044/1974
f 2042/2042/1972 2044/2044/1974 2045/2045/1975
f 2046/2046/1976 2047/2047/1977 2041/2041/1971
f 2046/2046/1976 2041/2041/1971 2040/2040/1970
f 2048/2048/1978 2049/2049/1979 2043/2043/1973
f 2048/2048/1978 2043/2043/1973 2042/2042/1972
f 2050/2050/1980 2051/2051/1981 2047/2047/1977
f 2050/2050/1980 2047/2047/1977 2046/2046/1976
f 2015/2015/1945 2014/2014/1944 2049/2049/1979
f 2015/2015/1945 2049/2049/1979 2048/2048/1978
f 2036/2036/1966 2035/2035/1965 2051/2051/1981
f 2036/2036/1966 2051/2051/1981 2050/2050/1980
f 2052/2052/1982 2053/2053/1983 2013/2013/1943
f 2052/2052/1982 2013/2013/1943 2012/2012/1942
f 2054/2054/1984 2055/2055/1985 2034/2034/1964
f 2054/2054/1984 2034/2034/1964 2033/2033/1963
f 2056/2056/1986 2057/2057/1987 2053/2053/1983
f 2056/2056/1986 2053/2053/1983 2052/2052/1982
f 2058/2058/1988 2059/2059/1989 2055/2055/1985
f 2058/2058/1988 2055/2055/1985 2054/2054/1984
f 2060/2060/1990 2061/2061/1991 2057/2057/1987
f 2060/2060/1990 2057/2057/1987 2056/2056/1986
f 2062/2062/1992 2063/2063/1993 2059/2059/1989
f 2062/2062/1992 2059/2059/1989 2058/2058/1988
f 2064/2064/1994 2065/2065/1995 2066/2066/1996
f 2064/2064/1994 2066/2066/1996 2067/2067/1997
f 2068/2068/1998 2069/2069/1999 2070/2070/2000
f 2068/2068/1998 2070/2070/2000 2071/2071/2001
f 2021/2021/1951 2020/2020/1950 2065/2065/1995
f 2021/2021/1951 2065/2065/1995 2064/2064/1994
f 2011/2011/1941 2010/2010/1940 2072/2072/2002
f 2011/2011/1941 2072/2072/2002 2073/2073/2003
f 2073/2073/2003 2072/2072/2002 2069/2069/1999
f 2073/2073/2003 2069/2069/1999 2068/2068/1998
f 2032/2032/1962 2039/2039/1969 2074/2074/2004
f 2032/2032/1962 2074/2074/2004 2075/2075/2005
f 2027/2027/1957 2041/2041/1971 2076/2076/2006
f 2027/2027/1957 2076/2076/2006 2077/2077/2007
f 2044/2044/1974 2043/2043/1973 2078/2078/2008
f 2044/2044/1974 2078/2078/2008 2079/2079/2009
f 2041/2041/1971 2047/2047/1977 2080/2080/2010
f 2041/2041/1971 2080/2080/2010 2076/2076/2006
f 2043/2043/1973 2049/2049/1979 2081/2081/2011
f 2043/2043/1973 2081/2081/2011 2078/2078/2008
f 2047/2047/1977 2051/2051/1981 2082/2082/2012
f 2047/2047/1977 2082/2082/2012 2080/2080/2010
f 2049/2049/1979 2014/2014/1944 2083/2083/2013
f 2049/2049/1979 2083/2083/2013 2081/2081/2011
f 2051/2051/1981 2035/2035/1965 2084/2084/2014
f 2051/2051/1981 2084/2084/2014 2082/2082/2012
f 2013/2013/1943 2053/2053/1983 2085/2085/2015
f 2013/2013/1943 2085/2085/2015 2086/2086/2016
f 2034/2034/1964 2055/2055/1985 2087/2087/2017
f 2034/2034/1964 2087/2087/2017 2088/2088/2018
f 2053/2053/1983 2057/2057/1987 2089/2089/2019
f 2053/2053/1983 2089/2089/2019 2085/2085/2015
f 2055/2055/1985 2059/2059/1989 2090/2090/2020
f 2055/2055/1985 2090/2090/2020 2087/2087/2017
f 2057/2057/1987 2061/2061/1991 2091/2091/2021
f 2057/2057/1987 2091/2091/2021 2089/2089/2019
f 2059/2059/1989 2063/2063/1993 2092/2092/2022
f 2059/2059/1989 2092/2092/2022 2090/2090/2020
f 2066/2066/1996 2065/2065/1995 2093/2093/2023
f 2066/2066/1996 2093/2093/2023 2094/2094/2024
f 2070/2070/2000 2069/2069/1999 2095/2095/2025
f 2070/2070/2000 2095/2095/2025 2096/2096/2026
f 2065/2065/1995 2020/2020/1950 2097/2097/2027
f 2065/2065/1995 2097/2097/2027 2093/2093/2023
f 2069/2069/1999 2072/2072/2002 2098/2098/2028
f 2069/2069/1999 2098/2098/2028 2095/2095/2025
f 1934/1934/1864 1933/1933/1863 2099/2099/2029
f 1934/1934/1864 2099/2099/2029 2100/2100/2030
f 2010/2010/1940 2009/2009/1939 2101/2101/2031
f 2010/2010/1940 2101/2101/2031 2102/2102/2032
f 2014/2014/1944 2013/2013/1943 2086/2086/2016
f 2014/2014/1944 2086/2086/2016 2083/2083/2013
f 1933/1933/1863 2017/2017/1947 2103/2103/2033
f 1933/1933/1863 2103/2103/2033 2099/2099/2029
f 2009/2009/1939 2019/2019/1949 2104/2104/2034
f 2009/2009/1939 2104/2104/2034 2101/2101/2031
f 2020/2020/1950 1934/1934/1864 2100/2100/2030
f 2020/2020/1950 2100/2100/2030 2097/2097/2027
f 2017/2017/1947 2023/2023/1953 2105/2105/2035
f 2017/2017/1947 2105/2105/2035 2103/2103/2033
f 2019/2019/1949 2025/2025/1955 2106/2106/2036
f 2019/2019/1949 2106/2106/2036 2104/2104/2034
f 2028/2028/1958 2027/2027/1957 2077/2077/2007
f 2028/2028/1958 2077/2077/2007 2107/2107/2037
f 2023/2023/1953 2004/2004/1934 2007/2007/1937
f 2023/2023/1953 2007/2007/1937 2105/2105/2035
f 2025/2025/1955 2032/2032/1962 2075/2075/2005
f 2025/2025/1955 2075/2075/2005 2106/2106/2036
f 2035/2035/1965 2034/2034/1964 2088/2088/2018
f 2035/2035/1965 2088/2088/2018 2084/2084/2014
f 2072/2072/2002 2010/2010/1940 2102/2102/2032
f 2072/2072/2002 2102/2102/2032 2098/2098/2028
f 2108/2108/2038 2109/2109/2039 2110/2110/2040
f 2108/2108/2038 2110/2110/2040 2111/2111/2041
f 2112/2112/2042 2113/2113/2043 2114/2114/2044
f 2112/2112/2042 2114/2114/2044 2115/2115/2045
f 2111/2111/2041 2110/2110/2040 2116/2116/2046
f 2111/2111/2041 2116/2116/2046 2117/2117/2047
f 2115/2115/2045 2114/2114/2044 2118/2118/2048
f 2115/2115/2045 2118/2118/2048 2119/2119/2049
f 2120/2120/2050 2121/2121/2051 2122/2122/2052
f 2120/2120/2050 2122/2122/2052 2123/2123/2053
f 2124/2124/2054 2125/2125/2055 2126/2126/2056
f 2124/2124/2054 2126/2126/2056 2127/2127/2057
f 2123/2123/2053 2122/2122/2052 2128/2128/2058
f 2123/2123/2053 2128/2128/2058 2129/2129/2059
f 2127/2127/2057 2126/2126/2056 2130/2130/2060
f 2127/2127/2057 2130/2130/2060 2131/2131/2061
f 2129/2129/2059 2128/2128/2058 2132/2132/2062
f 2129/2129/2059 2132/2132/2062 2133/2133/2063
f 2131/2131/2061 2130/2130/2060 2134/2134/2064
f 2131/2131/2061 2134/2134/2064 2135/2135/2065
f 2133/2133/2063 2132/2132/2062 2136/2136/2066
f 2133/2133/2063 2136/2136/2066 2137/2137/2067
f 2135/2135/2065 2134/2134/2064 2138/2138/2068
f 2135/2135/2065 2138/2138/2068 2139/2139/2069
f 2140/2140/2070 2141/2141/2071 2142/2142/2072
f 2140/2140/2070 2142/2142/2072 2143/2143/2073
f 2117/2117/2047 2116/2116/2046 2121/2121/2051
f 2117/2117/2047 2121/2121/2051 2120/2120/2050
f 2139/2139/2069 2138/2138/2068 2144/2144/2074
f 2139/2139/2069 2144/2144/2074 2145/2145/2075
f 2146/2146/2076 2147/2147/2077 2148/2148/2078
f 2146/2146/2076 2148/2148/2078 2149/2149/2079
f 2137/2137/2067 2136/2136/2066 2141/2141/2071
f 2137/2137/2067 2141/2141/2071 2140/2140/2070
f 2150/2150/2080 2151/2151/2081 2152/2152/2082
f 2150/2150/2080 2152/2152/2082 2153/2153/2083
f 2149/2149/2079 2148/2148/2078 2154/2154/2084
f 2149/2149/2079 2154/2154/2084 2155/2155/2085
f 2156/2156/2086 2157/2157/2087 2158/2158/2088
f 2156/2156/2086 2158/2158/2088 2159/2159/2089
f 2153/2153/2083 2152/2152/2082 2160/2160/2090
f 2153/2153/2083 2160/2160/2090 2161/2161/2091
f 2155/2155/2085 2154/2154/2084 2162/2162/2092
f 2155/2155/2085 2162/2162/2092 2163/2163/2093
f 2119/2119/2049 2118/2118/2048 2125/2125/2055
f 2119/2119/2049 2125/2125/2055 2124/2124/2054
f 2161/2161/2091 2160/2160/2090 2164/2164/2094
f 2161/2161/2091 2164/2164/2094 2165/2165/2095
f 2163/2163/2093 2162/2162/2092 2157/2157/2087
f 2163/2163/2093 2157/2157/2087 2156/2156/2086
f 2166/2166/2096 2167/2167/2097 2168/2168/2098
f 2166/2166/2096 2168/2168/2098 2169/2169/2099
f 2165/2165/2095 2164/2164/2094 2167/2167/2097
f 2165/2165/2095 2167/2167/2097 2166/2166/2096
f 2159/2159/2089 2158/2158/2088 2170/2170/2100
f 2159/2159/2089 2170/2170/2100 2171/2171/2101
f 2169/2169/2099 2168/2168/2098 2172/2172/2102
f 2169/2169/2099 2172/2172/2102 2173/2173/2103
f 2171/2171/2101 2170/2170/2100 2174/2174/2104
f 2171/2171/2101 2174/2174/2104 2175/2175/2105
f 2176/2176/2106 2177/2177/2107 2109/2109/2039
f 2176/2176/2106 2109/2109/2039 2108/2108/2038
f 2178/2178/2108 2179/2179/2109 2113/2113/2043
f 2178/2178/2108 2113/2113/2043 2112/2112/2042
f 2109/2109/2039 1939/1939/1869 2002/2002/1932
f 2109/2109/2039 2002/2002/1932 2110/2110/2040
f 2113/2113/2043 1863/1863/1793 2000/2000/1930
f 2113/2113/2043 2000/2000/1930 2114/2114/2044
f 2110/2110/2040 2002/2002/1932 1980/1980/1910
f 2110/2110/2040 1980/1980/1910 2116/2116/2046
f 2114/2114/2044 2000/2000/1930 1960/1960/1890
f 2114/2114/2044 1960/1960/1890 2118/2118/2048
f 2121/2121/2051 1983/1983/1913 1998/1998/1928
f 2121/2121/2051 1998/1998/1928 2122/2122/2052
f 2125/2125/2055 1963/1963/1893 1996/1996/1926
f 2125/2125/2055 1996/1996/1926 2126/2126/2056
f 2122/2122/2052 1998/1998/1928 1994/1994/1924
f 2122/2122/2052 1994/1994/1924 2128/2128/2058
f 2126/2126/2056 1996/1996/1926 1992/1992/1922
f 2126/2126/2056 1992/1992/1922 2130/2130/2060
f 2128/2128/2058 1994/1994/1924 1990/1990/1920
f 2128/2128/2058 1990/1990/1920 2132/2132/2062
f 2130/2130/2060 1992/1992/1922 1986/1986/1916
f 2130/2130/2060 1986/1986/1916 2134/2134/2064
f 2132/2132/2062 1990/1990/1920 1972/1972/1902
f 2132/2132/2062 1972/1972/1902 2136/2136/2066
f 2134/2134/2064 1986/1986/1916 1989/1989/1919
f 2134/2134/2064 1989/1989/1919 2138/2138/2068
f 2141/2141/2071 1975/1975/1905 1985/1985/1915
f 2141/2141/2071 1985/1985/1915 2142/2142/2072
f 2116/2116/2046 1980/1980/1910 1983/1983/1913
f 2116/2116/2046 1983/1983/1913 2121/2121/2051
f 2180/2180/2110 1978/1978/1908 1970/1970/1900
f 2180/2180/2110 1970/1970/1900 2181/2181/2111
f 2182/2182/2112 1976/1976/1906 1968/1968/1898
f 2182/2182/2112 1968/1968/1898 2183/2183/2113
f 2136/2136/2066 1972/1972/1902 1975/1975/1905
f 2136/2136/2066 1975/1975/1905 2141/2141/2071
f 2181/2181/2111 1970/1970/1900 1966/1966/1896
f 2181/2181/2111 1966/1966/1896 2184/2184/2114
f 2183/2183/2113 1968/1968/1898 1964/1964/1894
f 2183/2183/2113 1964/1964/1894 2185/2185/2115
f 2186/2186/2116 1957/1957/1887 1948/1948/1878
f 2186/2186/2116 1948/1948/1878 2187/2187/2117
f 2184/2184/2114 1966/1966/1896 1958/1958/1888
f 2184/2184/2114 1958/1958/1888 2188/2188/2118
f 2185/2185/2115 1964/1964/1894 1954/1954/1884
f 2185/2185/2115 1954/1954/1884 2189/2189/2119
f 2118/2118/2048 1960/1960/1890 1963/1963/1893
f 2118/2118/2048 1963/1963/1893 2125/2125/2055
f 2188/2188/2118 1958/1958/1888 1950/1950/1880
f 2188/2188/2118 1950/1950/1880 2190/2190/2120
f 2189/2189/2119 1954/1954/1884 1957/1957/1887
f 2189/2189/2119 1957/1957/1887 2186/2186/2116
f 2191/2191/2121 1953/1953/1883 1944/1944/1874
f 2191/2191/2121 1944/1944/1874 2192/2192/2122
f 2190/2190/2120 1950/1950/1880 1953/1953/1883
f 2190/2190/2120 1953/1953/1883 2191/2191/2121
f 2187/2187/2117 1948/1948/1878 1940/1940/1870
f 2187/2187/2117 1940/1940/1870 2193/2193/2123
f 2194/2194/2124 2195/2195/2125 1936/1936/1866
f 2194/2194/2124 1936/1936/1866 2177/2177/2107
f 2196/2196/2126 2197/2197/2127 1860/1860/1790
f 2196/2196/2126 1860/1860/1790 2179/2179/2109
f 2177/2177/2107 1936/1936/1866 1939/1939/1869
f 2177/2177/2107 1939/1939/1869 2109/2109/2039
f 2179/2179/2109 1860/1860/1790 1863/1863/1793
f 2179/2179/2109 1863/1863/1793 2113/2113/2043
f 2198/2198/2128 2178/2178/2108 2112/2112/2042
f 2198/2198/2128 2112/2112/2042 1877/1877/1807
f 1887/1887/1817 2173/2173/2103 2199/2199/2129
f 1887/1887/1817 2199/2199/2129 1879/1879/1809
f 1889/1889/1819 2171/2171/2101 2175/2175/2105
f 1889/1889/1819 2175/2175/2105 1883/1883/1813
f 1891/1891/1821 2169/2169/2099 2173/2173/2103
f 1891/1891/1821 2173/2173/2103 1887/1887/1817
f 1893/1893/1823 2159/2159/2089 2171/2171/2101
f 1893/1893/1823 2171/2171/2101 1889/1889/1819
f 1895/1895/1825 2165/2165/2095 2166/2166/2096
f 1895/1895/1825 2166/2166/2096 1896/1896/1826
f 1896/1896/1826 2166/2166/2096 2169/2169/2099
f 1896/1896/1826 2169/2169/2099 1891/1891/1821
f 1899/1899/1829 2163/2163/2093 2156/2156/2086
f 1899/1899/1829 2156/2156/2086 1900/1900/1830
f 1903/1903/1833 2161/2161/2091 2165/2165/2095
f 1903/1903/1833 2165/2165/2095 1895/1895/1825
f 1870/1870/1800 2119/2119/2049 2124/2124/2054
f 1870/1870/1800 2124/2124/2054 1789/1789/1719
f 1905/1905/1835 2155/2155/2085 2163/2163/2093
f 1905/1905/1835 2163/2163/2093 1899/1899/1829
f 1907/1907/1837 2153/2153/2083 2161/2161/2091
f 1907/1907/1837 2161/2161/2091 1903/1903/1833
f 1900/1900/1830 2156/2156/2086 2159/2159/2089
f 1900/1900/1830 2159/2159/2089 1893/1893/1823
f 1909/1909/1839 2149/2149/2079 2155/2155/2085
f 1909/1909/1839 2155/2155/2085 1905/1905/1835
f 1911/1911/1841 2150/2150/2080 2153/2153/2083
f 1911/1911/1841 2153/2153/2083 1907/1907/1837
f 1913/1913/1843 2137/2137/2067 2140/2140/2070
f 1913/1913/1843 2140/2140/2070 1914/1914/1844
f 1917/1917/1847 2146/2146/2076 2149/2149/2079
f 1917/1917/1847 2149/2149/2079 1909/1909/1839
f 1919/1919/1849 2139/2139/2069 2145/2145/2075
f 1919/1919/1849 2145/2145/2075 1920/1920/1850
f 1874/1874/1804 2117/2117/2047 2120/2120/2050
f 1874/1874/1804 2120/2120/2050 1865/1865/1795
f 1914/1914/1844 2140/2140/2070 2143/2143/2073
f 1914/1914/1844 2143/2143/2073 1922/1922/1852
f 1925/1925/1855 2135/2135/2065 2139/2139/2069
f 1925/1925/1855 2139/2139/2069 1919/1919/1849
f 1927/1927/1857 2133/2133/2063 2137/2137/2067
f 1927/1927/1857 2137/2137/2067 1913/1913/1843
f 1929/1929/1859 2131/2131/2061 2135/2135/2065
f 1929/1929/1859 2135/2135/2065 1925/1925/1855
f 1931/1931/1861 2129/2129/2059 2133/2133/2063
f 1931/1931/1861 2133/2133/2063 1927/1927/1857
f 1790/1790/1720 2127/2127/2057 2131/2131/2061
f 1790/1790/1720 2131/2131/2061 1929/1929/1859
f 1866/1866/1796 2123/2123/2053 2129/2129/2059
f 1866/1866/1796 2129/2129/2059 1931/1931/1861
f 1789/1789/1719 2124/2124/2054 2127/2127/2057
f 1789/1789/1719 2127/2127/2057 1790/1790/1720
f 1865/1865/1795 2120/2120/2050 2123/2123/2053
f 1865/1865/1795 2123/2123/2053 1866/1866/1796
f 1869/1869/1799 2115/2115/2045 2119/2119/2049
f 1869/1869/1799 2119/2119/2049 1870/1870/1800
f 1873/1873/1803 2111/2111/2041 2117/2117/2047
f 1873/1873/1803 2117/2117/2047 1874/1874/1804
f 1877/1877/1807 2112/2112/2042 2115/2115/2045
f 1877/1877/1807 2115/2115/2045 1869/1869/1799
f 2200/2200/2130 2108/2108/2038 2111/2111/2041
f 2200/2200/2130 2111/2111/2041 1873/1873/1803
f 1952/1952/1882 2073/2073/2003 2068/2068/1998
f 1952/1952/1882 2068/2068/1998 1945/1945/1875
f 1951/1951/1881 2011/2011/1941 2073/2073/2003
f 1951/1951/1881 2073/2073/2003 1952/1952/1882
f 1949/1949/1879 2021/2021/1951 2064/2064/1994
f 1949/1949/1879 2064/2064/1994 1941/1941/1871
f 1945/1945/1875 2068/2068/1998 2071/2071/2001
f 1945/1945/1875 2071/2071/2001 1946/1946/1876
f 1941/1941/1871 2064/2064/1994 2067/2067/1997
f 1941/1941/1871 2067/2067/1997 1942/1942/1872
f 1937/1937/1867 2062/2062/1992 2058/2058/1988
f 1937/1937/1867 2058/2058/1988 1938/1938/1868
f 1861/1861/1791 2060/2060/1990 2056/2056/1986
f 1861/1861/1791 2056/2056/1986 1862/1862/1792
f 1938/1938/1868 2058/2058/1988 2054/2054/1984
f 1938/1938/1868 2054/2054/1984 2003/2003/1933
f 1862/1862/1792 2056/2056/1986 2052/2052/1982
f 1862/1862/1792 2052/2052/1982 2001/2001/1931
f 2003/2003/1933 2054/2054/1984 2033/2033/1963
f 2003/2003/1933 2033/2033/1963 1981/1981/1911
f 2001/2001/1931 2052/2052/1982 2012/2012/1942
f 2001/2001/1931 2012/2012/1942 1961/1961/1891
f 1982/1982/1912 2036/2036/1966 2050/2050/1980
f 1982/1982/1912 2050/2050/1980 1999/1999/1929
f 1962/1962/1892 2015/2015/1945 2048/2048/1978
f 1962/1962/1892 2048/2048/1978 1997/1997/1927
f 1999/1999/1929 2050/2050/1980 2046/2046/1976
f 1999/1999/1929 2046/2046/1976 1995/1995/1925
f 1997/1997/1927 2048/2048/1978 2042/2042/1972
f 1997/1997/1927 2042/2042/1972 1993/1993/1923
f 1995/1995/1925 2046/2046/1976 2040/2040/1970
f 1995/1995/1925 2040/2040/1970 1991/1991/1921
f 1993/1993/1923 2042/2042/1972 2045/2045/1975
f 1993/1993/1923 2045/2045/1975 1987/1987/1917
f 1991/1991/1921 2040/2040/1970 2026/2026/1956
f 1991/1991/1921 2026/2026/1956 1973/1973/1903
f 2201/2201/2131 2038/2038/1968 2031/2031/1961
f 2201/2201/2131 2031/2031/1961 1979/1979/1909
f 2202/2202/2132 2037/2037/1967 2030/2030/1960
f 2202/2202/2132 2030/2030/1960 1977/1977/1907
f 1981/1981/1911 2033/2033/1963 2036/2036/1966
f 1981/1981/1911 2036/2036/1966 1982/1982/1912
f 1979/1979/1909 2031/2031/1961 2024/2024/1954
f 1979/1979/1909 2024/2024/1954 1971/1971/1901
f 1977/1977/1907 2030/2030/1960 2022/2022/1952
f 1977/1977/1907 2022/2022/1952 1969/1969/1899
f 1973/1973/1903 2026/2026/1956 2029/2029/1959
f 1973/1973/1903 2029/2029/1959 1974/1974/1904
f 1971/1971/1901 2024/2024/1954 2018/2018/1948
f 1971/1971/1901 2018/2018/1948 1967/1967/1897
f 1969/1969/1899 2022/2022/1952 2016/2016/1946
f 1969/1969/1899 2016/2016/1946 1965/1965/1895
f 1956/1956/1886 1935/1935/1865 2021/2021/1951
f 1956/1956/1886 2021/2021/1951 1949/1949/1879
f 1967/1967/1897 2018/2018/1948 2008/2008/1938
f 1967/1967/1897 2008/2008/1938 1959/1959/1889
f 1965/1965/1895 2016/2016/1946 1932/1932/1862
f 1965/1965/1895 1932/1932/1862 1955/1955/1885
f 1961/1961/1891 2012/2012/1942 2015/2015/1945
f 1961/1961/1891 2015/2015/1945 1962/1962/1892
f 1959/1959/1889 2008/2008/1938 2011/2011/1941
f 1959/1959/1889 2011/2011/1941 1951/1951/1881
f 1955/1955/1885 1932/1932/1862 1935/1935/1865
f 1955/1955/1885 1935/1935/1865 1956/1956/1886
f 1803/1803/1733 1867/1867/1797 1930/1930/1860
f 1803/1803/1733 1930/1930/1860 1799/1799/1729
f 1801/1801/1731 1791/1791/1721 1928/1928/1858
f 1801/1801/1731 1928/1928/1858 1797/1797/1727
f 1799/1799/1729 1930/1930/1860 1926/1926/1856
f 1799/1799/1729 1926/1926/1856 1793/1793/1723
f 1797/1797/1727 1928/1928/1858 1924/1924/1854
f 1797/1797/1727 1924/1924/1854 1785/1785/1715
f 1793/1793/1723 1926/1926/1856 1912/1912/1842
f 1793/1793/1723 1912/1912/1842 1794/1794/1724
f 1785/1785/1715 1924/1924/1854 1918/1918/1848
f 1785/1785/1715 1918/1918/1848 1786/1786/1716
f 1852/1852/1782 1915/1915/1845 1923/1923/1853
f 1852/1852/1782 1923/1923/1853 1858/1858/1788
f 1814/1814/1744 1875/1875/1805 1864/1864/1794
f 1814/1814/1744 1864/1864/1794 1807/1807/1737
f 1786/1786/1716 1918/1918/1848 1921/1921/1851
f 1786/1786/1716 1921/1921/1851 1856/1856/1786
f 1855/1855/1785 1916/1916/1846 1908/1908/1838
f 1855/1855/1785 1908/1908/1838 1849/1849/1779
f 1794/1794/1724 1912/1912/1842 1915/1915/1845
f 1794/1794/1724 1915/1915/1845 1852/1852/1782
f 1851/1851/1781 1910/1910/1840 1906/1906/1836
f 1851/1851/1781 1906/1906/1836 1847/1847/1777
f 1849/1849/1779 1908/1908/1838 1904/1904/1834
f 1849/1849/1779 1904/1904/1834 1845/1845/1775
f 1840/1840/1770 1901/1901/1831 1892/1892/1822
f 1840/1840/1770 1892/1892/1822 1833/1833/1763
f 1847/1847/1777 1906/1906/1836 1902/1902/1832
f 1847/1847/1777 1902/1902/1832 1843/1843/1773
f 1845/1845/1775 1904/1904/1834 1898/1898/1828
f 1845/1845/1775 1898/1898/1828 1839/1839/1769
f 1810/1810/1740 1871/1871/1801 1788/1788/1718
f 1810/1810/1740 1788/1788/1718 1805/1805/1735
f 1843/1843/1773 1902/1902/1832 1894/1894/1824
f 1843/1843/1773 1894/1894/1824 1835/1835/1765
f 1839/1839/1769 1898/1898/1828 1901/1901/1831
f 1839/1839/1769 1901/1901/1831 1840/1840/1770
f 1836/1836/1766 1897/1897/1827 1890/1890/1820
f 1836/1836/1766 1890/1890/1820 1831/1831/1761
f 1835/1835/1765 1894/1894/1824 1897/1897/1827
f 1835/1835/1765 1897/1897/1827 1836/1836/1766
f 1833/1833/1763 1892/1892/1822 1888/1888/1818
f 1833/1833/1763 1888/1888/1818 1829/1829/1759
f 1831/1831/1761 1890/1890/1820 1886/1886/1816
f 1831/1831/1761 1886/1886/1816 1827/1827/1757
f 1829/1829/1759 1888/1888/1818 1882/1882/1812
f 1829/1829/1759 1882/1882/1812 1823/1823/1753
f 1827/1827/1757 1886/1886/1816 1878/1878/1808
f 1827/1827/1757 1878/1878/1808 1819/1819/1749
f 1823/1823/1753 1882/1882/1812 1885/1885/1815
f 1823/1823/1753 1885/1885/1815 1824/1824/1754
f 1819/1819/1749 1878/1878/1808 1881/1881/1811
f 1819/1819/1749 1881/1881/1811 1820/1820/1750
f 1817/1817/1747 1876/1876/1806 1868/1868/1798
f 1817/1817/1747 1868/1868/1798 1809/1809/1739
f 1813/1813/1743 1872/1872/1802 1875/1875/1805
f 1813/1813/1743 1875/1875/1805 1814/1814/1744
f 1809/1809/1739 1868/1868/1798 1871/1871/1801
f 1809/1809/1739 1871/1871/1801 1810/1810/1740
f 1807/1807/1737 1864/1864/1794 1867/1867/1797
f 1807/1807/1737 1867/1867/1797 1803/1803/1733
f 1805/1805/1735 1788/1788/1718 1791/1791/1721
f 1805/1805/1735 1791/1791/1721 1801/1801/1731
f 2203/2203/2133 2204/2204/2133 2205/2205/2133
f 2206/2206/2134 2207/2207/2135 2208/2208/2135
f 2206/2206/2134 2208/2208/2135 2209/2209/2134
f 2210/2210/2136 2211/2211/2137 2212/2212/2138
f 2210/2210/2136 2212/2212/2138 2213/2213/2136
f 2214/2214/2139 2215/2215/2140 2216/2216/2140
f 2214/2214/2139 2216/2216/2140 2217/2217/2139
f 2218/2218/2141 2219/2219/2142 2220/2220/2143
f 2218/2218/2141 2220/2220/2143 2221/2221/2141
f 2222/2222/2144 2210/2210/2136 2213/2213/2136
f 2222/2222/2144 2213/2213/2136 2223/2223/2144
f 2224/2224/2145 2225/2225/2146 2226/2226/2146
f 2224/2224/2145 2226/2226/2146 2227/2227/2145
f 2228/2228/2147 2222/2222/2144 2223/2223/2144
f 2228/2228/2147 2223/2223/2144 2229/2229/2147
f 2230/2230/2148 2224/2224/2145 2227/2227/2145
f 2230/2230/2148 2227/2227/2145 2231/2231/1176
f 2232/2232/1177 2228/2228/2147 2229/2229/2147
f 2232/2232/1177 2229/2229/2147 2233/2233/1177
f 2234/2234/2149 2230/2230/2148 2231/2231/1176
f 2234/2234/2149 2231/2231/1176 2235/2235/2149
f 2236/2236/2150 2232/2232/1177 2233/2233/1177
f 2236/2236/2150 2233/2233/1177 2237/2237/2150
f 2215/2215/2140 2234/2234/2149 2235/2235/2149
f 2215/2215/2140 2235/2235/2149 2216/2216/2140
f 2238/2238/2151 2239/2239/2152 2240/2240/2152
f 2238/2238/2151 2240/2240/2152 2241/2241/2151
f 2242/2242/2153 2214/2214/2139 2217/2217/2139
f 2242/2242/2153 2217/2217/2139 2243/2243/2153
f 2244/2244/2154 2238/2238/2151 2241/2241/2151
f 2244/2244/2154 2241/2241/2151 2245/2245/2154
f 2246/2246/2155 2247/2247/2156 2248/2248/2156
f 2246/2246/2155 2248/2248/2156 2249/2249/2155
f 2250/2250/2157 2251/2251/2158 2252/2252/2159
f 2250/2250/2157 2252/2252/2159 2253/2253/2157
f 2254/2254/2160 2246/2246/2155 2249/2249/2155
f 2254/2254/2160 2249/2249/2155 2255/2255/2160
f 2256/2256/2161 2250/2250/2157 2253/2253/2157
f 2256/2256/2161 2253/2253/2157 2257/2257/2161
f 2258/2258/2162 2254/2254/2160 2255/2255/2160
f 2258/2258/2162 2255/2255/2160 2259/2259/2162
f 2260/2260/2163 2256/2256/2161 2257/2257/2161
f 2260/2260/2163 2257/2257/2161 2261/2261/2164
f 2262/2262/2165 2263/2263/1191 2264/2264/1191
f 2262/2262/2165 2264/2264/1191 2265/2265/2165
f 2263/2263/1191 2258/2258/2162 2259/2259/2162
f 2263/2263/1191 2259/2259/2162 2264/2264/1191
f 2266/2266/2166 2267/2267/1155 2268/2268/1155
f 2266/2266/2166 2268/2268/1155 2269/2269/2166
f 2270/2270/2167 2262/2262/2165 2265/2265/2165
f 2270/2270/2167 2265/2265/2165 2271/2271/2167
f 2239/2239/2152 2236/2236/2150 2237/2237/2150
f 2239/2239/2152 2237/2237/2150 2240/2240/2152
f 2272/2272/2168 2266/2266/2166 2269/2269/2166
f 2272/2272/2168 2269/2269/2166 2273/2273/2168
f 2274/2274/2169 2270/2270/2167 2271/2271/2167
f 2274/2274/2169 2271/2271/2167 2275/2275/2170
f 2267/2267/1155 2260/2260/2163 2261/2261/2164
f 2267/2267/1155 2261/2261/2164 2268/2268/1155
f 2207/2207/2135 2272/2272/2168 2273/2273/2168
f 2207/2207/2135 2273/2273/2168 2208/2208/2135
f 2276/2276/2171 2274/2274/2169 2275/2275/2170
f 2276/2276/2171 2275/2275/2170 2277/2277/2171
f 2225/2225/2146 2218/2218/2141 2221/2221/2141
f 2225/2225/2146 2221/2221/2141 2226/2226/2146
f 2278/2278/1262 2279/2279/1262 2280/2280/2172
f 2278/2278/1262 2280/2280/2172 2281/2281/1204
f 2282/2282/2173 2283/2283/2173 2284/2284/1260
f 2282/2282/2173 2284/2284/1260 2285/2285/1260
f 2286/2286/1195 2287/2287/1195 2288/2288/1258
f 2286/2286/1195 2288/2288/1258 2289/2289/1258
f 2290/2290/1255 2291/2291/1255 2292/2292/1244
f 2290/2290/1255 2292/2292/1244 2293/2293/1244
f 2285/2285/1260 2284/2284/1260 2294/2294/1256
f 2285/2285/1260 2294/2294/1256 2295/2295/1256
f 2289/2289/1258 2288/2288/1258 2296/2296/1252
f 2289/2289/1258 2296/2296/1252 2297/2297/1252
f 2298/2298/1227 2299/2299/2174 2300/2300/1222
f 2298/2298/1227 2300/2300/1222 2301/2301/1222
f 2295/2295/1256 2294/2294/1256 2302/2302/1248
f 2295/2295/1256 2302/2302/1248 2303/2303/1248
f 2297/2297/1252 2296/2296/1252 2291/2291/1255
f 2297/2297/1252 2291/2291/1255 2290/2290/1255
f 2304/2304/1251 2305/2305/1251 2306/2306/1242
f 2304/2304/1251 2306/2306/1242 2307/2307/1242
f 2303/2303/1248 2302/2302/1248 2305/2305/1251
f 2303/2303/1248 2305/2305/1251 2304/2304/1251
f 2293/2293/1244 2292/2292/1244 2308/2308/1247
f 2293/2293/1244 2308/2308/1247 2309/2309/1247
f 2307/2307/1242 2306/2306/1242 2310/2310/1236
f 2307/2307/1242 2310/2310/1236 2311/2311/1236
f 2312/2312/1240 2313/2313/1240 2314/2314/1234
f 2312/2312/1240 2314/2314/1234 2315/2315/1234
f 2311/2311/1236 2310/2310/1236 2316/2316/1239
f 2311/2311/1236 2316/2316/1239 2317/2317/1239
f 2315/2315/1234 2314/2314/1234 2318/2318/1230
f 2315/2315/1234 2318/2318/1230 2319/2319/1230
f 2320/2320/2175 2321/2321/2175 2322/2322/1228
f 2320/2320/2175 2322/2322/1228 2323/2323/1228
f 2319/2319/1230 2318/2318/1230 2324/2324/2176
f 2319/2319/1230 2324/2324/2176 2325/2325/2176
f 2323/2323/1228 2322/2322/1228 2326/2326/2177
f 2323/2323/1228 2326/2326/2177 2327/2327/2177
f 2325/2325/2176 2324/2324/2176 2299/2299/2174
f 2325/2325/2176 2299/2299/2174 2298/2298/1227
f 2328/2328/2178 2329/2329/2178 2330/2330/1220
f 2328/2328/2178 2330/2330/1220 2331/2331/1220
f 2301/2301/1222 2300/2300/1222 2332/2332/1218
f 2301/2301/1222 2332/2332/1218 2333/2333/1218
f 2331/2331/1220 2330/2330/1220 2334/2334/1216
f 2331/2331/1220 2334/2334/1216 2335/2335/1216
f 2333/2333/1218 2332/2332/1218 2336/2336/2179
f 2333/2333/1218 2336/2336/2179 2337/2337/2179
f 2335/2335/1216 2334/2334/1216 2338/2338/1210
f 2335/2335/1216 2338/2338/1210 2339/2339/1210
f 2337/2337/2179 2336/2336/2179 2340/2340/2180
f 2337/2337/2179 2340/2340/2180 2341/2341/2180
f 2339/2339/1210 2338/2338/1210 2342/2342/1213
f 2339/2339/1210 2342/2342/1213 2343/2343/1213
f 2341/2341/2180 2340/2340/2180 2344/2344/1209
f 2341/2341/2180 2344/2344/1209 2345/2345/1209
f 2281/2281/1204 2280/2280/2172 2346/2346/1192
f 2281/2281/1204 2346/2346/1192 2347/2347/1192
f 2327/2327/2177 2326/2326/2177 2329/2329/2178
f 2327/2327/2177 2329/2329/2178 2328/2328/2178
f 2348/2348/2181 2349/2349/2181 2283/2283/2173
f 2348/2348/2181 2283/2283/2173 2282/2282/2173
f 2347/2347/1192 2346/2346/1192 2287/2287/1195
f 2347/2347/1192 2287/2287/1195 2286/2286/1195
f 2350/2350/2182 2351/2351/2183 2352/2352/2184
f 2350/2350/2182 2352/2352/2184 2353/2353/2184
f 2354/2354/2185 2355/2355/2185 2356/2356/2186
f 2354/2354/2185 2356/2356/2186 2357/2357/2186
f 2358/2358/2187 2359/2359/2187 2360/2360/2188
f 2358/2358/2187 2360/2360/2188 2361/2361/2188
f 2362/2362/2189 2363/2363/2189 2351/2351/2183
f 2362/2362/2189 2351/2351/2183 2350/2350/2182
f 2364/2364/2190 2365/2365/2190 2355/2355/2185
f 2364/2364/2190 2355/2355/2185 2354/2354/2185
f 2366/2366/2191 2367/2367/2191 2368/2368/2192
f 2366/2366/2191 2368/2368/2192 2369/2369/2192
f 2370/2370/2193 2371/2371/2193 2365/2365/2190
f 2370/2370/2193 2365/2365/2190 2364/2364/2190
f 2372/2372/2194 2373/2373/2194 2367/2367/2191
f 2372/2372/2194 2367/2367/2191 2366/2366/2191
f 2374/2374/2195 2375/2375/2195 2371/2371/2193
f 2374/2374/2195 2371/2371/2193 2370/2370/2193
f 2376/2376/2196 2377/2377/2196 2373/2373/2194
f 2376/2376/2196 2373/2373/2194 2372/2372/2194
f 2378/2378/2197 2379/2379/2198 2375/2375/2195
f 2378/2378/2197 2375/2375/2195 2374/2374/2195
f 2361/2361/2188 2360/2360/2188 2377/2377/2196
f 2361/2361/2188 2377/2377/2196 2376/2376/2196
f 2380/2380/2199 2381/2381/2199 2382/2382/2200
f 2380/2380/2199 2382/2382/2200 2383/2383/2200
f 2384/2384/2201 2385/2385/2201 2386/2386/2202
f 2384/2384/2201 2386/2386/2202 2387/2387/2202
f 2388/2388/2203 2389/2389/2203 2381/2381/2199
f 2388/2388/2203 2381/2381/2199 2380/2380/2199
f 2390/2390/2204 2391/2391/2204 2385/2385/2201
f 2390/2390/2204 2385/2385/2201 2384/2384/2201
f 2392/2392/2205 2393/2393/2205 2389/2389/2203
f 2392/2392/2205 2389/2389/2203 2388/2388/2203
f 2394/2394/2206 2395/2395/2206 2391/2391/2204
f 2394/2394/2206 2391/2391/2204 2390/2390/2204
f 2396/2396/2207 2397/2397/2207 2393/2393/2205
f 2396/2396/2207 2393/2393/2205 2392/2392/2205
f 2398/2398/2208 2399/2399/2208 2395/2395/2206
f 2398/2398/2208 2395/2395/2206 2394/2394/2206
f 2400/2400/2209 2401/2401/2209 2397/2397/2207
f 2400/2400/2209 2397/2397/2207 2396/2396/2207
f 2402/2402/2210 2403/2403/2210 2404/2404/2211
f 2402/2402/2210 2404/2404/2211 2405/2405/2211
f 2405/2405/2211 2404/2404/2211 2399/2399/2208
f 2405/2405/2211 2399/2399/2208 2398/2398/2208
f 2406/2406/2212 2407/2407/2212 2408/2408/2213
f 2406/2406/2212 2408/2408/2213 2409/2409/2213
f 2410/2410/2214 2411/2411/2214 2403/2403/2210
f 2410/2410/2214 2403/2403/2210 2402/2402/2210
f 2412/2412/2215 2413/2413/2215 2379/2379/2198
f 2412/2412/2215 2379/2379/2198 2378/2378/2197
f 2414/2414/2216 2415/2415/2216 2407/2407/2212
f 2414/2414/2216 2407/2407/2212 2406/2406/2212
f 2416/2416/2217 2417/2417/2218 2411/2411/2214
f 2416/2416/2217 2411/2411/2214 2410/2410/2214
f 2409/2409/2213 2408/2408/2213 2401/2401/2209
f 2409/2409/2213 2401/2401/2209 2400/2400/2209
f 2353/2353/2184 2352/2352/2184 2418/2418/2219
f 2353/2353/2184 2418/2418/2219 2419/2419/2219
f 2357/2357/2186 2356/2356/2186 2420/2420/2220
f 2357/2357/2186 2420/2420/2220 2421/2421/2220
f 2369/2369/2192 2368/2368/2192 2363/2363/2189
f 2369/2369/2192 2363/2363/2189 2362/2362/2189
f 2422/2422/2221 2423/2423/2221 2205/2205/2221
f 2205/2205/2222 2424/2424/2222 2425/2425/2222
f 2425/2425/2223 2426/2426/2223 2205/2205/2223
f 2426/2426/2224 2427/2427/2224 2205/2205/2224
f 2427/2427/2225 2428/2428/2225 2429/2429/2225
f 2429/2429/2226 2430/2430/2226 2205/2205/2226
f 2430/2430/2227 2431/2431/2227 2432/2432/2227
f 2433/2433/2228 2430/2430/2228 2432/2432/2228
f 2433/2433/2229 2434/2434/2229 2435/2435/2229
f 2435/2435/2230 2436/2436/2230 2433/2433/2230
f 2436/2436/2231 2437/2437/2231 2205/2205/2231
f 2433/2433/2232 2436/2436/2232 2205/2205/2232
f 2437/2437/2233 2438/2438/2233 2439/2439/2233
f 2438/2438/2234 2440/2440/2234 2439/2439/2234
f 2439/2439/2235 2441/2441/2235 2442/2442/2235
f 2437/2437/2236 2439/2439/2236 2205/2205/2236
f 2442/2442/2237 2443/2443/2237 2203/2203/2237
f 2443/2443/2238 2444/2444/2238 2203/2203/2238
f 2203/2203/2239 2445/2445/2239 2204/2204/2239
f 2445/2445/2240 2446/2446/2240 2447/2447/2240
f 2204/2204/2241 2445/2445/2241 2447/2447/2241
f 2204/2204/2242 2448/2448/2242 2449/2449/2242
f 2449/2449/2243 2450/2450/2243 2204/2204/2243
f 2450/2450/2244 2422/2422/2244 2205/2205/2244
f 2204/2204/2245 2450/2450/2245 2205/2205/2245
f 2429/2429/2246 2205/2205/2246 2427/2427/2246
f 2430/2430/2247 2433/2433/2247 2205/2205/2247
f 2205/2205/2248 2439/2439/2248 2442/2442/2248
f 2442/2442/2249 2203/2203/2249 2205/2205/2249
f 2451/2451/2250 2452/2452/2250 2453/2453/2250
f 2454/2454/2251 2455/2455/1236 2456/2456/1236
f 2454/2454/2251 2456/2456/1236 2457/2457/2251
f 2458/2458/2252 2459/2459/2253 2460/2460/2253
f 2458/2458/2252 2460/2460/2253 2461/2461/2252
f 2462/2462/2254 2463/2463/1251 2464/2464/1251
f 2462/2462/2254 2464/2464/1251 2465/2465/1248
f 2463/2463/1251 2454/2454/2251 2457/2457/2251
f 2463/2463/1251 2457/2457/2251 2464/2464/1251
f 2466/2466/1252 2467/2467/1255 2468/2468/1255
f 2466/2466/1252 2468/2468/1255 2469/2469/1252
f 2470/2470/1256 2462/2462/2254 2465/2465/1248
f 2470/2470/1256 2465/2465/1248 2471/2471/1256
f 2472/2472/2255 2473/2473/1222 2474/2474/1222
f 2472/2472/2255 2474/2474/1222 2475/2475/2255
f 2476/2476/1258 2466/2466/1252 2469/2469/1252
f 2476/2476/1258 2469/2469/1252 2477/2477/1258
f 2478/2478/2256 2470/2470/1256 2471/2471/1256
f 2478/2478/2256 2471/2471/1256 2479/2479/2257
f 2467/2467/1255 2458/2458/2252 2461/2461/2252
f 2467/2467/1255 2461/2461/2252 2468/2468/1255
f 2480/2480/2258 2476/2476/1258 2477/2477/1258
f 2480/2480/2258 2477/2477/1258 2481/2481/2258
f 2482/2482/2173 2483/2483/2259 2484/2484/2259
f 2482/2482/2173 2484/2484/2259 2485/2485/2173
f 2486/2486/2260 2487/2487/2172 2488/2488/2172
f 2486/2486/2260 2488/2488/2172 2489/2489/2260
f 2490/2490/1192 2491/2491/2261 2492/2492/2261
f 2490/2490/1192 2492/2492/2261 2493/2493/2262
f 2494/2494/2263 2482/2482/2173 2485/2485/2173
f 2494/2494/2263 2485/2485/2173 2495/2495/2263
f 2496/2496/2177 2497/2497/2264 2498/2498/2264
f 2496/2496/2177 2498/2498/2264 2499/2499/2177
f 2487/2487/2172 2490/2490/1192 2493/2493/2262
f 2487/2487/2172 2493/2493/2262 2488/2488/2172
f 2500/2500/2180 2494/2494/2263 2495/2495/2263
f 2500/2500/2180 2495/2495/2263 2501/2501/2180
f 2502/2502/2265 2486/2486/2260 2489/2489/2260
f 2502/2502/2265 2489/2489/2260 2503/2503/2265
f 2504/2504/2179 2500/2500/2180 2501/2501/2180
f 2504/2504/2179 2501/2501/2180 2505/2505/2179
f 2506/2506/1216 2502/2502/2265 2503/2503/2265
f 2506/2506/1216 2503/2503/2265 2507/2507/1216
f 2508/2508/1218 2504/2504/2179 2505/2505/2179
f 2508/2508/1218 2505/2505/2179 2509/2509/1218
f 2510/2510/2266 2506/2506/1216 2507/2507/1216
f 2510/2510/2266 2507/2507/1216 2511/2511/2266
f 2473/2473/1222 2508/2508/1218 2509/2509/1218
f 2473/2473/1222 2509/2509/1218 2474/2474/1222
f 2512/2512/2267 2510/2510/2266 2511/2511/2266
f 2512/2512/2267 2511/2511/2266 2513/2513/2267
f 2514/2514/2176 2472/2472/2255 2475/2475/2255
f 2514/2514/2176 2475/2475/2255 2515/2515/2268
f 2516/2516/1228 2496/2496/2177 2499/2499/2177
f 2516/2516/1228 2499/2499/2177 2517/2517/1228
f 2518/2518/2269 2514/2514/2176 2515/2515/2268
f 2518/2518/2269 2515/2515/2268 2519/2519/2269
f 2520/2520/2270 2516/2516/1228 2517/2517/1228
f 2520/2520/2270 2517/2517/1228 2521/2521/2270
f 2522/2522/1234 2523/2523/2271 2524/2524/2271
f 2522/2522/1234 2524/2524/2271 2525/2525/1234
f 2455/2455/1236 2520/2520/2270 2521/2521/2270
f 2455/2455/1236 2521/2521/2270 2456/2456/1236
f 2459/2459/2253 2522/2522/1234 2525/2525/1234
f 2459/2459/2253 2525/2525/1234 2460/2460/2253
f 2526/2526/2272 2527/2527/2272 2452/2452/2272
f 2452/2452/2273 2528/2528/2273 2529/2529/2273
f 2529/2529/2274 2530/2530/2274 2452/2452/2274
f 2530/2530/2275 2531/2531/2275 2452/2452/2275
f 2531/2531/2276 2532/2532/2276 2533/2533/2276
f 2533/2533/2277 2453/2453/2277 2452/2452/2277
f 2453/2453/2278 2534/2534/2278 2535/2535/2278
f 2536/2536/2279 2453/2453/2279 2535/2535/2279
f 2536/2536/2280 2537/2537/2280 2538/2538/2280
f 2538/2538/2281 2539/2539/2281 2536/2536/2281
f 2539/2539/2282 2540/2540/2282 2541/2541/2282
f 2536/2536/2283 2539/2539/2283 2541/2541/2283
f 2540/2540/2284 2542/2542/2284 2541/2541/2284
f 2542/2542/2285 2543/2543/2285 2541/2541/2285
f 2541/2541/2286 2544/2544/2286 2545/2545/2286
f 2545/2545/2287 2546/2546/2287 2547/2547/2287
f 2546/2546/2288 2548/2548/2288 2547/2547/2288
f 2547/2547/2289 2451/2451/2289 2453/2453/2289
f 2451/2451/2290 2549/2549/2290 2550/2550/2290
f 2551/2551/2291 2451/2451/2291 2550/2550/2291
f 2551/2551/2292 2552/2552/2292 2553/2553/2292
f 2553/2553/2293 2554/2554/2293 2551/2551/2293
f 2554/2554/2294 2526/2526/2294 2452/2452/2294
f 2551/2551/2295 2554/2554/2295 2452/2452/2295
f 2533/2533/2296 2452/2452/2296 2531/2531/2296
f 2453/2453/2297 2536/2536/2297 2547/2547/2297
f 2547/2547/2298 2541/2541/2298 2545/2545/2298
f 2451/2451/2299 2551/2551/2299 2452/2452/2299
f 2547/2547/2300 2536/2536/2300 2541/2541/2300
# Vertices: 1372, normals: 1147, texture coordinates: 1372, faces: 1788

o obj4
v 0.06231169 0.10470028 -0.04051429
v 0.06896369 0.10469914 -0.02769505
v 0.06977408 0.10469912 -0.02802062
v 0.06304429 0.10470028 -0.04099071
v 0.02925752 0.10470028 -0.06919776
v 0.04240035 0.10470028 -0.06204127
v 0.04240035 0.08920029 -0.06204127
v 0.02925752 0.08920029 -0.06919776
v -0.05318998 0.10470031 0.0517026
v -0.0622357 0.10470031 0.0403707
v -0.06296705 0.10470031 0.04084479
v -0.05381469 0.10470031 0.05231021
v 0.05316757 0.10470028 -0.05189668
v 0.05379204 0.10470028 -0.05250619
v -0.04200689 0.10470031 0.06115089
v -0.0425009 0.10470031 0.06186979
v 0.04190759 0.10470028 -0.06132065
v 0.04240035 0.10470028 -0.06204127
v -0.02907734 0.10470031 0.06827806
v -0.02941905 0.10470031 0.06908046
v 0.02891766 0.10470028 -0.06839405
v 0.02925752 0.10470028 -0.06919776
v -0.01490664 0.10470031 0.07272385
v -0.02907734 0.10470031 0.06827806
v -0.02941905 0.10470031 0.06908046
v -0.01508182 0.10470031 0.07357846
v 0.01471132 0.10470028 -0.07275365
v 0.02891766 0.10470028 -0.06839405
v 0.02925752 0.10470028 -0.06919776
v 0.01488423 0.10470028 -0.0736085
v 0.01470112 0.10470024 0.07280205
v -9.876E-05 0.10470031 0.07420991
v -9.992E-05 0.10470031 0.07508205
v 0.01487416 0.10470024 0.07365762
v -9.876E-05 0.10470031 0.07420991
v -9.992E-05 0.10470031 0.07508205
v -0.01487374 0.10470028 -0.07270716
v -9.65E-05 0.10470028 -0.07423757
v -9.763E-05 0.10470028 -0.07511006
v -0.0150485 0.10470028 -0.07356153
v 0.02885346 0.1047 0.06844877
v 0.02919219 0.1047 0.06925319
v 0.07300214 0.10469878 -0.01394546
v 0.07386003 0.10469876 -0.01410937
v -0.02897196 0.10469981 -0.06829356
v -0.02931266 0.10469981 -0.06909607
v 0.04177468 0.10470031 0.0614401
v 0.04226564 0.10470031 0.06216227
v -0.04181992 0.10470028 -0.06125163
v -0.04231136 0.10470028 -0.06197117
v 0.05297928 0.10470031 0.052123
v 0.04177468 0.10470031 0.0614401
v 0.04226564 0.10470031 0.06216227
v 0.05360185 0.10470031 0.05273579
v -0.06863134 0.1047003 -0.02804327
v -0.06200849 0.10469917 -0.04068243
v -0.06273727 0.10469915 -0.04116046
v -0.06943779 0.1047003 -0.02837312
v -0.05294393 0.10469921 -0.05193411
v -0.05356579 0.1046992 -0.05254398
v 0.06210046 0.10470031 0.04085028
v 0.06283049 0.10470031 0.04132997
v -0.06885211 0.10469878 0.02753818
v -0.06966124 0.10469876 0.02786219
v -0.05294393 0.10469921 -0.05193411
v -0.05356579 0.1046992 -0.05254398
v 0.06878375 0.1047 0.02815783
v 0.06959204 0.1047 0.02848875
v -0.07271902 0.10469884 -0.01445806
v -0.07357357 0.10469882 -0.01462805
v 0.07290481 0.1047003 0.01449877
v 0.07376151 0.1047003 0.01466912
v -0.07415502 0.1047003 -0.00027299
v -0.07502643 0.1047003 -0.00027621
v 0.07434438 0.1047003 0.00025332
v 0.07521806 0.1047003 0.00025642
v -0.0728371 0.1047003 0.01384902
v -0.07369302 0.1047003 0.01401174
v 0.04240035 0.08920029 -0.06204127
v 0.05379204 0.08920029 -0.05250619
v 0.05307589 0.08920029 -0.05180751
v 0.04183595 0.08920029 -0.06121527
v -0.01508182 0.10470031 0.07357846
v -0.02941905 0.10470031 0.06908046
v -0.02941905 0.08920035 0.06908046
v -0.01508182 0.08920035 0.07357846
v 0.01488423 0.10470028 -0.0736085
v 0.01488423 0.08920029 -0.0736085
v 0.01487416 0.10470024 0.07365762
v -9.992E-05 0.10470031 0.07508205
v -9.992E-05 0.08920035 0.07508205
v 0.01487416 0.08920029 0.07365762
v -0.01508182 0.10470031 0.07357846
v -0.01508182 0.08920035 0.07357846
v -0.0150485 0.10470028 -0.07356153
v -9.763E-05 0.10470028 -0.07511006
v -9.763E-05 0.08920029 -0.07511006
v -0.0150485 0.08920029 -0.07356153
v 0.02919219 0.1047 0.06925319
v 0.02919219 0.08920017 0.06925319
v 0.06977408 0.10469912 -0.02802062
v 0.07386003 0.10469876 -0.01410937
v 0.07386003 0.0891988 -0.01410937
v 0.06977408 0.08919916 -0.02802062
v -0.02931266 0.10469981 -0.06909607
v -0.02931266 0.08920017 -0.06909607
v 0.04226564 0.10470031 0.06216227
v 0.04226564 0.08920035 0.06216227
v -9.763E-05 0.10470028 -0.07511006
v -9.763E-05 0.08920029 -0.07511006
v -0.04231136 0.10470028 -0.06197117
v -0.04231136 0.08920029 -0.06197117
v 0.05360185 0.10470031 0.05273579
v 0.05360185 0.08920035 0.05273579
v -0.06943779 0.1047003 -0.02837312
v -0.06273727 0.10469915 -0.04116046
v -0.06273727 0.08919916 -0.04116046
v -0.06943779 0.08920029 -0.02837312
v -0.05356579 0.1046992 -0.05254398
v -0.05356579 0.08919922 -0.05254398
v 0.06283049 0.10470031 0.04132997
v 0.06283049 0.08920035 0.04132997
v -0.06296705 0.10470031 0.04084479
v -0.06966124 0.10469876 0.02786219
v -0.06966124 0.0891988 0.02786219
v -0.06296705 0.08920035 0.04084479
v 0.06959204 0.1047 0.02848875
v 0.06959204 0.08920017 0.02848875
v -0.07357357 0.10469882 -0.01462805
v -0.07357357 0.08919886 -0.01462805
v 0.07376151 0.1047003 0.01466912
v 0.07376151 0.08920029 0.01466912
v -0.07502643 0.1047003 -0.00027621
v -0.07502643 0.08920029 -0.00027621
v 0.07521806 0.1047003 0.00025642
v 0.07521806 0.08920029 0.00025642
v -0.07369302 0.1047003 0.01401174
v -0.07502643 0.1047003 -0.00027621
v -0.07502643 0.08920029 -0.00027621
v -0.07369302 0.08920029 0.01401174
v 0.07521806 0.1047003 0.00025642
v 0.07521806 0.08920029 0.00025642
v 0.06304429 0.10470028 -0.04099071
v 0.06304429 0.08920029 -0.04099071
v -0.05381469 0.10470031 0.05231021
v -0.05381469 0.08920035 0.05231021
v 0.05379204 0.10470028 -0.05250619
v 0.05379204 0.08920029 -0.05250619
v -0.0425009 0.10470031 0.06186979
v -0.0425009 0.08920035 0.06186979
v -0.02941905 0.08920035 0.06908046
v -0.0425009 0.08920035 0.06186979
v -0.04193471 0.08920035 0.06104623
v -0.02902739 0.08920035 0.06816088
v 0.02925752 0.08920029 -0.06919776
v 0.02886789 0.08920029 -0.06827651
v -0.01508182 0.08920035 0.07357846
v -0.01488101 0.08920035 0.07259892
v 0.01488423 0.08920029 -0.0736085
v 0.01468575 0.08920029 -0.07262848
v 0.01487416 0.08920029 0.07365762
v -9.992E-05 0.08920035 0.07508205
v -9.859E-05 0.08920035 0.07408236
v 0.01467621 0.08920029 0.072677
v -0.01508182 0.08920035 0.07357846
v -0.01488101 0.08920035 0.07259892
v -0.0150485 0.08920029 -0.07356153
v -9.763E-05 0.08920029 -0.07511006
v -9.633E-05 0.08920029 -0.07411002
v -0.01484817 0.08920029 -0.07258223
v 0.02919219 0.08920017 0.06925319
v 0.01487416 0.08920029 0.07365762
v 0.01467621 0.08920029 0.072677
v 0.02880393 0.08920017 0.06833111
v 0.06977408 0.08919916 -0.02802062
v 0.07386003 0.0891988 -0.01410937
v 0.07287674 0.0891988 -0.01392138
v 0.0688452 0.08919916 -0.02764785
v -0.02931266 0.08920017 -0.06909607
v -0.0150485 0.08920029 -0.07356153
v -0.01484817 0.08920029 -0.07258223
v -0.02892219 0.08920017 -0.06817614
v 0.04226564 0.08920035 0.06216227
v 0.04170261 0.08920035 0.06133454
v -0.04231136 0.08920029 -0.06197117
v -0.04174785 0.08920029 -0.06114613
v 0.05360185 0.08920035 0.05273579
v 0.05288826 0.08920035 0.05203365
v -0.06943779 0.08920029 -0.02837312
v -0.06273727 0.08919916 -0.04116046
v -0.06190167 0.08919916 -0.04061228
v -0.06851338 0.08920029 -0.02799499
v -0.05356579 0.08919922 -0.05254398
v -0.05285268 0.08919922 -0.05184446
v 0.06283049 0.08920035 0.04132997
v 0.06199364 0.08920035 0.0407797
v -0.06296705 0.08920035 0.04084479
v -0.06966124 0.0891988 0.02786219
v -0.0687338 0.0891988 0.02749121
v -0.06212871 0.08920035 0.04030132
v 0.06959204 0.08920017 0.02848875
v 0.06866555 0.08920017 0.02810955
v -0.07357357 0.08919886 -0.01462805
v -0.07259403 0.08919886 -0.01443326
v 0.07376151 0.08920029 0.01466912
v 0.07277952 0.08920029 0.01447415
v -0.07502643 0.08920029 -0.00027621
v -0.07402758 0.08920029 -0.00027251
v 0.07521806 0.08920029 0.00025642
v 0.07421665 0.08920029 0.00025296
v -0.07369302 0.08920029 0.01401174
v -0.07271193 0.08920029 0.01382488
v 0.06304429 0.08920029 -0.04099071
v 0.06220458 0.08920029 -0.04044497
v -0.05381469 0.08920035 0.05231021
v -0.05309843 0.08920035 0.05161367
v 0.05379204 0.08920029 -0.05250619
v 0.05307589 0.08920029 -0.05180751
v -0.05381469 0.08920035 0.05231021
v -0.05309843 0.08920035 0.05161367
v -0.05285268 0.08849922 -0.05184494
v -0.04174785 0.08850065 -0.06114624
v -0.04231136 0.08850065 -0.06197165
v -0.05356584 0.08849922 -0.05254446
v -0.07502655 0.08850065 -0.00027633
v -0.07357369 0.0884991 -0.01462817
v -0.07357369 0.08664927 -0.01462817
v -0.07502655 0.08665076 -0.00027633
v 0.06199364 0.08850065 0.0407797
v 0.05288826 0.08850065 0.05203353
v 0.05360191 0.08850065 0.05273579
v 0.06283055 0.08850065 0.04132992
v -0.06212871 0.08850065 0.04030132
v -0.0687338 0.0884991 0.02749121
v -0.0696613 0.0884991 0.02786219
v -0.06296711 0.08850065 0.04084479
v -0.06190167 0.08849916 -0.04061228
v -0.06273739 0.08849916 -0.04116058
v 0.06866555 0.08850006 0.02810943
v 0.06959216 0.08850006 0.02848875
v -0.07259403 0.0884991 -0.01443338
v -0.06851338 0.08850065 -0.0279951
v -0.06943791 0.08850065 -0.02837324
v -0.07357369 0.0884991 -0.01462817
v 0.07277952 0.08850065 0.01447403
v 0.07376163 0.08850065 0.01466912
v -0.07402758 0.08850065 -0.00027263
v -0.07502655 0.08850065 -0.00027633
v 0.07421665 0.08850065 0.00025284
v 0.07521818 0.08850065 0.0002563
v -0.07271193 0.08850065 0.01382488
v -0.07369314 0.08850065 0.01401174
v 0.07287674 0.0884991 -0.01392138
v 0.07386015 0.0884991 -0.01410949
v 0.06220458 0.08850065 -0.04044497
v 0.0688452 0.08849916 -0.02764785
v 0.0697742 0.08849916 -0.02802062
v 0.06304441 0.08850065 -0.04099071
v -0.05309843 0.08850065 0.05161355
v -0.05381475 0.08850065 0.05231021
v 0.05307589 0.08850065 -0.05180763
v 0.0537921 0.08850065 -0.05250667
v -0.04193471 0.08850065 0.06104611
v -0.04250096 0.08850065 0.06186979
v 0.04183595 0.08850065 -0.06121527
v 0.04240035 0.08850065 -0.06204139
v -0.02902739 0.08850065 0.06816076
v -0.02941905 0.08850065 0.06908046
v 0.02886789 0.08850065 -0.06827663
v 0.02925758 0.08850065 -0.06919788
v -0.01488101 0.08850065 0.0725988
v -0.02902739 0.08850065 0.06816076
v -0.02941905 0.08850065 0.06908046
v -0.01508182 0.08850065 0.07357846
v 0.01468575 0.08850065 -0.0726286
v 0.02886789 0.08850065 -0.06827663
v 0.02925758 0.08850065 -0.06919788
v 0.01488423 0.08850065 -0.07360874
v 0.01467621 0.08850065 0.07267688
v -9.859E-05 0.08850065 0.07408236
v -9.992E-05 0.08850065 0.07508205
v 0.01487416 0.08850065 0.07365762
v -9.859E-05 0.08850065 0.07408236
v -9.992E-05 0.08850065 0.07508205
v -0.01484817 0.08850065 -0.07258235
v -9.633E-05 0.08850065 -0.07411002
v -9.763E-05 0.08850065 -0.07511018
v -0.0150485 0.08850065 -0.07356177
v 0.02880393 0.08850006 0.06833111
v 0.02919225 0.08850006 0.06925319
v -0.02892219 0.08849982 -0.06817625
v -0.02931266 0.08849982 -0.06909619
v 0.04170261 0.08850065 0.06133454
v 0.04226576 0.08850065 0.06216227
v -0.04174785 0.08850065 -0.06114624
v -0.04231136 0.08850065 -0.06197165
v 0.04170261 0.08850065 0.06133454
v 0.04226576 0.08850065 0.06216227
v 0.01488423 0.08665076 -0.07360874
v 0.0697742 0.08664945 -0.02802062
v -9.992E-05 0.08665076 0.07508205
v 0.07521818 0.08850065 0.0002563
v 0.07376163 0.08850065 0.01466912
v 0.07376163 0.08665076 0.01466912
v 0.07521818 0.08665076 0.0002563
v -0.07369314 0.08850065 0.01401174
v -0.07502655 0.08850065 -0.00027633
v -0.07502655 0.08665076 -0.00027633
v -0.07369314 0.08665076 0.01401174
v 0.07386015 0.0884991 -0.01410949
v 0.07521818 0.08850065 0.0002563
v 0.07521818 0.08665076 0.0002563
v 0.07386015 0.08664927 -0.01410949
v -0.0696613 0.0884991 0.02786219
v -0.0696613 0.08664927 0.02786219
v 0.06304441 0.08850065 -0.04099071
v 0.0697742 0.08849916 -0.02802062
v 0.0697742 0.08664945 -0.02802062
v 0.06304441 0.08665076 -0.04099071
v -0.05381475 0.08850065 0.05231021
v -0.06296711 0.08850065 0.04084479
v -0.06296711 0.08665076 0.04084479
v -0.05381475 0.08665076 0.05231021
v 0.0537921 0.08850065 -0.05250667
v 0.0537921 0.08665076 -0.05250667
v -0.04250096 0.08850065 0.06186979
v -0.04250096 0.08665076 0.06186979
v 0.04240035 0.08850065 -0.06204139
v 0.04240035 0.08665076 -0.06204139
v -0.02941905 0.08850065 0.06908046
v -0.02941905 0.08665076 0.06908046
v 0.02925758 0.08850065 -0.06919788
v 0.02925758 0.08665076 -0.06919788
v -0.01508182 0.08850065 0.07357846
v -0.01508182 0.08665076 0.07357846
v 0.01488423 0.08850065 -0.07360874
v 0.01488423 0.08665076 -0.07360874
v 0.01487416 0.08850065 0.07365762
v -9.992E-05 0.08850065 0.07508205
v -9.992E-05 0.08665076 0.07508205
v 0.01487416 0.08665076 0.07365762
v -0.01508182 0.08850065 0.07357846
v -0.01508182 0.08665076 0.07357846
v -0.0150485 0.08850065 -0.07356177
v -9.763E-05 0.08850065 -0.07511018
v -9.763E-05 0.08665076 -0.07511018
v -0.0150485 0.08665076 -0.07356177
v 0.02919225 0.08850006 0.06925319
v 0.02919225 0.08665071 0.06925319
v -0.02931266 0.08849982 -0.06909619
v -0.02931266 0.08665011 -0.06909619
v 0.04226576 0.08850065 0.06216227
v 0.04226576 0.08665076 0.06216227
v -9.763E-05 0.08850065 -0.07511018
v -9.763E-05 0.08665076 -0.07511018
v -0.04231136 0.08850065 -0.06197165
v -0.04231136 0.08665076 -0.06197165
v 0.05360191 0.08850065 0.05273579
v 0.05360191 0.08665076 0.05273579
v -0.06943791 0.08850065 -0.02837324
v -0.06273739 0.08849916 -0.04116058
v -0.06273739 0.08664945 -0.04116058
v -0.06943791 0.08665076 -0.02837324
v -0.05356584 0.08849922 -0.05254446
v -0.05356584 0.08664951 -0.05254446
v 0.06283055 0.08850065 0.04132992
v 0.06283055 0.08665076 0.04132992
v 0.06959216 0.08850006 0.02848875
v 0.06959216 0.08665071 0.02848875
v 0.02919225 0.08665071 0.06925319
v 0.01487416 0.08665076 0.07365762
v -0.01508182 0.08665076 0.07357846
v -0.02941905 0.08665076 0.06908046
v -0.04250096 0.08665076 0.06186979
v -0.05381475 0.08665076 0.05231021
v -0.06296711 0.08665076 0.04084479
v -0.0696613 0.08664927 0.02786219
v -0.07369314 0.08665076 0.01401174
v -0.07502655 0.08665076 -0.00027633
v -0.07357369 0.08664927 -0.01462817
v -0.06943791 0.08665076 -0.02837324
v -0.06273739 0.08664945 -0.04116058
v -0.05356584 0.08664951 -0.05254446
v -0.04231136 0.08665076 -0.06197165
v -0.02931266 0.08665011 -0.06909619
v -0.0150485 0.08665076 -0.07356177
v -9.763E-05 0.08665076 -0.07511018
v 0.02925758 0.08665076 -0.06919788
v 0.04240035 0.08665076 -0.06204139
v 0.0537921 0.08665076 -0.05250667
v 0.06304441 0.08665076 -0.04099071
v 0.07386015 0.08664927 -0.01410949
v 0.07521818 0.08665076 0.0002563
v 0.07376163 0.08665076 0.01466912
v 0.06959216 0.08665071 0.02848875
v 0.06283055 0.08665076 0.04132992
v 0.05360191 0.08665076 0.05273579
v 0.04226576 0.08665076 0.06216227
v -0.07345264 0.01463997 0.10510979
v -0.06929283 0.02842241 0.10510939
v -0.06929283 0.02842241 0.10503219
v -0.07345264 0.01463997 0.10503239
v -0.06276004 -0.04087167 0.10503259
v -0.06947432 -0.02793637 0.10503129
v -0.06957619 -0.02797727 0.10485819
v -0.06285207 -0.04093137 0.10485949
v 0.07499288 -0.00026578 0.10511139
v 0.0735433 -0.01457918 0.10510999
v 0.0735433 -0.01457918 0.10503259
v 0.07499288 -0.00026578 0.10503409
v -0.0749058 0.00026532 0.10510979
v -0.0749058 0.00026532 0.10503239
v 0.0736625 0.01398414 0.10511139
v 0.0736625 0.01398414 0.10503409
v -0.07355092 -0.01406198 0.10510819
v -0.07355092 -0.01406198 0.10503079
v 0.06963997 0.02779764 0.10510989
v 0.06963997 0.02779764 0.10503259
v -0.06276004 -0.04087167 0.10510989
v -0.06947432 -0.02793637 0.10510869
v 0.05382989 0.05218063 0.10511129
v 0.06296115 0.0407459 0.10511129
v 0.06296115 0.0407459 0.10503389
v 0.05382989 0.05218063 0.10503389
v -0.05352943 -0.05235667 0.10510999
v -0.06276004 -0.04087167 0.10510989
v -0.06276004 -0.04087167 0.10503259
v -0.05352943 -0.05235667 0.10503259
v 0.04254203 0.06171469 0.10511119
v 0.04254203 0.06171469 0.10503379
v -0.04216366 -0.06186577 0.10511009
v -0.04216366 -0.06186577 0.10503279
v 0.02949034 0.06890605 0.10511109
v 0.02949034 0.06890605 0.10503359
v -0.02905105 -0.06900337 0.10511009
v -0.02905105 -0.06900337 0.10503289
v 0.01518613 0.07339178 0.10511079
v 0.01518613 0.07339178 0.10503349
v -0.01471078 -0.07340236 0.10511019
v -0.01471078 -0.07340236 0.10503289
v -0.01470077 0.07347106 0.10511039
v 0.00023874 0.07489131 0.10511059
v 0.00023874 0.07489131 0.10503329
v -0.01470077 0.07347106 0.10503299
v 0.01515305 -0.07335546 0.10511059
v 0.00023655 -0.07489976 0.10511059
v 0.00023655 -0.07489976 0.10503299
v 0.01515305 -0.07335546 0.10503329
v -0.02898632 0.06907795 0.10511009
v -0.02898632 0.06907795 0.10503259
v 0.02938436 -0.06890187 0.10511039
v 0.02938436 -0.06890187 0.10503299
v -0.04202931 0.0620061 0.10511019
v -0.04202931 0.0620061 0.10503289
v 0.04235326 -0.06179627 0.10511109
v 0.04235326 -0.06179627 0.10503369
v -0.05333941 0.05260466 0.10511009
v -0.05333941 0.05260466 0.10503259
v 0.0694171 -0.02828757 0.10511129
v 0.06273203 -0.04104087 0.10511009
v 0.06273203 -0.04104087 0.10503289
v 0.0694171 -0.02828757 0.10503389
v 0.05358194 -0.05239437 0.10511009
v 0.05358194 -0.05239437 0.10503289
v -0.06254677 0.04122965 0.10510989
v -0.05333941 0.05260466 0.10511009
v -0.05333941 0.05260466 0.10503259
v -0.06254677 0.04122965 0.10503259
v 0.06296115 0.0407459 0.10511129
v 0.06296115 0.0407459 0.10503389
v 0.05358194 -0.05239437 0.10511009
v 0.05358194 -0.05239437 0.10503289
v -0.05341767 0.05268155 0.10485949
v -0.042091 0.06209676 0.10485979
v -0.042091 0.06209676 0.08935975
v -0.05341767 0.05268155 0.08935951
v 0.05382989 0.05218063 0.10503389
v 0.06305306 0.0408055 0.10486089
v 0.05390881 0.05225729 0.10486089
v -0.05352943 -0.05235667 0.10503259
v -0.05360793 -0.05243327 0.10485949
v 0.05390881 0.05225729 0.10486089
v 0.04260384 0.061805 0.10486069
v -0.05360793 -0.05243327 0.10485949
v -0.04222547 -0.06195637 0.10485969
v 0.02953295 0.06900691 0.10486049
v -0.02909373 -0.06910427 0.10485979
v 0.01520818 0.07349913 0.10486039
v -0.01473248 -0.07350966 0.10485979
v 0.00023889 0.07500081 0.10486029
v -0.0147227 0.07357816 0.10485989
v 0.0002367 -0.07500926 0.10485999
v 0.01517498 -0.07346276 0.10486029
v -0.02902894 0.06917898 0.10485949
v -0.07365869 -0.01408258 0.10485779
v 0.0294271 -0.06900267 0.10485989
v 0.04241501 -0.06188677 0.10486059
v -0.04202931 0.0620061 0.10503289
v -0.042091 0.06209676 0.10485979
v -0.05341767 0.05268155 0.10485949
v 0.06282358 -0.04110087 0.10485979
v 0.06951843 -0.02832897 0.10486089
v 0.04235326 -0.06179627 0.10503369
v 0.04241501 -0.06188677 0.10486059
v 0.05366014 -0.05247097 0.10485979
v -0.06263851 0.04128997 0.10485949
v 0.06974159 0.02783823 0.10485949
v -0.06939434 0.02846396 0.10485909
v 0.0736507 -0.01460058 0.10485949
v -0.07356028 0.01466137 0.10485929
v 0.0751023 -0.00026608 0.10486099
v -0.07501558 0.00026572 0.10485929
v 0.07377003 0.01400458 0.10486099
v -0.07356028 0.01466137 0.08935927
v -0.06939434 0.02846396 0.08935903
v -0.06930242 0.0284264 0.08918594
v -0.07346289 0.014642 0.08918618
v 0.06282358 -0.04110087 0.08935975
v 0.06951843 -0.02832897 0.08936094
v 0.05366014 -0.05247097 0.10485979
v 0.04241501 -0.06188677 0.08936058
v 0.05366014 -0.05247097 0.08935963
v -0.05341767 0.05268155 0.08935951
v -0.06263851 0.04128997 0.08935939
v 0.06974159 0.02783823 0.08935939
v 0.06305306 0.0408055 0.08936094
v 0.05366014 -0.05247097 0.08935963
v 0.0736507 -0.01460058 0.08935951
v 0.0751023 -0.00026608 0.08936094
v -0.07501558 0.00026572 0.08935927
v 0.07377003 0.01400458 0.08936094
v -0.07365869 -0.01408258 0.08935772
v -0.06957619 -0.02797727 0.0893582
v -0.06285207 -0.04093137 0.08935939
v 0.06305306 0.0408055 0.10486089
v 0.06305306 0.0408055 0.08936094
v 0.05390881 0.05225729 0.08936082
v -0.06285207 -0.04093137 0.10485949
v -0.06285207 -0.04093137 0.08935939
v -0.05360793 -0.05243327 0.08935951
v 0.04260384 0.061805 0.0893607
v -0.04222547 -0.06195637 0.08935951
v 0.02953295 0.06900691 0.08936046
v -0.02909373 -0.06910427 0.08935975
v 0.01520818 0.07349913 0.08936034
v -0.01473248 -0.07350966 0.08935975
v 0.00023889 0.07500081 0.08936022
v -0.0147227 0.07357816 0.08935986
v 0.0002367 -0.07500926 0.08935998
v 0.01517498 -0.07346276 0.08936022
v -0.02902894 0.06917898 0.08935951
v 0.0294271 -0.06900267 0.08935975
v -0.0627688 -0.04087727 0.0891863
v -0.06948404 -0.02794027 0.0891851
v -0.06948404 -0.02794027 0.08914922
v -0.0627688 -0.04087727 0.08915041
v 0.07355355 -0.01458118 0.08918641
v 0.07500324 -0.00026578 0.08918785
v -0.07491623 0.00026542 0.08918618
v 0.07367276 0.01398605 0.08918785
v -0.07356118 -0.01406398 0.08918463
v 0.06964962 0.02780145 0.0891863
v -0.06957619 -0.02797727 0.0893582
v -0.06948404 -0.02794027 0.0891851
v -0.0627688 -0.04087727 0.0891863
v 0.06296991 0.04075156 0.08918785
v 0.05383734 0.05218802 0.08918773
v -0.05353688 -0.05236397 0.08918641
v 0.04254805 0.06172298 0.08918761
v -0.04216962 -0.06187447 0.08918653
v 0.02949445 0.06891541 0.08918737
v -0.02905487 -0.06901297 0.08918665
v 0.01518791 0.07340197 0.08918725
v -0.01471287 -0.07341256 0.08918665
v 0.00023876 0.07490186 0.08918713
v -0.01470267 0.07348089 0.08918677
v 0.00023657 -0.07491006 0.08918701
v 0.01515477 -0.07336566 0.08918713
v -0.02899002 0.06908755 0.08918641
v 0.02938806 -0.06891147 0.08918677
v -0.04203521 0.06201474 0.08918665
v 0.0423591 -0.06180497 0.08918749
v -0.05334686 0.05261199 0.08918641
v 0.06274073 -0.04104647 0.08918665
v 0.06942676 -0.02829137 0.08918785
v 0.05358939 -0.05240157 0.08918665
v -0.06263851 0.04128997 0.08935939
v -0.06255554 0.04123537 0.0891863
v 0.06974159 0.02783823 0.08935939
v 0.06964962 0.02780145 0.0891863
v 0.06282358 -0.04110087 0.08935975
v 0.06274073 -0.04104647 0.08918665
v -0.06255554 0.04123537 0.0891863
v 0.06296991 0.04075156 0.08915184
v 0.05383734 0.05218802 0.08915184
v -0.0627688 -0.04087727 0.08915041
v -0.05353688 -0.05236397 0.08915053
v 0.04254805 0.06172298 0.08915161
v -0.04216962 -0.06187447 0.08915065
v 0.02949445 0.06891541 0.08915161
v -0.02905487 -0.06901297 0.08915065
v 0.01518791 0.07340197 0.08915137
v -0.01471287 -0.07341256 0.08915077
v 0.00023876 0.07490186 0.08915113
v -0.01470267 0.07348089 0.08915089
v 0.00023657 -0.07491006 0.08915113
v 0.01515477 -0.07336566 0.08915113
v -0.02899002 0.06908755 0.08915065
v -0.07356118 -0.01406398 0.08914874
v 0.02938806 -0.06891147 0.08915089
v -0.04203521 0.06201474 0.08915065
v 0.0423591 -0.06180497 0.08915161
v -0.05334686 0.05261199 0.08915065
v 0.06274073 -0.04104647 0.08915077
v 0.06942676 -0.02829137 0.08915184
v 0.05358939 -0.05240157 0.08915065
v -0.05334686 0.05261199 0.08918641
v -0.05334686 0.05261199 0.08915065
v -0.06255554 0.04123537 0.08915041
v 0.06296991 0.04075156 0.08918785
v 0.06964962 0.02780145 0.08915041
v 0.06296991 0.04075156 0.08915184
v 0.05358939 -0.05240157 0.08918665
v 0.05358939 -0.05240157 0.08915065
v -0.06930242 0.0284264 0.08914994
v 0.07355355 -0.01458118 0.08915053
v -0.07346289 0.014642 0.08915029
v 0.07500324 -0.00026578 0.08915196
v -0.07491623 0.00026542 0.08915029
v 0.07367276 0.01398605 0.08915196
v 0.04635565 -0.01886198 0.65416063
v 0.04635559 -0.01886198 0.66746043
v 0.04189549 -0.02736997 0.66745953
v 0.04189549 -0.02736997 0.65415973
v -0.03553729 0.03510247 0.65415973
v -0.03553735 0.03510247 0.66745943
v -0.027992 0.04137437 0.66745953
v -0.027992 0.04137437 0.65415973
v 0.02830087 -0.04121637 0.65416043
v 0.02830087 -0.04121637 0.66746013
v 0.01964879 -0.04595657 0.66745963
v 0.01964879 -0.04595657 0.65415993
v 0.00020411 -0.04995787 0.65415993
v 0.0002041 -0.04995787 0.66745983
v -0.00976753 -0.04895887 0.66745963
v -0.00976753 -0.04895887 0.65415993
v -0.027992 0.04137437 0.65415973
v -0.027992 0.04137437 0.66745953
v -0.01929098 0.0460925 0.66745943
v -0.01929098 0.0460925 0.65415973
v 0.01015514 -0.04892757 0.66745993
v 0.01015514 -0.04892757 0.65416023
v -0.04630087 -0.01862778 0.65415873
v -0.04630087 -0.01862778 0.66745843
v -0.04902039 -0.00937198 0.66745823
v -0.04902039 -0.00937198 0.65415853
v -0.00976097 0.0490226 0.66745983
v -0.00976097 0.0490226 0.65415993
v 0.00020557 0.04997031 0.65416023
v 0.00020556 0.04997031 0.66745993
v 0.01017683 0.04896997 0.66746003
v 0.01017725 0.04896997 0.65416023
v -0.01933383 -0.04602417 0.66745963
v -0.01933377 -0.04602417 0.65415983
v 0.01971966 0.04597728 0.66746013
v 0.01971966 0.04597728 0.65416033
v -0.02808182 -0.04126267 0.66745953
v -0.02808182 -0.04126277 0.65415973
v 0.02842687 0.04117976 0.66746023
v 0.02842687 0.04117976 0.65416043
v -0.03566407 -0.03491887 0.66745943
v -0.03566407 -0.03491887 0.65415973
v 0.03595696 0.03481959 0.66746023
v 0.03595702 0.03481959 0.65416043
v -0.03566407 -0.03491887 0.65415973
v -0.03566407 -0.03491887 0.66745943
v -0.04182164 -0.02725707 0.66745943
v -0.04182158 -0.02725707 0.65415963
v 0.03595702 0.03481959 0.65416043
v 0.03595696 0.03481959 0.66746023
v 0.04204874 0.02719134 0.66746043
v 0.04204874 0.02719134 0.65416063
v 0.04650407 0.01855331 0.65415963
v 0.04650407 0.01855331 0.66745943
v 0.04918765 0.00933808 0.66746043
v 0.04918765 0.00933808 0.65416063
v -0.04992466 0.00018602 0.66745933
v -0.0499246 0.00018602 0.65415953
v 0.05007528 -0.00016818 0.66746043
v 0.05007528 -0.00016818 0.65416063
v -0.04895519 0.00977558 0.66745933
v -0.04895519 0.00977558 0.65415953
v 0.04910789 -0.00971698 0.66745943
v 0.04910795 -0.00971698 0.65415973
v -0.04617994 0.01897013 0.66745923
v -0.04617994 0.01897013 0.65415953
v -0.04167967 0.02751404 0.66745943
v -0.04167967 0.02751404 0.65415973
v 0.03579168 -0.03494407 0.66745953
v 0.03579174 -0.03494407 0.65415973
v 0.02830087 -0.04121637 0.66746013
v 0.02830087 -0.04121637 0.65416043
vn 4E-05 1 7E-05
vn 4E-05 1 7E-05
vn 0.38774 0 -0.92177
vn 0.56279 0 -0.8266
vn 0 1 0
vn 1E-05 1 0
vn 0 1 -0
vn 2E-05 1 -0
vn 1E-05 1 -1E-05
vn 2E-05 1 2E-05
vn 3E-05 1 2E-05
vn -3E-05 1 1E-05
vn -3E-05 1 1E-05
vn -2E-05 1 1E-05
vn -2E-05 1 1E-05
vn 3E-05 1 -1E-05
vn 3E-05 1 -2E-05
vn 3E-05 1 -7E-05
vn 3E-05 1 -7E-05
vn -6E-05 1 4E-05
vn -6E-05 1 4E-05
vn -5E-05 1 -9E-05
vn -6E-05 1 -9E-05
vn -2E-05 1 -1E-05
vn -2E-05 1 -1E-05
vn 1E-05 1 -2E-05
vn 1E-05 1 -2E-05
vn -4E-05 1 0.0001
vn -4E-05 1 0.0001
vn -1E-05 1 2E-05
vn -0 1 2E-05
vn 0 1 -0.0001
vn 0 1 -0.0001
vn 0 1 -0.00011
vn -0 1 -0.00011
vn 2E-05 1 0.00011
vn 2E-05 1 0.0001
vn 0 -1 -0
vn 0 -1 0
vn -0.29933 0 0.95415
vn -0.39299 0 0.91954
vn 0.19749 0 -0.9803
vn 0.19535 0 0.98073
vn -0.00256 0 1
vn -0.09986 0 0.995
vn -0.20188 0 -0.97941
vn -0.103 0 -0.99468
vn 0.38729 0 0.92196
vn 0.92787 0 -0.37291
vn 0.98201 0 -0.18882
vn -0.39162 0 -0.92013
vn 0.56079 0 0.82796
vn 0.09971 0 -0.99502
vn -0.56408 0 -0.82572
vn 0.71182 0 0.70236
vn -0.92587 0 -0.37783
vn -0.83623 0 -0.54837
vn -0.71382 0 -0.70033
vn 0.83511 0 0.55009
vn -0.83927 0 0.54372
vn -0.92879 0 0.3706
vn 0.92535 0 0.37911
vn -0.98074 0 -0.19529
vn 0.98069 0 0.19559
vn -0.99492 0 -0.10071
vn 0.99493 0 0.10053
vn -0.98235 0 0.18705
vn -0.99568 0 0.0929
vn 0.99556 0 -0.09409
vn 0.83769 0 -0.54614
vn 0.83772 0 -0.54611
vn -0.7169 0 0.69718
vn 0.71417 0 -0.69998
vn -0.56683 0 0.82383
vn 0 -1 -0
vn 0 -1 0
vn 0 -1 -0
vn 0 -1 0
vn 0 -1 0
vn 0 -1 -0
vn -0 -1 -0
vn -0 -1 0
vn 0 -1 -0
vn 0 -1 0
vn -1E-05 -1 0
vn -1E-05 -1 0
vn -0 -1 -2E-05
vn -1E-05 -1 -2E-05
vn 1E-05 -1 -0
vn 1E-05 -1 -1E-05
vn 1E-05 -1 -1E-05
vn 1E-05 -1 -1E-05
vn 0 -1 -0
vn -1E-05 -1 1E-05
vn -1E-05 -1 1E-05
vn 0 -1 -0
vn -4E-05 -1 7E-05
vn -3E-05 -1 7E-05
vn 6E-05 -1 -4E-05
vn 5E-05 -1 -5E-05
vn 0 -1 -0
vn 0 -1 0
vn 4E-05 -1 0.0001
vn 6E-05 -1 9E-05
vn 0 -1 -0
vn 0 -1 -0
vn -1E-05 -1 1E-05
vn -0 -1 1E-05
vn 4E-05 -1 -9E-05
vn 2E-05 -1 -0.0001
vn 0 -1 -1E-05
vn 0 -1 -1E-05
vn -2E-05 -1 0.0001
vn -0 -1 0.0001
vn 0 -1 0
vn 0 -1 -0
vn 0 -1 0
vn -0 -1 0.0001
vn 2E-05 -1 0.0001
vn -2E-05 -1 -0.0001
vn -4E-05 -1 -0.0001
vn -3E-05 -1 -7E-05
vn -4E-05 -1 -7E-05
vn 0 -1 -0
vn 0 -1 0
vn 0 -1 0
vn -8E-05 1 5E-05
vn -7E-05 1 7E-05
vn 0 1 0
vn -4E-05 1 -0.0001
vn -6E-05 1 -9E-05
vn -0 1 0
vn -0 1 0
vn 2E-05 1 -3E-05
vn 2E-05 1 -4E-05
vn -4E-05 1 0.0001
vn -2E-05 1 0.0001
vn -1E-05 1 4E-05
vn -1E-05 1 4E-05
vn 2E-05 1 -0.0001
vn 0 1 -0.0001
vn 0 1 0
vn 0 1 -0
vn 0 1 -0.00011
vn -2E-05 1 -0.0001
vn 2E-05 1 0.0001
vn 4E-05 1 0.0001
vn 4E-05 1 9E-05
vn 5E-05 1 8E-05
vn 0 1 0
vn 0 1 -0
vn 0 1 -0
vn 0 1 0
vn 0 1 -0
vn 0 1 0
vn 0 1 0
vn 0 1 0
vn 0 1 -0
vn 0 1 -0
vn 0 1 0
vn 0 1 0
vn 0 1 0
vn 0 1 -0
vn 0 1 -0
vn 0 1 0
vn 4E-05 1 -1E-05
vn 3E-05 1 -2E-05
vn 0 1 0
vn 0 1 0
vn -5E-05 1 1E-05
vn -5E-05 1 2E-05
vn -4E-05 1 2E-05
vn -3E-05 1 2E-05
vn 0 1 0
vn 0 1 -0
vn 5E-05 1 -2E-05
vn 4E-05 1 -3E-05
vn 0 1 -0
vn 6E-05 1 -8E-05
vn 4E-05 1 -9E-05
vn -2E-05 -1 -0
vn 0.71415 0 -0.69999
vn 0.56277 0 -0.82661
vn 0.71184 0 0.70235
vn 0 -1 4E-05
vn -0.00041 -1 0.00032
vn 0.00012 -1 -0.00014
vn -0.00053 -1 5E-05
vn 0.00054 -1 5E-05
vn 0.00038 -1 0.0003
vn 0.00034 -1 0.00028
vn 3E-05 -1 0.00014
vn -0 -1 -0.00015
vn 0 -1 0
vn 0.0001 -1 -0.00012
vn 0.00035 -1 -0.00029
vn -3E-05 -1 -1E-05
vn 0.00053 -1 5E-05
vn 0.0002 -1 5E-05
vn 3E-05 -1 3E-05
vn 1E-05 -1 1E-05
vn -1E-05 -1 -4E-05
vn 0 -1 0
vn -4E-05 -1 8E-05
vn 2E-05 -1 -6E-05
vn 2E-05 -1 3E-05
vn -0.98068 0.19563 0
vn -0.92529 0.37926 0
vn -0.7075 -0.46142 0.53528
vn -0.78355 -0.31502 0.53555
vn -0.78356 -0.31499 0.53556
vn -0.70756 -0.46133 0.53528
vn 0.99999 -0.00391 0
vn 0.98073 -0.19538 0
vn -0.99999 0.00324 0
vn 0.98233 0.18714 0
vn -0.982 -0.18888 0
vn 0.92875 0.37071 0
vn -0.88758 -0.46065 0
vn -0.92782 -0.37304 0
vn 0.71681 0.69727 0
vn 0.78138 0.62405 0
vn -0.71405 -0.7001 0
vn -0.77945 -0.62646 0
vn 0.56667 0.82394 0
vn -0.56259 -0.82674 0
vn 0.39287 0.91959 0
vn -0.38772 -0.92178 0
vn 0.2006 0.97967 0
vn -0.1974 -0.98032 0
vn -0.19529 0.98075 0
vn 0.00259 1 0
vn 0.20179 -0.97943 0
vn 0.00165 -1 0
vn -0.38723 0.92198 0
vn 0.3915 -0.92018 0
vn -0.56067 0.82804 0
vn 0.56399 -0.82578 0
vn -0.63919 0.76905 0
vn 0.9258 -0.37801 0
vn 0.83616 -0.54849 0
vn 0.64192 -0.76677 0
vn -0.835 0.55026 0
vn -0.77733 0.6291 0
vn 0.88876 0.45837 0
vn 0.77864 -0.62748 0
vn -0.63922 0.76902 0
vn -0.56064 0.82806 0
vn 0.66044 0.52734 0.53454
vn 0.709 0.45947 0.53498
vn 0.66042 0.52733 0.53457
vn -0.65928 -0.52988 0.53345
vn 0.47903 0.69644 0.53433
vn 0.54538 0.64567 0.53449
vn 0.54538 0.6457 0.53445
vn 0.47897 0.69651 0.5343
vn -0.47521 -0.69837 0.53521
vn -0.54284 -0.64881 0.53326
vn -0.47527 -0.69833 0.53521
vn 0.33211 0.77721 0.53446
vn 0.33193 0.77729 0.53445
vn -0.32747 -0.77891 0.53485
vn -0.32759 -0.77887 0.53484
vn 0.16941 0.82775 0.53491
vn 0.16944 0.82774 0.53491
vn -0.16682 -0.82853 0.53451
vn -0.16688 -0.82852 0.53452
vn -0.16496 0.82912 0.53418
vn 0.00223 0.84496 0.53482
vn 0.00214 0.84497 0.53481
vn -0.16526 0.82906 0.53418
vn 0.17057 -0.82755 0.53485
vn 0.00137 -0.84499 0.53479
vn 0.17048 -0.82757 0.53485
vn -0.32705 0.77889 0.53513
vn -0.32714 0.77886 0.53513
vn -0.82927 -0.15956 0.53558
vn -0.82928 -0.1595 0.53559
vn 0.33089 -0.77767 0.53455
vn 0.33083 -0.7777 0.53455
vn -0.40322 0.74372 0.5332
vn 0.40655 -0.74199 0.53308
vn -0.60108 0.59339 0.53534
vn -0.54074 0.65049 0.53335
vn -0.60117 0.5933 0.53534
vn 0.78238 -0.31939 0.53468
vn 0.70666 -0.4636 0.53452
vn 0.70667 -0.46359 0.53451
vn 0.78236 -0.31938 0.5347
vn 0.60322 -0.59205 0.53443
vn 0.54324 -0.64871 0.53298
vn 0.60326 -0.592 0.53444
vn -0.70513 0.46466 0.53562
vn -0.70515 0.46463 0.53562
vn 0.78505 0.31334 0.53433
vn 0.78504 0.31337 0.53433
vn -0.7816 0.32033 0.53525
vn -0.78161 0.32032 0.53524
vn 0.82878 -0.16511 0.53466
vn -0.82822 0.16526 0.53548
vn -0.82822 0.16523 0.53549
vn 0.84525 -0.00336 0.53436
vn 0.84525 -0.0033 0.53436
vn -0.84448 0.00269 0.53559
vn 0.8303 0.15818 0.53439
vn 0.83031 0.15815 0.53439
vn -0.85064 0.16972 -0.49759
vn -0.80263 0.32891 -0.49759
vn -0.89311 0.36605 -0.26146
vn -0.94655 0.18888 -0.26149
vn 0.92583 -0.37795 0
vn 0.83615 -0.5485 0
vn 0.642 -0.7667 0
vn 0.56393 -0.82582 0
vn -0.83501 0.55023 0
vn -0.77727 0.62916 0
vn 0.88875 0.4584 0
vn 0.77861 -0.62751 0
vn -0.9253 0.37923 0
vn -0.98067 0.19566 0
vn -0.99999 0.0032 0
vn 0.98234 0.18711 0
vn -0.88756 -0.46069 0
vn 0.71678 0.6973 0
vn 0.78143 0.62399 0
vn 0.71676 0.69732 0
vn -0.71403 -0.70011 0
vn -0.56265 -0.8267 0
vn 0.39284 0.91961 0
vn -0.38762 -0.92182 0
vn 0.20054 0.97969 0
vn -0.19743 -0.98032 0
vn 0.00256 1 0
vn 0.20182 -0.97942 0
vn -0.38716 0.92201 0
vn -0.88764 -0.46053 0
vn -0.92413 -0.33989 -0.17454
vn -0.92778 -0.37313 0
vn 0.86791 -0.00333 -0.4967
vn 0.85118 -0.16959 -0.49673
vn 0.94675 -0.18861 -0.26094
vn 0.96533 -0.00375 -0.261
vn -0.86727 0.00281 -0.49783
vn -0.96515 0.00311 -0.26167
vn 0.85268 0.16239 -0.49655
vn 0.94833 0.18064 -0.26085
vn -0.85188 -0.1638 -0.49746
vn -0.94787 -0.18226 -0.26137
vn 0.83431 0.2429 -0.4949
vn 0.92504 0.33758 -0.17417
vn -0.72658 -0.47379 -0.49759
vn -0.77073 -0.40014 -0.49585
vn -0.76735 -0.54032 -0.3453
vn 0.62152 0.60461 -0.49816
vn 0.72825 0.47198 -0.49688
vn 0.76914 0.53811 -0.34474
vn 0.69172 0.67302 -0.26186
vn -0.61946 -0.60731 -0.49744
vn -0.68916 -0.67579 -0.26149
vn 0.49157 0.71497 -0.49716
vn 0.54703 0.79527 -0.26134
vn -0.48816 -0.71724 -0.49726
vn -0.54303 -0.79799 -0.2614
vn 0.34072 0.79781 -0.49741
vn 0.37929 0.88755 -0.26152
vn -0.33638 -0.79969 -0.49734
vn -0.3741 -0.88975 -0.26152
vn 0.17405 0.8499 -0.49737
vn 0.19352 0.94557 -0.26161
vn -0.17139 -0.85083 -0.49669
vn -0.19059 -0.94632 -0.26106
vn -0.16953 0.85069 -0.49758
vn 0.00223 0.86815 -0.4963
vn 0.0025 0.96539 -0.26079
vn -0.18839 0.94658 -0.2617
vn 0.17515 -0.84985 -0.49707
vn 0.00143 -0.86748 -0.49747
vn 0.00162 -0.96517 -0.26161
vn 0.19474 -0.9454 -0.26134
vn -0.3359 0.79962 -0.49778
vn -0.37359 0.88991 -0.2617
vn -0.83313 -0.24483 -0.49594
vn 0.33968 -0.79822 -0.49746
vn 0.37789 -0.88815 -0.26152
vn -0.48647 0.71842 -0.49722
vn -0.54117 0.79927 -0.26137
vn 0.48941 -0.71669 -0.49683
vn 0.54434 -0.79719 -0.26112
vn -0.61744 0.60936 -0.49744
vn -0.6442 0.68256 -0.34514
vn 0.80348 -0.32805 -0.49679
vn 0.76955 -0.40334 -0.49509
vn 0.83937 -0.51486 -0.1743
vn 0.89376 -0.3648 -0.26097
vn 0.61929 -0.60779 -0.49706
vn 0.64644 -0.68059 -0.34484
vn -0.67495 0.54638 -0.4959
vn 0.77221 0.39837 -0.49497
vn 0.67645 -0.54516 -0.4952
vn -0.76832 0.40468 -0.4959
vn -0.83825 0.51657 -0.1746
vn 0.78148 0.62394 0
vn 0.71675 0.69734 0
vn -0.77952 -0.62638 0
vn -0.71406 -0.70008 0
vn 0.56669 0.82393 0
vn 0.39293 0.91957 0
vn -0.38766 -0.9218 0
vn 0.20176 -0.97944 0
vn -0.3871 0.92204 0
vn -0.98202 -0.18879 0
vn 0.39153 -0.92016 0
vn -0.56072 0.828 0
vn 0.56388 -0.82586 0
vn -0.63916 0.76908 0
vn 0.83617 -0.54847 0
vn 0.92585 -0.37789 0
vn -0.77738 0.62903 0
vn -0.83502 0.55022 0
vn 0.88885 0.45819 0
vn 0.92871 0.37081 0
vn 0.77866 -0.62744 0
vn -0.98066 0.19572 0
vn -1 0.00317 0
vn 0.83614 -0.54852 0
vn -0.7117 0.70248 0
vn 0.48047 -0.87701 0
vn 0.39147 -0.92019 0
vn -0.47668 0.87908 0
vn -0.38719 0.922 0
vn -0.19526 0.98075 0
vn 0.20057 0.97968 0
vn -0.64169 -0.76697 0
vn -0.6417 -0.76695 0
vn 0.64527 0.76396 0
vn -0.77947 -0.62644 0
vn -0.83762 -0.54626 0
vn -0.83763 -0.54623 0
vn 0.78141 0.62402 0
vn 0.78142 0.624 0
vn 0.83918 0.54385 0
vn 0.71371 -0.70044 0
vt 0.02608 0.9812
vt 0.0336 0.98611
vt 0.03334 0.98659
vt 0.02574 0.98162
vt 0.98184 0.8076
vt 0.98184 0.81815
vt 0.97 0.81815
vt 0.97 0.8076
vt 0.25325 0.98102
vt 0.2468 0.97472
vt 0.24714 0.9743
vt 0.25366 0.98067
vt 0.0196 0.97483
vt 0.01919 0.97518
vt 0.2584 0.98853
vt 0.25888 0.98827
vt 0.01447 0.96728
vt 0.014 0.96754
vt 0.26201 0.99697
vt 0.26252 0.99681
vt 0.0109 0.95881
vt 0.01039 0.95897
vt 0.32608 0.96958
vt 0.32421 0.96054
vt 0.32473 0.96038
vt 0.32662 0.96953
vt 0.11529 0.98808
vt 0.11711 0.99714
vt 0.11659 0.9973
vt 0.11475 0.98813
vt 0.36324 0.97492
vt 0.36503 0.96585
vt 0.36557 0.96591
vt 0.36376 0.97508
vt 0.32608 0.97883
vt 0.32662 0.97889
vt 0.11716 0.96978
vt 0.11529 0.97883
vt 0.11475 0.97877
vt 0.11664 0.96962
vt 0.35967 0.9834
vt 0.36014 0.98366
vt 0.04185 0.98946
vt 0.0417 0.98998
vt 0.12076 0.96133
vt 0.12029 0.96107
vt 0.35453 0.99096
vt 0.35494 0.99131
vt 0.12592 0.95382
vt 0.1255 0.95347
vt 0.08397 0.98118
vt 0.09042 0.97482
vt 0.09084 0.97517
vt 0.08431 0.9816
vt 0.20488 0.96652
vt 0.19665 0.96983
vt 0.19639 0.96935
vt 0.20472 0.966
vt 0.13237 0.94752
vt 0.13203 0.9471
vt 0.07643 0.98612
vt 0.07668 0.9866
vt 0.23927 0.96983
vt 0.23952 0.96935
vt 0.18912 0.97474
vt 0.18878 0.97432
vt 0.06816 0.98947
vt 0.06831 0.98999
vt 0.21353 0.96483
vt 0.21348 0.9643
vt 0.05945 0.99117
vt 0.0595 0.99171
vt 0.2224 0.96483
vt 0.22245 0.96429
vt 0.05055 0.99117
vt 0.0505 0.99171
vt 0.23105 0.96652
vt 0.23121 0.966
vt 0.11864 0.96006
vt 0.12401 0.95215
vt 0.1245 0.95256
vt 0.1192 0.96037
vt 0.6193 0.98598
vt 0.6193 0.97646
vt 0.63114 0.97646
vt 0.63114 0.98598
vt 0.98184 0.7981
vt 0.97 0.7981
vt 0.29869 0.96123
vt 0.29869 0.97072
vt 0.28686 0.97072
vt 0.28686 0.96123
vt 0.29869 0.97879
vt 0.28686 0.97879
vt 0.9701 0.88489
vt 0.9701 0.87537
vt 0.98193 0.87537
vt 0.98193 0.88489
vt 0.29869 0.95067
vt 0.28686 0.95067
vt 0.98184 0.85149
vt 0.98184 0.86172
vt 0.97 0.86172
vt 0.97 0.85149
vt 0.9701 0.89543
vt 0.98193 0.89543
vt 0.29869 0.93954
vt 0.28686 0.93954
vt 0.98184 0.79004
vt 0.97 0.79004
vt 0.9701 0.90653
vt 0.98193 0.90653
vt 0.29869 0.92828
vt 0.28686 0.92828
vt 0.9701 0.93888
vt 0.9701 0.92869
vt 0.98193 0.92869
vt 0.98193 0.93888
vt 0.9701 0.91774
vt 0.98193 0.91774
vt 0.29869 0.91729
vt 0.28686 0.91729
vt 0.6193 0.94363
vt 0.6193 0.93269
vt 0.63114 0.93269
vt 0.63114 0.94363
vt 0.29869 0.90706
vt 0.28686 0.90706
vt 0.9701 0.94804
vt 0.98193 0.94804
vt 0.29869 0.89787
vt 0.28686 0.89787
vt 0.9701 0.95592
vt 0.98193 0.95592
vt 0.29869 0.88998
vt 0.28686 0.88998
vt 0.6193 0.92251
vt 0.6193 0.91335
vt 0.63114 0.91335
vt 0.63114 0.92251
vt 0.98184 0.87092
vt 0.97 0.87092
vt 0.98184 0.84056
vt 0.97 0.84056
vt 0.6193 0.95483
vt 0.63114 0.95483
vt 0.98184 0.82928
vt 0.97 0.82928
vt 0.6193 0.96593
vt 0.63114 0.96593
vt 0.36512 0.97543
vt 0.36134 0.98427
vt 0.36077 0.98396
vt 0.3645 0.97524
vt 0.1149 0.96893
vt 0.11551 0.96912
vt 0.36707 0.96596
vt 0.36643 0.96589
vt 0.113 0.97842
vt 0.11364 0.97848
vt 0.32625 0.95976
vt 0.32813 0.96925
vt 0.32748 0.96932
vt 0.32564 0.95994
vt 0.32813 0.97894
vt 0.32749 0.97888
vt 0.11495 0.99758
vt 0.113 0.98811
vt 0.11364 0.98804
vt 0.11556 0.99739
vt 0.26031 0.9873
vt 0.26405 0.99618
vt 0.26343 0.99637
vt 0.25974 0.98761
vt 0.19541 0.96756
vt 0.20406 0.96405
vt 0.20424 0.96467
vt 0.19571 0.96814
vt 0.01253 0.9681
vt 0.00875 0.95925
vt 0.00936 0.95906
vt 0.01309 0.96779
vt 0.25493 0.97938
vt 0.25443 0.9798
vt 0.01792 0.97597
vt 0.01841 0.97555
vt 0.24816 0.97273
vt 0.24776 0.97323
vt 0.04118 0.99118
vt 0.03256 0.98771
vt 0.03286 0.98714
vt 0.04136 0.99056
vt 0.02468 0.98257
vt 0.02508 0.98207
vt 0.24027 0.96755
vt 0.23997 0.96813
vt 0.08509 0.98259
vt 0.0772 0.98771
vt 0.07691 0.98714
vt 0.08469 0.98208
vt 0.23161 0.96405
vt 0.23143 0.96467
vt 0.05025 0.99294
vt 0.05031 0.9923
vt 0.22249 0.96227
vt 0.22243 0.96291
vt 0.05953 0.99295
vt 0.05947 0.99231
vt 0.21317 0.96226
vt 0.21323 0.9629
vt 0.06859 0.99118
vt 0.06841 0.99056
vt 0.18754 0.97271
vt 0.18794 0.97321
vt 0.09184 0.97599
vt 0.09135 0.97557
vt 0.18076 0.97937
vt 0.18125 0.97979
vt 0.35594 0.99213
vt 0.35545 0.99171
vt 0.1856 0.96935
vt 0.17822 0.97655
vt 0.17768 0.9761
vt 0.18515 0.9688
vt 0.98963 0.7632
vt 0.98963 0.75532
vt 0.99105 0.75532
vt 0.99104 0.7632
vt 0.08008 0.99171
vt 0.0887 0.98606
vt 0.08914 0.98662
vt 0.08041 0.99234
vt 0.25151 0.96933
vt 0.24291 0.96374
vt 0.24324 0.96311
vt 0.25196 0.96878
vt 0.1942 0.96374
vt 0.19387 0.96311
vt 0.07063 0.99554
vt 0.07083 0.99622
vt 0.2135 0.95803
vt 0.2036 0.95996
vt 0.2034 0.95927
vt 0.21343 0.95732
vt 0.06068 0.99748
vt 0.06075 0.99819
vt 0.22363 0.95802
vt 0.22369 0.95731
vt 0.05051 0.99749
vt 0.05044 0.9982
vt 0.23352 0.95995
vt 0.23372 0.95927
vt 0.04057 0.99553
vt 0.04036 0.99622
vt 0.02254 0.98609
vt 0.03113 0.9917
vt 0.0308 0.99233
vt 0.0221 0.98665
vt 0.25888 0.97653
vt 0.25943 0.97607
vt 0.01514 0.97882
vt 0.0146 0.97928
vt 0.26477 0.98511
vt 0.26539 0.98476
vt 0.00928 0.97019
vt 0.00866 0.97053
vt 0.26889 0.99475
vt 0.26957 0.99454
vt 0.0052 0.9605
vt 0.00452 0.96071
vt 0.33323 0.96866
vt 0.33109 0.95832
vt 0.33177 0.95811
vt 0.33394 0.96858
vt 0.10933 0.98848
vt 0.1114 0.99883
vt 0.11072 0.99904
vt 0.10862 0.98855
vt 0.37013 0.97661
vt 0.37218 0.96625
vt 0.37289 0.96632
vt 0.37081 0.97682
vt 0.33323 0.97923
vt 0.33394 0.9793
vt 0.11146 0.96757
vt 0.10933 0.97791
vt 0.10862 0.97783
vt 0.11078 0.96736
vt 0.36605 0.98631
vt 0.36668 0.98665
vt 0.11558 0.95791
vt 0.11496 0.95757
vt 0.36018 0.99494
vt 0.36073 0.9954
vt 0.12147 0.94933
vt 0.12093 0.94887
vt 0.09608 0.9788
vt 0.09662 0.97926
vt 0.8016 0.41876
vt 0.8013 0.41921
vt 0.80046 0.41876
vt 0.30253 0.88998
vt 0.30253 0.89787
vt 0.30112 0.89787
vt 0.30112 0.88998
vt 0.99319 0.69182
vt 0.99319 0.68266
vt 0.9946 0.68266
vt 0.9946 0.69182
vt 0.99017 0.65021
vt 0.99017 0.65941
vt 0.98876 0.65941
vt 0.98875 0.65021
vt 0.99319 0.702
vt 0.9946 0.702
vt 0.99017 0.62904
vt 0.99017 0.63998
vt 0.98876 0.63998
vt 0.98876 0.62904
vt 0.99319 0.72414
vt 0.99319 0.71294
vt 0.9946 0.71294
vt 0.9946 0.72414
vt 0.99017 0.61776
vt 0.98876 0.61776
vt 0.99319 0.73523
vt 0.9946 0.73523
vt 0.99017 0.60664
vt 0.98876 0.60664
vt 0.99319 0.74577
vt 0.9946 0.74577
vt 0.99017 0.59609
vt 0.98876 0.59609
vt 0.99319 0.75528
vt 0.9946 0.75528
vt 0.99017 0.58659
vt 0.98876 0.58659
vt 0.30253 0.96123
vt 0.30253 0.97072
vt 0.30112 0.97072
vt 0.30112 0.96123
vt 0.30253 0.97879
vt 0.30112 0.97879
vt 0.98963 0.69217
vt 0.98963 0.68266
vt 0.99104 0.68266
vt 0.99104 0.69217
vt 0.30253 0.95067
vt 0.30112 0.95067
vt 0.98963 0.70271
vt 0.99104 0.70271
vt 0.30253 0.93954
vt 0.30112 0.93954
vt 0.99017 0.57852
vt 0.98876 0.57852
vt 0.98963 0.71382
vt 0.99104 0.71382
vt 0.30253 0.92828
vt 0.30112 0.92828
vt 0.98963 0.74616
vt 0.98963 0.73598
vt 0.99105 0.73598
vt 0.99104 0.74616
vt 0.98963 0.72503
vt 0.99105 0.72503
vt 0.30253 0.91729
vt 0.30112 0.91729
vt 0.30253 0.90706
vt 0.30112 0.90706
vt 0.80053 0.41897
vt 0.80049 0.41887
vt 0.80046 0.41864
vt 0.80049 0.41853
vt 0.80053 0.41842
vt 0.8006 0.41833
vt 0.80068 0.41825
vt 0.80077 0.41819
vt 0.80087 0.41815
vt 0.80098 0.41813
vt 0.80109 0.41813
vt 0.8012 0.41815
vt 0.8013 0.41819
vt 0.80139 0.41825
vt 0.80147 0.41833
vt 0.80154 0.41842
vt 0.80158 0.41853
vt 0.8016 0.41864
vt 0.80158 0.41887
vt 0.80154 0.41897
vt 0.80147 0.41907
vt 0.80139 0.41915
vt 0.8012 0.41925
vt 0.80109 0.41927
vt 0.80098 0.41927
vt 0.80087 0.41925
vt 0.80077 0.41921
vt 0.80067 0.41915
vt 0.80059 0.41907
vt 0.95883 0.313
vt 0.95968 0.32379
vt 0.95963 0.32379
vt 0.95878 0.313
vt 0.96376 0.27164
vt 0.9613 0.28096
vt 0.96115 0.28092
vt 0.96361 0.27159
vt 0.95993 0.91366
vt 0.95993 0.92465
vt 0.95988 0.92465
vt 0.95988 0.91366
vt 0.95883 0.30197
vt 0.95878 0.30197
vt 0.96077 0.90294
vt 0.96072 0.90294
vt 0.95968 0.29119
vt 0.95963 0.29119
vt 0.96243 0.89275
vt 0.96237 0.89275
vt 0.96381 0.27164
vt 0.96136 0.28096
vt 0.95955 0.59251
vt 0.95997 0.58468
vt 0.96003 0.58468
vt 0.9596 0.59251
vt 0.96463 0.43754
vt 0.96506 0.42966
vt 0.96512 0.42966
vt 0.96469 0.43754
vt 0.95921 0.60183
vt 0.95926 0.60183
vt 0.96429 0.44688
vt 0.96435 0.44688
vt 0.95897 0.61231
vt 0.95903 0.61231
vt 0.96406 0.45738
vt 0.96412 0.45738
vt 0.95885 0.62353
vt 0.9589 0.62353
vt 0.96394 0.46861
vt 0.96399 0.46861
vt 0.95897 0.64623
vt 0.95885 0.635
vt 0.95891 0.635
vt 0.95902 0.64623
vt 0.96406 0.4913
vt 0.96394 0.48008
vt 0.96399 0.48008
vt 0.96412 0.4913
vt 0.9592 0.65674
vt 0.95926 0.65674
vt 0.9643 0.50178
vt 0.96435 0.50178
vt 0.95954 0.66609
vt 0.9596 0.66609
vt 0.96464 0.5111
vt 0.96469 0.5111
vt 0.95997 0.67394
vt 0.96003 0.67394
vt 0.96077 0.93538
vt 0.96242 0.94558
vt 0.96236 0.94558
vt 0.96072 0.93538
vt 0.96506 0.51893
vt 0.96512 0.51893
vt 0.96135 0.33403
vt 0.96382 0.34338
vt 0.96376 0.34338
vt 0.9613 0.33403
vt 0.96486 0.88343
vt 0.96481 0.88343
vt 0.96486 0.9549
vt 0.96481 0.9549
vt 0.96016 0.67401
vt 0.95973 0.66614
vt 0.97155 0.66615
vt 0.97198 0.67401
vt 0.96795 0.87544
vt 0.96466 0.88337
vt 0.96781 0.87537
vt 0.96694 0.26362
vt 0.96679 0.26356
vt 0.95973 0.59246
vt 0.95939 0.60179
vt 0.96482 0.43748
vt 0.96448 0.44684
vt 0.95915 0.61229
vt 0.96424 0.45736
vt 0.95903 0.62352
vt 0.96412 0.4686
vt 0.95903 0.63501
vt 0.95915 0.64626
vt 0.96412 0.48008
vt 0.96424 0.49132
vt 0.95939 0.65678
vt 0.95948 0.29116
vt 0.96448 0.50182
vt 0.96482 0.51115
vt 0.96694 0.35139
vt 0.96679 0.35145
vt 0.96362 0.34343
vt 0.96221 0.94562
vt 0.96056 0.9354
vt 0.96795 0.96291
vt 0.96781 0.96297
vt 0.96466 0.95496
vt 0.96115 0.33407
vt 0.96222 0.89271
vt 0.95947 0.32381
vt 0.95972 0.92465
vt 0.95862 0.31301
vt 0.95972 0.91365
vt 0.95862 0.30196
vt 0.96057 0.90291
vt 0.94779 0.31301
vt 0.94864 0.32381
vt 0.94855 0.32379
vt 0.9477 0.313
vt 0.95138 0.94562
vt 0.94973 0.9354
vt 0.96525 0.519
vt 0.97664 0.51115
vt 0.97707 0.51899
vt 0.95279 0.34343
vt 0.95031 0.33407
vt 0.95138 0.89271
vt 0.95383 0.88337
vt 0.95383 0.95496
vt 0.94889 0.92466
vt 0.94888 0.91365
vt 0.94779 0.30196
vt 0.94973 0.90291
vt 0.94864 0.29116
vt 0.95032 0.28092
vt 0.95278 0.27159
vt 0.96016 0.58462
vt 0.97198 0.58462
vt 0.97155 0.59246
vt 0.96525 0.4296
vt 0.97707 0.4296
vt 0.97664 0.43748
vt 0.97121 0.6018
vt 0.9763 0.44684
vt 0.97097 0.61229
vt 0.97606 0.45735
vt 0.97085 0.62352
vt 0.97594 0.4686
vt 0.97085 0.63501
vt 0.97097 0.64626
vt 0.97594 0.48008
vt 0.97606 0.49132
vt 0.97121 0.65678
vt 0.9763 0.50182
vt 0.95268 0.27164
vt 0.95023 0.28095
vt 0.9502 0.28095
vt 0.95266 0.27164
vt 0.94879 0.92465
vt 0.94879 0.91366
vt 0.9477 0.30197
vt 0.94964 0.90294
vt 0.94855 0.29118
vt 0.95129 0.89275
vt 0.97757 0.42352
vt 0.9777 0.42359
vt 0.9772 0.42966
vt 0.97211 0.58468
vt 0.97169 0.59251
vt 0.97677 0.43753
vt 0.97135 0.60183
vt 0.97643 0.44688
vt 0.97111 0.61231
vt 0.9762 0.45738
vt 0.97099 0.62353
vt 0.97608 0.4686
vt 0.97099 0.635
vt 0.97111 0.64624
vt 0.97608 0.48008
vt 0.9762 0.4913
vt 0.97134 0.65674
vt 0.97644 0.50178
vt 0.97168 0.6661
vt 0.97678 0.51111
vt 0.97211 0.67395
vt 0.95128 0.94558
vt 0.94963 0.93538
vt 0.9772 0.51894
vt 0.97248 0.68012
vt 0.97261 0.68006
vt 0.97248 0.57852
vt 0.97261 0.57859
vt 0.97757 0.52511
vt 0.9777 0.52504
vt 0.95022 0.33404
vt 0.97214 0.58468
vt 0.97171 0.59251
vt 0.97723 0.42966
vt 0.9768 0.43753
vt 0.97137 0.60183
vt 0.97646 0.44688
vt 0.97114 0.61231
vt 0.97622 0.45738
vt 0.97101 0.62353
vt 0.9761 0.4686
vt 0.97101 0.635
vt 0.97113 0.64624
vt 0.9761 0.48008
vt 0.97623 0.4913
vt 0.97137 0.65674
vt 0.94853 0.29118
vt 0.97646 0.50178
vt 0.97171 0.6661
vt 0.9768 0.51111
vt 0.97214 0.67395
vt 0.95126 0.94558
vt 0.94961 0.93538
vt 0.97723 0.51894
vt 0.95269 0.34338
vt 0.95266 0.34338
vt 0.95019 0.33404
vt 0.95373 0.88342
vt 0.95126 0.89275
vt 0.9537 0.88342
vt 0.95373 0.95491
vt 0.9537 0.95491
vt 0.94852 0.32379
vt 0.94877 0.92465
vt 0.94768 0.313
vt 0.94877 0.91366
vt 0.94767 0.30197
vt 0.94961 0.90294
vt 0.98399 0.83003
vt 0.99414 0.83003
vt 0.99414 0.83683
vt 0.98399 0.83683
vt 0.77356 0.97561
vt 0.78371 0.97561
vt 0.78371 0.98095
vt 0.77356 0.98095
vt 0.95649 0.21126
vt 0.96665 0.21126
vt 0.96665 0.21748
vt 0.95649 0.21748
vt 0.95649 0.23195
vt 0.96665 0.23195
vt 0.96665 0.23961
vt 0.95649 0.23961
vt 0.80868 0.37149
vt 0.81883 0.37149
vt 0.81883 0.37773
vt 0.80868 0.37773
vt 0.96665 0.22447
vt 0.95649 0.22447
vt 0.77356 0.93397
vt 0.78371 0.93397
vt 0.78371 0.9408
vt 0.77356 0.9408
vt 0.81883 0.38473
vt 0.80868 0.38473
vt 0.80868 0.39223
vt 0.81883 0.39223
vt 0.81883 0.39988
vt 0.80868 0.39988
vt 0.96665 0.24709
vt 0.95649 0.24709
vt 0.81883 0.40736
vt 0.80868 0.40736
vt 0.96665 0.2541
vt 0.95649 0.2541
vt 0.81883 0.41435
vt 0.80868 0.41435
vt 0.96665 0.26033
vt 0.95649 0.26033
vt 0.81883 0.42057
vt 0.80868 0.42057
vt 0.77356 0.9224
vt 0.78371 0.9224
vt 0.78371 0.92776
vt 0.77356 0.92776
vt 0.98399 0.79004
vt 0.99414 0.79004
vt 0.99414 0.79537
vt 0.98399 0.79537
vt 0.98399 0.80159
vt 0.99414 0.80159
vt 0.99414 0.80839
vt 0.98399 0.80839
vt 0.78371 0.94799
vt 0.77356 0.94799
vt 0.99414 0.81554
vt 0.98399 0.81554
vt 0.78371 0.95535
vt 0.77356 0.95535
vt 0.99414 0.82287
vt 0.98399 0.82287
vt 0.78371 0.96255
vt 0.77356 0.96255
vt 0.78371 0.96938
vt 0.77356 0.96938
vt 0.99414 0.84305
vt 0.98399 0.84305
vt 0.99414 0.84839
vt 0.98399 0.84839
usemtl mat0
f 2555/2555/2301 2556/2556/2301 2557/2557/2301
f 2555/2555/2302 2557/2557/2302 2558/2558/2302
f 2559/2559/2303 2560/2560/2304 2561/2561/2304
f 2559/2559/2303 2561/2561/2304 2562/2562/2303
f 2563/2563/2305 2564/2564/2305 2565/2565/2305
f 2563/2563/2305 2565/2565/2305 2566/2566/2305
f 2567/2567/2305 2555/2555/2305 2558/2558/2305
f 2567/2567/2305 2558/2558/2305 2568/2568/2305
f 2569/2569/2305 2563/2563/2305 2566/2566/2305
f 2569/2569/2305 2566/2566/2305 2570/2570/2305
f 2571/2571/2305 2567/2567/2305 2568/2568/2305
f 2571/2571/2305 2568/2568/2305 2572/2572/2305
f 2573/2573/2305 2569/2569/2305 2570/2570/2305
f 2573/2573/2305 2570/2570/2305 2574/2574/2305
f 2575/2575/2305 2571/2571/2305 2572/2572/2305
f 2575/2575/2305 2572/2572/2305 2576/2576/2305
f 2577/2577/2305 2578/2578/2305 2579/2579/2305
f 2577/2577/2305 2579/2579/2305 2580/2580/2305
f 2581/2581/2305 2582/2582/2305 2583/2583/2305
f 2581/2581/2305 2583/2583/2305 2584/2584/2305
f 2585/2585/2306 2586/2586/2306 2587/2587/2306
f 2585/2585/2307 2587/2587/2307 2588/2588/2307
f 2589/2589/2305 2577/2577/2305 2580/2580/2305
f 2589/2589/2305 2580/2580/2305 2590/2590/2305
f 2591/2591/2305 2592/2592/2305 2593/2593/2305
f 2591/2591/2305 2593/2593/2305 2594/2594/2305
f 2595/2595/2308 2585/2585/2308 2588/2588/2308
f 2595/2595/2309 2588/2588/2309 2596/2596/2309
f 2556/2556/2310 2597/2597/2310 2598/2598/2310
f 2556/2556/2311 2598/2598/2311 2557/2557/2311
f 2599/2599/2312 2591/2591/2312 2594/2594/2312
f 2599/2599/2313 2594/2594/2313 2600/2600/2313
f 2601/2601/2314 2595/2595/2314 2596/2596/2314
f 2601/2601/2315 2596/2596/2315 2602/2602/2315
f 2592/2592/2305 2581/2581/2305 2584/2584/2305
f 2592/2592/2305 2584/2584/2305 2593/2593/2305
f 2603/2603/2316 2599/2599/2316 2600/2600/2316
f 2603/2603/2317 2600/2600/2317 2604/2604/2317
f 2605/2605/2305 2606/2606/2305 2607/2607/2305
f 2605/2605/2305 2607/2607/2305 2608/2608/2305
f 2609/2609/2318 2610/2610/2318 2611/2611/2318
f 2609/2609/2319 2611/2611/2319 2612/2612/2319
f 2613/2613/2320 2603/2603/2320 2604/2604/2320
f 2613/2613/2321 2604/2604/2321 2614/2614/2321
f 2615/2615/2305 2605/2605/2305 2608/2608/2305
f 2615/2615/2305 2608/2608/2305 2616/2616/2305
f 2564/2564/2322 2617/2617/2322 2618/2618/2322
f 2564/2564/2323 2618/2618/2323 2565/2565/2323
f 2610/2610/2324 2619/2619/2324 2620/2620/2324
f 2610/2610/2325 2620/2620/2325 2611/2611/2325
f 2621/2621/2326 2615/2615/2326 2616/2616/2326
f 2621/2621/2327 2616/2616/2327 2622/2622/2327
f 2623/2623/2328 2609/2609/2328 2612/2612/2328
f 2623/2623/2329 2612/2612/2329 2624/2624/2329
f 2625/2625/2330 2621/2621/2330 2622/2622/2330
f 2625/2625/2331 2622/2622/2331 2626/2626/2331
f 2627/2627/2332 2623/2623/2332 2624/2624/2332
f 2627/2627/2333 2624/2624/2333 2628/2628/2333
f 2629/2629/2305 2625/2625/2305 2626/2626/2305
f 2629/2629/2305 2626/2626/2305 2630/2630/2305
f 2631/2631/2305 2627/2627/2305 2628/2628/2305
f 2631/2631/2305 2628/2628/2305 2632/2632/2305
f 2597/2597/2334 2629/2629/2334 2630/2630/2334
f 2597/2597/2335 2630/2630/2335 2598/2598/2335
f 2617/2617/2336 2631/2631/2336 2632/2632/2336
f 2617/2617/2337 2632/2632/2337 2618/2618/2337
f 2633/2633/2338 2634/2634/2338 2635/2635/2338
f 2633/2633/2339 2635/2635/2339 2636/2636/2339
f 2637/2637/2340 2638/2638/2341 2639/2639/2341
f 2637/2637/2340 2639/2639/2341 2640/2640/2340
f 2641/2641/2342 2559/2559/2303 2562/2562/2303
f 2641/2641/2342 2562/2562/2303 2642/2642/2342
f 2643/2643/2343 2644/2644/2344 2645/2645/2344
f 2643/2643/2343 2645/2645/2344 2646/2646/2343
f 2644/2644/2344 2647/2647/2345 2648/2648/2345
f 2644/2644/2344 2648/2648/2345 2645/2645/2344
f 2649/2649/2346 2650/2650/2347 2651/2651/2347
f 2649/2649/2346 2651/2651/2347 2652/2652/2346
f 2653/2653/2348 2643/2643/2343 2646/2646/2343
f 2653/2653/2348 2646/2646/2343 2654/2654/2348
f 2655/2655/2349 2656/2656/2350 2657/2657/2350
f 2655/2655/2349 2657/2657/2350 2658/2658/2349
f 2659/2659/2351 2649/2649/2346 2652/2652/2346
f 2659/2659/2351 2652/2652/2346 2660/2660/2351
f 2661/2661/2352 2653/2653/2348 2654/2654/2348
f 2661/2661/2352 2654/2654/2348 2662/2662/2352
f 2663/2663/2353 2641/2641/2342 2642/2642/2342
f 2663/2663/2353 2642/2642/2342 2664/2664/2353
f 2665/2665/2354 2659/2659/2351 2660/2660/2351
f 2665/2665/2354 2660/2660/2351 2666/2666/2354
f 2667/2667/2355 2661/2661/2352 2662/2662/2352
f 2667/2667/2355 2662/2662/2352 2668/2668/2355
f 2669/2669/2356 2670/2670/2357 2671/2671/2357
f 2669/2669/2356 2671/2671/2357 2672/2672/2356
f 2673/2673/2358 2665/2665/2354 2666/2666/2354
f 2673/2673/2358 2666/2666/2354 2674/2674/2358
f 2675/2675/2359 2667/2667/2355 2668/2668/2355
f 2675/2675/2359 2668/2668/2355 2676/2676/2359
f 2677/2677/2360 2678/2678/2361 2679/2679/2361
f 2677/2677/2360 2679/2679/2361 2680/2680/2360
f 2670/2670/2357 2673/2673/2358 2674/2674/2358
f 2670/2670/2357 2674/2674/2358 2671/2671/2357
f 2681/2681/2362 2675/2675/2359 2676/2676/2359
f 2681/2681/2362 2676/2676/2359 2682/2682/2362
f 2683/2683/2363 2669/2669/2356 2672/2672/2356
f 2683/2683/2363 2672/2672/2356 2684/2684/2363
f 2685/2685/2364 2681/2681/2362 2682/2682/2362
f 2685/2685/2364 2682/2682/2362 2686/2686/2364
f 2687/2687/2365 2683/2683/2363 2684/2684/2363
f 2687/2687/2365 2684/2684/2363 2688/2688/2365
f 2689/2689/2366 2685/2685/2364 2686/2686/2364
f 2689/2689/2366 2686/2686/2364 2690/2690/2366
f 2691/2691/2367 2692/2692/2368 2693/2693/2368
f 2691/2691/2367 2693/2693/2368 2694/2694/2367
f 2656/2656/2350 2695/2695/2369 2696/2696/2369
f 2656/2656/2350 2696/2696/2369 2657/2657/2350
f 2678/2678/2361 2691/2691/2367 2694/2694/2367
f 2678/2678/2361 2694/2694/2367 2679/2679/2361
f 2697/2697/2370 2655/2655/2349 2658/2658/2349
f 2697/2697/2370 2658/2658/2349 2698/2698/2371
f 2699/2699/2372 2677/2677/2360 2680/2680/2360
f 2699/2699/2372 2680/2680/2360 2700/2700/2372
f 2701/2701/2373 2697/2697/2370 2698/2698/2371
f 2701/2701/2373 2698/2698/2371 2702/2702/2373
f 2703/2703/2374 2699/2699/2372 2700/2700/2372
f 2703/2703/2374 2700/2700/2372 2704/2704/2374
f 2560/2560/2304 2701/2701/2373 2702/2702/2373
f 2560/2560/2304 2702/2702/2373 2561/2561/2304
f 2638/2638/2341 2703/2703/2374 2704/2704/2374
f 2638/2638/2341 2704/2704/2374 2639/2639/2341
f 2705/2705/2375 2706/2706/2375 2707/2707/2375
f 2705/2705/2376 2707/2707/2376 2708/2708/2376
f 2709/2709/2377 2633/2633/2377 2636/2636/2377
f 2709/2709/2378 2636/2636/2378 2710/2710/2378
f 2711/2711/2379 2705/2705/2379 2708/2708/2379
f 2711/2711/2378 2708/2708/2378 2712/2712/2378
f 2713/2713/2380 2709/2709/2380 2710/2710/2380
f 2713/2713/2378 2710/2710/2378 2714/2714/2378
f 2715/2715/2381 2716/2716/2381 2717/2717/2381
f 2715/2715/2382 2717/2717/2382 2718/2718/2382
f 2716/2716/2383 2719/2719/2383 2720/2720/2383
f 2716/2716/2378 2720/2720/2378 2717/2717/2378
f 2721/2721/2384 2722/2722/2384 2723/2723/2384
f 2721/2721/2378 2723/2723/2378 2724/2724/2378
f 2725/2725/2385 2726/2726/2385 2727/2727/2385
f 2725/2725/2386 2727/2727/2386 2728/2728/2386
f 2729/2729/2387 2730/2730/2387 2731/2731/2387
f 2729/2729/2388 2731/2731/2388 2732/2732/2388
f 2733/2733/2389 2734/2734/2389 2735/2735/2389
f 2733/2733/2390 2735/2735/2390 2736/2736/2390
f 2737/2737/2391 2725/2725/2391 2728/2728/2391
f 2737/2737/2392 2728/2728/2392 2738/2738/2392
f 2722/2722/2393 2713/2713/2393 2714/2714/2393
f 2722/2722/2378 2714/2714/2378 2723/2723/2378
f 2739/2739/2394 2733/2733/2394 2736/2736/2394
f 2739/2739/2395 2736/2736/2395 2740/2740/2395
f 2741/2741/2396 2737/2737/2396 2738/2738/2396
f 2741/2741/2378 2738/2738/2378 2742/2742/2378
f 2743/2743/2397 2744/2744/2397 2745/2745/2397
f 2743/2743/2398 2745/2745/2398 2746/2746/2398
f 2747/2747/2399 2739/2739/2399 2740/2740/2399
f 2747/2747/2400 2740/2740/2400 2748/2748/2400
f 2749/2749/2401 2741/2741/2401 2742/2742/2401
f 2749/2749/2402 2742/2742/2402 2750/2750/2402
f 2751/2751/2403 2752/2752/2403 2753/2753/2403
f 2751/2751/2404 2753/2753/2404 2754/2754/2404
f 2744/2744/2405 2747/2747/2405 2748/2748/2405
f 2744/2744/2406 2748/2748/2406 2745/2745/2406
f 2755/2755/2407 2749/2749/2407 2750/2750/2407
f 2755/2755/2408 2750/2750/2408 2756/2756/2408
f 2757/2757/2409 2743/2743/2409 2746/2746/2409
f 2757/2757/2410 2746/2746/2410 2758/2758/2410
f 2759/2759/2411 2755/2755/2411 2756/2756/2411
f 2759/2759/2412 2756/2756/2412 2760/2760/2412
f 2761/2761/2413 2757/2757/2413 2758/2758/2413
f 2761/2761/2414 2758/2758/2414 2762/2762/2414
f 2763/2763/2415 2759/2759/2415 2760/2760/2415
f 2763/2763/2416 2760/2760/2416 2764/2764/2416
f 2765/2765/2417 2761/2761/2417 2762/2762/2417
f 2765/2765/2378 2762/2762/2378 2766/2766/2378
f 2730/2730/2418 2763/2763/2418 2764/2764/2418
f 2730/2730/2419 2764/2764/2419 2731/2731/2419
f 2752/2752/2420 2765/2765/2420 2766/2766/2420
f 2752/2752/2421 2766/2766/2421 2753/2753/2421
f 2767/2767/2422 2729/2729/2422 2732/2732/2422
f 2767/2767/2423 2732/2732/2423 2768/2768/2423
f 2769/2769/2424 2751/2751/2424 2754/2754/2424
f 2769/2769/2378 2754/2754/2378 2770/2770/2378
f 2771/2771/2425 2767/2767/2425 2768/2768/2425
f 2771/2771/2378 2768/2768/2378 2772/2772/2378
f 2706/2706/2426 2773/2773/2426 2774/2774/2426
f 2706/2706/2378 2774/2774/2378 2707/2707/2378
f 2775/2775/2427 2776/2776/2427 2777/2777/2427
f 2775/2775/2428 2777/2777/2428 2778/2778/2428
f 2779/2779/2365 2780/2780/2363 2781/2781/2363
f 2779/2779/2365 2781/2781/2363 2782/2782/2365
f 2783/2783/2429 2784/2784/2429 2785/2785/2429
f 2783/2783/2305 2785/2785/2305 2786/2786/2305
f 2787/2787/2430 2788/2788/2430 2789/2789/2430
f 2787/2787/2431 2789/2789/2431 2790/2790/2431
f 2791/2791/2432 2775/2775/2432 2778/2778/2432
f 2791/2791/2433 2778/2778/2433 2792/2792/2433
f 2793/2793/2434 2783/2783/2434 2786/2786/2434
f 2793/2793/2435 2786/2786/2435 2794/2794/2435
f 2795/2795/2436 2796/2796/2436 2797/2797/2436
f 2795/2795/2437 2797/2797/2437 2798/2798/2437
f 2799/2799/2438 2793/2793/2438 2794/2794/2438
f 2799/2799/2439 2794/2794/2439 2800/2800/2439
f 2801/2801/2440 2795/2795/2440 2798/2798/2440
f 2801/2801/2441 2798/2798/2441 2802/2802/2441
f 2803/2803/2305 2799/2799/2305 2800/2800/2305
f 2803/2803/2305 2800/2800/2305 2804/2804/2305
f 2805/2805/2442 2801/2801/2442 2802/2802/2442
f 2805/2805/2443 2802/2802/2443 2806/2806/2443
f 2807/2807/2444 2803/2803/2444 2804/2804/2444
f 2807/2807/2445 2804/2804/2445 2808/2808/2445
f 2788/2788/2446 2805/2805/2446 2806/2806/2446
f 2788/2788/2447 2806/2806/2447 2789/2789/2447
f 2809/2809/2448 2810/2810/2448 2811/2811/2448
f 2809/2809/2449 2811/2811/2449 2812/2812/2449
f 2813/2813/2450 2787/2787/2450 2790/2790/2450
f 2813/2813/2305 2790/2790/2305 2814/2814/2305
f 2815/2815/2451 2809/2809/2451 2812/2812/2451
f 2815/2815/2452 2812/2812/2452 2816/2816/2452
f 2817/2817/2453 2813/2813/2453 2814/2814/2453
f 2817/2817/2305 2814/2814/2305 2818/2818/2305
f 2819/2819/2454 2815/2815/2454 2816/2816/2454
f 2819/2819/2455 2816/2816/2455 2820/2820/2455
f 2821/2821/2456 2817/2817/2456 2818/2818/2456
f 2821/2821/2305 2818/2818/2305 2822/2822/2305
f 2823/2823/2457 2819/2819/2457 2820/2820/2457
f 2823/2823/2305 2820/2820/2305 2824/2824/2305
f 2825/2825/2458 2826/2826/2458 2827/2827/2458
f 2825/2825/2305 2827/2827/2305 2828/2828/2305
f 2829/2829/2305 2830/2830/2305 2831/2831/2305
f 2829/2829/2459 2831/2831/2459 2832/2832/2459
f 2833/2833/2460 2834/2834/2460 2835/2835/2460
f 2833/2833/2461 2835/2835/2461 2836/2836/2461
f 2837/2837/2462 2825/2825/2462 2828/2828/2462
f 2837/2837/2463 2828/2828/2463 2838/2838/2463
f 2839/2839/2464 2840/2840/2464 2841/2841/2464
f 2839/2839/2465 2841/2841/2465 2842/2842/2465
f 2843/2843/2466 2833/2833/2466 2836/2836/2466
f 2843/2843/2467 2836/2836/2467 2844/2844/2467
f 2810/2810/2468 2807/2807/2468 2808/2808/2468
f 2810/2810/2469 2808/2808/2469 2811/2811/2469
f 2845/2845/2470 2839/2839/2470 2842/2842/2470
f 2845/2845/2471 2842/2842/2471 2846/2846/2471
f 2847/2847/2472 2843/2843/2472 2844/2844/2472
f 2847/2847/2473 2844/2844/2473 2848/2848/2473
f 2840/2840/2474 2829/2829/2474 2832/2832/2474
f 2840/2840/2475 2832/2832/2475 2841/2841/2475
f 2849/2849/2476 2845/2845/2476 2846/2846/2476
f 2849/2849/2477 2846/2846/2477 2850/2850/2477
f 2784/2784/2478 2851/2851/2478 2852/2852/2478
f 2784/2784/2305 2852/2852/2305 2785/2785/2305
f 2796/2796/2479 2791/2791/2479 2792/2792/2479
f 2796/2796/2480 2792/2792/2480 2797/2797/2480
f 2853/2853/2481 2854/2854/2481 2855/2855/2481
f 2856/2856/2366 2857/2857/2364 2858/2858/2364
f 2856/2856/2366 2858/2858/2364 2859/2859/2366
f 2860/2860/2367 2861/2861/2368 2862/2862/2368
f 2860/2860/2367 2862/2862/2368 2863/2863/2367
f 2864/2864/2350 2865/2865/2369 2866/2866/2369
f 2864/2864/2350 2866/2866/2369 2867/2867/2350
f 2868/2868/2361 2860/2860/2367 2863/2863/2367
f 2868/2868/2361 2863/2863/2367 2869/2869/2361
f 2870/2870/2371 2871/2871/2349 2872/2872/2349
f 2870/2870/2371 2872/2872/2349 2873/2873/2371
f 2874/2874/2372 2875/2875/2360 2876/2876/2360
f 2874/2874/2372 2876/2876/2360 2877/2877/2372
f 2878/2878/2482 2870/2870/2371 2873/2873/2371
f 2878/2878/2482 2873/2873/2371 2879/2879/2482
f 2880/2880/2374 2874/2874/2372 2877/2877/2372
f 2880/2880/2374 2877/2877/2372 2881/2881/2374
f 2882/2882/2483 2878/2878/2482 2879/2879/2482
f 2882/2882/2483 2879/2879/2482 2883/2883/2483
f 2884/2884/2341 2880/2880/2374 2881/2881/2374
f 2884/2884/2341 2881/2881/2374 2885/2885/2341
f 2886/2886/2303 2882/2882/2483 2883/2883/2483
f 2886/2886/2303 2883/2883/2483 2887/2887/2303
f 2888/2888/2340 2884/2884/2341 2885/2885/2341
f 2888/2888/2340 2885/2885/2341 2889/2889/2340
f 2890/2890/2342 2886/2886/2303 2887/2887/2303
f 2890/2890/2342 2887/2887/2303 2891/2891/2342
f 2892/2892/2343 2893/2893/2344 2894/2894/2344
f 2892/2892/2343 2894/2894/2344 2895/2895/2343
f 2893/2893/2344 2896/2896/2345 2897/2897/2345
f 2893/2893/2344 2897/2897/2345 2894/2894/2344
f 2898/2898/2346 2899/2899/2347 2900/2900/2347
f 2898/2898/2346 2900/2900/2347 2901/2901/2346
f 2902/2902/2348 2892/2892/2343 2895/2895/2343
f 2902/2902/2348 2895/2895/2343 2903/2903/2348
f 2871/2871/2349 2864/2864/2350 2867/2867/2350
f 2871/2871/2349 2867/2867/2350 2872/2872/2349
f 2904/2904/2351 2898/2898/2346 2901/2901/2346
f 2904/2904/2351 2901/2901/2346 2905/2905/2351
f 2906/2906/2352 2902/2902/2348 2903/2903/2348
f 2906/2906/2352 2903/2903/2348 2907/2907/2352
f 2908/2908/2353 2890/2890/2342 2891/2891/2342
f 2908/2908/2353 2891/2891/2342 2909/2909/2353
f 2910/2910/2354 2904/2904/2351 2905/2905/2351
f 2910/2910/2354 2905/2905/2351 2911/2911/2354
f 2912/2912/2484 2906/2906/2352 2907/2907/2352
f 2912/2912/2484 2907/2907/2352 2913/2913/2484
f 2914/2914/2356 2915/2915/2357 2916/2916/2357
f 2914/2914/2356 2916/2916/2357 2917/2917/2356
f 2918/2918/2358 2910/2910/2354 2911/2911/2354
f 2918/2918/2358 2911/2911/2354 2919/2919/2358
f 2920/2920/2359 2912/2912/2484 2913/2913/2484
f 2920/2920/2359 2913/2913/2484 2921/2921/2359
f 2875/2875/2360 2868/2868/2361 2869/2869/2361
f 2875/2875/2360 2869/2869/2361 2876/2876/2360
f 2915/2915/2357 2918/2918/2358 2919/2919/2358
f 2915/2915/2357 2919/2919/2358 2916/2916/2357
f 2922/2922/2362 2920/2920/2359 2921/2921/2359
f 2922/2922/2362 2921/2921/2359 2923/2923/2362
f 2780/2780/2363 2914/2914/2356 2917/2917/2356
f 2780/2780/2363 2917/2917/2356 2781/2781/2363
f 2857/2857/2364 2922/2922/2362 2923/2923/2362
f 2857/2857/2364 2923/2923/2362 2858/2858/2364
f 2924/2924/2485 2925/2925/2485 2855/2855/2485
f 2855/2855/2378 2926/2926/2378 2927/2927/2378
f 2927/2927/2378 2928/2928/2378 2855/2855/2378
f 2928/2928/2378 2929/2929/2378 2855/2855/2378
f 2929/2929/2486 2930/2930/2486 2931/2931/2486
f 2931/2931/2487 2932/2932/2487 2855/2855/2487
f 2932/2932/2488 2933/2933/2488 2934/2934/2488
f 2935/2935/2489 2932/2932/2489 2934/2934/2489
f 2935/2935/2490 2936/2936/2490 2937/2937/2490
f 2937/2937/2491 2938/2938/2491 2935/2935/2491
f 2938/2938/2492 2939/2939/2492 2853/2853/2492
f 2935/2935/2378 2938/2938/2378 2855/2855/2378
f 2939/2939/2493 2940/2940/2493 2853/2853/2493
f 2940/2940/2378 2941/2941/2378 2853/2853/2378
f 2853/2853/2494 2942/2942/2494 2943/2943/2494
f 2943/2943/2495 2944/2944/2495 2854/2854/2495
f 2944/2944/2496 2945/2945/2496 2854/2854/2496
f 2854/2854/2497 2946/2946/2497 2855/2855/2497
f 2946/2946/2498 2947/2947/2498 2948/2948/2498
f 2949/2949/2499 2946/2946/2499 2948/2948/2499
f 2949/2949/2500 2950/2950/2500 2951/2951/2500
f 2951/2951/2501 2952/2952/2501 2949/2949/2501
f 2952/2952/2502 2924/2924/2502 2855/2855/2502
f 2949/2949/2503 2952/2952/2503 2855/2855/2503
f 2931/2931/2504 2855/2855/2504 2929/2929/2504
f 2932/2932/2378 2935/2935/2378 2855/2855/2378
f 2855/2855/2378 2938/2938/2378 2853/2853/2378
f 2854/2854/2505 2853/2853/2505 2943/2943/2505
f 2946/2946/2506 2949/2949/2506 2855/2855/2506
f 2953/2953/2507 2954/2954/2508 2955/2955/2508
f 2953/2953/2507 2955/2955/2508 2956/2956/2507
f 2957/2957/2509 2958/2958/2510 2959/2959/2511
f 2957/2957/2509 2959/2959/2511 2960/2960/2512
f 2961/2961/2513 2962/2962/2514 2963/2963/2514
f 2961/2961/2513 2963/2963/2514 2964/2964/2513
f 2965/2965/2515 2953/2953/2507 2956/2956/2507
f 2965/2965/2515 2956/2956/2507 2966/2966/2515
f 2967/2967/2516 2961/2961/2513 2964/2964/2513
f 2967/2967/2516 2964/2964/2513 2968/2968/2516
f 2969/2969/2517 2965/2965/2515 2966/2966/2515
f 2969/2969/2517 2966/2966/2515 2970/2970/2517
f 2971/2971/2518 2967/2967/2516 2968/2968/2516
f 2971/2971/2518 2968/2968/2516 2972/2972/2518
f 2973/2973/2519 2974/2974/2520 2958/2958/2520
f 2973/2973/2519 2958/2958/2520 2957/2957/2519
f 2975/2975/2521 2976/2976/2522 2977/2977/2522
f 2975/2975/2521 2977/2977/2522 2978/2978/2521
f 2979/2979/2523 2980/2980/2524 2981/2981/2524
f 2979/2979/2523 2981/2981/2524 2982/2982/2523
f 2983/2983/2525 2975/2975/2521 2978/2978/2521
f 2983/2983/2525 2978/2978/2521 2984/2984/2525
f 2985/2985/2526 2979/2979/2523 2982/2982/2523
f 2985/2985/2526 2982/2982/2523 2986/2986/2526
f 2987/2987/2527 2983/2983/2525 2984/2984/2525
f 2987/2987/2527 2984/2984/2525 2988/2988/2527
f 2989/2989/2528 2985/2985/2526 2986/2986/2526
f 2989/2989/2528 2986/2986/2526 2990/2990/2528
f 2991/2991/2529 2987/2987/2527 2988/2988/2527
f 2991/2991/2529 2988/2988/2527 2992/2992/2529
f 2993/2993/2530 2989/2989/2528 2990/2990/2528
f 2993/2993/2530 2990/2990/2528 2994/2994/2530
f 2995/2995/2531 2996/2996/2532 2997/2997/2532
f 2995/2995/2531 2997/2997/2532 2998/2998/2531
f 2996/2996/2532 2991/2991/2529 2992/2992/2529
f 2996/2996/2532 2992/2992/2529 2997/2997/2532
f 2999/2999/2533 3000/3000/2534 3001/3001/2534
f 2999/2999/2533 3001/3001/2534 3002/3002/2533
f 3003/3003/2535 2995/2995/2531 2998/2998/2531
f 3003/3003/2535 2998/2998/2531 3004/3004/2535
f 2974/2974/2520 2969/2969/2517 2970/2970/2517
f 2974/2974/2520 2970/2970/2517 2958/2958/2520
f 3005/3005/2536 2999/2999/2533 3002/3002/2533
f 3005/3005/2536 3002/3002/2533 3006/3006/2536
f 3007/3007/2537 3003/3003/2535 3004/3004/2535
f 3007/3007/2537 3004/3004/2535 3008/3008/2537
f 3000/3000/2534 2993/2993/2530 2994/2994/2530
f 3000/3000/2534 2994/2994/2530 3001/3001/2534
f 3009/3009/2538 3005/3005/2536 3006/3006/2536
f 3009/3009/2538 3006/3006/2536 3010/3010/2538
f 3011/3011/2539 3007/3007/2537 3008/3008/2537
f 3011/3011/2539 3008/3008/2537 3012/3012/2539
f 3013/3013/2540 3014/3014/2541 3015/3015/2541
f 3013/3013/2540 3015/3015/2541 3016/3016/2540
f 3017/3017/2542 3009/3009/2538 3010/3010/2538
f 3017/3017/2542 3010/3010/2538 3018/3018/2542
f 3019/3019/2543 3020/3020/2544 3021/3021/2544
f 3019/3019/2543 3021/3021/2544 3022/3022/2543
f 3023/3023/2545 2971/2971/2518 2972/2972/2518
f 3023/3023/2545 2972/2972/2518 3024/3024/2545
f 3014/3014/2541 3025/3025/2546 3026/3026/2546
f 3014/3014/2541 3026/3026/2546 3015/3015/2541
f 2954/2954/2508 3019/3019/2543 3022/3022/2543
f 2954/2954/2508 3022/3022/2543 2955/2955/2508
f 2962/2962/2514 3013/3013/2540 3016/3016/2540
f 2962/2962/2514 3016/3016/2540 2963/2963/2514
f 3027/3027/2547 3028/3028/2548 3029/3029/2548
f 3027/3027/2547 3029/3029/2548 3030/3030/2547
f 3031/3031/2549 3024/3024/2550 3032/3032/2550
f 3031/3031/2549 3032/3032/2550 3033/3033/2551
f 3034/3034/2552 2957/2957/2509 2960/2960/2512
f 3034/3034/2552 2960/2960/2512 3035/3035/2552
f 2984/2984/2553 2978/2978/2554 3036/3036/2555
f 2984/2984/2553 3036/3036/2555 3037/3037/2556
f 2986/2986/2557 2982/2982/2558 3038/3038/2558
f 2986/2986/2557 3038/3038/2558 3039/3039/2559
f 2988/2988/2560 2984/2984/2553 3037/3037/2556
f 2988/2988/2560 3037/3037/2556 3040/3040/2561
f 2990/2990/2562 2986/2986/2557 3039/3039/2559
f 2990/2990/2562 3039/3039/2559 3041/3041/2563
f 2992/2992/2564 2988/2988/2560 3040/3040/2561
f 2992/2992/2564 3040/3040/2561 3042/3042/2565
f 2994/2994/2566 2990/2990/2562 3041/3041/2563
f 2994/2994/2566 3041/3041/2563 3043/3043/2567
f 2998/2998/2568 2997/2997/2569 3044/3044/2570
f 2998/2998/2568 3044/3044/2570 3045/3045/2571
f 2997/2997/2569 2992/2992/2564 3042/3042/2565
f 2997/2997/2569 3042/3042/2565 3044/3044/2570
f 3002/3002/2572 3001/3001/2573 3046/3046/2573
f 3002/3002/2572 3046/3046/2573 3047/3047/2574
f 3004/3004/2575 2998/2998/2568 3045/3045/2571
f 3004/3004/2575 3045/3045/2571 3048/3048/2576
f 2958/2958/2510 2970/2970/2577 3049/3049/2578
f 2958/2958/2510 3049/3049/2578 2959/2959/2511
f 3006/3006/2579 3002/3002/2572 3047/3047/2574
f 3006/3006/2579 3047/3047/2574 3050/3050/2580
f 3008/3008/2581 3004/3004/2575 3048/3048/2576
f 3008/3008/2581 3048/3048/2576 3028/3028/2581
f 3001/3001/2573 2994/2994/2566 3043/3043/2567
f 3001/3001/2573 3043/3043/2567 3046/3046/2573
f 3010/3010/2582 3006/3006/2579 3050/3050/2580
f 3010/3010/2582 3050/3050/2580 3051/3051/2582
f 3021/3021/2583 3052/3052/2584 3053/3053/2584
f 3021/3021/2583 3053/3053/2584 3054/3054/2585
f 3016/3016/2586 3015/3015/2587 3055/3055/2588
f 3016/3016/2586 3055/3055/2588 3056/3056/2589
f 3026/3026/2590 3057/3057/2591 3058/3058/2591
f 3026/3026/2590 3058/3058/2591 3059/3059/2592
f 3022/3022/2593 3021/3021/2583 3054/3054/2585
f 3022/3022/2593 3054/3054/2585 3060/3060/2594
f 3024/3024/2550 2972/2972/2595 3061/3061/2596
f 3024/3024/2550 3061/3061/2596 3032/3032/2550
f 3015/3015/2587 3026/3026/2590 3059/3059/2592
f 3015/3015/2587 3059/3059/2592 3055/3055/2588
f 2955/2955/2597 3022/3022/2593 3060/3060/2594
f 2955/2955/2597 3060/3060/2594 3062/3062/2598
f 2963/2963/2599 3016/3016/2586 3056/3056/2589
f 2963/2963/2599 3056/3056/2589 3063/3063/2599
f 2956/2956/2600 2955/2955/2597 3062/3062/2598
f 2956/2956/2600 3062/3062/2598 3064/3064/2601
f 2964/2964/2602 2963/2963/2599 3063/3063/2599
f 2964/2964/2602 3063/3063/2599 3065/3065/2603
f 2966/2966/2604 2956/2956/2600 3064/3064/2601
f 2966/2966/2604 3064/3064/2601 3066/3066/2604
f 2968/2968/2605 2964/2964/2602 3065/3065/2603
f 2968/2968/2605 3065/3065/2603 3067/3067/2606
f 2970/2970/2577 2966/2966/2604 3066/3066/2604
f 2970/2970/2577 3066/3066/2604 3049/3049/2578
f 2972/2972/2595 2968/2968/2605 3067/3067/2606
f 2972/2972/2595 3067/3067/2606 3061/3061/2596
f 3068/3068/2607 3069/3069/2608 3070/3070/2609
f 3068/3068/2607 3070/3070/2609 3071/3071/2610
f 3056/3056/2611 3055/3055/2541 3072/3072/2612
f 3056/3056/2611 3072/3072/2612 3073/3073/2611
f 3074/3074/2613 3051/3051/2614 3075/3075/2614
f 3074/3074/2613 3075/3075/2614 3076/3076/2613
f 3060/3060/2615 3054/3054/2616 3077/3077/2616
f 3060/3060/2615 3077/3077/2616 3078/3078/2615
f 3032/3032/2617 3061/3061/2518 3079/3079/2518
f 3032/3032/2617 3079/3079/2518 3080/3080/2617
f 3055/3055/2541 3059/3059/2618 3081/3081/2618
f 3055/3055/2541 3081/3081/2618 3072/3072/2612
f 3062/3062/2619 3060/3060/2615 3078/3078/2615
f 3062/3062/2619 3078/3078/2615 3069/3069/2619
f 3063/3063/2514 3056/3056/2611 3073/3073/2611
f 3063/3063/2514 3073/3073/2611 3082/3082/2514
f 3064/3064/2620 3062/3062/2619 3069/3069/2619
f 3064/3064/2620 3069/3069/2619 3068/3068/2620
f 3065/3065/2513 3063/3063/2514 3082/3082/2514
f 3065/3065/2513 3082/3082/2514 3083/3083/2513
f 3066/3066/2621 3064/3064/2620 3068/3068/2620
f 3066/3066/2621 3068/3068/2620 3084/3084/2621
f 3067/3067/2622 3065/3065/2513 3083/3083/2513
f 3067/3067/2622 3083/3083/2513 3085/3085/2622
f 3049/3049/2517 3066/3066/2621 3084/3084/2621
f 3049/3049/2517 3084/3084/2621 3086/3086/2517
f 3061/3061/2518 3067/3067/2622 3085/3085/2622
f 3061/3061/2518 3085/3085/2622 3079/3079/2518
f 2960/2960/2623 2959/2959/2520 3087/3087/2520
f 2960/2960/2623 3087/3087/2520 3088/3088/2623
f 3036/3036/2624 3089/3089/2625 3090/3090/2625
f 3036/3036/2624 3090/3090/2625 3091/3091/2626
f 3038/3038/2627 3092/3092/2524 3093/3093/2524
f 3038/3038/2627 3093/3093/2524 3094/3094/2627
f 3037/3037/2525 3036/3036/2624 3091/3091/2626
f 3037/3037/2525 3091/3091/2626 3095/3095/2525
f 3039/3039/2628 3038/3038/2627 3094/3094/2627
f 3039/3039/2628 3094/3094/2627 3096/3096/2628
f 3040/3040/2527 3037/3037/2525 3095/3095/2525
f 3040/3040/2527 3095/3095/2525 3097/3097/2629
f 3041/3041/2630 3039/3039/2628 3096/3096/2628
f 3041/3041/2630 3096/3096/2628 3098/3098/2630
f 3042/3042/2631 3040/3040/2527 3097/3097/2629
f 3042/3042/2631 3097/3097/2629 3099/3099/2631
f 3043/3043/2632 3041/3041/2630 3098/3098/2630
f 3043/3043/2632 3098/3098/2630 3100/3100/2632
f 3045/3045/2531 3044/3044/2633 3101/3101/2633
f 3045/3045/2531 3101/3101/2633 3102/3102/2531
f 3044/3044/2633 3042/3042/2631 3099/3099/2631
f 3044/3044/2633 3099/3099/2631 3101/3101/2633
f 3047/3047/2634 3046/3046/2534 3103/3103/2534
f 3047/3047/2634 3103/3103/2534 3104/3104/2634
f 3048/3048/2635 3045/3045/2531 3102/3102/2531
f 3048/3048/2635 3102/3102/2531 3105/3105/2635
f 2959/2959/2520 3049/3049/2517 3086/3086/2517
f 2959/2959/2520 3086/3086/2517 3087/3087/2520
f 3050/3050/2536 3047/3047/2634 3104/3104/2634
f 3050/3050/2536 3104/3104/2634 3106/3106/2536
f 3028/3028/2548 3048/3048/2635 3105/3105/2635
f 3028/3028/2548 3105/3105/2635 3029/3029/2548
f 3046/3046/2534 3043/3043/2632 3100/3100/2632
f 3046/3046/2534 3100/3100/2632 3103/3103/2534
f 3051/3051/2614 3050/3050/2536 3106/3106/2536
f 3051/3051/2614 3106/3106/2536 3075/3075/2614
f 3107/3107/2636 3108/3108/2637 3109/3109/2638
f 3107/3107/2636 3109/3109/2638 3110/3110/2636
f 3083/3083/2639 3082/3082/2640 3111/3111/2641
f 3083/3083/2639 3111/3111/2641 3112/3112/2642
f 3084/3084/2643 3068/3068/2607 3071/3071/2610
f 3084/3084/2643 3071/3071/2610 3113/3113/2644
f 3085/3085/2645 3083/3083/2639 3112/3112/2642
f 3085/3085/2645 3112/3112/2642 3114/3114/2646
f 3086/3086/2647 3084/3084/2643 3113/3113/2644
f 3086/3086/2647 3113/3113/2644 3115/3115/2648
f 3079/3079/2649 3085/3085/2645 3114/3114/2646
f 3079/3079/2649 3114/3114/2646 3116/3116/2650
f 3093/3093/2651 3117/3117/2652 3118/3118/2652
f 3093/3093/2651 3118/3118/2652 3119/3119/2653
f 3091/3091/2654 3090/3090/2655 3120/3120/2656
f 3091/3091/2654 3120/3120/2656 3121/3121/2657
f 3094/3094/2658 3093/3093/2651 3119/3119/2653
f 3094/3094/2658 3119/3119/2653 3122/3122/2659
f 3095/3095/2660 3091/3091/2654 3121/3121/2657
f 3095/3095/2660 3121/3121/2657 3123/3123/2661
f 3096/3096/2662 3094/3094/2658 3122/3122/2659
f 3096/3096/2662 3122/3122/2659 3124/3124/2663
f 3097/3097/2664 3095/3095/2660 3123/3123/2661
f 3097/3097/2664 3123/3123/2661 3125/3125/2665
f 3098/3098/2666 3096/3096/2662 3124/3124/2663
f 3098/3098/2666 3124/3124/2663 3126/3126/2667
f 3099/3099/2668 3097/3097/2664 3125/3125/2665
f 3099/3099/2668 3125/3125/2665 3127/3127/2669
f 3100/3100/2670 3098/3098/2666 3126/3126/2667
f 3100/3100/2670 3126/3126/2667 3128/3128/2671
f 3102/3102/2672 3101/3101/2673 3129/3129/2674
f 3102/3102/2672 3129/3129/2674 3130/3130/2675
f 3101/3101/2673 3099/3099/2668 3127/3127/2669
f 3101/3101/2673 3127/3127/2669 3129/3129/2674
f 3104/3104/2676 3103/3103/2677 3131/3131/2678
f 3104/3104/2676 3131/3131/2678 3132/3132/2679
f 3105/3105/2680 3102/3102/2672 3130/3130/2675
f 3105/3105/2680 3130/3130/2675 3133/3133/2681
f 3087/3087/2682 3086/3086/2647 3115/3115/2648
f 3087/3087/2682 3115/3115/2648 3108/3108/2637
f 3106/3106/2683 3104/3104/2676 3132/3132/2679
f 3106/3106/2683 3132/3132/2679 3134/3134/2684
f 3029/3029/2685 3105/3105/2680 3133/3133/2681
f 3029/3029/2685 3133/3133/2681 3135/3135/2686
f 3103/3103/2677 3100/3100/2670 3128/3128/2671
f 3103/3103/2677 3128/3128/2671 3131/3131/2678
f 3075/3075/2687 3106/3106/2683 3134/3134/2684
f 3075/3075/2687 3134/3134/2684 3136/3136/2688
f 3030/3030/2689 3029/3029/2685 3135/3135/2686
f 3030/3030/2689 3135/3135/2686 3137/3137/2690
f 3073/3073/2691 3072/3072/2692 3138/3138/2693
f 3073/3073/2691 3138/3138/2693 3139/3139/2694
f 3076/3076/2695 3075/3075/2687 3136/3136/2688
f 3076/3076/2695 3136/3136/2688 3140/3140/2696
f 3141/3141/2697 3030/3030/2689 3137/3137/2690
f 3141/3141/2697 3137/3137/2690 3142/3142/2697
f 3090/3090/2655 3143/3143/2698 3144/3144/2698
f 3090/3090/2655 3144/3144/2698 3120/3120/2656
f 3145/3145/2699 3076/3076/2695 3140/3140/2696
f 3145/3145/2699 3140/3140/2696 3146/3146/2699
f 3069/3069/2608 3078/3078/2700 3147/3147/2701
f 3069/3069/2608 3147/3147/2701 3070/3070/2609
f 3082/3082/2640 3073/3073/2691 3139/3139/2694
f 3082/3082/2640 3139/3139/2694 3111/3111/2641
f 3121/3121/2657 3120/3120/2656 3148/3148/2702
f 3121/3121/2657 3148/3148/2702 3149/3149/2703
f 3122/3122/2659 3119/3119/2653 3150/3150/2704
f 3122/3122/2659 3150/3150/2704 3151/3151/2705
f 3123/3123/2661 3121/3121/2657 3149/3149/2703
f 3123/3123/2661 3149/3149/2703 3152/3152/2706
f 3124/3124/2663 3122/3122/2659 3151/3151/2705
f 3124/3124/2663 3151/3151/2705 3153/3153/2526
f 3125/3125/2665 3123/3123/2661 3152/3152/2706
f 3125/3125/2665 3152/3152/2706 3154/3154/2707
f 3126/3126/2667 3124/3124/2663 3153/3153/2526
f 3126/3126/2667 3153/3153/2526 3155/3155/2708
f 3127/3127/2669 3125/3125/2665 3154/3154/2707
f 3127/3127/2669 3154/3154/2707 3156/3156/2631
f 3128/3128/2671 3126/3126/2667 3155/3155/2708
f 3128/3128/2671 3155/3155/2708 3157/3157/2632
f 3130/3130/2675 3129/3129/2674 3158/3158/2532
f 3130/3130/2675 3158/3158/2532 3159/3159/2531
f 3129/3129/2674 3127/3127/2669 3156/3156/2631
f 3129/3129/2674 3156/3156/2631 3158/3158/2532
f 3132/3132/2679 3131/3131/2678 3160/3160/2534
f 3132/3132/2679 3160/3160/2534 3161/3161/2709
f 3133/3133/2681 3130/3130/2675 3159/3159/2531
f 3133/3133/2681 3159/3159/2531 3162/3162/2710
f 3108/3108/2637 3115/3115/2648 3163/3163/2711
f 3108/3108/2637 3163/3163/2711 3109/3109/2638
f 3134/3134/2684 3132/3132/2679 3161/3161/2709
f 3134/3134/2684 3161/3161/2709 3164/3164/2712
f 3135/3135/2686 3133/3133/2681 3162/3162/2710
f 3135/3135/2686 3162/3162/2710 3165/3165/2713
f 3131/3131/2678 3128/3128/2671 3157/3157/2632
f 3131/3131/2678 3157/3157/2632 3160/3160/2534
f 3136/3136/2688 3134/3134/2684 3164/3164/2712
f 3136/3136/2688 3164/3164/2712 3166/3166/2714
f 3137/3137/2690 3135/3135/2686 3165/3165/2713
f 3137/3137/2690 3165/3165/2713 3167/3167/2715
f 3139/3139/2694 3138/3138/2693 3168/3168/2716
f 3139/3139/2694 3168/3168/2716 3169/3169/2717
f 3140/3140/2696 3136/3136/2688 3166/3166/2714
f 3140/3140/2696 3166/3166/2714 3170/3170/2613
f 3147/3147/2701 3171/3171/2718 3172/3172/2718
f 3147/3147/2701 3172/3172/2718 3173/3173/2719
f 3174/3174/2720 3116/3116/2650 3175/3175/2721
f 3174/3174/2720 3175/3175/2721 3176/3176/2720
f 3138/3138/2693 3177/3177/2722 3178/3178/2722
f 3138/3138/2693 3178/3178/2722 3168/3168/2716
f 3070/3070/2609 3147/3147/2701 3173/3173/2719
f 3070/3070/2609 3173/3173/2719 3179/3179/2619
f 3111/3111/2641 3139/3139/2694 3169/3169/2717
f 3111/3111/2641 3169/3169/2717 3180/3180/2514
f 3071/3071/2610 3070/3070/2609 3179/3179/2619
f 3071/3071/2610 3179/3179/2619 3181/3181/2723
f 3112/3112/2642 3111/3111/2641 3180/3180/2514
f 3112/3112/2642 3180/3180/2514 3182/3182/2513
f 3113/3113/2644 3071/3071/2610 3181/3181/2723
f 3113/3113/2644 3181/3181/2723 3183/3183/2724
f 3114/3114/2646 3112/3112/2642 3182/3182/2513
f 3114/3114/2646 3182/3182/2513 3184/3184/2516
f 3115/3115/2648 3113/3113/2644 3183/3183/2724
f 3115/3115/2648 3183/3183/2724 3163/3163/2711
f 3116/3116/2650 3114/3114/2646 3184/3184/2516
f 3116/3116/2650 3184/3184/2516 3175/3175/2721
f 3185/3185/2611 3186/3186/2611 3187/3187/2541
f 3185/3185/2611 3187/3187/2541 3188/3188/2725
f 3189/3189/2726 3190/3190/2726 3191/3191/2547
f 3189/3189/2726 3191/3191/2547 3192/3192/2547
f 3193/3193/2727 3194/3194/2727 3195/3195/2728
f 3193/3193/2727 3195/3195/2728 3196/3196/2728
f 3197/3197/2534 3198/3198/2534 3199/3199/2632
f 3197/3197/2534 3199/3199/2632 3200/3200/2632
f 3201/3201/2729 3202/3202/2729 3203/3203/2635
f 3201/3201/2729 3203/3203/2635 3204/3204/2730
f 3196/3196/2728 3195/3195/2728 3205/3205/2634
f 3196/3196/2728 3205/3205/2634 3206/3206/2634
f 3207/3207/2520 3208/3208/2520 3209/3209/2517
f 3207/3207/2520 3209/3209/2517 3210/3210/2517
f 3204/3204/2730 3203/3203/2635 3211/3211/2731
f 3204/3204/2730 3211/3211/2731 3212/3212/2731
f 3206/3206/2634 3205/3205/2634 3198/3198/2534
f 3206/3206/2634 3198/3198/2534 3197/3197/2534
f 3213/3213/2633 3214/3214/2633 3215/3215/2732
f 3213/3213/2633 3215/3215/2732 3216/3216/2732
f 3212/3212/2731 3211/3211/2731 3214/3214/2633
f 3212/3212/2731 3214/3214/2633 3213/3213/2633
f 3200/3200/2632 3199/3199/2632 3217/3217/2630
f 3200/3200/2632 3217/3217/2630 3218/3218/2630
f 3216/3216/2732 3215/3215/2732 3219/3219/2527
f 3216/3216/2732 3219/3219/2527 3220/3220/2527
f 3218/3218/2630 3217/3217/2630 3221/3221/2628
f 3218/3218/2630 3221/3221/2628 3222/3222/2628
f 3220/3220/2527 3219/3219/2527 3223/3223/2706
f 3220/3220/2527 3223/3223/2706 3224/3224/2706
f 3222/3222/2628 3221/3221/2628 3225/3225/2733
f 3222/3222/2628 3225/3225/2733 3226/3226/2734
f 3224/3224/2706 3223/3223/2706 3227/3227/2735
f 3224/3224/2706 3227/3227/2735 3228/3228/2735
f 3229/3229/2736 3230/3230/2736 3231/3231/2737
f 3229/3229/2736 3231/3231/2737 3232/3232/2738
f 3233/3233/2739 3234/3234/2740 3235/3235/2741
f 3233/3233/2739 3235/3235/2741 3236/3236/2741
f 3232/3232/2738 3231/3231/2737 3208/3208/2520
f 3232/3232/2738 3208/3208/2520 3207/3207/2520
f 3237/3237/2518 3238/3238/2518 3239/3239/2622
f 3237/3237/2518 3239/3239/2622 3240/3240/2622
f 3210/3210/2517 3209/3209/2517 3241/3241/2621
f 3210/3210/2517 3241/3241/2621 3242/3242/2621
f 3240/3240/2622 3239/3239/2622 3243/3243/2513
f 3240/3240/2622 3243/3243/2513 3244/3244/2513
f 3242/3242/2621 3241/3241/2621 3245/3245/2620
f 3242/3242/2621 3245/3245/2620 3246/3246/2620
f 3244/3244/2513 3243/3243/2513 3247/3247/2514
f 3244/3244/2513 3247/3247/2514 3248/3248/2514
f 3246/3246/2620 3245/3245/2620 3249/3249/2619
f 3246/3246/2620 3249/3249/2619 3250/3250/2619
f 3248/3248/2514 3247/3247/2514 3186/3186/2611
f 3248/3248/2514 3186/3186/2611 3185/3185/2611
f 3250/3250/2619 3249/3249/2619 3251/3251/2719
f 3250/3250/2619 3251/3251/2719 3252/3252/2719
f 3188/3188/2725 3187/3187/2541 3253/3253/2742
f 3188/3188/2725 3253/3253/2742 3254/3254/2742
f 3236/3236/2741 3235/3235/2741 3238/3238/2518
f 3236/3236/2741 3238/3238/2518 3237/3237/2518
f 3252/3252/2719 3251/3251/2719 3190/3190/2726
f 3252/3252/2719 3190/3190/2726 3189/3189/2726
f 3254/3254/2742 3253/3253/2742 3255/3255/2613
f 3254/3254/2742 3255/3255/2613 3256/3256/2613
# Vertices: 702, normals: 442, texture coordinates: 702, faces: 734

