# File generated by ImageToStl.com - Free Image and 3D model conversion tools

mtllib shoulder.mtl

o obj1
v 0.06909095 0.05763815 -0.12712263
v 0.07807223 0.04476129 -0.12712274
v 0.07806812 0.04476844 -0.12792705
v 0.06909035 0.05763786 -0.127927
v 0.04478346 -0.07805703 -0.12792706
v 0.04478328 -0.07805709 -0.12712263
v 0.03052174 -0.08463511 -0.12712264
v 0.03052156 -0.08463529 -0.12792701
v -0.04477209 0.07806574 -0.12792707
v -0.05764235 0.06908689 -0.12792708
v -0.05764247 0.06908749 -0.12712271
v -0.04477203 0.07806562 -0.1271227
v 0.05761789 -0.06909737 -0.12792705
v 0.05761693 -0.06909928 -0.12712268
v -0.06874061 0.05803542 -0.12792715
v -0.06874162 0.0580359 -0.12712272
v 0.06877427 -0.05800842 -0.12792705
v 0.06877242 -0.05801176 -0.12712268
v -0.08855504 0.01589787 -0.12792704
v -0.08855439 0.0159024 -0.12712279
v -0.08418048 0.03089118 -0.12712303
v -0.0841617 0.03090322 -0.12792728
v 0.07745235 -0.04502444 -0.12792704
v 0.07746242 -0.04503857 -0.12712261
v -0.08998108 0.00023549 -0.12792728
v -0.08998174 0.00021764 -0.12712303
v 0.08855502 -0.01587491 -0.1279271
v 0.08855282 -0.0158888 -0.12712285
v 0.08444671 -0.03105758 -0.12712261
v 0.08444957 -0.03104769 -0.12792686
v -0.08865119 -0.01538073 -0.12792722
v -0.08864916 -0.01539539 -0.12712297
v -0.08998174 0.00021764 -0.12712303
v -0.08998108 0.00023549 -0.12792728
v 0.08999275 -0.00027326 -0.1279271
v 0.08999227 -0.000291 -0.12712291
v -0.08463246 -0.0305299 -0.12792715
v -0.08462877 -0.03053986 -0.12712284
v -0.07780362 0.04522513 -0.1271232
v -0.07781512 0.04520707 -0.12792733
v 0.08865194 0.01537621 -0.1279271
v 0.08865116 0.01538383 -0.12712285
v 0.08999227 -0.000291 -0.12712291
v 0.08999275 -0.00027326 -0.1279271
v -0.07805163 -0.04479752 -0.12792715
v -0.078048 -0.04480349 -0.12712284
v -0.06883562 -0.05744474 -0.12792714
v -0.06884355 -0.05745678 -0.12712277
v 0.08463643 0.03051829 -0.12792716
v 0.08464222 0.03050196 -0.12712297
v -0.05804962 -0.06873879 -0.12792713
v -0.05804945 -0.06874058 -0.12712276
v 0.01537023 -0.08865312 -0.12792702
v 0.01537125 -0.08865378 -0.12712265
v -0.00026648 -0.08989195 -0.12712272
v -0.00026629 -0.08988759 -0.12792709
v -0.04518951 -0.07779775 -0.12792712
v -0.04518951 -0.07779798 -0.12712269
v -0.03103144 -0.08445541 -0.12792705
v -0.03103251 -0.08445612 -0.12712268
v -0.01585836 -0.08856228 -0.1279271
v -0.01585872 -0.08856234 -0.12712273
v 0.05802856 0.06875668 -0.127927
v 0.05802958 0.0687574 -0.12712263
v -0.00026629 -0.08988759 -0.12792709
v -0.00026648 -0.08989195 -0.12712272
v 0.04521833 0.07780747 -0.12792701
v 0.04521804 0.07780682 -0.12712264
v 0.00025704 0.08999327 -0.12792704
v -0.01537026 0.08865312 -0.12792705
v -0.01537043 0.0886539 -0.12712268
v 0.00025704 0.08999327 -0.12712267
v -0.03053076 0.08463208 -0.12792706
v -0.03053076 0.08463202 -0.12712263
v 0.01587598 0.08855895 -0.12792703
v 0.00025704 0.08999327 -0.12792704
v 0.00025704 0.08999327 -0.12712267
v 0.01587604 0.08855913 -0.12712266
v 0.03101473 0.08446126 -0.12792702
v 0.03101544 0.08446203 -0.12712265
v -0.00023381 0.13399998 -0.08994853
v 0.01770392 0.13399988 -0.08824222
v 0.01793155 0.10619998 -0.08821742
v -6.2E-06 0.10619998 -0.09002213
v 0.08347071 0.13399849 0.0335621
v 0.0754088 0.13399999 0.04909909
v 0.07543985 0.10619999 0.04902829
v 0.08350075 0.10619999 0.0335406
v -0.00023119 0.13399999 0.08997173
v -0.01814136 0.13399999 0.08811682
v -0.01794389 0.1062 0.08815832
v -2.424E-05 0.1062 0.08996603
v -0.08329624 0.13399999 0.03398388
v -0.08825055 0.13399819 0.01751818
v -0.08824739 0.10619999 0.01752629
v -0.08328205 0.10619999 0.03405079
v 0.06432561 0.13399999 0.06289428
v 0.05067853 0.13399999 0.07431627
v 0.0508335 0.10619999 0.07422757
v 0.06443761 0.10619999 0.06278708
v -0.01818117 0.13399998 -0.08814755
v -0.01796475 0.10619998 -0.08818795
v -0.07554459 0.13399998 -0.04893519
v -0.06458108 0.13399998 -0.06266988
v -0.06448631 0.10619999 -0.06278188
v -0.07548523 0.10619999 -0.04901429
v 0.03493437 0.13399999 0.08288925
v 0.03512254 0.1062 0.08282956
v 0.03485627 0.13399958 -0.08296601
v 0.03507556 0.10619998 -0.08290511
v -0.06458108 0.13399998 -0.06266988
v -0.05102709 0.13399998 -0.07412127
v -0.0508819 0.10619998 -0.07423147
v -0.06448631 0.10619999 -0.06278188
v 0.01771584 0.13399999 0.08817314
v 0.01792541 0.1062 0.08816424
v 0.05051728 0.13399998 -0.0744717
v 0.05071779 0.10619998 -0.0743666
v -0.0353562 0.13399998 -0.08275916
v -0.0351669 0.10619998 -0.08284226
v 0.05051728 0.13399998 -0.0744717
v 0.06409747 0.13399998 -0.0631793
v 0.06424863 0.10619999 -0.06303539
v 0.05071779 0.10619998 -0.0743666
v -0.03522882 0.13399939 0.08276741
v -0.03507051 0.1062 0.08285531
v 0.07515275 0.13399998 -0.04951619
v 0.07521289 0.10619999 -0.04940299
v -0.0508007 0.13399999 0.0742327
v -0.05067869 0.10619999 0.0743485
v -0.08354009 0.10619999 -0.0334995
v -0.08356381 0.13399798 -0.0333825
v -0.0508007 0.13399999 0.0742327
v -0.06428296 0.13399859 0.06293949
v -0.06421686 0.10619999 0.06301909
v -0.05067869 0.10619999 0.0743485
v -0.07526947 0.13399859 0.04930239
v -0.07519365 0.10619999 0.04939469
v 0.08325265 0.13399968 -0.03413299
v 0.08824739 0.13399998 -0.01757819
v 0.08826241 0.10619999 -0.01751079
v 0.08328961 0.10619999 -0.03404799
v 0.08999225 0.13399998 -0.00031229
v 0.08997604 0.10619999 -0.00035189
v -0.089991 0.13399998 0.00032559
v -0.08998778 0.10619999 0.00039179
v -0.0883937 0.13399998 -0.01679041
v -0.08840485 0.10619999 -0.01679421
v 0.08836539 0.13399799 0.016897
v 0.08838995 0.10619999 0.01683411
v 0.06432561 0.13399999 0.06289428
v 0.06443761 0.10619999 0.06278708
vn 0.76745 0.64111 -0.00079
vn 0.8679 0.49673 0
vn 0.86733 0.49774 0
vn 0.76744 0.64112 -0.00085
vn 0.49758 -0.86742 3E-05
vn 0.49756 -0.86743 0
vn 0.33888 -0.94083 0.00012
vn 0.33885 -0.94084 9E-05
vn -0.49737 0.86754 0.00015
vn -0.64132 0.76727 -0.00067
vn -0.64129 0.7673 -0.00064
vn -0.49737 0.86754 0.00018
vn 0.64115 -0.76741 -0.00107
vn 0.64096 -0.76758 -0.0011
vn -0.7638 0.64545 -0.00134
vn -0.76383 0.64542 -0.00131
vn 0.7722 -0.63538 -0.00089
vn 0.7718 -0.63587 -0.00122
vn -0.98256 0.18592 -0.00052
vn -0.98244 0.18659 -0.00024
vn -0.93899 0.34356 -0.01648
vn -0.93834 0.34532 -0.01642
vn 0.86426 -0.50267 -0.01932
vn 0.8639 -0.50329 -0.01935
vn -0.99589 0.09061 0.00116
vn -0.99589 0.09061 0.00119
vn 0.98435 -0.17622 -0.00031
vn 0.98401 -0.17811 -0.00043
vn 0.93427 -0.35655 -0.00107
vn 0.93484 -0.35506 -0.00131
vn -0.98538 -0.17036 -0.00064
vn -0.98503 -0.17237 -0.00058
vn -0.99639 -0.08484 -0.00256
vn -0.99639 -0.08484 -0.00269
vn 0.99577 -0.09189 -0.00131
vn 0.99577 -0.09189 -0.0014
vn -0.94105 -0.33827 6E-05
vn -0.94055 -0.33964 0.00012
vn -0.86866 0.49541 0.00095
vn -0.87032 0.49249 0.00137
vn 0.98529 0.17091 -0.00064
vn 0.98511 0.17195 -0.00067
vn 0.99635 0.08536 0.00238
vn 0.99635 0.08536 0.00247
vn -0.86259 -0.50591 0.00012
vn -0.86204 -0.50683 -9E-05
vn -0.76766 -0.64064 -0.01688
vn -0.76738 -0.64097 -0.01688
vn 0.94049 0.33983 0.00012
vn 0.94129 0.3376 3E-05
vn -0.6524 -0.75787 -0.00174
vn -0.65223 -0.75802 -0.00146
vn 0.16822 -0.98575 -0.00107
vn 0.16834 -0.98573 -0.00098
vn 0.07871 -0.99688 -0.00522
vn 0.07868 -0.99689 -0.00537
vn -0.50259 -0.86452 -0.00024
vn -0.50256 -0.86454 -0.00021
vn -0.34469 -0.93872 -0.00122
vn -0.34478 -0.93868 -0.00122
vn -0.17362 -0.98481 -0.00015
vn -0.17369 -0.9848 -0.00021
vn 0.64533 0.7639 -0.0014
vn 0.64535 0.76389 -0.00143
vn -0.08493 -0.99637 -0.00525
vn -0.08496 -0.99637 -0.00543
vn 0.50263 0.8645 0.00085
vn -0.08539 0.99635 -3E-05
vn -0.17158 0.98517 -0.00098
vn -0.08539 0.99635 0
vn -0.33879 0.94086 6E-05
vn -0.3388 0.94086 3E-05
vn 0.17701 0.98421 -0.00021
vn 0.09144 0.99581 0
vn 0.17701 0.98421 -0.00024
vn 0.34398 0.93898 -0.00116
vn 0.34404 0.93895 -0.00113
vn -0.00208 0.0015 -1
vn 0.1952 0.00027 -0.98076
vn 0.19856 0.00186 -0.98009
vn 9E-05 0.00226 -1
vn 0.92776 0.00046 0.37319
vn 0.83784 0 0.54592
vn 0.83821 -0.00018 0.54535
vn 0.92778 0.00049 0.37313
vn -0.00165 0.00031 1
vn -0.20179 0.00067 0.97943
vn -0.19907 -0.00049 0.97998
vn 0.00018 -0.00021 1
vn -0.92595 0.00034 0.37764
vn -0.98073 0 0.19535
vn -0.98073 0 0.19538
vn -0.92559 -3E-05 0.37853
vn 0.64247 0.00058 0.76631
vn 0.56281 0.00095 0.82659
vn 0.5647 0 0.8253
vn 0.64363 -0.00034 0.76534
vn -0.20145 0.00021 -0.9795
vn -0.20015 0.0004 -0.97977
vn -0.83908 0.00024 -0.54401
vn -0.78154 -0.00012 -0.62385
vn -0.78138 0 -0.62405
vn -0.83827 -0.00021 -0.54526
vn 0.38783 0.00125 0.92173
vn 0.39025 0.00018 0.92071
vn 0.38725 0.00046 -0.92197
vn 0.38961 0.00146 -0.92098
vn -0.64484 9E-05 -0.76432
vn -0.56678 -0.00018 -0.82387
vn -0.56493 0.0007 -0.82514
vn -0.64393 0.00089 -0.76509
vn 0.19706 0.00119 0.98039
vn 0.19899 0.00055 0.98
vn 0.47676 9E-05 -0.87903
vn 0.47826 0.00122 -0.87822
vn -0.39297 -0.00046 -0.91955
vn -0.39058 0.00058 -0.92057
vn 0.64032 0.00027 -0.76811
vn 0.71187 -0.00034 -0.70231
vn 0.71397 0.00095 -0.70018
vn 0.64203 0.00171 -0.76667
vn -0.39159 0.00116 0.92014
vn -0.38924 3E-05 0.92113
vn 0.835 -0.00052 -0.55026
vn 0.83589 0.00015 -0.54889
vn -0.48061 0.00153 0.87693
vn -0.47931 0.00058 0.87765
vn -0.92835 0.00021 -0.37172
vn -0.92889 0.00076 -0.37035
vn -0.642 0.00055 0.7667
vn -0.71399 0.00031 0.70016
vn -0.71356 0.00021 0.70059
vn -0.64177 0.00037 0.7669
vn -0.83614 3E-05 0.54852
vn -0.83541 -0.00046 0.54963
vn 0.92534 -9E-05 -0.37914
vn 0.9807 -0.00015 -0.19554
vn 0.98089 0.00024 -0.19456
vn 0.92565 0.00015 -0.37838
vn 0.99999 -0.00012 -0.00354
vn 0.99999 -0.00034 -0.00403
vn -0.99999 0.00012 0.00397
vn -0.99999 -0.00015 0.00476
vn -0.98235 0.0004 -0.18705
vn -0.98241 0.00015 -0.18672
vn 0.98202 0.00061 0.18879
vn 0.98227 0 0.18748
vn 0.77957 0.0007 0.62631
vn 0.78048 -0.00018 0.62518
vt 0.99237 0.04369
vt 0.99237 0.03188
vt 0.99298 0.03189
vt 0.99298 0.04369
vt 0.5336 0.64311
vt 0.53299 0.64311
vt 0.533 0.63185
vt 0.53361 0.63185
vt 0.08007 0.83248
vt 0.08007 0.82068
vt 0.08069 0.82068
vt 0.08069 0.83248
vt 0.5336 0.65489
vt 0.53299 0.65488
vt 0.08007 0.80872
vt 0.08069 0.80872
vt 0.5336 0.6669
vt 0.53299 0.66689
vt 0.08006 0.77531
vt 0.08067 0.77531
vt 0.08068 0.78575
vt 0.08007 0.78576
vt 0.5336 0.67859
vt 0.53299 0.67858
vt 0.08005 0.76611
vt 0.08066 0.7661
vt 0.53362 0.70029
vt 0.53301 0.70028
vt 0.533 0.68989
vt 0.53361 0.6899
vt 0.4749 0.87775
vt 0.47429 0.87776
vt 0.4743 0.86858
vt 0.47492 0.86857
vt 0.53364 0.70947
vt 0.53302 0.70946
vt 0.47489 0.88812
vt 0.47428 0.88812
vt 0.08069 0.79692
vt 0.08007 0.7969
vt 0.99298 0.01028
vt 0.99237 0.01028
vt 0.99237 0.00107
vt 0.99298 0.00108
vt 0.47489 0.89938
vt 0.47427 0.89939
vt 0.47488 0.91119
vt 0.47427 0.9112
vt 0.99298 0.02064
vt 0.99237 0.02063
vt 0.47488 0.92312
vt 0.47427 0.92312
vt 0.53362 0.62149
vt 0.53301 0.62149
vt 0.53302 0.61235
vt 0.53364 0.61236
vt 0.47489 0.93494
vt 0.47427 0.93494
vt 0.47489 0.94617
vt 0.47428 0.94617
vt 0.4749 0.95656
vt 0.47429 0.95656
vt 0.99298 0.05567
vt 0.99237 0.05567
vt 0.47492 0.96567
vt 0.4743 0.96567
vt 0.99298 0.06746
vt 0.99237 0.06746
vt 0.08005 0.86329
vt 0.08006 0.8541
vt 0.08067 0.8541
vt 0.08066 0.86329
vt 0.08007 0.84373
vt 0.08068 0.84373
vt 0.99298 0.08908
vt 0.99298 0.09827
vt 0.99237 0.09827
vt 0.99237 0.08908
vt 0.99298 0.07871
vt 0.99237 0.07871
vt 0.5643 0.9183
vt 0.5643 0.9318
vt 0.54308 0.93197
vt 0.54308 0.91848
vt 0.94553 0.34814
vt 0.94553 0.35934
vt 0.9243 0.35928
vt 0.9243 0.34813
vt 0.9567 0.6297
vt 0.9567 0.64317
vt 0.93547 0.64303
vt 0.93547 0.62955
vt 0.95462 0.71581
vt 0.95462 0.7287
vt 0.93339 0.72869
vt 0.93339 0.71576
vt 0.9567 0.57862
vt 0.9567 0.58984
vt 0.93547 0.58972
vt 0.93547 0.57852
vt 0.5643 0.90453
vt 0.54308 0.9047
vt 0.95462 0.77822
vt 0.95462 0.78781
vt 0.93339 0.78789
vt 0.93339 0.77827
vt 0.9567 0.60245
vt 0.93547 0.6023
vt 0.56431 0.94441
vt 0.54308 0.94457
vt 0.56431 0.8673
vt 0.56431 0.87849
vt 0.54308 0.87861
vt 0.54308 0.86738
vt 0.9567 0.61593
vt 0.93547 0.61577
vt 0.56431 0.95564
vt 0.54308 0.95579
vt 0.5643 0.89107
vt 0.54308 0.89122
vt 0.94553 0.26356
vt 0.94553 0.27317
vt 0.9243 0.27329
vt 0.9243 0.26365
vt 0.9567 0.65576
vt 0.93547 0.65564
vt 0.94553 0.28439
vt 0.9243 0.28448
vt 0.9567 0.66695
vt 0.93547 0.66686
vt 0.93339 0.7671
vt 0.95462 0.76701
vt 0.95462 0.68275
vt 0.95462 0.69236
vt 0.93339 0.6923
vt 0.93339 0.68266
vt 0.95462 0.70356
vt 0.93339 0.70349
vt 0.94553 0.2967
vt 0.94553 0.30965
vt 0.9243 0.30971
vt 0.9243 0.29676
vt 0.94553 0.3229
vt 0.9243 0.32287
vt 0.95462 0.74189
vt 0.93339 0.74184
vt 0.95462 0.75478
vt 0.93339 0.75478
vt 0.94553 0.33585
vt 0.9243 0.33581
vt 0.94553 0.36897
vt 0.9243 0.3689
usemtl mat0
f 1/1/1 2/2/2 3/3/3
f 1/1/1 3/3/3 4/4/4
f 5/5/5 6/6/6 7/7/7
f 5/5/5 7/7/7 8/8/8
f 9/9/9 10/10/10 11/11/11
f 9/9/9 11/11/11 12/12/12
f 13/13/13 14/14/14 6/6/6
f 13/13/13 6/6/6 5/5/5
f 10/10/10 15/15/15 16/16/16
f 10/10/10 16/16/16 11/11/11
f 17/17/17 18/18/18 14/14/14
f 17/17/17 14/14/14 13/13/13
f 19/19/19 20/20/20 21/21/21
f 19/19/19 21/21/21 22/22/22
f 23/23/23 24/24/24 18/18/18
f 23/23/23 18/18/18 17/17/17
f 25/25/25 26/26/26 20/20/20
f 25/25/25 20/20/20 19/19/19
f 27/27/27 28/28/28 29/29/29
f 27/27/27 29/29/29 30/30/30
f 31/31/31 32/32/32 33/33/33
f 31/31/31 33/33/33 34/34/34
f 35/35/35 36/36/36 28/28/28
f 35/35/35 28/28/28 27/27/27
f 37/37/37 38/38/38 32/32/32
f 37/37/37 32/32/32 31/31/31
f 22/22/22 21/21/21 39/39/39
f 22/22/22 39/39/39 40/40/40
f 41/41/41 42/42/42 43/43/43
f 41/41/41 43/43/43 44/44/44
f 45/45/45 46/46/46 38/38/38
f 45/45/45 38/38/38 37/37/37
f 47/47/47 48/48/48 46/46/46
f 47/47/47 46/46/46 45/45/45
f 49/49/49 50/50/50 42/42/42
f 49/49/49 42/42/42 41/41/41
f 51/51/51 52/52/52 48/48/48
f 51/51/51 48/48/48 47/47/47
f 53/53/53 54/54/54 55/55/55
f 53/53/53 55/55/55 56/56/56
f 3/3/3 2/2/2 50/50/50
f 3/3/3 50/50/50 49/49/49
f 57/57/57 58/58/58 52/52/52
f 57/57/57 52/52/52 51/51/51
f 30/30/30 29/29/29 24/24/24
f 30/30/30 24/24/24 23/23/23
f 59/59/59 60/60/60 58/58/58
f 59/59/59 58/58/58 57/57/57
f 61/61/61 62/62/62 60/60/60
f 61/61/61 60/60/60 59/59/59
f 4/4/4 63/63/63 64/64/64
f 4/4/4 64/64/64 1/1/1
f 65/65/65 66/66/66 62/62/62
f 65/65/65 62/62/62 61/61/61
f 63/63/63 67/67/67 68/68/67
f 63/63/63 68/68/67 64/64/64
f 40/40/40 39/39/39 16/16/16
f 40/40/40 16/16/16 15/15/15
f 69/69/68 70/70/69 71/71/69
f 69/69/68 71/71/69 72/72/70
f 70/70/69 73/73/71 74/74/72
f 70/70/69 74/74/72 71/71/69
f 75/75/73 76/76/74 77/77/74
f 75/75/73 77/77/74 78/78/75
f 79/79/76 75/75/73 78/78/75
f 79/79/76 78/78/75 80/80/77
f 67/67/67 79/79/76 80/80/77
f 67/67/67 80/80/77 68/68/67
f 73/73/71 9/9/9 12/12/12
f 73/73/71 12/12/12 74/74/72
f 8/8/8 7/7/7 54/54/54
f 8/8/8 54/54/54 53/53/53
f 81/81/78 82/82/79 83/83/80
f 81/81/78 83/83/80 84/84/81
f 85/85/82 86/86/83 87/87/84
f 85/85/82 87/87/84 88/88/85
f 89/89/86 90/90/87 91/91/88
f 89/89/86 91/91/88 92/92/89
f 93/93/90 94/94/91 95/95/92
f 93/93/90 95/95/92 96/96/93
f 97/97/94 98/98/95 99/99/96
f 97/97/94 99/99/96 100/100/97
f 101/101/98 81/81/78 84/84/81
f 101/101/98 84/84/81 102/102/99
f 103/103/100 104/104/101 105/105/102
f 103/103/100 105/105/102 106/106/103
f 98/98/95 107/107/104 108/108/105
f 98/98/95 108/108/105 99/99/96
f 82/82/79 109/109/106 110/110/107
f 82/82/79 110/110/107 83/83/80
f 111/111/108 112/112/109 113/113/110
f 111/111/108 113/113/110 114/114/111
f 107/107/104 115/115/112 116/116/113
f 107/107/104 116/116/113 108/108/105
f 109/109/106 117/117/114 118/118/115
f 109/109/106 118/118/115 110/110/107
f 112/112/109 119/119/116 120/120/117
f 112/112/109 120/120/117 113/113/110
f 115/115/112 89/89/86 92/92/89
f 115/115/112 92/92/89 116/116/113
f 121/121/118 122/122/119 123/123/120
f 121/121/118 123/123/120 124/124/121
f 119/119/116 101/101/98 102/102/99
f 119/119/116 102/102/99 120/120/117
f 90/90/87 125/125/122 126/126/123
f 90/90/87 126/126/123 91/91/88
f 122/122/119 127/127/124 128/128/125
f 122/122/119 128/128/125 123/123/120
f 125/125/122 129/129/126 130/130/127
f 125/125/122 130/130/127 126/126/123
f 103/103/100 106/106/103 131/131/128
f 103/103/100 131/131/128 132/132/129
f 133/133/130 134/134/131 135/135/132
f 133/133/130 135/135/132 136/136/133
f 134/134/131 137/137/134 138/138/135
f 134/134/131 138/138/135 135/135/132
f 139/139/136 140/140/137 141/141/138
f 139/139/136 141/141/138 142/142/139
f 137/137/134 93/93/90 96/96/93
f 137/137/134 96/96/93 138/138/135
f 140/140/137 143/143/140 144/144/141
f 140/140/137 144/144/141 141/141/138
f 94/94/91 145/145/142 146/146/143
f 94/94/91 146/146/143 95/95/92
f 145/145/142 147/147/144 148/148/145
f 145/145/142 148/148/145 146/146/143
f 149/149/146 85/85/82 88/88/85
f 149/149/146 88/88/85 150/150/147
f 147/147/144 132/132/129 131/131/128
f 147/147/144 131/131/128 148/148/145
f 86/86/83 151/151/148 152/152/149
f 86/86/83 152/152/149 87/87/84
f 127/127/124 139/139/136 142/142/139
f 127/127/124 142/142/139 128/128/125
f 143/143/140 149/149/146 150/150/147
f 143/143/140 150/150/147 144/144/141
# Vertices: 152, normals: 149, texture coordinates: 152, faces: 136

o obj2
v 0.00024122 0.07061219 0.09608973
v -0.01449899 0.06944769 0.09560382
v -0.01429681 0.06787067 0.09639702
v 0.00023654 0.06901121 0.09686753
v 0.07062052 -0.04651091 0.0503355
v 0.0529333 0.04953445 0.08913257
v -0.07673063 0.01757259 0.07622529
v 0.04470498 -0.07794598 -0.0611162
v 0.0446556 -0.077881 -0.0160061
v 0.0304508 -0.08425614 -0.01710621
v 0.03051115 -0.084505 -0.0616644
v -0.04481074 0.07812969 -0.09687016
v -0.05781254 0.06927864 -0.09045827
v -0.05963281 0.07081376 -0.07561677
v -0.04527387 0.07887612 -0.08770506
v 0.05748517 -0.0691332 -0.06037459
v 0.0575603 -0.06936464 -0.0145248
v -0.05781254 0.06927864 -0.09045827
v -0.06908838 0.05830578 -0.08253878
v -0.07294856 0.05987822 -0.06052018
v -0.05963281 0.07081376 -0.07561677
v 0.06854457 -0.05822811 -0.05946358
v 0.06883023 -0.05875507 -0.01270819
v 0.0575603 -0.06936464 -0.0145248
v 0.05748517 -0.0691332 -0.06037459
v -0.08887684 0.01637578 -0.05304789
v -0.09043881 0.01692302 9.969E-05
v -0.08963074 0.02875596 -0.0168198
v -0.08552091 0.02985996 -0.06143839
v 0.0774473 -0.04568938 -0.05838198
v 0.07786288 -0.04640624 -0.01055179
v -0.08992165 -0.00129443 -0.05463959
v -0.09045067 -0.00241594 -0.0030584
v 0.08822746 -0.01703612 -0.05597197
v 0.08851984 -0.01796417 -0.00571868
v 0.08445325 -0.03263858 -0.00823658
v 0.08403755 -0.031826 -0.05723547
v -0.08831953 -0.01655464 -0.05593049
v -0.08876487 -0.01751404 -0.0056395
v 0.08990549 -0.00179373 -0.05468297
v 0.09034374 -0.00290107 -0.00314238
v -0.0842471 -0.03132986 -0.05718559
v -0.0848315 -0.0322111 -0.0081487
v -0.08232832 0.04813504 -0.04437559
v -0.07762102 0.0466082 -0.07450068
v 0.08889639 0.0161457 -0.05304357
v 0.09049209 0.01692457 9.972E-05
v -0.07775049 -0.04529498 -0.05836308
v -0.07828101 -0.04606948 -0.01051819
v -0.06889992 -0.05792884 -0.05941087
v -0.06927277 -0.05855749 -0.01260638
v 0.08564651 0.02939558 -0.06110438
v 0.08970902 0.02831012 -0.01620608
v -0.05795191 -0.06883315 -0.06035167
v -0.05813421 -0.0691875 -0.01448587
v -0.06927277 -0.05855749 -0.01260638
v -0.06889992 -0.05792884 -0.05941087
v 0.01538063 -0.08852992 -0.06199261
v 0.01535348 -0.08825144 -0.01776492
v -0.00026291 -0.08963236 -0.01796383
v -0.00026858 -0.08989969 -0.06209242
v 0.07882418 0.04455929 -0.07233178
v 0.08426188 0.04482108 -0.03980678
v -0.04516052 -0.07777909 -0.06109366
v -0.04519864 -0.07787069 -0.01596497
v -0.03103994 -0.08438126 -0.06164445
v -0.03104164 -0.08431932 -0.01706716
v -0.01587688 -0.08848897 -0.06199104
v -0.01586934 -0.08832046 -0.01776054
v 0.06942154 0.05791621 -0.08226438
v 0.05818805 0.06894116 -0.09021499
v 0.06012191 0.07041346 -0.07513209
v 0.07332814 0.05946058 -0.06004199
v 0.05818805 0.06894116 -0.09021499
v 0.04525873 0.07787792 -0.0966838
v 0.04571983 0.07860909 -0.0873333
v 0.06012191 0.07041346 -0.07513209
v -0.00025043 -0.08658334 0.03253936
v 0.01451785 -0.08543017 0.03293157
v 0.01430988 -0.08483532 0.03463247
v -0.0002464 -0.08596017 0.03424296
v -0.07367998 -0.0470287 0.0483429
v -0.06509482 -0.05826154 0.04407001
v -0.06416136 -0.05804523 0.04560041
v -0.0726322 -0.04698036 0.0498152
v 0.04228395 -0.07614019 0.03668428
v 0.0543918 -0.06829884 0.03985039
v 0.05361992 -0.0679492 0.04144899
v 0.04167467 -0.075663 0.03832328
v 0.06516936 0.04237474 0.08461148
v 0.05474021 0.05207462 0.08854497
v 0.05398282 0.05073703 0.08944237
v 0.06424996 0.0411656 0.08555008
v 0.08361486 0.00549258 0.0696608
v 0.07981822 0.01871712 0.07500629
v 0.07869009 0.01783908 0.07608579
v 0.08243046 0.0047939 0.0708088
v -0.06484308 0.04270638 0.08477129
v -0.07341966 0.03155405 0.08014359
v -0.07238891 0.03049696 0.08115419
v -0.06392482 0.04150045 0.08571089
v -0.02930516 -0.08175471 0.03442454
v -0.01498167 -0.08536526 0.03292375
v -0.01476729 -0.08476945 0.03462385
v -0.02888316 -0.08119788 0.03609814
v -0.0548414 -0.06800296 0.03989072
v -0.05406439 -0.06766304 0.04149212
v 0.0543918 -0.06829884 0.03985039
v 0.06497853 -0.05861583 0.0436777
v 0.06404137 -0.0584037 0.04520969
v 0.05361992 -0.0679492 0.04144899
v -0.02880547 0.06594473 0.09418261
v -0.0284004 0.06440818 0.09498291
v -0.07950576 0.0190391 0.07531629
v -0.08358134 0.00597693 0.06978639
v -0.08239319 0.0052783 0.07093709
v -0.07838221 0.0181563 0.07639129
v 0.04265656 0.05996717 0.09175686
v 0.04205509 0.05851245 0.09259026
v 0.07324731 -0.04739538 0.0484759
v 0.07216625 -0.04732422 0.049962
v -0.08484782 -0.00770811 0.06431649
v -0.08365955 -0.00822274 0.06555799
v -0.04223159 0.06019134 0.09184671
v -0.0416362 0.05873377 0.09267871
v 0.07973377 -0.03501317 0.0531874
v 0.0835353 -0.02177582 0.058638
v 0.08234231 -0.02208052 0.0599521
v 0.07859699 -0.03513209 0.0545849
v 0.02926268 0.06579011 0.09411895
v 0.02885111 0.06425571 0.09492025
v -0.08363021 -0.02134881 0.05879999
v -0.08244062 -0.02165226 0.06011319
v 0.02883303 -0.08192625 0.03433287
v 0.02841752 -0.08136704 0.03600777
v 0.07360198 0.03113539 0.08003679
v 0.0725685 0.03008456 0.08104909
v 0.08485863 -0.00814883 0.0641249
v 0.08367035 -0.00864754 0.0653731
v -0.05437258 0.05236435 0.0886576
v -0.0536175 0.05102104 0.0895482
v -0.04267269 -0.07592901 0.03678323
v -0.04205817 -0.0754548 0.03842083
v -0.07984311 -0.03457127 0.05345359
v -0.0787049 -0.03469638 0.0548472
v 0.01497926 0.06936812 0.09556924
v 0.01476945 0.06779116 0.09636084
v 0.07324731 -0.04739538 0.0484759
v 0.07216625 -0.04732422 0.049962
v -0.07341966 0.03155405 0.08014359
v -0.07238891 0.03049696 0.08115419
v 0.07360198 0.03113539 0.08003679
v 0.0725685 0.03008456 0.08104909
v -0.07984311 -0.03457127 0.05345359
v -0.0787049 -0.03469638 0.0548472
v -0.04121482 -0.07417753 0.03915023
v -0.05301416 -0.0666435 0.04218992
v -0.05406439 -0.06766304 0.04149212
v -0.04205817 -0.0754548 0.03842083
v 0.07716988 -0.03474311 0.0550764
v 0.07859699 -0.03513209 0.0545849
v 0.06302031 0.040146 0.08533838
v 0.07119318 0.02927799 0.08094639
v 0.04123774 0.05715997 0.09221316
v 0.02829005 0.06278992 0.09448805
v 0.00023541 0.0674448 0.09636923
v 0.01448209 0.06625306 0.09588804
v -0.0282945 -0.07980802 0.03687514
v -0.02888316 -0.08119788 0.03609814
v -0.01401923 0.06632858 0.09591862
v -0.01448071 -0.08334168 0.03544595
v -0.01476729 -0.08476945 0.03462385
v -0.02784822 0.06293863 0.09454811
v -0.07106205 0.02970416 0.08111589
v -0.07838221 0.0181563 0.07639129
v -0.00024554 -0.08438232 0.03502976
v -0.0002464 -0.08596017 0.03424296
v -0.04082813 0.05737657 0.09230081
v -0.08205386 -0.00829814 0.06576379
v -0.08089824 0.00490875 0.07109709
v -0.08239319 0.0052783 0.07093709
v -0.08365955 -0.00822274 0.06555799
v 0.02785009 -0.07999846 0.03679727
v 0.0140292 -0.08336165 0.03543996
v 0.01430988 -0.08483532 0.03463247
v 0.02841752 -0.08136704 0.03600777
v -0.05258003 0.04981787 0.0892465
v -0.06268677 0.04046304 0.08546689
v 0.04083639 -0.07440105 0.03905938
v 0.04167467 -0.075663 0.03832328
v 0.05254959 -0.06683185 0.04211809
v 0.082077 -0.00873284 0.0655883
v 0.08075605 -0.02191297 0.0602645
v 0.08234231 -0.02208052 0.0599521
v 0.08367035 -0.00864754 0.0653731
v 0.06282472 -0.05758509 0.04584909
v -0.08086485 -0.02149222 0.06043339
v -0.08244062 -0.02165226 0.06011319
v -0.07718594 -0.03428659 0.0552647
v -0.0787049 -0.03469638 0.0548472
v 0.08086613 0.00446178 0.0709199
v 0.08243046 0.0047939 0.0708088
v -0.07129473 -0.04636083 0.0503832
v -0.0726322 -0.04698036 0.0498152
v -0.06276321 -0.0569953 0.04609841
v -0.06416136 -0.05804523 0.04560041
v 0.07720188 0.01726217 0.07609189
v 0.07869009 0.01783908 0.07608579
v 0.01566508 0.07453048 0.09301494
v 0.00025186 0.0758205 0.09354933
v -0.08355493 -0.03416268 0.04891219
v -0.07711231 -0.0472006 0.0435552
v -0.04466348 -0.0774497 0.03143423
v -0.03067391 -0.08354553 0.02896054
v -0.05686471 0.05675841 0.0857748
v -0.06780931 0.04666222 0.08170379
v 0.08878778 -0.0065168 0.0600874
v 0.0874627 0.00774933 0.0658746
v 0.0769873 0.03456373 0.07675369
v 0.06815948 0.04631132 0.08154298
v 0.03018243 -0.08372786 0.02886548
v 0.04425681 -0.07766762 0.03132979
v -0.07680287 0.03499491 0.07687059
v -0.08316834 0.02191628 0.07181368
v 0.07666218 -0.04759107 0.0436971
v 0.08343595 -0.03462837 0.04863211
v 0.03059819 0.07077932 0.09148615
v -0.08749527 -0.02031729 0.05450289
v -0.08355493 -0.03416268 0.04891219
v -0.05740726 -0.06916186 0.03469372
v -0.0441564 0.06493139 0.0891096
v 0.0874009 -0.02077178 0.05433981
v 0.08349744 0.02157766 0.0714862
v 0.0769873 0.03456373 0.07675369
v 0.01519817 -0.0874004 0.02739597
v -0.08877546 -0.00605605 0.06028849
v 0.04459974 0.06470113 0.08901596
v -0.03012398 0.0709424 0.09155261
v -0.08742996 0.00825639 0.06601728
v -0.01568543 -0.08734622 0.02739195
v -0.00026265 -0.08860501 0.02698426
v 0.06799977 -0.05932626 0.0386578
v 0.07666218 -0.04759107 0.0436971
v 0.05725166 0.0564558 0.08565887
v -0.01516172 0.07460653 0.09304112
v 0.05693364 -0.06946685 0.03465119
v -0.06813061 -0.05895802 0.03907591
v -0.07680287 0.03499491 0.07687059
v 0.05693364 -0.06946685 0.03465119
v 0.000255 0.07706665 0.09295613
v -0.01531919 0.0758289 0.09244892
v -0.0002643 -0.08902552 0.02568726
v 0.01534737 -0.08781144 0.02613047
v -0.07778722 -0.04718975 0.0425089
v -0.06882631 -0.05910357 0.03789511
v 0.0446812 -0.07797148 0.03011449
v 0.05747486 -0.0696834 0.03346679
v 0.06878366 0.04713905 0.08088968
v 0.0577853 0.05739368 0.08505057
v 0.08824501 0.00823159 0.0650527
v 0.08422956 0.02216059 0.0707757
v -0.06843957 0.04750366 0.08104519
v -0.07745774 0.03568543 0.07619559
v -0.03097271 -0.08391562 0.02771254
v -0.01583593 -0.087738 0.02613655
v -0.05791859 -0.0693545 0.03355712
v 0.06858706 -0.05941978 0.0375767
v 0.06799977 -0.05932626 0.0386578
v -0.03042641 0.07208746 0.09095691
v -0.08400209 0.02257574 0.07100578
v -0.08813502 0.00870348 0.06526278
v 0.04503479 0.06575852 0.08840826
v 0.06858706 -0.05941978 0.0375767
v 0.07744467 -0.04762534 0.0425768
v -0.08955116 -0.00571458 0.05944718
v -0.04457727 0.06596964 0.0885053
v 0.08412396 -0.03452304 0.04770041
v 0.0881791 -0.02055118 0.05341281
v 0.03091141 0.07194834 0.09087275
v -0.08826221 -0.02008567 0.05357579
v 0.03047151 -0.0840902 0.02761918
v 0.07768181 0.03527988 0.07604999
v 0.08955251 -0.00617622 0.05925981
v -0.05740067 0.05770124 0.0851592
v -0.04509537 -0.07775214 0.03021583
v -0.08429473 -0.03404823 0.04791899
v 0.01582833 0.07574504 0.09243084
v 0.07744467 -0.04762534 0.0425768
v -0.07745774 0.03568543 0.07619559
v 0.07768181 0.03527988 0.07604999
v -0.08429473 -0.03404823 0.04791899
v -0.00026503 -0.08909627 0.02480816
v -0.01584379 -0.08779755 0.02526215
v 0.03048546 -0.08413901 0.02675138
v 0.01535494 -0.08786866 0.02525667
v 0.0447076 -0.07801964 0.02924239
v 0.05751586 -0.0697371 0.03260749
v 0.06863891 -0.05946049 0.036718
v 0.06858706 -0.05941978 0.0375767
v 0.05747486 -0.0696834 0.03346679
v 0.05751586 -0.0697371 0.03260749
v 0.07755833 -0.0476589 0.0416763
v -0.0896718 -0.00568764 0.05863079
v -0.08826478 0.00878967 0.06450298
v 0.08827232 -0.02054552 0.05258571
v 0.08420538 -0.03453056 0.04685321
v -0.08836312 -0.02009145 0.05277149
v 0.08966087 -0.00615661 0.05844001
v -0.08437842 -0.03406641 0.04708179
v 0.08836505 0.0083123 0.0643131
v -0.07784533 -0.04723087 0.0416978
v -0.07778722 -0.04718975 0.0425089
v -0.06890905 -0.05915394 0.03700031
v -0.07784533 -0.04723087 0.0416978
v -0.05795859 -0.06940183 0.03268832
v -0.04512327 -0.07780483 0.02934153
v -0.03099184 -0.08397647 0.02683914
v 0.01771584 0.13399999 0.08817314
v 0.08347071 0.13399849 0.0335621
v -0.00023381 0.13399998 -0.08994853
v 0.08328746 0.06188184 -0.03629618
v 0.07356178 0.07093053 -0.05393739
v -0.08892818 0.05192571 -0.0161394
v -0.08997848 0.04431647 0.00022129
v -0.08787929 0.04875344 0.02002599
v -0.08877312 0.03144259 0.02103799
v 0.01630261 0.08427214 0.09008924
v -0.00022489 0.08476972 0.09118483
v -0.00029178 0.08100306 0.09197023
v 0.01569202 0.08032697 0.09112764
v 0.04729649 0.07951837 0.07965637
v 0.03235187 0.08251947 0.08629106
v 0.03139069 0.07804477 0.08817845
v 0.04641136 0.07420378 0.08259157
v -0.00015622 0.08855831 0.09057983
v -2.424E-05 0.1062 0.08996603
v -0.01794389 0.1062 0.08815832
v -0.01711997 0.08820527 0.08891332
v -0.01664373 0.0841912 0.08970792
v -0.03247216 0.08233588 0.08561301
v -0.0317432 0.07783693 0.08748271
v -0.01619473 0.08022063 0.09076362
v -0.06001832 0.07500743 0.0697494
v -0.07258976 0.06779789 0.05594669
v -0.07351071 0.05826503 0.05942059
v -0.05967792 0.0681163 0.0735504
v -0.08159655 0.05959486 0.04006069
v -0.08284998 0.04664224 0.04285229
v 0.08800757 0.04866284 0.01988271
v 0.08904004 0.03145654 0.02103511
v 0.08998557 0.0441932 5.71E-06
v 0.0603213 0.07520908 0.07034188
v 0.04729649 0.07951837 0.07965637
v 0.04641136 0.07420378 0.08259157
v 0.05997602 0.06854695 0.07433348
v -0.04712107 0.07927602 0.0789812
v -0.04637274 0.07383358 0.0818335
v 0.07311039 0.06785655 0.05614449
v 0.07414906 0.05851835 0.05978649
v 0.03247252 0.08822136 -0.08613571
v 0.03115197 0.08480798 -0.09445981
v 0.01590242 0.08871059 -0.09859692
v 0.01670435 0.09118526 -0.09064382
v 0.04716577 0.0837848 -0.0787989
v 0.06126821 0.07817005 -0.06795469
v 0.04571983 0.07860909 -0.0873333
v 0.04716577 0.0837848 -0.0787989
v -0.07327431 0.07134722 -0.05413169
v -0.08205504 0.06396752 -0.0389175
v 0.08895973 0.05153203 -0.01595028
v 0.08328961 0.10619999 -0.03404799
v 0.08308344 0.08142357 -0.03492769
v 0.07411688 0.08653961 -0.05131879
v 0.07521289 0.10619999 -0.04940299
v 0.0508335 0.10619999 0.07422757
v 0.03512254 0.1062 0.08282956
v 0.03328803 0.08706194 0.08464806
v 0.04828981 0.08511137 0.07709527
v -0.08328205 0.10619999 0.03405079
v -0.08824739 0.10619999 0.01752629
v -0.08783154 0.06622177 0.01907579
v -0.08176666 0.07302176 0.03757459
v 0.08838995 0.10619999 0.01683411
v 0.0879118 0.06601274 0.01873781
v 0.08998069 0.07147473 -0.00010779
v 0.08997604 0.10619999 -0.00035189
v 0.06443761 0.10619999 0.06278708
v 0.06125757 0.08241844 0.06688078
v -0.05067869 0.10619999 0.0743485
v -0.06421686 0.10619999 0.06301909
v -0.06110259 0.08253765 0.0666381
v -0.04815765 0.0851227 0.0767455
v 0.07543985 0.10619999 0.04902829
v 0.06443761 0.10619999 0.06278708
v 0.06125757 0.08241844 0.06688078
v 0.07314657 0.07792252 0.05295139
v 0.0818814 0.05959713 0.0401461
v 0.08329856 0.0468415 0.0430878
v 0.03507556 0.10619998 -0.08290511
v 0.03357615 0.096476 -0.08370511
v 0.01719281 0.0980324 -0.08853052
v 0.01793155 0.10619998 -0.08821742
v 0.05071779 0.10619998 -0.0743666
v 0.04869004 0.09398012 -0.0759161
v 0.06424863 0.10619999 -0.06303539
v 0.06250239 0.09065531 -0.06499279
v 0.06250239 0.09065531 -0.06499279
v 0.06424863 0.10619999 -0.06303539
v 0.01792541 0.1062 0.08816424
v 0.01688214 0.08821356 0.08914474
v 0.08826241 0.10619999 -0.01751079
v 0.08851561 0.07565247 -0.01657549
v -0.04712107 0.07927602 0.0789812
v -0.04637274 0.07383358 0.0818335
v -0.06098656 0.07846801 -0.06809348
v -0.03348718 0.09664331 -0.08372776
v -0.04863445 0.09421282 -0.07592617
v -0.0508819 0.10619998 -0.07423147
v -0.0351669 0.10619998 -0.08284226
v -0.04685328 0.08400796 -0.07889566
v -0.04527387 0.07887612 -0.08770506
v 8.985E-05 0.09859274 -0.09018333
v -0.0170407 0.09811543 -0.08857014
v -0.01796475 0.10619998 -0.08818795
v -6.2E-06 0.10619998 -0.09002213
v -0.0163609 0.09129457 -0.09063864
v -0.01539734 0.08880542 -0.09859554
v -0.03068015 0.08502363 -0.09446925
v -0.03219094 0.08840524 -0.08612545
v -0.03507051 0.1062 0.08285531
v -0.03334984 0.08706146 0.08422581
v 0.08350075 0.10619999 0.0335406
v 0.0818777 0.07284849 0.0373963
v -0.06421686 0.10619999 0.06301909
v -0.07519365 0.10619999 0.04939469
v -0.07295466 0.07809543 0.05303889
v -0.06110259 0.08253765 0.0666381
v 0.00018747 0.09238492 -0.09210993
v -0.0163609 0.09129457 -0.09063864
v 0.01574811 0.07846689 0.09165134
v 0.03116682 0.07540172 0.08927875
v 0.04567786 0.07031512 0.08518487
v 0.0001379 0.0779193 0.09271853
v -0.01547393 0.07660853 0.09208992
v 0.00025747 0.09000985 -0.10294743
v -0.01537468 0.08867435 -0.10240624
v 0.00026058 0.09011726 -0.09968043
v 0.07139477 0.05312408 0.06995359
v 0.08047269 0.04137964 0.0592561
v -0.03055282 0.08469157 -0.10032425
v 0.01580527 0.076604 0.09216584
v 0.01587972 0.08858101 -0.10240612
v 0.031032 0.08450656 -0.10032381
v 0.04567786 0.07031512 0.08518487
v 0.05874273 0.06326347 0.07926238
v -0.01582834 0.07841461 0.09138602
v -0.03111395 0.07527798 0.08888791
v -0.04541883 0.0701462 0.0847032
v -0.04541883 0.0701462 0.0847032
v -0.05834797 0.06305426 0.0788347
v -0.07073917 0.05304647 0.06974749
v -0.07987571 0.04130543 0.05909069
v 0.08440206 0.02232904 0.069998
v -0.08649051 0.0271628 0.04562759
v 0.01670435 0.09118526 -0.09064382
v -0.06251685 0.09095047 -0.06497268
v -0.06448631 0.10619999 -0.06278188
v -0.06448631 0.10619999 -0.06278188
v -0.06251685 0.09095047 -0.06497268
v -0.07417225 0.08687805 -0.05123569
v -0.07548523 0.10619999 -0.04901429
v -0.08354009 0.10619999 -0.0334995
v -0.08261192 0.08271085 -0.0359874
v -0.08855487 0.0760328 -0.0163567
v -0.08840485 0.10619999 -0.01679421
v -0.08420469 0.0227561 0.07020298
v 0.08695477 0.0270353 0.0455808
v 0.07786706 0.03556628 0.07535259
v -0.07760115 0.0359276 0.07549749
v -0.06843957 0.04750366 0.08104519
v -0.06860724 0.04786253 0.08035119
v -0.05740067 0.05770124 0.0851592
v -0.05749192 0.05823768 0.0845466
v -0.04457727 0.06596964 0.0885053
v -0.04469379 0.06657445 0.0879395
v -0.05749192 0.05823768 0.0845466
v -0.05740067 0.05770124 0.0851592
v -0.03057298 0.07278829 0.09048651
v -0.04469379 0.06657445 0.0879395
v -0.0897312 0.01289946 0.03233229
v 0.0577853 0.05739368 0.08505057
v 0.06878366 0.04713905 0.08088968
v 0.06897738 0.04754442 0.08020308
v 0.05788758 0.05800969 0.08446487
v 0.08995605 0.01266403 0.03223821
v 0.04503479 0.06575852 0.08840826
v 0.04513046 0.06644535 0.08791626
v 0.04513046 0.06644535 0.08791626
v 0.03096249 0.07271915 0.09051775
v -7.54E-05 0.07946294 0.09233423
v -0.01587197 -0.08815512 0.00375315
v -0.03104964 -0.08424666 0.00488694
v -0.04521701 -0.07794073 0.00668873
v 0.08456523 -0.03368173 0.01932101
v 0.07789446 -0.04714332 0.01555061
v -0.05814705 -0.06942674 0.00910732
v 0.01535609 -0.08806815 0.00374617
v -0.00026605 -0.08943775 0.00342056
v -0.0692443 -0.058996 0.01219471
v -0.0692443 -0.058996 0.01219471
v -0.06890905 -0.05915394 0.03700031
v -0.07827387 -0.04678229 0.0155977
v -0.08489399 -0.03325925 0.0194724
v 0.09040696 -0.00454222 0.02766581
v -0.08890234 -0.01886777 0.02357349
v 0.08867735 -0.01931087 0.02344171
v -0.09047388 -0.00405847 0.02780649
v 0.06887902 -0.05924318 0.0120116
v 0.05762429 -0.06966194 0.0090417
v 0.05762429 -0.06966194 0.0090417
v 0.04471256 -0.07800129 0.00661969
v 0.03047164 -0.08420672 0.00482438
v -0.03219094 0.08840524 -0.08612545
v -0.04685328 0.08400796 -0.07889566
v -0.08998671 0.07170051 0.00035849
v -0.08998778 0.10619999 0.00039179
v 0.03052174 -0.08463511 -0.12712264
v 0.03053084 -0.08463023 -0.1062222
v 0.01538513 -0.08866945 -0.10622231
v 0.01537125 -0.08865378 -0.12712265
v -0.03053076 0.08463202 -0.12712263
v -0.04477203 0.07806562 -0.1271227
v -0.04477121 0.07806395 -0.10622226
v -0.03053017 0.08463065 -0.10622145
v 0.04521804 0.07780682 -0.12712264
v 0.03101544 0.08446203 -0.12712265
v 0.03102223 0.08448105 -0.10622221
v 0.04520932 0.0777918 -0.1062223
v 0.01587604 0.08855913 -0.12712266
v 0.01587669 0.08856265 -0.10622222
v 0.00025704 0.08999327 -0.12712267
v 0.00025704 0.08999406 -0.10622223
v -0.01537043 0.0886539 -0.12712262
v -0.01537408 0.08867161 -0.10622224
v -0.07780362 0.04522513 -0.1271232
v -0.07753439 0.04564928 -0.10622928
v -0.068765 0.05805551 -0.10622227
v -0.06874162 0.0580359 -0.12712272
v 0.05802958 0.0687574 -0.12712263
v 0.05804363 0.06877421 -0.10622219
v -0.00026648 -0.08989195 -0.12712272
v -0.00027096 -0.08999363 -0.10622232
v -0.01586928 -0.08856407 -0.10622233
v -0.01585872 -0.08856234 -0.12712273
v 0.06909095 0.05763815 -0.12712257
v 0.05802958 0.0687574 -0.12712263
v 0.05804363 0.06877421 -0.10622219
v 0.06910494 0.05765013 -0.10622218
v -0.03104796 -0.08447233 -0.10622234
v -0.03103251 -0.08445612 -0.12712268
v -0.04518803 -0.0778046 -0.10622225
v -0.04518951 -0.07779798 -0.12712269
v 0.08444671 -0.03105758 -0.12712261
v 0.08438084 -0.03128992 -0.10622416
v 0.07769856 -0.04536878 -0.10622217
v 0.07746242 -0.04503857 -0.12712261
v -0.05803527 -0.06878165 -0.10622236
v -0.05804945 -0.06874058 -0.12712276
v 0.07807223 0.04476129 -0.12712268
v 0.07816878 0.04459541 -0.10622347
v 0.08477739 0.03011876 -0.10622697
v 0.08464222 0.03050196 -0.12712297
v -0.06902953 -0.05773971 -0.10622286
v -0.06884355 -0.05745678 -0.12712277
v 0.08863315 0.01556754 -0.10622566
v 0.08865116 0.01538383 -0.12712285
v -0.06884355 -0.05745678 -0.12712277
v -0.06902953 -0.05773971 -0.10622286
v -0.07796229 -0.04493843 -0.10622337
v -0.078048 -0.04480349 -0.12712278
v -0.08454289 -0.03077655 -0.10622418
v -0.08462877 -0.03053986 -0.12712284
v 0.08998135 -0.00070656 -0.10622666
v 0.08999227 -0.000291 -0.12712291
v -0.08418048 0.03089118 -0.12712303
v -0.08462133 0.03061437 -0.10622668
v -0.08860184 -0.015729 -0.10622538
v -0.08864916 -0.01539539 -0.12712297
v 0.08850137 -0.0162205 -0.10622526
v 0.08855282 -0.0158888 -0.12712285
v -0.08999695 -0.00020082 -0.10622678
v -0.08998174 0.00021764 -0.12712303
v -0.0885395 0.0160076 -0.10622488
v -0.08855439 0.0159024 -0.12712279
v 0.06872842 -0.05809919 -0.10622257
v 0.06877242 -0.05801176 -0.12712268
v 0.05760465 -0.0691441 -0.10622228
v 0.05761693 -0.06909928 -0.12712262
v -0.05764247 0.06908749 -0.12712271
v -0.06874162 0.0580359 -0.12712272
v -0.068765 0.05805551 -0.10622227
v -0.05765458 0.06910168 -0.10622227
v 0.05761693 -0.06909928 -0.12712262
v 0.05760465 -0.0691441 -0.10622228
v 0.04477933 -0.07805869 -0.10622219
v 0.04478328 -0.07805709 -0.12712263
v -0.04685328 0.08400796 -0.07889566
v 0.00018747 0.09238492 -0.09210993
v -0.06098656 0.07846801 -0.06809348
v 0.06126821 0.07817005 -0.06795469
v 0.04716577 0.0837848 -0.0787989
v 0.03247252 0.08822136 -0.08613571
v -0.06001832 0.07500743 0.0697494
v 0.04828981 0.08511137 0.07709527
v -0.04469379 0.06657445 0.0879395
v -0.06908838 0.05830578 -0.08253878
v 0.03485627 0.13399958 -0.08296601
v 0.01770392 0.13399988 -0.08824222
v -0.01818117 0.13399998 -0.08814755
v -0.0353562 0.13399998 -0.08275916
v -0.05102709 0.13399998 -0.07412127
v -0.06458108 0.13399998 -0.06266988
v -0.07554459 0.13399998 -0.04893519
v -0.08356381 0.13399798 -0.0333825
v -0.0883937 0.13399998 -0.01679041
v -0.089991 0.13399998 0.00032559
v -0.08825055 0.13399819 0.01751818
v -0.08329624 0.13399999 0.03398388
v -0.07526947 0.13399859 0.04930239
v -0.06428296 0.13399859 0.06293949
v -0.0508007 0.13399999 0.0742327
v -0.03522882 0.13399939 0.08276741
v -0.01814136 0.13399999 0.08811682
v -0.00023119 0.13399999 0.08997173
v 0.03493437 0.13399999 0.08288925
v 0.05067853 0.13399999 0.07431627
v 0.06432561 0.13399999 0.06289428
v 0.0754088 0.13399999 0.04909909
v 0.08836539 0.13399799 0.016897
v 0.08999225 0.13399998 -0.00031229
v 0.08824739 0.13399998 -0.01757819
v 0.08325265 0.13399968 -0.03413299
v 0.07515275 0.13399998 -0.04951619
v 0.06409747 0.13399998 -0.0631793
v 0.05051728 0.13399998 -0.0744717
vn 0.0022 0.43768 0.89913
vn -0.12797 0.43002 0.8937
vn -0.12855 0.43219 0.89257
vn 0.00253 0.43715 0.89939
vn 0.0108 -0.38497 0.92287
vn 0.0347 -0.33647 0.94105
vn -0.01898 -0.36452 0.931
vn 0.49494 -0.86892 0.0029
vn 0.48189 -0.87623 -0.00226
vn 0.33327 -0.94282 0.00394
vn 0.33931 -0.94066 0.00436
vn -0.50082 0.86381 -0.05487
vn -0.63892 0.76622 -0.06842
vn -0.58892 0.79658 -0.13651
vn -0.52459 0.81608 -0.24251
vn 0.56588 -0.82449 0.00098
vn 0.54981 -0.83526 -0.00671
vn -0.73835 0.65311 -0.16819
vn -0.79883 0.59027 -0.11597
vn -0.86361 0.39178 -0.31731
vn -0.74842 0.54312 -0.38064
vn 0.76118 -0.64853 -0.00403
vn 0.75071 -0.6605 -0.01343
vn 0.68811 -0.72553 -0.01093
vn 0.70247 -0.71171 -0.00174
vn -0.99134 0.12656 -0.03504
vn -0.99972 0.02213 0.00851
vn -0.99552 0.06287 -0.07059
vn -0.95854 0.27739 -0.06522
vn 0.8624 -0.50619 -0.0061
vn 0.85916 -0.51149 -0.01468
vn -0.99967 -0.02451 -0.0079
vn -0.99871 -0.05066 -0.00351
vn 0.98173 -0.19022 -0.00485
vn 0.9814 -0.19163 -0.01181
vn 0.93687 -0.34941 -0.01376
vn 0.93622 -0.35137 -0.00601
vn -0.98267 -0.18528 -0.00485
vn -0.98313 -0.18247 -0.01267
vn 0.99966 -0.02542 -0.00516
vn 0.99827 -0.05744 -0.01267
vn -0.93894 -0.34401 -0.00723
vn -0.93971 -0.34157 -0.01672
vn -0.95305 0.2219 -0.20603
vn -0.88451 0.45752 -0.09119
vn 0.99029 0.13789 -0.01767
vn 0.99976 0.02176 -0.00104
vn -0.86642 -0.49924 -0.00891
vn -0.8623 -0.50614 -0.01602
vn -0.81862 -0.57428 -0.00842
vn -0.81105 -0.58481 -0.01395
vn 0.95463 0.29497 -0.04093
vn 0.99593 0.01126 -0.08942
vn -0.64129 -0.76728 -0.00525
vn -0.6272 -0.77882 -0.00781
vn -0.69281 -0.72104 -0.01096
vn -0.70631 -0.70786 -0.00772
vn 0.1728 -0.98495 0.00458
vn 0.17234 -0.98501 0.00729
vn 0.00229 -0.99997 0.00742
vn -0.00122 -0.99999 0.00385
vn 0.89726 0.43358 -0.08329
vn 0.96619 0.12986 -0.22276
vn -0.49956 -0.86628 -0.00168
vn -0.48757 -0.87308 -0.00281
vn -0.34322 -0.93926 0.00089
vn -0.33543 -0.94206 0.00171
vn -0.1761 -0.98437 0.00232
vn -0.16963 -0.98549 0.00543
vn 0.78788 0.60861 -0.09403
vn 0.72316 0.68754 -0.06577
vn 0.76921 0.50296 -0.39416
vn 0.87377 0.36855 -0.31734
vn 0.58319 0.80729 -0.09046
vn 0.50717 0.86053 -0.04758
vn 0.5487 0.79643 -0.25422
vn 0.58331 0.79777 -0.15266
vn -0.00217 -0.93942 0.34276
vn 0.12794 -0.93016 0.34413
vn 0.12839 -0.93105 0.34157
vn -0.00253 -0.93921 0.34333
vn -0.64538 -0.59289 0.48162
vn -0.57043 -0.69096 0.44405
vn -0.57011 -0.6906 0.44504
vn -0.64634 -0.59345 0.47964
vn 0.36962 -0.84759 0.38076
vn 0.42697 -0.81661 0.38839
vn 0.428 -0.81707 0.38628
vn 0.36822 -0.847 0.38341
vn 0.57043 0.18864 0.79939
vn 0.48087 0.27822 0.83148
vn 0.48276 0.28221 0.82903
vn 0.5702 0.1876 0.7998
vn 0.73146 -0.13328 0.66874
vn 0.6984 -0.01721 0.7155
vn 0.69816 -0.01733 0.71574
vn 0.72987 -0.13493 0.67014
vn -0.56812 0.19267 0.80007
vn -0.60973 0.14631 0.77899
vn -0.61106 0.14719 0.77778
vn -0.56717 0.19246 0.8008
vn -0.25581 -0.89707 0.36031
vn -0.13193 -0.92897 0.34584
vn -0.13172 -0.9301 0.34288
vn -0.25557 -0.89619 0.36266
vn -0.48095 -0.77754 0.40511
vn -0.48305 -0.77878 0.4002
vn 0.52556 -0.73996 0.41982
vn 0.56827 -0.69391 0.44222
vn 0.56781 -0.69374 0.44308
vn 0.52765 -0.74025 0.41668
vn -0.25184 0.39593 0.88307
vn -0.25148 0.39443 0.88384
vn -0.6967 -0.01376 0.71724
vn -0.73023 -0.12968 0.67078
vn -0.72827 -0.12998 0.67285
vn -0.69699 -0.01364 0.71695
vn 0.3731 0.34282 0.86213
vn 0.37249 0.34106 0.86309
vn 0.60574 -0.64578 0.4648
vn 0.60336 -0.64505 0.4689
vn -0.74562 -0.24763 0.61866
vn -0.74881 -0.24714 0.61498
vn -0.3695 0.34517 0.86275
vn -0.36818 0.34294 0.8642
vn 0.69685 -0.48819 0.52542
vn 0.73018 -0.37258 0.57273
vn 0.72833 -0.37355 0.57445
vn 0.69645 -0.48864 0.52554
vn 0.25581 0.39489 0.8824
vn 0.25554 0.39272 0.88344
vn -0.73159 -0.36853 0.57356
vn -0.73005 -0.36849 0.57553
vn 0.25184 -0.89823 0.36021
vn 0.25145 -0.89773 0.36175
vn 0.676 0.04035 0.73579
vn 0.67712 0.04126 0.73471
vn 0.74562 -0.25148 0.6171
vn 0.74888 -0.24956 0.61392
vn -0.47717 0.2798 0.83308
vn -0.47878 0.28169 0.83152
vn -0.37313 -0.84547 0.38204
vn -0.37246 -0.84495 0.38384
vn -0.71894 -0.42702 0.54843
vn -0.71845 -0.42757 0.54864
vn 0.13194 0.428 0.8941
vn 0.13181 0.43041 0.89296
vn 0.66934 -0.54394 0.50607
vn 0.66563 -0.54456 0.51029
vn -0.67392 0.04297 0.73755
vn -0.67585 0.04428 0.7357
vn 0.61216 0.14317 0.77767
vn 0.61322 0.14491 0.7765
vn -0.67499 -0.53998 0.5028
vn -0.67509 -0.53974 0.50293
vn -0.03241 -0.42363 0.90525
vn -0.05347 -0.4371 0.89782
vn -0.09961 -0.48794 0.86717
vn -0.06049 -0.46459 0.88346
vn 0.10114 -0.40224 0.90993
vn 0.02173 -0.39416 0.91879
vn 0.18751 -0.42312 0.88646
vn 0.0473 -0.33782 0.94002
vn 0.05979 -0.34218 0.93773
vn 0.11216 -0.31243 0.9433
vn 0.08863 -0.30464 0.94834
vn 0.02573 -0.33312 0.94253
vn 0.06528 -0.30217 0.95102
vn 0.04862 -0.29564 0.95406
vn 0.01679 -0.3322 0.94306
vn 0.03165 -0.29405 0.95527
vn 0.00034 -0.33696 0.94152
vn 0.00809 -0.33351 0.94271
vn 0.01523 -0.29671 0.95485
vn 0.00061 -0.30293 0.95301
vn -0.02155 -0.42812 0.90346
vn -0.04084 -0.47497 0.87905
vn -0.00754 -0.33483 0.94225
vn -0.0144 -0.29832 0.95436
vn -0.01212 -0.44021 0.89781
vn -0.02261 -0.4934 0.86951
vn -0.01642 -0.3326 0.94293
vn -0.03125 -0.29412 0.95526
vn -0.08042 -0.33263 0.93962
vn -0.14368 -0.29658 0.94414
vn -0.03732 -0.35548 0.93394
vn -0.00177 -0.41356 0.91047
vn -0.00314 -0.4475 0.89428
vn -0.0257 -0.33281 0.94264
vn -0.04889 -0.29447 0.95441
vn -0.07273 -0.37233 0.92525
vn -0.09766 -0.36034 0.92769
vn -0.18177 -0.34453 0.92101
vn -0.1356 -0.36879 0.91957
vn 0.0239 -0.43387 0.90066
vn 0.01129 -0.42904 0.90322
vn 0.02167 -0.47775 0.87823
vn 0.04505 -0.48488 0.87342
vn -0.03607 -0.33427 0.94179
vn -0.06794 -0.29769 0.95224
vn -0.04016 -0.34218 0.93877
vn -0.0777 -0.31157 0.94704
vn 0.03275 -0.42705 0.90363
vn 0.06162 -0.47183 0.87953
vn 0.04032 -0.41937 0.90692
vn 0.07776 -0.45883 0.88512
vn 0.07639 -0.37364 0.92442
vn 0.07361 -0.38707 0.91911
vn 0.13712 -0.39623 0.90785
vn 0.14365 -0.37099 0.91746
vn 0.07611 -0.42904 0.90007
vn 0.13438 -0.46939 0.87271
vn -0.07657 -0.3861 0.91927
vn -0.14423 -0.39434 0.90758
vn -0.07181 -0.3972 0.91492
vn -0.13657 -0.41598 0.89906
vn 0.07419 -0.36162 0.92937
vn 0.13968 -0.34846 0.92686
vn -0.08677 -0.42117 0.90282
vn -0.15495 -0.45404 0.87741
vn -0.01972 -0.38484 0.92277
vn -0.03708 -0.39416 0.9183
vn 0.06928 -0.35042 0.93403
vn 0.13041 -0.32753 0.9358
vn 0.13129 0.42049 0.89775
vn 0.00168 0.43386 0.90098
vn -0.69031 -0.5393 0.48232
vn -0.66252 -0.59379 0.4566
vn -0.37997 -0.8506 0.36345
vn -0.25999 -0.90197 0.34475
vn -0.47519 0.27693 0.83517
vn -0.56961 0.19487 0.79848
vn 0.75196 -0.24907 0.61035
vn 0.7437 -0.12595 0.65654
vn 0.61636 0.14777 0.77347
vn 0.57278 0.19194 0.79692
vn 0.25682 -0.90425 0.34114
vn 0.37636 -0.85261 0.3625
vn -0.68067 0.0488 0.73096
vn -0.69867 -0.01202 0.71534
vn 0.67671 -0.54313 0.49707
vn 0.71412 -0.48538 0.50442
vn 0.25602 0.39537 0.88212
vn -0.74764 -0.36425 0.5553
vn -0.73529 -0.42321 0.52938
vn -0.49087 -0.78218 0.38372
vn -0.37102 0.34834 0.86082
vn 0.74333 -0.36889 0.55802
vn 0.70082 -0.01639 0.71315
vn 0.68 0.04456 0.73185
vn 0.12888 -0.93419 0.33269
vn -0.752 -0.24446 0.61216
vn 0.37304 0.34371 0.8618
vn -0.25188 0.39547 0.88327
vn -0.74561 -0.12147 0.65522
vn -0.13398 -0.93487 0.32873
vn -0.0018 -0.94582 0.32469
vn 0.59577 -0.67911 0.4288
vn 0.6114 -0.6486 0.45334
vn 0.47829 0.27272 0.83478
vn -0.12693 0.42351 0.89695
vn 0.52423 -0.73969 0.42196
vn -0.57644 -0.69172 0.43502
vn -0.61485 0.15251 0.77376
vn 0.47232 -0.7968 0.37685
vn 0.004 0.34746 0.93769
vn -0.12797 0.4059 0.90491
vn -0.00198 -0.9813 0.19248
vn 0.1457 -0.9708 0.19056
vn -0.71837 -0.60978 0.33483
vn -0.66724 -0.69532 0.26704
vn 0.43072 -0.87926 0.20344
vn 0.50956 -0.81307 0.28154
vn 0.57453 0.19389 0.79519
vn 0.47704 0.27095 0.83607
vn 0.75294 -0.12043 0.64698
vn 0.70273 -0.01495 0.7113
vn -0.57104 0.1967 0.79701
vn -0.62178 0.15983 0.76671
vn -0.29506 -0.93428 0.20014
vn -0.15104 -0.97069 0.18693
vn -0.56577 -0.79653 0.21318
vn 0.55475 -0.7472 0.36599
vn 0.55421 -0.74712 0.36697
vn -0.26863 0.44704 0.85322
vn -0.70071 -0.01019 0.71337
vn -0.7584 -0.11396 0.64175
vn 0.36965 0.39815 0.83955
vn 0.6417 -0.6493 0.4082
vn 0.61316 -0.65052 0.44817
vn -0.91252 -0.14075 0.38405
vn -0.37752 0.43478 0.81758
vn 0.84905 -0.44149 0.29018
vn 0.89506 -0.29622 0.33336
vn 0.26237 0.39235 0.8816
vn -0.89539 -0.29165 0.33648
vn 0.29237 -0.93736 0.18943
vn 0.8174 0.27828 0.5044
vn 0.76038 -0.24501 0.6015
vn -0.47464 0.27611 0.83575
vn -0.43459 -0.87654 0.20689
vn -0.88563 -0.39867 0.23817
vn 0.12769 0.3546 0.92626
vn 0.79414 -0.55496 0.24769
vn -0.68724 0.05451 0.72438
vn 0.62067 0.15284 0.76903
vn -0.70478 -0.53821 0.46218
vn -0.00125 -0.99893 0.04633
vn -0.16154 -0.98598 0.04184
vn 0.31511 -0.9486 0.02945
vn 0.15782 -0.98681 0.03598
vn 0.46554 -0.8845 0.03052
vn 0.5347 -0.8439 0.04395
vn 0.73346 -0.67871 0.03726
vn 0.73365 -0.67514 0.07709
vn 0.66081 -0.74648 0.07813
vn 0.67185 -0.73997 0.03269
vn 0.83679 -0.54417 0.06055
vn -0.99594 -0.0318 0.08426
vn -0.97441 0.13123 0.1825
vn -0.98408 0.12293 0.12833
vn 0.9754 -0.21259 0.05823
vn 0.92284 -0.3825 0.04532
vn -0.97566 -0.20878 0.06708
vn 0.99567 -0.04254 0.08261
vn 0.99082 -0.03494 0.13059
vn -0.92388 -0.3789 0.05365
vn 0.98372 0.13285 0.12104
vn 0.97615 0.13148 0.17274
vn -0.86564 -0.49984 0.02869
vn -0.8781 -0.47054 0.0868
vn -0.70167 -0.70853 0.07514
vn -0.78031 -0.61926 0.08732
vn -0.61035 -0.79121 0.03821
vn -0.46969 -0.88203 0.03778
vn -0.31844 -0.94699 0.04251
vn 2E-05 1 -0
vn 0.93876 0.07907 -0.33537
vn 0.85173 0.14985 -0.5021
vn -0.98625 0.02341 -0.16361
vn -0.99968 0.01242 0.02207
vn -0.9821 0.03552 0.18498
vn -0.99106 0.0922 0.09644
vn 0.16316 0.21974 0.96182
vn -0.00986 0.18424 0.98283
vn -0.01361 0.22175 0.97501
vn 0.14143 0.25654 0.95613
vn 0.42641 0.33489 0.84025
vn 0.34483 0.27827 0.89647
vn 0.31404 0.33046 0.89004
vn 0.39876 0.41457 0.818
vn -0.00494 0.09818 0.99516
vn 0.00021 0.03476 0.9994
vn -0.19779 0.03586 0.97959
vn -0.18925 0.10288 0.97652
vn -0.17256 0.20686 0.96303
vn -0.35506 0.25828 0.89846
vn -0.33772 0.34358 0.87629
vn -0.16398 0.2631 0.95073
vn -0.72898 0.26051 0.63303
vn -0.84092 0.18403 0.5089
vn -0.86331 0.27465 0.4234
vn -0.70326 0.35979 0.61317
vn -0.93242 0.10309 0.34636
vn -0.95552 0.15717 0.24955
vn 0.98638 0.0466 0.15772
vn 0.99426 0.05176 0.09363
vn 0.99972 0.01425 0.01883
vn 0.7001 0.28254 0.65576
vn 0.62285 0.27248 0.73336
vn 0.60071 0.34773 0.71988
vn 0.69511 0.36593 0.61881
vn -0.60151 0.32076 0.73164
vn -0.59891 0.35076 0.71992
vn 0.84129 0.21421 0.49633
vn 0.86227 0.27425 0.42578
vn 0.39141 0.83309 -0.39083
vn 0.38341 0.89257 -0.23732
vn 0.18528 0.96739 -0.17271
vn 0.19041 0.93177 -0.30912
vn 0.50793 0.72037 -0.47231
vn 0.76706 0.29423 -0.57012
vn 0.65791 0.54907 -0.51544
vn 0.61781 0.62156 -0.48163
vn -0.84372 0.14264 -0.51748
vn -0.9327 0.07358 -0.35308
vn 0.98976 0.03046 -0.13944
vn 0.9252 0.00244 -0.37947
vn 0.92576 0.02094 -0.37752
vn 0.83013 0.03717 -0.55634
vn 0.83668 0.00119 -0.54769
vn 0.56882 0.03733 0.82161
vn 0.39123 0.04325 0.91928
vn 0.37218 0.14994 0.91597
vn 0.51788 0.1258 0.84615
vn -0.92648 0.00314 0.37634
vn -0.98085 -0.0004 0.19474
vn -0.97793 0.00406 0.2089
vn -0.91954 0.02484 0.3922
vn 0.98155 -0.00479 0.19117
vn 0.97996 0.01144 0.19886
vn 0.99997 -0.00064 0.00809
vn 0.99999 9E-05 -0.00418
vn 0.63532 0.03687 0.77137
vn 0.62445 0.05066 0.77942
vn -0.5655 0.03369 0.82406
vn -0.64142 0.03278 0.76649
vn -0.63065 0.11378 0.76768
vn -0.54944 0.12076 0.82676
vn 0.84069 0.00171 0.54151
vn 0.781 0.00305 0.62452
vn 0.73603 0.15369 0.65927
vn 0.83335 0.09049 0.54528
vn 0.93649 0.12379 0.32812
vn 0.95563 0.15312 0.25166
vn 0.39635 0.01135 -0.91803
vn 0.38909 0.11866 -0.91353
vn 0.20072 0.14921 -0.96822
vn 0.20496 0.01895 -0.97859
vn 0.56955 0.00476 -0.82194
vn 0.55756 0.08487 -0.82579
vn 0.63125 0.01367 -0.77546
vn 0.62986 0.0737 -0.77321
vn 0.77173 0.03995 -0.6347
vn 0.77921 -0.00861 -0.62671
vn 0.19969 0.03821 0.97911
vn 0.18299 0.12455 0.97519
vn 0.98101 0.00107 -0.19395
vn 0.98367 0.00861 -0.17979
vn -0.50699 0.26076 0.82156
vn -0.4254 0.41103 0.80628
vn -0.76237 0.27562 -0.58551
vn -0.38817 0.11027 -0.91497
vn -0.55203 0.07877 -0.83009
vn -0.56363 0.01578 -0.82588
vn -0.40197 0.01416 -0.91554
vn -0.68237 0.53792 -0.49498
vn -0.69448 0.56057 -0.45107
vn 0.00092 0.15952 -0.98719
vn -0.19929 0.1435 -0.96938
vn -0.20036 0.0257 -0.97939
vn -0.00269 0.0221 -0.99975
vn -0.21394 0.92028 -0.32759
vn -0.18464 0.96814 -0.16913
vn -0.36141 0.90347 -0.23048
vn -0.37896 0.83175 -0.40569
vn -0.38925 0.03794 0.92035
vn -0.37383 0.11713 0.92007
vn 0.9289 -0.00766 0.37025
vn 0.9242 0.04483 0.37926
vn -0.76988 0.01276 0.63806
vn -0.83738 0.01138 0.5465
vn -0.82792 0.06006 0.55762
vn -0.76368 0.07663 0.64103
vn 0.00449 0.29472 -0.95557
vn -0.20442 0.26537 -0.94223
vn 0.13416 0.27211 0.95287
vn 0.29689 0.36697 0.88158
vn 0.37689 0.47311 0.79632
vn -9E-05 0.25593 0.96669
vn -0.13993 0.36595 0.92005
vn 0.00305 0.99982 -0.01862
vn -0.16978 0.9853 -0.0188
vn 0.00528 0.98735 -0.15845
vn 0.80888 0.41128 0.42019
vn 0.91438 0.31035 0.25999
vn -0.3409 0.93936 -0.03736
vn 0.12436 0.28483 0.95048
vn 0.17744 0.98394 -0.01917
vn 0.34651 0.9376 -0.02893
vn 0.57013 0.41271 0.71037
vn 0.65669 0.45556 0.60102
vn -0.15525 0.31529 0.93621
vn -0.31536 0.43203 0.84493
vn -0.39483 0.52588 0.75337
vn -0.58145 0.45598 0.6738
vn -0.66232 0.49099 0.56591
vn -0.80854 0.43224 0.39928
vn -0.9115 0.32631 0.25038
vn 0.94125 0.2726 0.19935
vn 0.92688 0.26827 0.26253
vn -0.96359 0.23683 0.12415
vn 0.20179 0.27239 -0.94079
vn -0.63376 0.06327 -0.77094
vn -0.64367 0.02673 -0.76483
vn -0.77189 0.00705 -0.63572
vn -0.76539 0.03208 -0.64277
vn -0.82833 0.03043 -0.55942
vn -0.83949 0.01218 -0.54324
vn -0.92985 0.00522 -0.3679
vn -0.92416 0.01489 -0.38171
vn -0.98286 0.00522 -0.18427
vn -0.98248 0.00092 -0.18638
vn -0.92056 0.2607 0.29088
vn -0.93503 0.28124 0.21593
vn 0.97177 0.1977 0.12873
vn 0.86654 0.38546 0.31707
vn -0.85285 0.41362 0.31871
vn -0.86782 0.41357 0.27541
vn -0.74506 0.50271 0.43837
vn -0.76243 0.5036 0.4063
vn -0.67443 0.50496 0.53866
vn -0.65442 0.53668 0.53265
vn -0.52195 0.52933 0.66887
vn -0.52136 0.52722 0.67099
vn -0.53793 0.59055 0.60157
vn -0.5384 0.59257 0.59916
vn -0.29362 0.48553 0.82344
vn -0.38097 0.58237 0.71812
vn -0.99588 0.07358 0.05301
vn 0.60324 0.49618 0.62442
vn 0.73906 0.46872 0.48383
vn 0.75901 0.47341 0.44698
vn 0.61616 0.50443 0.6049
vn 0.99439 0.09644 0.04349
vn 0.5018 0.45938 0.73292
vn 0.52948 0.45815 0.71397
vn 0.36215 0.50382 0.78423
vn 0.27418 0.39226 0.87804
vn -0.0051 0.23768 0.97133
vn -0.16538 -0.98616 0.01166
vn -0.32839 -0.94451 0.00754
vn -0.48007 -0.87722 0.00256
vn 0.93321 -0.35924 -0.00797
vn 0.85365 -0.52078 -0.00812
vn -0.62024 -0.78441 -0.00076
vn 0.16761 -0.98581 0.00876
vn 0.00269 -0.99992 0.01248
vn -0.68592 -0.72767 -0.00153
vn -0.80394 -0.5947 -0.00351
vn -0.79887 -0.60147 0.00696
vn -0.85535 -0.51803 -0.00403
vn -0.93517 -0.35418 -0.00381
vn 0.99871 -0.04975 0.01047
vn -0.98252 -0.18613 9E-05
vn 0.98056 -0.19617 -0.00354
vn -0.99939 -0.03211 0.01389
vn 0.74519 -0.66681 -0.00745
vn 0.68146 -0.73182 -0.00754
vn 0.54339 -0.83946 -0.00568
vn 0.47348 -0.8808 -0.00381
vn 0.32463 -0.94584 0.00195
vn -0.38597 0.20338 -0.89981
vn -0.55557 0.14143 -0.81935
vn -0.99992 -0.00095 0.01294
vn -0.99999 -3E-05 0.00473
vn 0.3391 -0.94075 -0.00021
vn 0.33946 -0.94062 0.00146
vn 0.17167 -0.98515 0.00107
vn 0.16938 -0.98555 -0.00204
vn -0.33883 0.94085 6E-05
vn -0.49713 0.86767 -0.00018
vn -0.49606 0.86827 -0.00488
vn -0.33956 0.94057 -0.00534
vn 0.50302 0.86428 0.00027
vn 0.34386 0.93902 -0.0007
vn 0.34447 0.93879 -0.00253
vn 0.5024 0.86462 -0.00473
vn 0.17695 0.98422 -0.00012
vn 0.17649 0.9843 -0.00262
vn 0.00324 0.99999 -0.00027
vn 0.0033 0.99999 -0.00229
vn -0.17179 0.98513 -0.00058
vn -0.171 0.98527 -0.00125
vn -0.87003 0.493 0.0011
vn -0.86479 0.50204 -0.01028
vn -0.81652 0.57725 -0.00928
vn -0.8164 0.57749 -0.00143
vn 0.5761 0.81738 3E-05
vn 0.57434 0.81859 -0.00678
vn -0.0043 -0.99998 -0.00345
vn -0.00397 -0.99999 -0.00085
vn -0.17585 -0.98442 9E-05
vn -0.17356 -0.98482 -0.00037
vn 0.7675 0.64105 -0.00092
vn 0.70895 0.70526 -0.00104
vn 0.70905 0.70512 -0.00732
vn 0.76778 0.64066 -0.00839
vn -0.34465 -0.93873 0.00037
vn -0.34489 -0.93864 -0.00073
vn -0.50229 -0.8647 0
vn -0.50238 -0.86465 -0.00052
vn 0.93623 -0.35134 -0.00537
vn 0.93773 -0.34737 0.00067
vn 0.86244 -0.50613 -0.00583
vn 0.86213 -0.50653 -0.01254
vn -0.64411 -0.76493 -0.00049
vn -0.64927 -0.76054 -0.00549
vn 0.86796 0.49664 0.00021
vn 0.86959 0.49371 -0.00726
vn 0.94175 0.33629 -0.00525
vn 0.94056 0.33962 0.00018
vn -0.71151 -0.70266 -0.00394
vn -0.72252 -0.69117 -0.01578
vn 0.98568 0.16862 -0.00189
vn 0.98538 0.17039 -3E-05
vn -0.81336 -0.58172 -0.00641
vn -0.81995 -0.57238 -0.00775
vn -0.86576 -0.50045 -0.00198
vn -0.86247 -0.5061 -0.00034
vn -0.93965 -0.34215 0.00082
vn -0.94073 -0.33916 -0.00085
vn 0.99998 -0.00659 0.00143
vn 1 -0.00284 0.00113
vn -0.93696 0.34929 -0.01007
vn -0.93828 0.34566 -0.01239
vn -0.98441 -0.17588 0.00052
vn -0.98519 -0.17149 -0.0015
vn 0.98364 -0.18012 0.00122
vn 0.98423 -0.17689 0.00015
vn -1 -0.00104 -0.00122
vn -0.99999 0.00369 -0.00089
vn -0.98474 0.17396 -0.00513
vn -0.98335 0.18165 -0.00494
vn 0.76538 -0.64358 -0.00229
vn 0.7718 -0.63587 -0.00092
vn 0.70466 -0.70954 0.00034
vn 0.70494 -0.70927 -0.0011
vn -0.64117 0.7674 -0.00104
vn -0.70558 0.70863 -0.00143
vn -0.70514 0.70901 -0.00913
vn -0.64035 0.76804 -0.00815
vn 0.57168 -0.82047 -0.00055
vn 0.5704 -0.82136 0.00064
vn 0.49688 -0.86782 0.00122
vn 0.49755 -0.86744 3E-05
vn -0.49805 0.72893 -0.4697
vn 0.0065 0.95704 -0.28987
vn -0.6315 0.11387 -0.76697
vn 0.63449 0.11847 -0.7638
vn 0.56071 0.1461 -0.81502
vn 0.39349 0.20793 -0.89551
vn -0.62382 0.21098 0.75255
vn 0.63127 0.2274 0.74148
vn -0.563 0.51786 0.64409
vn -0.7039 0.71012 -0.01611
vn 0 1 5E-05
vn 0 1 1E-05
vn 0 1 0
vn 0.00045 1 0.00036
vn -0.00013 1 -0.00016
vn 0.00054 1 5E-05
vn -0.00055 1 5E-05
vn -0.00032 1 0.00026
vn -0.00032 1 0.00025
vn -2E-05 1 0.00011
vn 0 1 0
vn 0 1 -0.00011
vn 0 1 1E-05
vn -9E-05 1 -0.00011
vn -0.00034 1 -0.00027
vn 4E-05 1 -2E-05
vn -0.00059 1 6E-05
vn -0.00025 1 6E-05
vn -7E-05 1 5E-05
vn -2E-05 1 3E-05
vn 3E-05 1 -0.00011
vn -0 1 1E-05
vn 4E-05 1 9E-05
vn 0 1 -0
vn -2E-05 1 -6E-05
vn -2E-05 1 4E-05
vt 0.63984 0.4485
vt 0.65113 0.44851
vt 0.65106 0.44947
vt 0.63993 0.44947
vt 0.59435 0.54857
vt 0.60118 0.46879
vt 0.70203 0.4866
vt 0.19491 0.70602
vt 0.19317 0.7402
vt 0.184 0.73805
vt 0.18577 0.70428
vt 0.18129 0.87154
vt 0.17675 0.88192
vt 0.16536 0.88321
vt 0.17427 0.87184
vt 0.20256 0.708
vt 0.20095 0.74272
vt 0.11602 0.51207
vt 0.12443 0.5179
vt 0.12315 0.53461
vt 0.11478 0.52334
vt 0.34154 0.59559
vt 0.34185 0.55991
vt 0.34961 0.56103
vt 0.34954 0.59602
vt 0.15643 0.54015
vt 0.15577 0.58067
vt 0.14682 0.56772
vt 0.14616 0.53376
vt 0.33224 0.59499
vt 0.33268 0.55849
vt 0.16994 0.539
vt 0.17055 0.57836
vt 0.31069 0.59346
vt 0.31129 0.55511
vt 0.32237 0.5569
vt 0.32185 0.59429
vt 0.18159 0.53813
vt 0.18208 0.5765
vt 0.2991 0.59256
vt 0.29984 0.55323
vt 0.19285 0.53734
vt 0.19329 0.57475
vt 0.1321 0.54676
vt 0.13338 0.52389
vt 0.28538 0.59134
vt 0.28471 0.55082
vt 0.20347 0.53666
vt 0.20384 0.57317
vt 0.21306 0.53613
vt 0.21332 0.57185
vt 0.27519 0.59747
vt 0.27604 0.56328
vt 0.11746 0.70126
vt 0.11567 0.73597
vt 0.1053 0.73754
vt 0.10721 0.70215
vt 0.17542 0.70284
vt 0.17369 0.73636
vt 0.16247 0.73519
vt 0.16417 0.70174
vt 0.26345 0.60594
vt 0.26334 0.58123
vt 0.12867 0.70078
vt 0.12697 0.73496
vt 0.14039 0.70069
vt 0.13871 0.73447
vt 0.15239 0.70101
vt 0.1507 0.73453
vt 0.253 0.61337
vt 0.24428 0.61924
vt 0.24318 0.60777
vt 0.25189 0.5965
vt 0.17702 0.79359
vt 0.1815 0.80295
vt 0.17434 0.80256
vt 0.16546 0.79203
vt 0.15998 0.77368
vt 0.17062 0.77493
vt 0.17028 0.77625
vt 0.1598 0.77502
vt 0.0975 0.78432
vt 0.1062 0.78074
vt 0.10678 0.78198
vt 0.0982 0.7855
vt 0.1891 0.78011
vt 0.19636 0.78381
vt 0.19566 0.785
vt 0.1885 0.78135
vt 0.59239 0.47583
vt 0.59965 0.46721
vt 0.6003 0.46791
vt 0.59315 0.47642
vt 0.29307 0.49755
vt 0.28286 0.49343
vt 0.28349 0.49258
vt 0.29357 0.49664
vt 0.69128 0.46717
vt 0.69858 0.47577
vt 0.69784 0.47636
vt 0.69064 0.46787
vt 0.13755 0.77377
vt 0.14887 0.7732
vt 0.14885 0.77455
vt 0.13769 0.7751
vt 0.11582 0.77745
vt 0.11627 0.77873
vt 0.60823 0.56577
vt 0.59951 0.55855
vt 0.60018 0.55797
vt 0.60877 0.56509
vt 0.66226 0.45046
vt 0.66203 0.4514
vt 0.15373 0.63832
vt 0.16375 0.63407
vt 0.16427 0.63498
vt 0.15439 0.63917
vt 0.6083 0.45996
vt 0.60884 0.46077
vt 0.59244 0.54983
vt 0.59323 0.54935
vt 0.17424 0.62993
vt 0.17462 0.63091
vt 0.67287 0.4543
vt 0.67249 0.4552
vt 0.3239 0.50991
vt 0.3139 0.50587
vt 0.31409 0.50484
vt 0.32395 0.50882
vt 0.61809 0.45433
vt 0.61849 0.45522
vt 0.18467 0.62582
vt 0.18489 0.62685
vt 0.18042 0.7771
vt 0.17994 0.77839
vt 0.27319 0.4895
vt 0.27396 0.4887
vt 0.30353 0.50175
vt 0.30387 0.50078
vt 0.68265 0.45994
vt 0.68214 0.46074
vt 0.12647 0.77521
vt 0.12677 0.77652
vt 0.19477 0.6219
vt 0.19485 0.62299
vt 0.62871 0.45048
vt 0.62896 0.45141
vt 0.33317 0.51334
vt 0.33308 0.51218
vt 0.14411 0.64209
vt 0.1449 0.64289
vt 0.58675 0.48558
vt 0.58759 0.48603
vt 0.09031 0.78877
vt 0.09112 0.78989
vt 0.68135 0.56402
vt 0.6898 0.55709
vt 0.69068 0.55793
vt 0.68208 0.56506
vt 0.58856 0.53936
vt 0.5875 0.53985
vt 0.59415 0.47713
vt 0.58868 0.48655
vt 0.60955 0.46179
vt 0.61901 0.45634
vt 0.64003 0.45072
vt 0.62928 0.45262
vt 0.67191 0.56946
vt 0.67245 0.57062
vt 0.65096 0.45072
vt 0.66164 0.57325
vt 0.66196 0.57446
vt 0.66171 0.4526
vt 0.69688 0.47703
vt 0.70325 0.48603
vt 0.65088 0.57502
vt 0.65099 0.57634
vt 0.67197 0.45632
vt 0.70787 0.50744
vt 0.70608 0.4967
vt 0.70719 0.49638
vt 0.70909 0.50733
vt 0.6292 0.57324
vt 0.63995 0.5751
vt 0.63984 0.57638
vt 0.62887 0.57445
vt 0.68143 0.46175
vt 0.68977 0.46876
vt 0.61894 0.56949
vt 0.61839 0.57064
vt 0.6095 0.56405
vt 0.58303 0.51838
vt 0.58494 0.52909
vt 0.58375 0.52939
vt 0.58181 0.51847
vt 0.60105 0.55714
vt 0.70788 0.51832
vt 0.70909 0.51841
vt 0.70596 0.52904
vt 0.70715 0.52933
vt 0.58304 0.5075
vt 0.58183 0.50739
vt 0.70231 0.5393
vt 0.70338 0.5398
vt 0.69655 0.54856
vt 0.69769 0.54935
vt 0.58494 0.49678
vt 0.58377 0.49646
vt 0.6279 0.4474
vt 0.63954 0.44535
vt 0.08767 0.78515
vt 0.09518 0.78048
vt 0.1255 0.77093
vt 0.1371 0.76941
vt 0.68431 0.45729
vt 0.69333 0.46485
vt 0.30241 0.50492
vt 0.29147 0.50052
vt 0.58401 0.48411
vt 0.58991 0.47391
vt 0.18198 0.7729
vt 0.19106 0.77605
vt 0.14152 0.63949
vt 0.15157 0.63555
vt 0.33343 0.51705
vt 0.32373 0.51347
vt 0.6168 0.45144
vt 0.18393 0.62245
vt 0.1945 0.61834
vt 0.11436 0.77327
vt 0.67408 0.45141
vt 0.31326 0.50924
vt 0.28079 0.4962
vt 0.27068 0.49208
vt 0.17172 0.77063
vt 0.17302 0.62676
vt 0.60657 0.45732
vt 0.66299 0.44739
vt 0.16206 0.63109
vt 0.14895 0.76882
vt 0.16058 0.76932
vt 0.59733 0.56045
vt 0.58992 0.55133
vt 0.59751 0.4649
vt 0.65135 0.44535
vt 0.60645 0.56802
vt 0.10428 0.77673
vt 0.70098 0.47385
vt 0.19866 0.77993
vt 0.63947 0.44459
vt 0.6514 0.4446
vt 0.16071 0.76831
vt 0.17195 0.76965
vt 0.09472 0.77965
vt 0.10384 0.77578
vt 0.19148 0.77513
vt 0.19915 0.77905
vt 0.5894 0.47351
vt 0.59705 0.4644
vt 0.29113 0.50117
vt 0.28037 0.49676
vt 0.69377 0.46436
vt 0.70145 0.47347
vt 0.137 0.76842
vt 0.14897 0.76783
vt 0.11406 0.77237
vt 0.20516 0.78359
vt 0.20467 0.78438
vt 0.66315 0.44669
vt 0.15108 0.63491
vt 0.16172 0.6305
vt 0.60618 0.45673
vt 0.5969 0.56082
vt 0.58935 0.55167
vt 0.17277 0.6261
vt 0.67434 0.45078
vt 0.32367 0.51419
vt 0.31311 0.50996
vt 0.6165 0.45076
vt 0.18376 0.62172
vt 0.18231 0.77195
vt 0.27016 0.49264
vt 0.30217 0.50557
vt 0.68467 0.45672
vt 0.12529 0.76995
vt 0.19442 0.61756
vt 0.62771 0.44667
vt 0.33348 0.51792
vt 0.141 0.63896
vt 0.58344 0.48381
vt 0.08714 0.78436
vt 0.16075 0.76763
vt 0.149 0.76716
vt 0.18236 0.77129
vt 0.172 0.76898
vt 0.19154 0.77447
vt 0.19922 0.77839
vt 0.34226 0.52218
vt 0.34223 0.52152
vt 0.34974 0.52439
vt 0.34979 0.52505
vt 0.33351 0.51861
vt 0.17275 0.62547
vt 0.16166 0.62991
vt 0.31312 0.51059
vt 0.32368 0.51484
vt 0.18377 0.6211
vt 0.30216 0.5062
vt 0.19444 0.61692
vt 0.29107 0.50174
vt 0.20447 0.61303
vt 0.20444 0.61365
vt 0.10383 0.7751
vt 0.09472 0.77903
vt 0.11407 0.7717
vt 0.12531 0.76929
vt 0.13703 0.76776
vt 0.78823 0.41887
vt 0.78787 0.41942
vt 0.78687 0.41888
vt 0.25028 0.57859
vt 0.24313 0.59188
vt 0.12912 0.56814
vt 0.13486 0.58064
vt 0.13136 0.59578
vt 0.14458 0.59662
vt 0.62685 0.4411
vt 0.63937 0.43942
vt 0.63965 0.44195
vt 0.62754 0.44367
vt 0.60372 0.44903
vt 0.6148 0.44431
vt 0.61579 0.44703
vt 0.60469 0.45211
vt 0.63909 0.43683
vt 0.63789 0.42424
vt 0.65155 0.42352
vt 0.65205 0.43639
vt 0.65192 0.43913
vt 0.66415 0.44043
vt 0.66385 0.44328
vt 0.65182 0.44177
vt 0.11089 0.63425
vt 0.11655 0.62346
vt 0.12381 0.62614
vt 0.11613 0.6372
vt 0.12294 0.61116
vt 0.13283 0.61333
vt 0.26038 0.53576
vt 0.27353 0.53485
vt 0.26389 0.55096
vt 0.23919 0.49676
vt 0.2355 0.48939
vt 0.23952 0.48711
vt 0.24426 0.49368
vt 0.1075 0.64158
vt 0.11164 0.6438
vt 0.24521 0.50784
vt 0.25236 0.50505
vt 0.17295 0.81212
vt 0.17944 0.81332
vt 0.18236 0.82472
vt 0.17619 0.82397
vt 0.16761 0.80117
vt 0.23728 0.60234
vt 0.23653 0.61681
vt 0.2326 0.61034
vt 0.11437 0.53942
vt 0.11999 0.55086
vt 0.2583 0.56314
vt 0.21646 0.57701
vt 0.23536 0.5776
vt 0.23123 0.58994
vt 0.21626 0.58856
vt 0.59944 0.43128
vt 0.61126 0.42821
vt 0.61383 0.44149
vt 0.60266 0.44567
vt 0.0874 0.60631
vt 0.08751 0.59358
vt 0.11803 0.59497
vt 0.11271 0.6092
vt 0.2165 0.53828
vt 0.24714 0.53669
vt 0.24308 0.55113
vt 0.21658 0.55143
vt 0.58926 0.4349
vt 0.59311 0.45089
vt 0.67667 0.42471
vt 0.68714 0.42654
vt 0.6862 0.44297
vt 0.67604 0.43952
vt 0.21604 0.51344
vt 0.21569 0.5027
vt 0.23373 0.49944
vt 0.23754 0.51031
vt 0.25181 0.5202
vt 0.26158 0.51795
vt 0.95426 0.07708
vt 0.94682 0.07594
vt 0.94753 0.06343
vt 0.95375 0.06399
vt 0.95509 0.08903
vt 0.94569 0.08749
vt 0.95619 0.09937
vt 0.94423 0.09804
vt 0.22778 0.60015
vt 0.21597 0.59874
vt 0.62426 0.42583
vt 0.62617 0.43852
vt 0.21657 0.56449
vt 0.23988 0.56369
vt 0.67558 0.44328
vt 0.67531 0.44658
vt 0.10891 0.52901
vt 0.94693 0.02473
vt 0.94584 0.01317
vt 0.95509 0.01145
vt 0.95426 0.02345
vt 0.10464 0.52107
vt 0.10859 0.51441
vt 0.94779 0.05037
vt 0.94758 0.03729
vt 0.95374 0.03658
vt 0.95357 0.05029
vt 0.17606 0.84914
vt 0.18224 0.84855
vt 0.1792 0.86039
vt 0.17269 0.86136
vt 0.66466 0.42368
vt 0.66454 0.43729
vt 0.21631 0.52542
vt 0.2417 0.52234
vt 0.08714 0.62886
vt 0.08727 0.61821
vt 0.1087 0.62118
vt 0.10516 0.63181
vt 0.9429 0.05044
vt 0.94222 0.03781
vt 0.62761 0.44489
vt 0.61611 0.44866
vt 0.60545 0.45425
vt 0.63951 0.44402
vt 0.65147 0.44411
vt 0.18556 0.83656
vt 0.18515 0.84854
vt 0.18307 0.83655
vt 0.25637 0.49722
vt 0.26562 0.50553
vt 0.18368 0.86032
vt 0.62768 0.44612
vt 0.18527 0.82474
vt 0.18392 0.81343
vt 0.24246 0.48511
vt 0.24824 0.48988
vt 0.65164 0.44295
vt 0.66351 0.44483
vt 0.67478 0.44862
vt 0.11443 0.64603
vt 0.11996 0.64128
vt 0.12773 0.63411
vt 0.13681 0.62582
vt 0.28025 0.49736
vt 0.14771 0.61546
vt 0.94214 0.06306
vt 0.94443 0.00258
vt 0.95619 0.00107
vt 0.08774 0.53285
vt 0.09938 0.5313
vt 0.1025 0.54153
vt 0.08775 0.5431
vt 0.08773 0.55475
vt 0.10566 0.55299
vt 0.11071 0.56786
vt 0.08768 0.56738
vt 0.15094 0.63429
vt 0.27679 0.51606
vt 0.26994 0.49317
vt 0.14082 0.63842
vt 0.13189 0.64281
vt 0.13162 0.64228
vt 0.12401 0.64616
vt 0.12361 0.64569
vt 0.35202 0.57344
vt 0.35239 0.5736
vt 0.35239 0.58422
vt 0.35198 0.58406
vt 0.66323 0.44628
vt 0.6744 0.45047
vt 0.15869 0.60531
vt 0.25268 0.48542
vt 0.26083 0.4888
vt 0.26053 0.48932
vt 0.25221 0.48587
vt 0.28787 0.52626
vt 0.24591 0.48262
vt 0.24539 0.483
vt 0.60607 0.45636
vt 0.61641 0.45029
vt 0.63958 0.44299
vt 0.14986 0.75084
vt 0.13787 0.7511
vt 0.12612 0.75211
vt 0.32311 0.53587
vt 0.33319 0.53856
vt 0.11482 0.75383
vt 0.17285 0.75267
vt 0.16162 0.75141
vt 0.10448 0.7563
vt 0.21354 0.59078
vt 0.21354 0.60972
vt 0.20426 0.5931
vt 0.19396 0.59584
vt 0.30103 0.52971
vt 0.18298 0.5988
vt 0.31225 0.53285
vt 0.17166 0.60192
vt 0.34216 0.54104
vt 0.34979 0.54304
vt 0.20017 0.76055
vt 0.19239 0.75733
vt 0.18319 0.75467
vt 0.94046 0.02573
vt 0.93783 0.01453
vt 0.11395 0.58061
vt 0.08761 0.58046
vt 0.18825 0.65468
vt 0.18748 0.67052
vt 0.17711 0.66932
vt 0.17788 0.65349
vt 0.20411 0.86032
vt 0.20435 0.87153
vt 0.18842 0.87151
vt 0.18818 0.86031
vt 0.2047 0.80301
vt 0.20435 0.81346
vt 0.18842 0.81344
vt 0.18877 0.803
vt 0.20411 0.82476
vt 0.18818 0.82475
vt 0.20399 0.83658
vt 0.18806 0.83657
vt 0.20399 0.84855
vt 0.18806 0.84854
vt 0.13469 0.48374
vt 0.13426 0.49968
vt 0.12473 0.49983
vt 0.12485 0.48388
vt 0.20516 0.79374
vt 0.18923 0.79372
vt 0.16661 0.65248
vt 0.16584 0.6683
vt 0.15407 0.6675
vt 0.15486 0.65166
vt 0.25331 0.6476
vt 0.2445 0.64741
vt 0.24444 0.63145
vt 0.25325 0.63165
vt 0.14208 0.66691
vt 0.14287 0.65108
vt 0.13035 0.66659
vt 0.13113 0.65075
vt 0.32144 0.64765
vt 0.32156 0.63169
vt 0.33211 0.63151
vt 0.3319 0.64746
vt 0.1191 0.66651
vt 0.11987 0.65068
vt 0.2634 0.64775
vt 0.26348 0.6318
vt 0.27472 0.63189
vt 0.27447 0.64784
vt 0.10883 0.6667
vt 0.10969 0.6509
vt 0.28594 0.63193
vt 0.28613 0.64788
vt 0.21303 0.48446
vt 0.21314 0.5004
vt 0.20343 0.50013
vt 0.20343 0.48418
vt 0.19266 0.4999
vt 0.19258 0.48395
vt 0.29839 0.63191
vt 0.29812 0.64786
vt 0.14567 0.48366
vt 0.14579 0.4996
vt 0.1812 0.49973
vt 0.18104 0.48378
vt 0.31019 0.63183
vt 0.30998 0.64778
vt 0.16935 0.49962
vt 0.16913 0.48367
vt 0.15697 0.49958
vt 0.15715 0.48363
vt 0.34156 0.63128
vt 0.34154 0.64724
vt 0.34966 0.63102
vt 0.34967 0.64697
vt 0.2047 0.88182
vt 0.20516 0.89088
vt 0.18923 0.89088
vt 0.18877 0.88182
vt 0.20516 0.65744
vt 0.20437 0.67327
vt 0.19668 0.67185
vt 0.19747 0.65602
vt 0.16732 0.87276
vt 0.17719 0.83648
vt 0.93468 0.00375
vt 0.93449 0.0971
vt 0.93769 0.08632
vt 0.94033 0.0751
vt 0.6858 0.44774
vt 0.23127 0.49138
vt 0.11714 0.64854
vt 0.17116 0.8911
vt 0.78695 0.41914
vt 0.7869 0.41901
vt 0.78687 0.41874
vt 0.7869 0.41861
vt 0.78695 0.41848
vt 0.78703 0.41837
vt 0.78712 0.41828
vt 0.78724 0.4182
vt 0.78736 0.41815
vt 0.78749 0.41813
vt 0.78762 0.41813
vt 0.78775 0.41815
vt 0.78787 0.4182
vt 0.78798 0.41827
vt 0.78808 0.41837
vt 0.78815 0.41848
vt 0.78821 0.4186
vt 0.78823 0.41874
vt 0.78821 0.41901
vt 0.78815 0.41913
vt 0.78808 0.41925
vt 0.78798 0.41934
vt 0.78775 0.41947
vt 0.78762 0.41949
vt 0.78749 0.41949
vt 0.78736 0.41947
vt 0.78723 0.41942
vt 0.78712 0.41935
vt 0.78703 0.41925
usemtl mat0
f 153/153/150 154/154/151 155/155/152
f 153/153/150 155/155/152 156/156/153
f 157/157/154 158/158/155 159/159/156
f 160/160/157 161/161/158 162/162/159
f 160/160/157 162/162/159 163/163/160
f 164/164/161 165/165/162 166/166/163
f 164/164/161 166/166/163 167/167/164
f 168/168/165 169/169/166 161/161/158
f 168/168/165 161/161/158 160/160/157
f 170/170/167 171/171/168 172/172/169
f 170/170/167 172/172/169 173/173/170
f 174/174/171 175/175/172 176/176/173
f 174/174/171 176/176/173 177/177/174
f 178/178/175 179/179/176 180/180/177
f 178/178/175 180/180/177 181/181/178
f 182/182/179 183/183/180 175/175/172
f 182/182/179 175/175/172 174/174/171
f 184/184/181 185/185/182 179/179/176
f 184/184/181 179/179/176 178/178/175
f 186/186/183 187/187/184 188/188/185
f 186/186/183 188/188/185 189/189/186
f 190/190/187 191/191/188 185/185/182
f 190/190/187 185/185/182 184/184/181
f 192/192/189 193/193/190 187/187/184
f 192/192/189 187/187/184 186/186/183
f 194/194/191 195/195/192 191/191/188
f 194/194/191 191/191/188 190/190/187
f 181/181/178 180/180/177 196/196/193
f 181/181/178 196/196/193 197/197/194
f 198/198/195 199/199/196 193/193/190
f 198/198/195 193/193/190 192/192/189
f 200/200/197 201/201/198 195/195/192
f 200/200/197 195/195/192 194/194/191
f 202/202/199 203/203/200 201/201/198
f 202/202/199 201/201/198 200/200/197
f 204/204/201 205/205/202 199/199/196
f 204/204/201 199/199/196 198/198/195
f 206/206/203 207/207/204 208/208/205
f 206/206/203 208/208/205 209/209/206
f 210/210/207 211/211/208 212/212/209
f 210/210/207 212/212/209 213/213/210
f 214/214/211 215/215/212 205/205/202
f 214/214/211 205/205/202 204/204/201
f 216/216/213 217/217/214 207/207/204
f 216/216/213 207/207/204 206/206/203
f 189/189/186 188/188/185 183/183/180
f 189/189/186 183/183/180 182/182/179
f 218/218/215 219/219/216 217/217/214
f 218/218/215 217/217/214 216/216/213
f 220/220/217 221/221/218 219/219/216
f 220/220/217 219/219/216 218/218/215
f 222/222/219 223/223/220 224/224/221
f 222/222/219 224/224/221 225/225/222
f 213/213/210 212/212/209 221/221/218
f 213/213/210 221/221/218 220/220/217
f 226/226/223 227/227/224 228/228/225
f 226/226/223 228/228/225 229/229/226
f 197/197/194 196/196/193 172/172/169
f 197/197/194 172/172/169 171/171/168
f 230/230/227 231/231/228 232/232/229
f 230/230/227 232/232/229 233/233/230
f 234/234/231 235/235/232 236/236/233
f 234/234/231 236/236/233 237/237/234
f 238/238/235 239/239/236 240/240/237
f 238/238/235 240/240/237 241/241/238
f 242/242/239 243/243/240 244/244/241
f 242/242/239 244/244/241 245/245/242
f 246/246/243 247/247/244 248/248/245
f 246/246/243 248/248/245 249/249/246
f 250/250/247 251/251/248 252/252/249
f 250/250/247 252/252/249 253/253/250
f 254/254/251 255/255/252 256/256/253
f 254/254/251 256/256/253 257/257/254
f 235/235/232 258/258/255 259/259/256
f 235/235/232 259/259/256 236/236/233
f 260/260/257 261/261/258 262/262/259
f 260/260/257 262/262/259 263/263/260
f 154/154/151 264/264/261 265/265/262
f 154/154/151 265/265/262 155/155/152
f 266/266/263 267/267/264 268/268/265
f 266/266/263 268/268/265 269/269/266
f 243/243/240 270/270/267 271/271/268
f 243/243/240 271/271/268 244/244/241
f 261/261/258 272/272/269 273/273/270
f 261/261/258 273/273/270 262/262/259
f 255/255/252 230/230/227 233/233/230
f 255/255/252 233/233/230 256/256/253
f 267/267/264 274/274/271 275/275/272
f 267/267/264 275/275/272 268/268/265
f 264/264/261 276/276/273 277/277/274
f 264/264/261 277/277/274 265/265/262
f 278/278/275 279/279/276 280/280/277
f 278/278/275 280/280/277 281/281/278
f 270/270/267 282/282/279 283/283/280
f 270/270/267 283/283/280 271/271/268
f 274/274/271 284/284/281 285/285/282
f 274/274/271 285/285/282 275/275/272
f 231/231/228 286/286/283 287/287/284
f 231/231/228 287/287/284 232/232/229
f 247/247/244 288/288/285 289/289/286
f 247/247/244 289/289/286 248/248/245
f 279/279/276 290/290/287 291/291/288
f 279/279/276 291/291/288 280/280/277
f 276/276/273 292/292/289 293/293/290
f 276/276/273 293/293/290 277/277/274
f 258/258/255 294/294/291 295/295/292
f 258/258/255 295/295/292 259/259/256
f 284/284/281 296/296/293 297/297/294
f 284/284/281 297/297/294 285/285/282
f 282/282/279 298/298/295 299/299/296
f 282/282/279 299/299/296 283/283/280
f 300/300/297 278/278/275 281/281/278
f 300/300/297 281/281/278 301/301/298
f 302/302/299 266/266/263 269/269/266
f 302/302/299 269/269/266 303/303/300
f 286/286/283 238/238/235 241/241/238
f 286/286/283 241/241/238 287/287/284
f 304/304/301 242/242/239 245/245/242
f 304/304/301 245/245/242 305/305/302
f 290/290/287 246/246/243 249/249/246
f 290/290/287 249/249/246 291/291/288
f 292/292/289 250/250/247 253/253/250
f 292/292/289 253/253/250 293/293/290
f 294/294/291 254/254/251 257/257/254
f 294/294/291 257/257/254 295/295/292
f 306/306/303 234/234/231 237/237/234
f 306/306/303 237/237/234 307/307/304
f 298/298/295 153/153/150 156/156/153
f 298/298/295 156/156/153 299/299/296
f 308/308/305 309/309/306 310/310/307
f 308/308/305 310/310/307 311/311/308
f 312/312/309 157/157/154 273/273/310
f 312/312/309 273/273/310 313/313/311
f 314/314/312 315/315/313 305/305/314
f 314/314/312 305/305/314 245/245/315
f 316/316/316 158/158/155 244/244/317
f 316/316/316 244/244/317 271/271/318
f 317/317/319 316/316/316 271/271/318
f 317/317/319 271/271/318 283/283/320
f 318/318/321 319/319/322 299/299/323
f 318/318/321 299/299/323 156/156/324
f 320/320/325 308/308/305 311/311/308
f 320/320/325 311/311/308 321/321/326
f 322/322/327 318/318/321 156/156/324
f 322/322/327 156/156/324 155/155/328
f 158/158/155 314/314/312 245/245/315
f 158/158/155 245/245/315 244/244/317
f 323/323/329 320/320/325 321/321/326
f 323/323/329 321/321/326 324/324/330
f 325/325/331 322/322/327 155/155/328
f 325/325/331 155/155/328 265/265/332
f 159/159/156 326/326/333 252/252/334
f 159/159/156 252/252/334 327/327/335
f 328/328/336 323/323/329 324/324/330
f 328/328/336 324/324/330 329/329/337
f 330/330/338 325/325/331 265/265/332
f 330/330/338 265/265/332 277/277/339
f 331/331/340 332/332/341 333/333/342
f 331/331/340 333/333/342 334/334/343
f 335/335/344 336/336/345 337/337/346
f 335/335/344 337/337/346 338/338/347
f 339/339/348 330/330/338 277/277/339
f 339/339/348 277/277/339 293/293/349
f 319/319/322 317/317/319 283/283/320
f 319/319/322 283/283/320 299/299/323
f 340/340/350 339/339/348 293/293/349
f 340/340/350 293/293/349 253/253/351
f 341/341/352 335/335/344 338/338/347
f 341/341/352 338/338/347 342/342/353
f 343/343/354 341/341/352 342/342/353
f 343/343/354 342/342/353 263/263/355
f 326/326/333 340/340/350 253/253/351
f 326/326/333 253/253/351 252/252/334
f 344/344/356 345/345/357 346/346/358
f 344/344/356 346/346/358 347/347/359
f 348/348/360 343/343/354 263/263/355
f 348/348/360 263/263/355 262/262/361
f 332/332/341 159/159/156 327/327/335
f 332/332/341 327/327/335 333/333/342
f 157/157/154 348/348/360 262/262/361
f 157/157/154 262/262/361 273/273/310
f 345/345/357 312/312/309 313/313/311
f 345/345/357 313/313/311 346/346/358
f 349/349/362 331/331/340 334/334/343
f 349/349/362 334/334/343 350/350/363
f 351/351/364 349/349/362 350/350/363
f 351/351/364 350/350/363 352/352/365
f 353/353/366 344/344/356 347/347/359
f 353/353/366 347/347/359 354/354/367
f 355/355/368 351/351/364 352/352/365
f 355/355/368 352/352/365 356/356/369
f 357/357/370 355/355/368 356/356/369
f 357/357/370 356/356/369 358/358/371
f 359/359/372 353/353/366 354/354/367
f 359/359/372 354/354/367 360/360/373
f 309/309/306 357/357/370 358/358/371
f 309/309/306 358/358/371 310/310/307
f 336/336/345 328/328/336 329/329/337
f 336/336/345 329/329/337 337/337/346
f 315/315/313 359/359/372 360/360/373
f 315/315/313 360/360/373 305/305/314
f 361/361/374 362/362/375 153/153/150
f 361/361/374 153/153/150 298/298/295
f 363/363/376 364/364/377 234/234/231
f 363/363/376 234/234/231 306/306/303
f 365/365/378 366/366/379 254/254/251
f 365/365/378 254/254/251 294/294/291
f 367/367/380 368/368/381 250/250/247
f 367/367/380 250/250/247 292/292/289
f 369/369/382 370/370/383 246/246/243
f 369/369/382 246/246/243 290/290/287
f 371/371/384 372/372/385 242/242/239
f 371/371/384 242/242/239 304/304/301
f 373/373/386 374/374/387 238/238/235
f 373/373/386 238/238/235 286/286/283
f 375/375/388 376/376/389 266/266/263
f 375/375/388 266/266/263 302/302/299
f 377/377/390 378/378/391 278/278/275
f 377/377/390 278/278/275 300/300/297
f 379/379/392 361/361/374 298/298/295
f 379/379/392 298/298/295 282/282/279
f 380/380/393 381/381/394 296/296/293
f 380/380/393 296/296/293 284/284/281
f 382/382/395 365/365/378 294/294/291
f 382/382/395 294/294/291 258/258/255
f 383/383/396 367/367/380 292/292/289
f 383/383/396 292/292/289 276/276/273
f 384/384/397 369/369/382 290/290/287
f 384/384/397 290/290/287 279/279/276
f 385/385/398 386/386/399 288/288/285
f 385/385/398 288/288/285 247/247/244
f 387/387/400 373/373/386 286/286/283
f 387/387/400 286/286/283 231/231/228
f 388/388/401 380/380/393 284/284/281
f 388/388/401 284/284/281 274/274/271
f 389/389/402 379/379/392 282/282/279
f 389/389/402 282/282/279 270/270/267
f 378/378/391 384/384/397 279/279/276
f 378/378/391 279/279/276 278/278/275
f 390/390/403 383/383/396 276/276/273
f 390/390/403 276/276/273 264/264/261
f 391/391/404 388/388/401 274/274/271
f 391/391/404 274/274/271 267/267/264
f 392/392/405 393/393/406 230/230/227
f 392/392/405 230/230/227 255/255/252
f 394/394/407 395/395/408 272/272/269
f 394/394/407 272/272/269 261/261/258
f 396/396/409 389/389/402 270/270/267
f 396/396/409 270/270/267 243/243/240
f 376/376/389 391/391/404 267/267/264
f 376/376/389 267/267/264 266/266/263
f 397/397/410 390/390/403 264/264/261
f 397/397/410 264/264/261 154/154/151
f 398/398/411 394/394/407 261/261/258
f 398/398/411 261/261/258 260/260/257
f 399/399/412 382/382/395 258/258/255
f 399/399/412 258/258/255 235/235/232
f 366/366/379 392/392/405 255/255/252
f 366/366/379 255/255/252 254/254/251
f 368/368/381 400/400/413 251/251/248
f 368/368/381 251/251/248 250/250/247
f 370/370/383 385/385/398 247/247/244
f 370/370/383 247/247/244 246/246/243
f 372/372/385 396/396/409 243/243/240
f 372/372/385 243/243/240 242/242/239
f 374/374/387 401/401/414 239/239/236
f 374/374/387 239/239/236 238/238/235
f 364/364/377 399/399/412 235/235/232
f 364/364/377 235/235/232 234/234/231
f 393/393/406 387/387/400 231/231/228
f 393/393/406 231/231/228 230/230/227
f 362/362/375 397/397/410 154/154/151
f 362/362/375 154/154/151 153/153/150
f 402/402/415 403/403/416 397/397/410
f 402/402/415 397/397/410 362/362/375
f 404/404/417 405/405/418 387/387/400
f 404/404/417 387/387/400 393/393/406
f 406/406/419 407/407/420 399/399/412
f 406/406/419 399/399/412 364/364/377
f 408/408/421 409/409/422 401/401/414
f 408/408/421 401/401/414 374/374/387
f 410/410/423 411/411/424 396/396/409
f 410/410/423 396/396/409 372/372/385
f 412/412/425 413/413/426 385/385/398
f 412/412/425 385/385/398 370/370/383
f 414/414/427 415/415/428 400/400/413
f 414/414/427 400/400/413 368/368/381
f 416/416/429 417/417/430 392/392/405
f 416/416/429 392/392/405 366/366/379
f 407/407/420 418/418/431 382/382/395
f 407/407/420 382/382/395 399/399/412
f 409/409/422 419/419/432 420/420/433
f 409/409/422 420/420/433 401/401/414
f 403/403/416 421/421/434 390/390/403
f 403/403/416 390/390/403 397/397/410
f 422/422/435 423/423/436 391/391/404
f 422/422/435 391/391/404 376/376/389
f 411/411/424 424/424/437 389/389/402
f 411/411/424 389/389/402 396/396/409
f 425/425/438 426/426/439 395/395/408
f 425/425/438 395/395/408 394/394/407
f 417/417/430 404/404/417 393/393/406
f 417/417/430 393/393/406 392/392/405
f 423/423/436 427/427/440 388/388/401
f 423/423/436 388/388/401 391/391/404
f 421/421/434 428/428/441 383/383/396
f 421/421/434 383/383/396 390/390/403
f 429/429/442 430/430/443 384/384/397
f 429/429/442 384/384/397 378/378/391
f 424/424/437 431/431/444 379/379/392
f 424/424/437 379/379/392 389/389/402
f 427/427/440 432/432/445 380/380/393
f 427/427/440 380/380/393 388/388/401
f 405/405/418 433/433/446 373/373/386
f 405/405/418 373/373/386 387/387/400
f 413/413/426 434/434/447 386/386/399
f 413/413/426 386/386/399 385/385/398
f 430/430/443 435/435/448 369/369/382
f 430/430/443 369/369/382 384/384/397
f 428/428/441 436/436/449 367/367/380
f 428/428/441 367/367/380 383/383/396
f 418/418/431 437/437/450 365/365/378
f 418/418/431 365/365/378 382/382/395
f 432/432/445 438/438/451 381/381/394
f 432/432/445 381/381/394 380/380/393
f 431/431/444 439/439/452 361/361/374
f 431/431/444 361/361/374 379/379/392
f 440/440/453 429/429/442 378/378/391
f 440/440/453 378/378/391 377/377/390
f 441/441/454 422/422/435 376/376/389
f 441/441/454 376/376/389 375/375/388
f 433/433/446 408/408/421 374/374/387
f 433/433/446 374/374/387 373/373/386
f 442/442/455 410/410/423 372/372/385
f 442/442/455 372/372/385 371/371/384
f 435/435/448 412/412/425 370/370/383
f 435/435/448 370/370/383 369/369/382
f 436/436/449 414/414/427 368/368/381
f 436/436/449 368/368/381 367/367/380
f 437/437/450 416/416/429 366/366/379
f 437/437/450 366/366/379 365/365/378
f 443/443/456 406/406/419 364/364/377
f 443/443/456 364/364/377 363/363/376
f 439/439/452 402/402/415 362/362/375
f 439/439/452 362/362/375 361/361/374
f 444/444/457 404/404/417 417/417/430
f 444/444/457 417/417/430 445/445/458
f 446/446/459 433/433/446 405/405/418
f 446/446/459 405/405/418 447/447/460
f 448/448/461 408/408/421 433/433/446
f 448/448/461 433/433/446 446/446/459
f 449/449/462 409/409/422 408/408/421
f 449/449/462 408/408/421 448/448/461
f 450/450/463 451/451/464 452/452/465
f 450/450/463 452/452/465 453/453/466
f 454/454/467 440/440/453 451/451/464
f 454/454/467 451/451/464 450/450/463
f 455/455/468 427/427/440 423/423/469
f 455/455/468 423/423/469 456/456/470
f 457/457/471 430/430/443 429/429/442
f 457/457/471 429/429/442 458/458/472
f 459/459/473 432/432/445 427/427/440
f 459/459/473 427/427/440 455/455/468
f 460/460/474 435/435/475 430/430/443
f 460/460/474 430/430/443 457/457/471
f 461/461/476 438/438/451 432/432/445
f 461/461/476 432/432/445 459/459/473
f 462/462/477 412/412/478 435/435/475
f 462/462/477 435/435/475 460/460/474
f 463/463/479 464/464/480 438/438/451
f 463/463/479 438/438/451 461/461/476
f 465/465/481 407/407/420 406/406/419
f 465/465/481 406/406/419 466/466/482
f 467/467/483 418/418/431 407/407/420
f 467/467/483 407/407/420 465/465/481
f 447/447/460 405/405/418 404/404/417
f 447/447/460 404/404/417 444/444/457
f 468/468/484 437/437/450 418/418/431
f 468/468/484 418/418/431 467/467/483
f 458/458/472 429/429/442 440/440/453
f 458/458/472 440/440/453 454/454/467
f 469/469/485 416/416/429 437/437/450
f 469/469/485 437/437/450 468/468/484
f 445/445/458 417/417/430 416/416/429
f 445/445/458 416/416/429 469/469/485
f 470/470/486 471/471/486 472/472/486
f 473/473/487 215/215/212 225/225/222
f 473/473/487 225/225/222 474/474/488
f 475/475/489 180/180/177 179/179/176
f 475/475/489 179/179/176 476/476/490
f 477/477/491 476/476/490 179/179/176
f 477/477/491 179/179/176 478/478/492
f 479/479/493 480/480/494 481/481/495
f 479/479/493 481/481/495 482/482/496
f 483/483/497 484/484/498 485/485/499
f 483/483/497 485/485/499 486/486/500
f 487/487/501 488/488/502 489/489/503
f 487/487/501 489/489/503 490/490/504
f 484/484/498 479/479/493 482/482/496
f 484/484/498 482/482/496 485/485/499
f 491/491/505 492/492/506 493/493/507
f 491/491/505 493/493/507 494/494/508
f 495/495/509 496/496/510 497/497/511
f 495/495/509 497/497/511 498/498/512
f 499/499/513 477/477/491 478/478/492
f 499/499/513 478/478/492 500/500/514
f 501/501/515 502/502/516 199/199/196
f 501/501/515 199/199/196 503/503/517
f 504/504/518 505/505/519 506/506/520
f 504/504/518 506/506/520 507/507/521
f 508/508/522 495/495/509 498/498/512
f 508/508/522 498/498/512 509/509/523
f 510/510/524 504/504/518 507/507/521
f 510/510/524 507/507/521 511/511/525
f 512/512/526 513/513/527 514/514/528
f 512/512/526 514/514/528 515/515/529
f 516/516/530 228/228/225 513/513/527
f 516/516/530 513/513/527 512/512/526
f 517/517/531 224/224/221 518/518/532
f 517/517/531 518/518/532 519/519/533
f 474/474/488 225/225/222 224/224/221
f 474/474/488 224/224/221 517/517/531
f 520/520/534 172/172/169 196/196/193
f 520/520/534 196/196/193 521/521/535
f 522/522/536 205/205/202 215/215/212
f 522/522/536 215/215/212 473/473/487
f 523/523/537 524/524/538 525/525/539
f 523/523/537 525/525/539 526/526/540
f 522/522/536 503/503/517 199/199/196
f 522/522/536 199/199/196 205/205/202
f 527/527/541 528/528/542 529/529/543
f 527/527/541 529/529/543 530/530/544
f 531/531/545 532/532/546 533/533/547
f 531/531/545 533/533/547 534/534/548
f 535/535/549 536/536/550 537/537/551
f 535/535/549 537/537/551 538/538/552
f 539/539/553 527/527/541 530/530/544
f 539/539/553 530/530/544 540/540/554
f 541/541/555 542/542/556 543/543/557
f 541/541/555 543/543/557 544/544/558
f 545/545/559 546/546/560 547/547/561
f 545/545/559 547/547/561 548/548/562
f 549/549/563 510/510/524 511/511/525
f 549/549/563 511/511/525 550/550/564
f 551/551/565 552/552/566 553/553/567
f 551/551/565 553/553/567 554/554/568
f 555/555/569 556/556/570 552/552/566
f 555/555/569 552/552/566 551/551/565
f 557/557/571 558/558/572 556/556/570
f 557/557/571 556/556/570 555/555/569
f 526/526/540 525/525/539 559/559/573
f 526/526/540 559/559/573 560/560/574
f 561/561/575 488/488/502 487/487/501
f 561/561/575 487/487/501 562/562/576
f 563/563/577 564/564/578 524/524/538
f 563/563/577 524/524/538 523/523/537
f 492/492/506 565/565/579 566/566/580
f 492/492/506 566/566/580 493/493/507
f 521/521/535 196/196/193 180/180/177
f 521/521/535 180/180/177 475/475/489
f 567/567/581 173/173/170 172/172/169
f 567/567/581 172/172/169 520/520/534
f 568/568/582 569/569/583 570/570/584
f 568/568/582 570/570/584 571/571/585
f 572/572/586 573/573/587 173/173/170
f 572/572/586 173/173/170 567/567/581
f 574/574/588 575/575/589 576/576/590
f 574/574/588 576/576/590 577/577/591
f 578/578/592 579/579/593 580/580/594
f 578/578/592 580/580/594 581/581/595
f 501/501/515 549/549/563 550/550/564
f 501/501/515 550/550/564 502/502/516
f 576/576/590 575/575/589 568/568/582
f 576/576/590 568/568/582 571/571/585
f 496/496/510 499/499/513 500/500/514
f 496/496/510 500/500/514 497/497/511
f 480/480/494 487/487/501 490/490/504
f 480/480/494 490/490/504 491/491/505
f 489/489/503 582/582/596 583/583/597
f 489/489/503 583/583/597 490/490/504
f 535/535/549 584/584/598 585/585/599
f 535/535/549 585/585/599 536/536/550
f 586/586/600 587/587/601 588/588/602
f 586/586/600 588/588/602 589/589/603
f 590/590/604 591/591/605 575/575/589
f 590/590/604 575/575/589 574/574/588
f 528/528/542 561/561/575 562/562/576
f 528/528/542 562/562/576 529/529/543
f 592/592/606 593/593/607 485/485/499
f 592/592/606 485/485/499 482/482/496
f 593/593/607 594/594/608 486/486/500
f 593/593/607 486/486/500 485/485/499
f 595/595/609 596/596/610 403/403/416
f 595/595/609 403/403/416 402/402/415
f 597/597/611 598/598/612 579/579/593
f 597/597/611 579/579/593 599/599/613
f 600/600/614 601/601/615 550/550/564
f 600/600/614 550/550/564 511/511/525
f 598/598/612 602/602/616 580/580/594
f 598/598/612 580/580/594 579/579/593
f 595/595/609 402/402/415 439/439/452
f 595/595/609 439/439/452 603/603/617
f 604/604/618 597/597/611 599/599/613
f 604/604/618 599/599/613 514/514/528
f 605/605/619 604/604/618 514/514/528
f 605/605/619 514/514/528 513/513/527
f 227/227/224 605/605/619 513/513/527
f 227/227/224 513/513/527 228/228/225
f 602/602/616 164/164/161 167/167/164
f 602/602/616 167/167/164 580/580/594
f 606/606/620 607/607/621 507/507/521
f 606/606/620 507/507/521 506/506/520
f 607/607/621 600/600/614 511/511/525
f 607/607/621 511/511/525 507/507/521
f 608/608/622 494/494/508 493/493/507
f 608/608/622 493/493/507 609/609/623
f 609/609/623 493/493/507 566/566/580
f 609/609/623 566/566/580 610/610/624
f 611/611/625 509/509/523 498/498/512
f 611/611/625 498/498/512 612/612/626
f 612/612/626 498/498/512 497/497/511
f 612/612/626 497/497/511 613/613/627
f 613/613/627 497/497/511 500/500/514
f 613/613/627 500/500/514 614/614/628
f 462/462/477 615/615/629 413/413/630
f 462/462/477 413/413/630 412/412/478
f 614/614/628 500/500/514 478/478/492
f 614/614/628 478/478/492 616/616/631
f 617/617/632 590/590/604 574/574/588
f 617/617/632 574/574/588 553/553/567
f 570/570/584 569/569/583 618/618/633
f 570/570/584 618/618/633 619/619/634
f 620/620/635 621/621/636 622/622/637
f 620/620/635 622/622/637 623/623/638
f 624/624/639 625/625/640 626/626/641
f 624/624/639 626/626/641 627/627/642
f 582/582/596 541/541/555 544/544/558
f 582/582/596 544/544/558 583/583/597
f 587/587/601 531/531/545 534/534/548
f 587/587/601 534/534/548 588/588/602
f 584/584/598 545/545/559 548/548/562
f 584/584/598 548/548/562 585/585/599
f 563/563/577 538/538/552 537/537/551
f 563/563/577 537/537/551 564/564/578
f 553/553/567 574/574/588 577/577/591
f 553/553/567 577/577/591 554/554/568
f 423/423/469 422/422/643 628/628/644
f 423/423/469 628/628/644 456/456/470
f 601/601/615 629/629/645 502/502/516
f 601/601/615 502/502/516 550/550/564
f 434/434/447 413/413/630 615/615/629
f 434/434/447 615/615/629 630/630/646
f 441/441/647 631/631/648 628/628/644
f 441/441/647 628/628/644 422/422/643
f 632/632/649 633/633/650 631/631/648
f 632/632/649 631/631/648 441/441/647
f 634/634/651 635/635/652 633/633/650
f 634/634/651 633/633/650 632/632/649
f 636/636/653 637/637/654 638/638/655
f 636/636/653 638/638/655 639/639/656
f 421/421/434 640/640/657 641/641/658
f 421/421/434 641/641/658 428/428/441
f 403/403/416 596/596/610 640/640/657
f 403/403/416 640/640/657 421/421/434
f 642/642/659 616/616/631 478/478/492
f 642/642/659 478/478/492 179/179/176
f 643/643/660 644/644/661 645/645/662
f 643/643/660 645/645/662 646/646/663
f 647/647/664 629/629/645 615/615/629
f 647/647/664 615/615/629 462/462/477
f 648/648/665 643/643/660 646/646/663
f 648/648/665 646/646/663 649/649/666
f 644/644/661 434/434/447 630/630/646
f 644/644/661 630/630/646 645/645/662
f 431/431/444 424/424/437 650/650/667
f 431/431/444 650/650/667 651/651/668
f 439/439/452 431/431/444 651/651/668
f 439/439/452 651/651/668 603/603/617
f 652/652/669 595/595/609 603/603/617
f 652/652/669 603/603/617 592/592/606
f 652/652/669 608/608/622 596/596/610
f 652/652/669 596/596/610 595/595/609
f 653/653/670 445/445/458 469/469/485
f 653/653/670 469/469/485 654/654/671
f 654/654/671 469/469/485 468/468/484
f 654/654/671 468/468/484 655/655/672
f 656/656/673 458/458/472 454/454/467
f 656/656/673 454/454/467 657/657/674
f 655/655/672 468/468/484 467/467/483
f 655/655/672 467/467/483 658/658/675
f 659/659/676 447/447/460 444/444/457
f 659/659/676 444/444/457 660/660/677
f 658/658/675 467/467/483 465/465/481
f 658/658/675 465/465/481 661/661/678
f 662/662/679 663/663/680 463/463/479
f 662/662/679 463/463/479 664/664/681
f 664/664/681 463/463/479 461/461/476
f 664/664/681 461/461/476 665/665/682
f 647/647/664 462/462/477 460/460/474
f 647/647/664 460/460/474 666/666/683
f 665/665/682 461/461/476 459/459/473
f 665/665/682 459/459/473 667/667/684
f 666/666/683 460/460/474 457/457/471
f 666/666/683 457/457/471 668/668/685
f 667/667/684 459/459/473 455/455/468
f 667/667/684 455/455/468 669/669/686
f 668/668/685 457/457/471 458/458/472
f 668/668/685 458/458/472 656/656/673
f 669/669/686 455/455/468 456/456/470
f 669/669/686 456/456/470 642/642/659
f 657/657/674 454/454/467 450/450/463
f 657/657/674 450/450/463 670/670/687
f 670/670/687 450/450/463 453/453/466
f 670/670/687 453/453/466 671/671/688
f 672/672/689 449/449/462 448/448/461
f 672/672/689 448/448/461 673/673/690
f 673/673/690 448/448/461 446/446/459
f 673/673/690 446/446/459 674/674/691
f 675/675/692 676/676/693 569/569/583
f 675/675/692 569/569/583 568/568/582
f 627/627/642 626/626/641 677/677/694
f 627/627/642 677/677/694 678/678/695
f 532/532/546 678/678/695 677/677/694
f 532/532/546 677/677/694 533/533/547
f 163/163/160 162/162/159 211/211/208
f 163/163/160 211/211/208 210/210/207
f 623/623/638 622/622/637 625/625/640
f 623/623/638 625/625/640 624/624/639
f 679/679/696 680/680/697 681/681/698
f 679/679/696 681/681/698 682/682/699
f 683/683/700 684/684/701 685/685/702
f 683/683/700 685/685/702 686/686/703
f 687/687/704 688/688/705 689/689/706
f 687/687/704 689/689/706 690/690/707
f 688/688/705 691/691/708 692/692/709
f 688/688/705 692/692/709 689/689/706
f 691/691/708 693/693/710 694/694/711
f 691/691/708 694/694/711 692/692/709
f 695/695/712 683/683/700 686/686/703
f 695/695/712 686/686/703 696/696/713
f 693/693/710 695/695/712 696/696/713
f 693/693/710 696/696/713 694/694/711
f 697/697/714 698/698/715 699/699/716
f 697/697/714 699/699/716 700/700/717
f 701/701/718 687/687/704 690/690/707
f 701/701/718 690/690/707 702/702/719
f 703/703/720 704/704/721 705/705/722
f 703/703/720 705/705/722 706/706/723
f 707/707/724 708/708/725 709/709/726
f 707/707/724 709/709/726 710/710/727
f 706/706/723 705/705/722 711/711/728
f 706/706/723 711/711/728 712/712/729
f 712/712/729 711/711/728 713/713/730
f 712/712/729 713/713/730 714/714/731
f 715/715/732 716/716/733 717/717/734
f 715/715/732 717/717/734 718/718/735
f 714/714/731 713/713/730 719/719/736
f 714/714/731 719/719/736 720/720/737
f 721/721/738 722/722/739 723/723/740
f 721/721/738 723/723/740 724/724/741
f 682/682/699 681/681/698 704/704/721
f 682/682/699 704/704/721 703/703/720
f 720/720/737 719/719/736 725/725/742
f 720/720/737 725/725/742 726/726/743
f 724/724/741 723/723/740 727/727/744
f 724/724/741 727/727/744 728/728/745
f 729/729/746 730/730/747 731/731/748
f 729/729/746 731/731/748 732/732/749
f 732/732/749 731/731/748 733/733/750
f 732/732/749 733/733/750 734/734/751
f 728/728/745 727/727/744 735/735/752
f 728/728/745 735/735/752 736/736/753
f 737/737/754 738/738/755 698/698/715
f 737/737/754 698/698/715 697/697/714
f 734/734/751 733/733/750 739/739/756
f 734/734/751 739/739/756 740/740/757
f 736/736/753 735/735/752 741/741/758
f 736/736/753 741/741/758 742/742/759
f 740/740/757 739/739/756 743/743/760
f 740/740/757 743/743/760 744/744/761
f 742/742/759 741/741/758 716/716/733
f 742/742/759 716/716/733 715/715/732
f 744/744/761 743/743/760 745/745/762
f 744/744/761 745/745/762 746/746/763
f 718/718/735 717/717/734 747/747/764
f 718/718/735 747/747/764 748/748/765
f 746/746/763 745/745/762 738/738/755
f 746/746/763 738/738/755 737/737/754
f 222/222/219 214/214/211 722/722/739
f 222/222/219 722/722/739 710/710/727
f 748/748/765 747/747/764 749/749/766
f 748/748/765 749/749/766 750/750/767
f 751/751/768 752/752/769 753/753/770
f 751/751/768 753/753/770 754/754/771
f 755/755/772 756/756/773 757/757/774
f 755/755/772 757/757/774 758/758/775
f 684/684/701 751/751/768 754/754/771
f 684/684/701 754/754/771 685/685/702
f 758/758/775 757/757/774 680/680/697
f 758/758/775 680/680/697 679/679/696
f 580/580/594 167/167/164 759/759/776
f 580/580/594 759/759/776 581/581/595
f 514/514/528 599/599/613 760/760/777
f 514/514/528 760/760/777 515/515/529
f 599/599/613 579/579/593 578/578/592
f 599/599/613 578/578/592 760/760/777
f 481/481/495 480/480/494 491/491/505
f 481/481/495 491/491/505 494/494/508
f 588/588/602 534/534/548 499/499/513
f 588/588/602 499/499/513 496/496/510
f 536/536/550 585/585/599 549/549/563
f 536/536/550 549/549/563 501/501/515
f 575/575/589 591/591/605 675/675/692
f 575/575/589 675/675/692 568/568/582
f 569/569/583 676/676/693 761/761/778
f 569/569/583 761/761/778 618/618/633
f 621/621/636 567/567/581 520/520/534
f 621/621/636 520/520/534 622/622/637
f 625/625/640 521/521/535 475/475/489
f 625/625/640 475/475/489 626/626/641
f 583/583/597 544/544/558 565/565/579
f 583/583/597 565/565/579 492/492/506
f 585/585/599 548/548/562 510/510/524
f 585/585/599 510/510/524 549/549/563
f 564/564/578 537/537/551 503/503/517
f 564/564/578 503/503/517 522/522/536
f 564/564/578 522/522/536 473/473/487
f 564/564/578 473/473/487 524/524/538
f 622/622/637 520/520/534 521/521/535
f 622/622/637 521/521/535 625/625/640
f 525/525/539 474/474/488 517/517/531
f 525/525/539 517/517/531 559/559/573
f 558/558/572 762/762/779 763/763/780
f 558/558/572 763/763/780 556/556/570
f 556/556/570 763/763/780 764/764/781
f 556/556/570 764/764/781 552/552/566
f 552/552/566 764/764/781 617/617/632
f 552/552/566 617/617/632 553/553/567
f 548/548/562 547/547/561 504/504/518
f 548/548/562 504/504/518 510/510/524
f 544/544/558 543/543/557 765/765/782
f 544/544/558 765/765/782 565/565/579
f 547/547/561 766/766/783 505/505/519
f 547/547/561 505/505/519 504/504/518
f 536/536/550 501/501/515 503/503/517
f 536/536/550 503/503/517 537/537/551
f 534/534/548 533/533/547 477/477/491
f 534/534/548 477/477/491 499/499/513
f 589/589/603 588/588/602 496/496/510
f 589/589/603 496/496/510 495/495/509
f 490/490/504 583/583/597 492/492/506
f 490/490/504 492/492/506 491/491/505
f 529/529/543 562/562/576 479/479/493
f 529/529/543 479/479/493 484/484/498
f 530/530/544 529/529/543 484/484/498
f 530/530/544 484/484/498 483/483/497
f 562/562/576 487/487/501 480/480/494
f 562/562/576 480/480/494 479/479/493
f 533/533/547 677/677/694 476/476/490
f 533/533/547 476/476/490 477/477/491
f 626/626/641 475/475/489 476/476/490
f 626/626/641 476/476/490 677/677/694
f 524/524/538 473/473/487 474/474/488
f 524/524/538 474/474/488 525/525/539
f 674/674/691 446/446/459 447/447/460
f 674/674/691 447/447/460 659/659/676
f 660/660/677 444/444/457 445/445/458
f 660/660/677 445/445/458 653/653/670
f 212/212/209 660/660/677 653/653/670
f 212/212/209 653/653/670 221/221/218
f 162/162/159 674/674/691 659/659/676
f 162/162/159 659/659/676 211/211/208
f 161/161/158 673/673/690 674/674/691
f 161/161/158 674/674/691 162/162/159
f 169/169/166 672/672/689 673/673/690
f 169/169/166 673/673/690 161/161/158
f 175/175/172 670/670/687 671/671/688
f 175/175/172 671/671/688 176/176/173
f 183/183/180 657/657/674 670/670/687
f 183/183/180 670/670/687 175/175/172
f 185/185/182 669/669/686 642/642/659
f 185/185/182 642/642/659 179/179/176
f 187/187/184 668/668/685 656/656/673
f 187/187/184 656/656/673 188/188/185
f 191/191/188 667/667/684 669/669/686
f 191/191/188 669/669/686 185/185/182
f 193/193/190 666/666/683 668/668/685
f 193/193/190 668/668/685 187/187/184
f 195/195/192 665/665/682 667/667/684
f 195/195/192 667/667/684 191/191/188
f 199/199/196 647/647/664 666/666/683
f 199/199/196 666/666/683 193/193/190
f 201/201/198 664/664/681 665/665/682
f 201/201/198 665/665/682 195/195/192
f 203/203/200 662/662/679 664/664/681
f 203/203/200 664/664/681 201/201/198
f 207/207/204 658/658/675 661/661/678
f 207/207/204 661/661/678 208/208/205
f 211/211/208 659/659/676 660/660/677
f 211/211/208 660/660/677 212/212/209
f 217/217/214 655/655/672 658/658/675
f 217/217/214 658/658/675 207/207/204
f 188/188/185 656/656/673 657/657/674
f 188/188/185 657/657/674 183/183/180
f 219/219/216 654/654/671 655/655/672
f 219/219/216 655/655/672 217/217/214
f 221/221/218 653/653/670 654/654/671
f 221/221/218 654/654/671 219/219/216
f 481/481/495 494/494/508 608/608/622
f 481/481/495 608/608/622 652/652/669
f 481/481/495 652/652/669 592/592/606
f 481/481/495 592/592/606 482/482/496
f 199/199/196 502/502/516 629/629/645
f 199/199/196 629/629/645 647/647/664
f 456/456/470 628/628/644 616/616/631
f 456/456/470 616/616/631 642/642/659
f 630/630/646 615/615/629 629/629/645
f 630/630/646 629/629/645 601/601/615
f 631/631/648 614/614/628 616/616/631
f 631/631/648 616/616/631 628/628/644
f 633/633/650 613/613/627 614/614/628
f 633/633/650 614/614/628 631/631/648
f 635/635/652 612/612/626 613/613/627
f 635/635/652 613/613/627 633/633/650
f 767/767/784 611/611/625 612/612/626
f 767/767/784 612/612/626 635/635/652
f 640/640/657 609/609/623 610/610/624
f 640/640/657 610/610/624 641/641/658
f 596/596/610 608/608/622 609/609/623
f 596/596/610 609/609/623 640/640/657
f 646/646/663 645/645/662 600/600/614
f 646/646/663 600/600/614 607/607/621
f 649/649/666 646/646/663 607/607/621
f 649/649/666 607/607/621 606/606/620
f 645/645/662 630/630/646 601/601/615
f 645/645/662 601/601/615 600/600/614
f 651/651/668 650/650/667 594/594/608
f 651/651/668 594/594/608 593/593/607
f 603/603/617 651/651/668 593/593/607
f 603/603/617 593/593/607 592/592/606
f 225/225/222 215/215/212 214/214/211
f 225/225/222 214/214/211 222/222/219
f 680/680/697 163/163/160 210/210/207
f 680/680/697 210/210/207 681/681/698
f 686/686/703 685/685/702 164/164/161
f 686/686/703 164/164/161 602/602/616
f 690/690/707 689/689/706 605/605/619
f 690/690/707 605/605/619 227/227/224
f 689/689/706 692/692/709 604/604/618
f 689/689/706 604/604/618 605/605/619
f 692/692/709 694/694/711 597/597/611
f 692/692/709 597/597/611 604/604/618
f 696/696/713 686/686/703 602/602/616
f 696/696/713 602/602/616 598/598/612
f 694/694/711 696/696/713 598/598/612
f 694/694/711 598/598/612 597/597/611
f 698/698/715 197/197/194 171/171/168
f 698/698/715 171/171/168 699/699/716
f 702/702/719 690/690/707 227/227/224
f 702/702/719 227/227/224 226/226/223
f 704/704/721 213/213/210 220/220/217
f 704/704/721 220/220/217 705/705/722
f 710/710/727 709/709/726 223/223/220
f 710/710/727 223/223/220 222/222/219
f 705/705/722 220/220/217 218/218/215
f 705/705/722 218/218/215 711/711/728
f 711/711/728 218/218/215 216/216/213
f 711/711/728 216/216/213 713/713/730
f 716/716/733 189/189/186 182/182/179
f 716/716/733 182/182/179 717/717/734
f 713/713/730 216/216/213 206/206/203
f 713/713/730 206/206/203 719/719/736
f 722/722/739 214/214/211 204/204/201
f 722/722/739 204/204/201 723/723/740
f 681/681/698 210/210/207 213/213/210
f 681/681/698 213/213/210 704/704/721
f 719/719/736 206/206/203 209/209/206
f 719/719/736 209/209/206 725/725/742
f 723/723/740 204/204/201 198/198/195
f 723/723/740 198/198/195 727/727/744
f 730/730/747 202/202/199 200/200/197
f 730/730/747 200/200/197 731/731/748
f 731/731/748 200/200/197 194/194/191
f 731/731/748 194/194/191 733/733/750
f 727/727/744 198/198/195 192/192/189
f 727/727/744 192/192/189 735/735/752
f 738/738/755 181/181/178 197/197/194
f 738/738/755 197/197/194 698/698/715
f 733/733/750 194/194/191 190/190/187
f 733/733/750 190/190/187 739/739/756
f 735/735/752 192/192/189 186/186/183
f 735/735/752 186/186/183 741/741/758
f 739/739/756 190/190/187 184/184/181
f 739/739/756 184/184/181 743/743/760
f 741/741/758 186/186/183 189/189/186
f 741/741/758 189/189/186 716/716/733
f 743/743/760 184/184/181 178/178/175
f 743/743/760 178/178/175 745/745/762
f 717/717/734 182/182/179 174/174/171
f 717/717/734 174/174/171 747/747/764
f 745/745/762 178/178/175 181/181/178
f 745/745/762 181/181/178 738/738/755
f 747/747/764 174/174/171 177/177/174
f 747/747/764 177/177/174 749/749/766
f 754/754/771 753/753/770 768/768/785
f 754/754/771 768/768/785 165/165/162
f 756/756/773 168/168/165 160/160/157
f 756/756/773 160/160/157 757/757/774
f 685/685/702 754/754/771 165/165/162
f 685/685/702 165/165/162 164/164/161
f 757/757/774 160/160/157 163/163/160
f 757/757/774 163/163/160 680/680/697
f 317/317/319 319/319/322 159/159/156
f 319/319/322 318/318/321 159/159/156
f 318/318/321 322/322/327 159/159/156
f 322/322/327 325/325/331 159/159/156
f 325/325/331 330/330/338 159/159/156
f 330/330/338 339/339/348 159/159/156
f 339/339/348 340/340/350 159/159/156
f 340/340/350 326/326/333 159/159/156
f 159/159/156 332/332/341 331/331/340
f 349/349/362 159/159/156 331/331/340
f 349/349/362 351/351/364 357/357/370
f 351/351/364 355/355/368 357/357/370
f 357/357/370 309/309/306 308/308/305
f 349/349/362 357/357/370 159/159/156
f 308/308/305 320/320/325 357/357/370
f 320/320/325 323/323/329 328/328/336
f 328/328/336 336/336/345 335/335/344
f 335/335/344 341/341/352 328/328/336
f 341/341/352 343/343/354 157/157/154
f 328/328/336 341/341/352 157/157/154
f 343/343/354 348/348/360 157/157/154
f 157/157/154 312/312/309 345/345/357
f 345/345/357 344/344/356 157/157/154
f 344/344/356 353/353/366 157/157/154
f 353/353/366 359/359/372 157/157/154
f 359/359/372 315/315/313 157/157/154
f 315/315/313 314/314/312 157/157/154
f 314/314/312 158/158/155 157/157/154
f 158/158/155 316/316/316 159/159/156
f 316/316/316 317/317/319 159/159/156
f 159/159/156 357/357/370 157/157/154
f 320/320/325 328/328/336 357/357/370
f 328/328/336 157/157/154 357/357/370
f 710/710/727 722/722/739 721/721/738
f 710/710/727 721/721/738 707/707/724
f 769/769/786 770/770/786 472/472/786
f 472/472/787 771/771/787 772/772/787
f 772/772/788 773/773/788 472/472/788
f 773/773/788 774/774/788 472/472/788
f 774/774/789 775/775/789 776/776/789
f 776/776/790 777/777/790 472/472/790
f 777/777/791 778/778/791 779/779/791
f 780/780/792 777/777/792 779/779/792
f 780/780/793 781/781/793 782/782/793
f 782/782/794 783/783/794 780/780/794
f 783/783/795 784/784/795 470/470/795
f 780/780/796 783/783/796 472/472/796
f 784/784/797 785/785/797 470/470/797
f 785/785/788 786/786/788 470/470/788
f 470/470/798 787/787/798 788/788/798
f 788/788/799 789/789/799 471/471/799
f 789/789/800 790/790/800 471/471/800
f 471/471/801 791/791/801 472/472/801
f 791/791/802 792/792/802 793/793/802
f 794/794/803 791/791/803 793/793/803
f 794/794/804 795/795/804 796/796/804
f 796/796/805 797/797/805 794/794/805
f 797/797/806 769/769/806 472/472/806
f 794/794/807 797/797/807 472/472/807
f 776/776/808 472/472/808 774/774/808
f 777/777/788 780/780/788 472/472/788
f 472/472/809 783/783/809 470/470/809
f 471/471/810 470/470/810 788/788/810
f 791/791/811 794/794/811 472/472/811
# Vertices: 645, normals: 662, texture coordinates: 645, faces: 976

