# File generated by ImageToStl.com - Free Image and 3D model conversion tools

mtllib upperarm.mtl

o obj1
v -0.07329586 -0.0161637 0.7569828
v -0.06926677 -0.030011 0.7569843
v -0.06926164 -0.030009 0.7727345
v -0.07329044 -0.0161627 0.772733
v -0.04212466 -0.06401088 0.7569828
v -0.02905158 -0.07122036 0.7569828
v -0.02904938 -0.07121481 0.772733
v -0.04212156 -0.06400629 0.772733
v 0.07007493 0.0258593 0.7569839
v 0.06334968 0.0388262 0.7569828
v 0.06334503 0.0388232 0.772733
v 0.0700698 0.0258571 0.7727342
v -0.06257704 -0.04299106 0.7569828
v -0.05343076 -0.05445375 0.7569828
v -0.05342725 -0.05444987 0.772733
v -0.06257239 -0.04298802 0.772733
v 0.07415813 0.011951 0.7569843
v 0.07415271 0.0119499 0.7727345
v 0.0541035 0.0503394 0.7569828
v 0.04271938 0.0598718 0.7569828
v 0.04271634 0.0598673 0.772733
v 0.05409999 0.0503355 0.772733
v -0.05343076 -0.05445375 0.7569828
v -0.05342725 -0.05444987 0.772733
v 0.02958561 0.0670267 0.7569828
v 0.02958347 0.0670217 0.772733
v -0.014724 -0.07571687 0.7569828
v -0.01472251 -0.0757118 0.772733
v 0.01522185 0.0714366 0.7569828
v 0.01522035 0.0714312 0.772733
v 0.00025014 0.0729377 0.7569828
v -0.01469068 0.0713896 0.7569828
v -0.01468931 0.0713842 0.772733
v 0.00025014 0.0729321 0.772733
v 0.00024785 -0.07722004 0.7569828
v 0.00024786 -0.07721485 0.772733
v 0.02952016 -0.07139249 0.7569831
v 0.04258503 -0.0643033 0.7569828
v 0.04258187 -0.06429871 0.772733
v 0.0295185 -0.07138785 0.7727333
v -0.02894531 0.066925 0.7569833
v -0.04193506 0.0598022 0.7569828
v -0.04193208 0.0597976 0.772733
v -0.02894316 0.06692 0.7727335
v 0.04258503 -0.0643033 0.7569828
v 0.05391349 -0.05487891 0.7569828
v 0.05390913 -0.05487497 0.772733
v 0.04258187 -0.06429871 0.772733
v -0.04193506 0.0598022 0.7569828
v -0.05318197 0.0503772 0.7569839
v -0.05317852 0.0503733 0.7727342
v -0.04193208 0.0597976 0.772733
v 0.06313599 -0.04347606 0.7569828
v 0.06313134 -0.04347302 0.772733
v -0.06234696 0.0389959 0.7569839
v -0.06234231 0.0389928 0.7727342
v 0.06989307 -0.03063746 0.7569831
v 0.06988789 -0.03063537 0.7727333
v -0.06904349 0.0262114 0.7569828
v -0.07317647 0.0124695 0.7569843
v -0.07317105 0.0124685 0.7727345
v -0.06903836 0.0262094 0.772733
v 0.07405967 -0.0168213 0.7569828
v 0.07405424 -0.0168201 0.772733
v 0.07551521 -0.0024115 0.7569828
v 0.07550967 -0.0024115 0.772733
v -0.07462838 -0.001879 0.7569828
v -0.07462284 -0.001879 0.772733
v 0.01521147 -0.0757962 0.7569829
v 0.01521088 -0.07579054 0.7727332
v 0.0541035 0.0503394 0.7569828
v 0.05409999 0.0503355 0.772733
v 0.08882725 0.0147544 0.1120499
v 0.00022801 -0.09213884 0.1120481
v -0.08793178 -0.0189478 0.1120482
v -0.08310196 -0.0355471 0.1298617
v -0.06411925 -0.06484755 0.1298599
v 0.00022801 -0.09213884 0.1298599
v 0.01816614 -0.09043135 0.1120482
v 0.03531845 -0.0851527 0.1120485
v 0.03531845 -0.0851527 0.1298603
v 0.01816614 -0.09043135 0.12986
v 0.08882725 0.0147544 0.1120499
v 0.08393252 0.0314268 0.1120495
v 0.08393252 0.0314268 0.1298612
v 0.08882725 0.0147544 0.1298617
v -0.01767896 0.0860059 0.1120482
v -0.03476652 0.0806541 0.1120487
v -0.03476652 0.0806541 0.1298605
v -0.01767896 0.0860059 0.1298599
v 0.05097927 -0.07665463 0.1120481
v 0.05097927 -0.07665463 0.1298599
v 0.018178 0.0860622 0.1120482
v 0.00023075 0.0878616 0.1120482
v 0.00023075 0.0878616 0.1298599
v 0.018178 0.0860622 0.1298599
v -0.05033854 0.0721156 0.1120482
v -0.05033854 0.0721156 0.1298599
v 0.06455929 -0.06535723 0.1120481
v 0.06455929 -0.06535723 0.1298599
v -0.07480749 0.0471743 0.1120495
v -0.08283433 0.031849 0.1120482
v -0.08283433 0.031849 0.1298599
v -0.07480749 0.0471743 0.1298612
v -0.06382105 0.0608175 0.1120495
v -0.06382105 0.0608175 0.1298612
v 0.07561451 -0.05168815 0.1120481
v 0.07561451 -0.05168815 0.1298599
v -0.08310196 -0.0355471 0.1120499
v -0.07508275 -0.05110677 0.1120481
v -0.07508275 -0.05110677 0.1298599
v -0.08310196 -0.0355471 0.1298617
v 0.08371449 -0.03629805 0.1120485
v 0.08371449 -0.03629805 0.1298602
v -0.08778867 0.015376 0.1120499
v -0.08778867 0.015376 0.1298617
v 0.08870924 -0.019736 0.1120482
v 0.08870924 -0.019736 0.1298599
v -0.08952913 -0.0018241 0.1120482
v -0.08952913 -0.0018241 0.1298599
v 0.09045404 -0.0024625 0.1120482
v 0.09045404 -0.0024625 0.1298599
v -0.08952913 -0.0018241 0.1120482
v -0.08793178 -0.0189478 0.1120482
v -0.08793178 -0.0189478 0.1298599
v -0.08952913 -0.0018241 0.1298599
v 0.09045404 -0.0024625 0.1120482
v 0.09045404 -0.0024625 0.1298599
v 0.07587069 0.0469708 0.1120482
v 0.07587069 0.0469708 0.1298599
v -0.06411925 -0.06484755 0.1120481
v -0.06411925 -0.06484755 0.1298599
v 0.06478752 0.0607721 0.1120482
v 0.06478752 0.0607721 0.1298599
v -0.05056563 -0.07630427 0.1120481
v -0.05056563 -0.07630427 0.1298599
v 0.05114074 0.072199 0.1120482
v 0.05114074 0.072199 0.1298599
v -0.03489438 -0.08494599 0.1120481
v -0.03489438 -0.08494599 0.1298599
v 0.03539635 0.080776 0.1120482
v 0.03539635 0.080776 0.1298599
v -0.01771931 -0.090337 0.1120481
v -0.01771931 -0.090337 0.1298599
v 0.00022801 -0.09213884 0.1120481
v 0.00022801 -0.09213884 0.1298599
v -0.01771931 -0.090337 0.1120481
v -0.01771931 -0.090337 0.1298599
v 0.00023075 0.0878616 0.1120482
v 0.00023075 0.0878616 0.1298599
v 0.03531845 -0.0851527 0.1120485
v 0.01816614 -0.09043135 0.1120482
v -0.01771931 -0.090337 0.1120481
v -0.03489438 -0.08494599 0.1120481
v -0.05056563 -0.07630427 0.1120481
v -0.06411925 -0.06484755 0.1120481
v -0.07508275 -0.05110677 0.1120481
v -0.08310196 -0.0355471 0.1120499
v -0.08952913 -0.0018241 0.1120482
v -0.08778867 0.015376 0.1120499
v -0.08283433 0.031849 0.1120482
v -0.07480749 0.0471743 0.1120495
v -0.06382105 0.0608175 0.1120495
v -0.05033854 0.0721156 0.1120482
v -0.03476652 0.0806541 0.1120487
v 0.018178 0.0860622 0.1120482
v -0.01767896 0.0860059 0.1120482
v 0.00023075 0.0878616 0.1120482
v 0.03539635 0.080776 0.1120482
v 0.05114074 0.072199 0.1120482
v 0.06478752 0.0607721 0.1120482
v 0.08393252 0.0314268 0.1120495
v 0.07587069 0.0469708 0.1120482
v 0.09045404 -0.0024625 0.1120482
v 0.08870924 -0.019736 0.1120482
v 0.08371449 -0.03629805 0.1120485
v 0.07561451 -0.05168815 0.1120481
v 0.06455929 -0.06535723 0.1120481
v 0.05097927 -0.07665463 0.1120481
v 0.01816614 -0.09043135 0.12986
v 0.03531845 -0.0851527 0.1298603
v 0.05097927 -0.07665463 0.1298599
v 0.06455929 -0.06535723 0.1298599
v 0.08371449 -0.03629805 0.1298602
v 0.07561451 -0.05168815 0.1298599
v 0.08870924 -0.019736 0.1298599
v 0.08882725 0.0147544 0.1298617
v 0.09045404 -0.0024625 0.1298599
v 0.08393252 0.0314268 0.1298612
v -0.08283433 0.031849 0.1298599
v 0.07587069 0.0469708 0.1298599
v 0.06478752 0.0607721 0.1298599
v 0.05114074 0.072199 0.1298599
v 0.03539635 0.080776 0.1298599
v 0.018178 0.0860622 0.1298599
v 0.00023075 0.0878616 0.1298599
v -0.01767896 0.0860059 0.1298599
v -0.03476652 0.0806541 0.1298605
v -0.05033854 0.0721156 0.1298599
v -0.06382105 0.0608175 0.1298612
v -0.07480749 0.0471743 0.1298612
v -0.08778867 0.015376 0.1298617
v -0.08793178 -0.0189478 0.1298599
v -0.08952913 -0.0018241 0.1298599
v -0.07508275 -0.05110677 0.1298599
v -0.05056563 -0.07630427 0.1298599
v -0.03489438 -0.08494599 0.1298599
v -0.01771931 -0.090337 0.1298599
v -0.08800796 -0.13030039 -0.01802664
v -0.08986279 -0.13030039 -0.00011696
v -0.08986279 -0.12899901 -0.00011696
v -0.08800796 -0.12899901 -0.01802664
v 0.09005743 -0.13030033 -0.00011969
v 0.08825636 -0.13030033 -0.018067
v 0.08825636 -0.12899901 -0.01806706
v 0.09005743 -0.12899901 -0.00011969
v 0.08835113 -0.1303004 0.01781845
v 0.08835113 -0.12899901 0.01781845
v -0.08806422 -0.13030039 0.01783031
v -0.08278033 -0.13030039 0.03504872
v -0.08278033 -0.12899901 0.03504866
v -0.08806422 -0.12899901 0.01783031
v 0.08286804 -0.13030033 -0.03524208
v 0.08286804 -0.12899901 -0.03524208
v -0.07420727 -0.13030039 0.05079305
v -0.07420727 -0.12899901 0.05079305
v 0.07423008 -0.13030031 -0.05091339
v 0.07423008 -0.12899901 -0.05091339
v -0.06278536 -0.13030039 0.06443983
v -0.06278536 -0.12899901 0.06443983
v 0.06277866 -0.13030031 -0.06446695
v 0.06277866 -0.12899901 -0.06446695
v -0.06278536 -0.13030039 0.06443983
v -0.04899016 -0.13030039 0.07552301
v -0.04899016 -0.12899901 0.07552301
v -0.06278536 -0.12899901 0.06443983
v 0.06277866 -0.13030031 -0.06446695
v 0.04904385 -0.13030033 -0.07543045
v 0.04904385 -0.12899901 -0.07543045
v 0.06277866 -0.12899901 -0.06446695
v -0.03345308 -0.13030179 0.0835849
v -0.03345308 -0.12900038 0.0835849
v 0.03349121 -0.13030216 -0.08344966
v 0.01689924 -0.13030034 -0.08827954
v 0.01689924 -0.12899901 -0.08827954
v 0.03349121 -0.1290008 -0.08344966
v -0.01678793 -0.13030222 0.08847957
v 0.00042118 -0.13030037 0.09010642
v 0.00042118 -0.12899901 0.09010642
v -0.01678793 -0.12900097 0.08847957
v -0.00021681 -0.13030034 -0.08987683
v -0.00021681 -0.12899901 -0.08987683
v 0.0176868 -0.13030037 0.08836156
v 0.0176868 -0.12899901 0.08836156
v -0.01740907 -0.1303021 -0.08813637
v -0.01740907 -0.1290008 -0.08813637
v 0.03424181 -0.13030068 0.08336681
v 0.03424181 -0.12899931 0.08336681
v -0.03387502 -0.13030036 -0.08318203
v -0.03387502 -0.12899901 -0.08318203
v 0.04962511 -0.13030036 0.07526689
v 0.04962511 -0.12899901 0.07526689
v -0.04919299 -0.13030173 -0.07515525
v -0.06283066 -0.13030167 -0.06416875
v -0.06283066 -0.12900038 -0.06416875
v -0.04919299 -0.12900038 -0.07515525
v 0.0632881 -0.13030034 0.0642116
v 0.0632881 -0.12899901 0.0642116
v -0.07412377 -0.13030036 -0.05068624
v -0.07412377 -0.12899901 -0.05068624
v 0.07458049 -0.13030034 0.05063158
v 0.07458049 -0.12899901 0.05063158
v -0.07412377 -0.13030036 -0.05068624
v -0.08265856 -0.13030094 -0.0351147
v -0.08265856 -0.1289996 -0.0351147
v -0.07412377 -0.12899901 -0.05068624
v 0.07458049 -0.13030034 0.05063158
v 0.08307481 -0.13030067 0.03497076
v 0.08307481 -0.12899931 0.03497076
v 0.07458049 -0.12899901 0.05063158
vn -0.98236 -0.18697 0.00035
vn -0.92884 -0.37047 0.00035
vn -0.92885 -0.37047 0.00035
vn -0.98236 -0.18697 0.00035
vn -0.567 -0.82372 0.00036
vn -0.39314 -0.91948 0.00037
vn -0.39315 -0.91947 0.00037
vn -0.567 -0.82372 0.00035
vn 0.92792 0.37279 0.00035
vn 0.83781 0.54596 0.00035
vn 0.83782 0.54595 0.00035
vn 0.92792 0.37278 0.00035
vn -0.83937 -0.54356 0.00035
vn -0.78166 -0.6237 0.00033
vn -0.78167 -0.62369 0.00034
vn -0.83938 -0.54355 0.00035
vn 0.98203 0.18874 0.00035
vn 0.98203 0.18874 0.00035
vn 0.64199 0.76671 0.00034
vn 0.56295 0.82649 0.00035
vn 0.56296 0.82649 0.00034
vn 0.64199 0.76671 0.00033
vn -0.64556 -0.76371 0.00034
vn -0.64555 -0.76372 0.00033
vn 0.38789 0.9217 0.00035
vn 0.3879 0.9217 0.00035
vn -0.20071 -0.97965 0.00033
vn -0.20072 -0.97965 0.00034
vn 0.19759 0.98028 0.00035
vn 0.19759 0.98028 0.00035
vn -0.00166 1 0.00036
vn -0.20199 0.97939 0.00035
vn -0.20198 0.97939 0.00035
vn -0.00166 1 0.00035
vn -0.00259 -1 0.00034
vn -0.00258 -1 0.00033
vn 0.38746 -0.92189 0.00033
vn 0.47693 -0.87894 0.00035
vn 0.47695 -0.87893 0.00033
vn 0.38745 -0.92189 0.00033
vn -0.39177 0.92007 0.00035
vn -0.4808 0.87683 0.00035
vn -0.4808 0.87683 0.00034
vn -0.39176 0.92007 0.00035
vn 0.63955 -0.76875 0.00036
vn 0.71198 -0.7022 0.00037
vn 0.71197 -0.70221 0.00037
vn 0.63956 -0.76874 0.00035
vn -0.64229 0.76646 0.00034
vn -0.71398 0.70016 0.00034
vn -0.71399 0.70016 0.00034
vn -0.64228 0.76647 0.00034
vn 0.83522 -0.54992 0.00035
vn 0.83521 -0.54993 0.00036
vn -0.83634 0.54821 0.00035
vn -0.83634 0.54821 0.00035
vn 0.92541 -0.37897 0.00035
vn 0.92541 -0.37898 0.00035
vn -0.92592 0.37771 0.00035
vn -0.98076 0.19523 0.00035
vn -0.98076 0.19524 0.00035
vn -0.92592 0.37772 0.00035
vn 0.9807 -0.19551 0.00035
vn 0.9807 -0.19552 0.00035
vn 0.99999 -0.00323 0.00035
vn 0.99999 -0.00323 0.00035
vn -0.99999 0.00391 0.00035
vn -0.99999 0.00392 0.00035
vn 0.19544 -0.98072 0.00035
vn 0.19544 -0.98072 0.00035
vn 0.77969 0.62616 0.00033
vn 0.7797 0.62615 0.00034
vn 1E-05 1E-05 -1
vn -4E-05 -8E-05 1
vn 0.19546 -0.98071 0
vn 0.38745 -0.92189 0
vn 0.38744 -0.92189 0
vn 0.19546 -0.98071 0
vn 0.98203 0.18875 0
vn 0.92792 0.37279 0
vn 0.92792 0.37278 0
vn 0.98203 0.18874 0
vn -0.20199 0.97939 0
vn -0.39176 0.92007 0
vn -0.39175 0.92007 0
vn -0.20198 0.97939 0
vn 0.56095 -0.82785 0
vn 0.56095 -0.82785 0
vn 0.19759 0.98028 0
vn 0.09976 0.99501 0
vn 0.09976 0.99501 0
vn 0.19759 0.98028 0
vn -0.56424 0.82561 0
vn -0.56424 0.82561 0
vn 0.71198 -0.7022 0
vn 0.71198 -0.7022 0
vn -0.83635 0.5482 0
vn -0.92593 0.3777 0
vn -0.92593 0.3777 0
vn -0.83634 0.54821 0
vn -0.71398 0.70017 0
vn -0.71398 0.70017 0
vn 0.83522 -0.54992 0
vn 0.83521 -0.54993 0
vn -0.92884 -0.37047 0
vn -0.83937 -0.54356 0
vn -0.83938 -0.54355 0
vn -0.92885 -0.37047 0
vn 0.92541 -0.37897 0
vn 0.92541 -0.37898 0
vn -0.98076 0.19523 0
vn -0.98076 0.19524 0
vn 0.9807 -0.19552 0
vn 0.9807 -0.19552 0
vn -0.99492 0.10067 0
vn -0.99492 0.10068 0
vn 0.99494 -0.1005 0
vn 0.99494 -0.1005 0
vn -0.99568 -0.09288 0
vn -0.98236 -0.18697 0
vn -0.98236 -0.18697 0
vn -0.99568 -0.09288 0
vn 0.99557 0.09407 0
vn 0.99557 0.09407 0
vn 0.83781 0.54596 0
vn 0.83782 0.54595 0
vn -0.71704 -0.69703 0
vn -0.71704 -0.69703 0
vn 0.71431 0.69983 0
vn 0.71432 0.69982 0
vn -0.56699 -0.82372 0
vn -0.56699 -0.82372 0
vn 0.56295 0.82649 0
vn 0.56295 0.82649 0
vn -0.39314 -0.91948 0
vn -0.39314 -0.91948 0
vn 0.38789 0.92171 0
vn 0.3879 0.9217 0
vn -0.29948 -0.9541 0
vn -0.29948 -0.9541 0
vn -0.00258 -1 0
vn -0.00258 -1 0
vn -0.0999 -0.995 0
vn -0.0999 -0.995 0
vn -0.10306 0.99468 0
vn -0.10306 0.99467 0
vn 0 6E-05 -1
vn -0 0 -1
vn 0 0 -1
vn 0.00041 0.00033 -1
vn -0.00011 -0.00014 -1
vn 0.00051 5E-05 -1
vn -0.00052 5E-05 -1
vn -0.0003 0.00024 -1
vn -0.0003 0.00024 -1
vn -2E-05 9E-05 -1
vn 0 -9E-05 -1
vn -0 0 -1
vn -8E-05 -0.0001 -1
vn -0.00029 -0.00024 -1
vn 1E-05 -2E-05 -1
vn -0.0005 5E-05 -1
vn -0.00023 5E-05 -1
vn -9E-05 7E-05 -1
vn -3E-05 3E-05 -1
vn 3E-05 -0.00011 -1
vn -0 1E-05 -1
vn 4E-05 8E-05 -1
vn 1E-05 -0 -1
vn -2E-05 -5E-05 -1
vn -1E-05 3E-05 -1
vn 1E-05 -1E-05 -1
vn 0 -5E-05 1
vn -3E-05 0.00011 1
vn 2E-05 -2E-05 1
vn 0 -1E-05 1
vn 6E-05 -6E-05 1
vn 0.00024 -5E-05 1
vn 0.00054 -5E-05 1
vn -1E-05 3E-05 1
vn -1E-05 -1E-05 1
vn 0.0003 0.00024 1
vn 8E-05 0.0001 1
vn 0 0 1
vn 0 0 1
vn 0 0.00011 1
vn 2E-05 -0.00011 1
vn 0.0003 -0.00024 1
vn 0.0003 -0.00024 1
vn 0.00054 -5E-05 1
vn -0.00054 -5E-05 1
vn 0.00012 0.00014 1
vn -0.0004 -0.00033 1
vn -0 0 1
vn 0 0 1
vn 2E-05 -3E-05 1
vn 2E-05 5E-05 1
vn -1E-05 1E-05 1
vn -0.97941 0 -0.20189
vn -1 0 -0.00166
vn -1 0 -0.00166
vn -0.97941 0 -0.20189
vn 1 -0 -0.00259
vn 0.97967 -1E-05 -0.20064
vn 0.97966 -1E-05 -0.20064
vn 1 0 -0.00259
vn 0.98073 0 0.19537
vn 0.98073 0 0.19537
vn -0.9803 0 0.19751
vn -0.92176 2E-05 0.38775
vn -0.92177 2E-05 0.38774
vn -0.9803 0 0.19751
vn 0.91954 0 -0.39299
vn 0.91954 -0 -0.39299
vn -0.8266 0 0.56279
vn -0.8266 0 0.56278
vn 0.82384 0 -0.56682
vn 0.82384 0 -0.56682
vn -0.76685 0 0.64183
vn -0.76685 0 0.64183
vn 0.76386 0 -0.64538
vn -0.62631 0 0.77957
vn -0.54612 0 0.83771
vn -0.54612 0 0.8377
vn 0.62385 0 -0.78154
vn 0.54371 0 -0.83927
vn 0.54372 0 -0.83927
vn 0.62385 0 -0.78154
vn -0.37292 0 0.92786
vn -0.37293 0 0.92786
vn 0.37061 0 -0.92879
vn 0.18705 0 -0.98235
vn 0.18705 0 -0.98235
vn 0.37061 0 -0.92879
vn -0.18882 0 0.98201
vn 0.00323 0 0.99999
vn 0.00323 0 0.99999
vn -0.18882 0 0.98201
vn -0.00392 0 -0.99999
vn -0.00392 0 -0.99999
vn 0.1956 0 0.98068
vn 0.1956 0 0.98068
vn -0.19532 0 -0.98074
vn -0.19532 0 -0.98074
vn 0.37911 0 0.92535
vn 0.37911 0 0.92535
vn -0.37785 0 -0.92587
vn -0.37785 0 -0.92587
vn 0.55009 0 0.83511
vn 0.55009 0 0.83511
vn -0.54837 0 -0.83624
vn -0.70032 0 -0.71383
vn -0.70032 0 -0.71383
vn -0.54836 0 -0.83624
vn 0.70236 0 0.71183
vn 0.70236 0 0.71183
vn -0.76661 0 -0.64212
vn -0.76661 0 -0.64212
vn 0.7689 0 0.63937
vn -0.87692 0 -0.48064
vn -0.92013 0 -0.39161
vn -0.92013 0 -0.39162
vn 0.87902 0 0.47678
vn 0.92195 0 0.3873
vn 0.92195 0 0.38731
vt 0.56764 0.87124
vt 0.56764 0.86103
vt 0.57966 0.86103
vt 0.57966 0.87124
vt 0.65838 0.97488
vt 0.65838 0.96439
vt 0.6704 0.96439
vt 0.6704 0.97488
vt 0.37885 0.78417
vt 0.37885 0.77483
vt 0.39087 0.77483
vt 0.39087 0.78417
vt 0.56764 0.85168
vt 0.56764 0.84366
vt 0.57967 0.84367
vt 0.57967 0.85168
vt 0.37884 0.79443
vt 0.39087 0.79443
vt 0.97409 0.07476
vt 0.97409 0.0654
vt 0.98611 0.06539
vt 0.98612 0.07476
vt 0.65838 0.98422
vt 0.67041 0.98422
vt 0.97409 0.05488
vt 0.98611 0.05488
vt 0.65838 0.95315
vt 0.6704 0.95315
vt 0.97408 0.04364
vt 0.98611 0.04364
vt 0.97408 0.03215
vt 0.97409 0.02091
vt 0.98611 0.02091
vt 0.98611 0.03215
vt 0.65838 0.94166
vt 0.6704 0.94166
vt 0.65838 0.91989
vt 0.65838 0.91052
vt 0.67041 0.91052
vt 0.6704 0.91989
vt 0.97409 0.01041
vt 0.97409 0.00107
vt 0.98612 0.00108
vt 0.98611 0.01041
vt 0.37885 0.85476
vt 0.37885 0.84674
vt 0.39087 0.84674
vt 0.39088 0.85476
vt 0.56764 0.93134
vt 0.56764 0.92333
vt 0.57967 0.92332
vt 0.57967 0.93134
vt 0.37885 0.83738
vt 0.39087 0.83737
vt 0.56764 0.91398
vt 0.57966 0.91398
vt 0.37884 0.82711
vt 0.39087 0.82711
vt 0.56764 0.90376
vt 0.56764 0.89301
vt 0.57966 0.893
vt 0.57966 0.90376
vt 0.37884 0.8163
vt 0.39087 0.81629
vt 0.37884 0.80524
vt 0.39087 0.80524
vt 0.56763 0.88199
vt 0.57966 0.88199
vt 0.65838 0.93041
vt 0.6704 0.93041
vt 0.37885 0.76679
vt 0.39088 0.76679
vt 0.76979 0.41815
vt 0.77067 0.41874
vt 0.77018 0.41947
vt 0.77382 0.4182
vt 0.77403 0.41837
vt 0.77419 0.41888
vt 0.95834 0.08645
vt 0.95834 0.0738
vt 0.97194 0.0738
vt 0.97194 0.08645
vt 0.96879 0.21299
vt 0.96879 0.20072
vt 0.98239 0.20072
vt 0.98239 0.21299
vt 0.96908 0.34867
vt 0.96908 0.33604
vt 0.98268 0.33604
vt 0.98268 0.34867
vt 0.95834 0.06046
vt 0.97194 0.06046
vt 0.96879 0.13675
vt 0.96879 0.12709
vt 0.98239 0.12709
vt 0.98239 0.13675
vt 0.96908 0.32274
vt 0.98268 0.32274
vt 0.95834 0.04697
vt 0.97194 0.04697
vt 0.96908 0.29619
vt 0.96908 0.28398
vt 0.98268 0.28398
vt 0.98268 0.29619
vt 0.96908 0.30931
vt 0.98268 0.30931
vt 0.95834 0.03381
vt 0.97194 0.03381
vt 0.14918 0.95068
vt 0.14918 0.93757
vt 0.16278 0.93757
vt 0.16278 0.95068
vt 0.95834 0.02154
vt 0.97194 0.02154
vt 0.96908 0.27301
vt 0.98268 0.27301
vt 0.95834 0.01053
vt 0.97194 0.01053
vt 0.96908 0.26356
vt 0.98268 0.26356
vt 0.95834 0.00107
vt 0.97194 0.00107
vt 0.14918 0.97386
vt 0.14918 0.96288
vt 0.16278 0.96288
vt 0.16278 0.97386
vt 0.96879 0.22401
vt 0.98239 0.22401
vt 0.96879 0.18762
vt 0.98239 0.18762
vt 0.14918 0.92415
vt 0.16278 0.92415
vt 0.96879 0.1741
vt 0.98239 0.1741
vt 0.14918 0.91086
vt 0.16278 0.91086
vt 0.96879 0.16077
vt 0.98239 0.16077
vt 0.14918 0.89824
vt 0.16278 0.89824
vt 0.96879 0.14814
vt 0.98239 0.14814
vt 0.14918 0.88684
vt 0.16278 0.88684
vt 0.95834 0.09782
vt 0.97194 0.09782
vt 0.95834 0.10748
vt 0.97194 0.10748
vt 0.96908 0.36007
vt 0.98268 0.36007
vt 0.77059 0.41848
vt 0.77065 0.41861
vt 0.77067 0.41888
vt 0.77065 0.41902
vt 0.77059 0.41914
vt 0.77052 0.41925
vt 0.77042 0.41935
vt 0.77031 0.41942
vt 0.77006 0.41949
vt 0.76992 0.41949
vt 0.7698 0.41947
vt 0.76967 0.41942
vt 0.76956 0.41935
vt 0.76946 0.41925
vt 0.76939 0.41914
vt 0.76931 0.41874
vt 0.76933 0.41902
vt 0.76931 0.41888
vt 0.76933 0.41861
vt 0.76939 0.41848
vt 0.76946 0.41837
vt 0.76967 0.4182
vt 0.76956 0.41828
vt 0.76992 0.41813
vt 0.77006 0.41813
vt 0.77019 0.41815
vt 0.77031 0.4182
vt 0.77042 0.41828
vt 0.77052 0.41837
vt 0.77416 0.41901
vt 0.77411 0.41914
vt 0.77403 0.41925
vt 0.77393 0.41935
vt 0.7737 0.41947
vt 0.77382 0.41942
vt 0.77357 0.41949
vt 0.77331 0.41947
vt 0.77344 0.41949
vt 0.77318 0.41942
vt 0.77331 0.41815
vt 0.77307 0.41935
vt 0.77298 0.41925
vt 0.7729 0.41914
vt 0.77285 0.41901
vt 0.77282 0.41888
vt 0.77282 0.41874
vt 0.77285 0.41861
vt 0.7729 0.41848
vt 0.77298 0.41837
vt 0.77307 0.41827
vt 0.77319 0.4182
vt 0.77344 0.41813
vt 0.7737 0.41815
vt 0.77357 0.41813
vt 0.77393 0.41827
vt 0.7741 0.41848
vt 0.77416 0.41861
vt 0.77419 0.41874
vt 0.99155 0.32796
vt 0.99155 0.31449
vt 0.99255 0.31449
vt 0.99255 0.32796
vt 0.99053 0.53503
vt 0.99053 0.52125
vt 0.99153 0.52125
vt 0.99153 0.53503
vt 0.99053 0.54852
vt 0.99153 0.54852
vt 0.99155 0.30072
vt 0.99155 0.28724
vt 0.99255 0.28724
vt 0.99255 0.30072
vt 0.99053 0.50779
vt 0.99153 0.50779
vt 0.99155 0.27463
vt 0.99255 0.27463
vt 0.99054 0.49521
vt 0.99153 0.49521
vt 0.99156 0.2634
vt 0.99255 0.2634
vt 0.99054 0.48402
vt 0.99153 0.48402
vt 0.2073 0.7561
vt 0.2073 0.74646
vt 0.2083 0.74646
vt 0.2083 0.7561
vt 0.71513 0.91518
vt 0.71513 0.90559
vt 0.71613 0.90559
vt 0.71613 0.91518
vt 0.2073 0.73527
vt 0.2083 0.73527
vt 0.71513 0.89438
vt 0.71513 0.88215
vt 0.71613 0.88215
vt 0.71613 0.89438
vt 0.2073 0.72298
vt 0.2073 0.71003
vt 0.2083 0.71003
vt 0.2083 0.72298
vt 0.71513 0.86926
vt 0.71613 0.86926
vt 0.2073 0.69678
vt 0.2083 0.69677
vt 0.71513 0.85607
vt 0.71613 0.85607
vt 0.2073 0.68382
vt 0.2083 0.68382
vt 0.71513 0.84318
vt 0.71613 0.84318
vt 0.2073 0.67151
vt 0.2083 0.67151
vt 0.71513 0.83093
vt 0.71513 0.81973
vt 0.71613 0.81973
vt 0.71613 0.83093
vt 0.2073 0.66029
vt 0.2083 0.66029
vt 0.71513 0.81012
vt 0.71613 0.81012
vt 0.2073 0.65068
vt 0.2083 0.65068
vt 0.99156 0.35173
vt 0.99155 0.34054
vt 0.99255 0.34054
vt 0.99255 0.35173
vt 0.99054 0.57237
vt 0.99054 0.56113
vt 0.99153 0.56113
vt 0.99153 0.57237
usemtl mat0
f 1/1/1 2/2/2 3/3/3
f 1/1/1 3/3/3 4/4/4
f 5/5/5 6/6/6 7/7/7
f 5/5/5 7/7/7 8/8/8
f 9/9/9 10/10/10 11/11/11
f 9/9/9 11/11/11 12/12/12
f 13/13/13 14/14/14 15/15/15
f 13/13/13 15/15/15 16/16/16
f 17/17/17 9/9/9 12/12/12
f 17/17/17 12/12/12 18/18/18
f 2/2/2 13/13/13 16/16/16
f 2/2/2 16/16/16 3/3/3
f 19/19/19 20/20/20 21/21/21
f 19/19/19 21/21/21 22/22/22
f 23/23/23 5/5/5 8/8/8
f 23/23/23 8/8/8 24/24/24
f 20/20/20 25/25/25 26/26/26
f 20/20/20 26/26/26 21/21/21
f 6/6/6 27/27/27 28/28/28
f 6/6/6 28/28/28 7/7/7
f 25/25/25 29/29/29 30/30/30
f 25/25/25 30/30/30 26/26/26
f 31/31/31 32/32/32 33/33/33
f 31/31/31 33/33/33 34/34/34
f 27/27/27 35/35/35 36/36/36
f 27/27/27 36/36/36 28/28/28
f 29/29/29 31/31/31 34/34/34
f 29/29/29 34/34/34 30/30/30
f 37/37/37 38/38/38 39/39/39
f 37/37/37 39/39/39 40/40/40
f 41/41/41 42/42/42 43/43/43
f 41/41/41 43/43/43 44/44/44
f 45/45/45 46/46/46 47/47/47
f 45/45/45 47/47/47 48/48/48
f 49/49/49 50/50/50 51/51/51
f 49/49/49 51/51/51 52/52/52
f 46/46/46 53/53/53 54/54/54
f 46/46/46 54/54/54 47/47/47
f 50/50/50 55/55/55 56/56/56
f 50/50/50 56/56/56 51/51/51
f 53/53/53 57/57/57 58/58/58
f 53/53/53 58/58/58 54/54/54
f 59/59/59 60/60/60 61/61/61
f 59/59/59 61/61/61 62/62/62
f 57/57/57 63/63/63 64/64/64
f 57/57/57 64/64/64 58/58/58
f 55/55/55 59/59/59 62/62/62
f 55/55/55 62/62/62 56/56/56
f 63/63/63 65/65/65 66/66/66
f 63/63/63 66/66/66 64/64/64
f 67/67/67 1/1/1 4/4/4
f 67/67/67 4/4/4 68/68/68
f 65/65/65 17/17/17 18/18/18
f 65/65/65 18/18/18 66/66/66
f 69/69/69 37/37/37 40/40/40
f 69/69/69 40/40/40 70/70/70
f 10/10/10 71/71/71 72/72/72
f 10/10/10 72/72/72 11/11/11
f 32/32/32 41/41/41 44/44/44
f 32/32/32 44/44/44 33/33/33
f 60/60/60 67/67/67 68/68/68
f 60/60/60 68/68/68 61/61/61
f 35/35/35 69/69/69 70/70/70
f 35/35/35 70/70/70 36/36/36
f 73/73/73 74/74/73 75/75/73
f 76/76/74 77/77/74 78/78/74
f 79/79/75 80/80/76 81/81/77
f 79/79/75 81/81/77 82/82/78
f 83/83/79 84/84/80 85/85/81
f 83/83/79 85/85/81 86/86/82
f 87/87/83 88/88/84 89/89/85
f 87/87/83 89/89/85 90/90/86
f 80/80/76 91/91/87 92/92/88
f 80/80/76 92/92/88 81/81/77
f 93/93/89 94/94/90 95/95/91
f 93/93/89 95/95/91 96/96/92
f 88/88/84 97/97/93 98/98/94
f 88/88/84 98/98/94 89/89/85
f 91/91/87 99/99/95 100/100/96
f 91/91/87 100/100/96 92/92/88
f 101/101/97 102/102/98 103/103/99
f 101/101/97 103/103/99 104/104/100
f 97/97/93 105/105/101 106/106/102
f 97/97/93 106/106/102 98/98/94
f 99/99/95 107/107/103 108/108/104
f 99/99/95 108/108/104 100/100/96
f 109/109/105 110/110/106 111/111/107
f 109/109/105 111/111/107 112/112/108
f 105/105/101 101/101/97 104/104/100
f 105/105/101 104/104/100 106/106/102
f 107/107/103 113/113/109 114/114/110
f 107/107/103 114/114/110 108/108/104
f 102/102/98 115/115/111 116/116/112
f 102/102/98 116/116/112 103/103/99
f 113/113/109 117/117/113 118/118/114
f 113/113/109 118/118/114 114/114/110
f 115/115/111 119/119/115 120/120/116
f 115/115/111 120/120/116 116/116/112
f 117/117/113 121/121/117 122/122/118
f 117/117/113 122/122/118 118/118/114
f 123/123/119 124/124/120 125/125/121
f 123/123/119 125/125/121 126/126/122
f 127/127/123 83/83/79 86/86/82
f 127/127/123 86/86/82 128/128/124
f 124/124/120 109/109/105 112/112/108
f 124/124/120 112/112/108 125/125/121
f 84/84/80 129/129/125 130/130/126
f 84/84/80 130/130/126 85/85/81
f 110/110/106 131/131/127 132/132/128
f 110/110/106 132/132/128 111/111/107
f 129/129/125 133/133/129 134/134/130
f 129/129/125 134/134/130 130/130/126
f 131/131/127 135/135/131 136/136/132
f 131/131/127 136/136/132 132/132/128
f 133/133/129 137/137/133 138/138/134
f 133/133/129 138/138/134 134/134/130
f 135/135/131 139/139/135 140/140/136
f 135/135/131 140/140/136 136/136/132
f 137/137/133 141/141/137 142/142/138
f 137/137/133 142/142/138 138/138/134
f 139/139/135 143/143/139 144/144/140
f 139/139/135 144/144/140 140/140/136
f 141/141/137 93/93/89 96/96/92
f 141/141/137 96/96/92 142/142/138
f 145/145/141 79/79/75 82/82/78
f 145/145/141 82/82/78 146/146/142
f 147/147/143 145/145/141 146/146/142
f 147/147/143 146/146/142 148/148/144
f 149/149/145 87/87/83 90/90/86
f 149/149/145 90/90/86 150/150/146
f 151/151/147 152/152/147 74/74/147
f 74/74/148 153/153/148 154/154/148
f 154/154/149 155/155/149 74/74/149
f 155/155/149 156/156/149 74/74/149
f 156/156/150 157/157/150 158/158/150
f 158/158/151 75/75/151 74/74/151
f 75/75/152 159/159/152 160/160/152
f 161/161/153 75/75/153 160/160/153
f 161/161/154 162/162/154 163/163/154
f 163/163/155 164/164/155 161/161/155
f 164/164/156 165/165/156 166/166/156
f 161/161/149 164/164/149 166/166/149
f 165/165/157 167/167/157 166/166/157
f 167/167/149 168/168/149 166/166/149
f 166/166/158 169/169/158 170/170/158
f 170/170/159 171/171/159 172/172/159
f 171/171/160 173/173/160 172/172/160
f 172/172/161 73/73/161 75/75/161
f 73/73/162 174/174/162 175/175/162
f 176/176/163 73/73/163 175/175/163
f 176/176/164 177/177/164 178/178/164
f 178/178/165 179/179/165 176/176/165
f 179/179/166 151/151/166 74/74/166
f 176/176/167 179/179/167 74/74/167
f 158/158/168 74/74/168 156/156/168
f 75/75/169 161/161/169 172/172/169
f 172/172/170 166/166/170 170/170/170
f 73/73/171 176/176/171 74/74/171
f 172/172/172 161/161/172 166/166/172
f 78/78/173 180/180/173 181/181/173
f 181/181/174 182/182/174 78/78/174
f 182/182/175 183/183/175 184/184/175
f 78/78/176 182/182/176 184/184/176
f 183/183/177 185/185/177 184/184/177
f 184/184/178 186/186/178 187/187/178
f 186/186/179 188/188/179 187/187/179
f 187/187/180 189/189/180 190/190/180
f 78/78/181 187/187/181 190/190/181
f 189/189/182 191/191/182 192/192/182
f 192/192/183 193/193/183 189/189/183
f 193/193/184 194/194/184 195/195/184
f 195/195/185 196/196/185 197/197/185
f 197/197/186 198/198/186 195/195/186
f 198/198/187 199/199/187 195/195/187
f 199/199/188 200/200/188 190/190/188
f 195/195/185 199/199/185 190/190/185
f 200/200/189 201/201/189 190/190/189
f 190/190/190 202/202/190 203/203/190
f 202/202/191 204/204/191 203/203/191
f 203/203/192 76/76/192 78/78/192
f 76/76/193 205/205/193 77/77/193
f 77/77/194 206/206/194 78/78/194
f 206/206/195 207/207/195 78/78/195
f 207/207/185 208/208/185 78/78/185
f 78/78/196 184/184/196 187/187/196
f 195/195/197 189/189/197 193/193/197
f 195/195/198 190/190/198 189/189/198
f 203/203/185 78/78/185 190/190/185
f 209/209/199 210/210/200 211/211/201
f 209/209/199 211/211/201 212/212/202
f 213/213/203 214/214/204 215/215/205
f 213/213/203 215/215/205 216/216/206
f 217/217/207 213/213/203 216/216/206
f 217/217/207 216/216/206 218/218/208
f 219/219/209 220/220/210 221/221/211
f 219/219/209 221/221/211 222/222/212
f 214/214/204 223/223/213 224/224/214
f 214/214/204 224/224/214 215/215/205
f 220/220/210 225/225/215 226/226/216
f 220/220/210 226/226/216 221/221/211
f 223/223/213 227/227/217 228/228/218
f 223/223/213 228/228/218 224/224/214
f 225/225/215 229/229/219 230/230/220
f 225/225/215 230/230/220 226/226/216
f 227/227/217 231/231/221 232/232/221
f 227/227/217 232/232/221 228/228/218
f 233/233/222 234/234/223 235/235/224
f 233/233/222 235/235/224 236/236/222
f 237/237/225 238/238/226 239/239/227
f 237/237/225 239/239/227 240/240/228
f 234/234/223 241/241/229 242/242/230
f 234/234/223 242/242/230 235/235/224
f 243/243/231 244/244/232 245/245/233
f 243/243/231 245/245/233 246/246/234
f 247/247/235 248/248/236 249/249/237
f 247/247/235 249/249/237 250/250/238
f 244/244/232 251/251/239 252/252/240
f 244/244/232 252/252/240 245/245/233
f 248/248/236 253/253/241 254/254/242
f 248/248/236 254/254/242 249/249/237
f 251/251/239 255/255/243 256/256/244
f 251/251/239 256/256/244 252/252/240
f 253/253/241 257/257/245 258/258/246
f 253/253/241 258/258/246 254/254/242
f 255/255/243 259/259/247 260/260/248
f 255/255/243 260/260/248 256/256/244
f 257/257/245 261/261/249 262/262/250
f 257/257/245 262/262/250 258/258/246
f 263/263/251 264/264/252 265/265/253
f 263/263/251 265/265/253 266/266/254
f 238/238/226 243/243/231 246/246/234
f 238/238/226 246/246/234 239/239/227
f 261/261/249 267/267/255 268/268/256
f 261/261/249 268/268/256 262/262/250
f 264/264/252 269/269/257 270/270/258
f 264/264/252 270/270/258 265/265/253
f 259/259/247 263/263/251 266/266/254
f 259/259/247 266/266/254 260/260/248
f 267/267/255 271/271/259 272/272/259
f 267/267/255 272/272/259 268/268/256
f 273/273/260 274/274/261 275/275/262
f 273/273/260 275/275/262 276/276/260
f 210/210/200 219/219/209 222/222/212
f 210/210/200 222/222/212 211/211/201
f 277/277/263 278/278/264 279/279/265
f 277/277/263 279/279/265 280/280/263
f 274/274/261 209/209/199 212/212/202
f 274/274/261 212/212/202 275/275/262
f 241/241/229 247/247/235 250/250/238
f 241/241/229 250/250/238 242/242/230
f 278/278/264 217/217/207 218/218/208
f 278/278/264 218/218/208 279/279/265
# Vertices: 280, normals: 265, texture coordinates: 280, faces: 252

o obj2
v 0.03511954 -0.08468212 0.1547217
v 0.05069168 -0.07623191 0.1547214
v 0.04599692 -0.06932397 0.1847585
v 0.03187741 -0.07698579 0.1847587
v 0.08393252 0.0314268 0.1299842
v 0.07587069 0.0469708 0.1299828
v 0.07587069 0.0469708 0.1509781
v 0.08393252 0.0314268 0.1509795
v -0.03456733 0.0801841 0.154722
v -0.05005059 0.071694 0.1547214
v -0.04535136 0.0648077 0.1847569
v -0.03131184 0.0725059 0.1847576
v 0.06419481 -0.06499853 0.1547214
v 0.05824031 -0.05913808 0.1847587
v 0.00023075 0.0878616 0.1299828
v -0.01767896 0.0860059 0.1299828
v -0.01767896 0.0860059 0.1509781
v 0.00023075 0.0878616 0.1509781
v -0.0634568 0.06046 0.1547228
v -0.05750713 0.0546213 0.184758
v 0.06419481 -0.06499853 0.1547214
v 0.07518733 -0.05140706 0.1547213
v 0.06820817 -0.04681404 0.1847589
v 0.05824031 -0.05913808 0.1847587
v -0.08283433 0.031849 0.1299828
v -0.08778867 0.015376 0.1299844
v -0.08778867 0.015376 0.1509798
v -0.08283433 0.031849 0.1509781
v -0.0743809 0.0468942 0.1547229
v -0.06741264 0.0423205 0.1847578
v 0.08324128 -0.03610428 0.1547217
v 0.07551104 -0.03293832 0.1847593
v -0.07508275 -0.05110677 0.1299828
v -0.06411925 -0.06484755 0.1299828
v -0.06411925 -0.06484755 0.1509781
v -0.07508275 -0.05110677 0.1509781
v -0.08236214 0.031656 0.1547216
v -0.08728835 0.0152765 0.1547233
v -0.07911655 0.0136511 0.184758
v -0.07464966 0.0285032 0.1847565
v 0.08820772 -0.0196362 0.1547214
v 0.08001429 -0.018006 0.1847591
v -0.08236214 0.031656 0.1547216
v -0.07464966 0.0285032 0.1847565
v 0.08994264 -0.0024607 0.1547214
v 0.08158743 -0.0024322 0.1847591
v -0.08901897 -0.0018261 0.1547216
v -0.08743068 -0.0188525 0.1547216
v -0.0792456 -0.0172955 0.1847566
v -0.0806857 -0.0018567 0.1847565
v 0.08832508 0.0146584 0.1547232
v 0.08012074 0.0130905 0.1847606
v -0.08262828 -0.03535755 0.1547234
v -0.07489094 -0.03226151 0.1847583
v 0.08345813 0.0312363 0.1547228
v 0.07544202 0.046692 0.1547214
v 0.06843914 0.0421368 0.1847587
v 0.07570767 0.0281224 0.1847602
v -0.07465455 -0.05082889 0.1547214
v -0.06375334 -0.06449171 0.1547214
v -0.05777565 -0.05867888 0.1847569
v -0.06766072 -0.04629018 0.1847566
v 0.06442172 0.060415 0.1547214
v 0.05085243 0.0717771 0.1547214
v 0.04614271 0.0648827 0.1847583
v 0.0584466 0.0545801 0.1847585
v -0.05027667 -0.07588364 0.1547214
v -0.03469399 -0.08447589 0.1547214
v -0.0314267 -0.07679947 0.1847573
v -0.04555592 -0.06900807 0.1847571
v 0.05085243 0.0717771 0.1547214
v 0.03519745 0.0803053 0.1547214
v 0.03194739 0.0726156 0.1847581
v 0.04614271 0.0648827 0.1847583
v -0.03469399 -0.08447589 0.1547214
v -0.01761679 -0.0898365 0.1547214
v -0.0159416 -0.08165969 0.1847575
v -0.0314267 -0.07679947 0.1847573
v 0.01807685 0.0855615 0.1547214
v 0.01642342 0.0773817 0.1847578
v 0.00023141 0.0873505 0.1547214
v -0.01757709 0.0855055 0.1547214
v -0.0159056 0.0773311 0.1847574
v 0.00024225 0.0790042 0.1847576
v 0.00022868 -0.09162773 0.1547214
v 0.00023978 -0.08328457 0.1847578
v 0.00022801 -0.09213884 0.1299828
v 0.01816614 -0.09043135 0.1299828
v 0.01816614 -0.09043135 0.1509782
v 0.00022801 -0.09213884 0.1509781
v -0.01771931 -0.090337 0.1299828
v -0.01771931 -0.090337 0.1509781
v 0.08882725 0.0147544 0.1299846
v 0.08882725 0.0147544 0.1509799
v 0.018178 0.0860622 0.1299828
v 0.018178 0.0860622 0.1509781
v -0.07480749 0.0471743 0.1299842
v -0.08283433 0.031849 0.1299828
v -0.08283433 0.031849 0.1509781
v -0.07480749 0.0471743 0.1509795
v -0.08310196 -0.0355471 0.1299846
v -0.08310196 -0.0355471 0.1509799
v -0.06926164 -0.030009 0.7727345
v -0.05342725 -0.05444987 0.772733
v 0.00024786 -0.07721485 0.772733
v 0.06478752 0.0607721 0.1299828
v 0.05114074 0.072199 0.1299828
v 0.05114074 0.072199 0.1509781
v 0.06478752 0.0607721 0.1509781
v -0.05056563 -0.07630427 0.1299828
v -0.03489438 -0.08494599 0.1299828
v -0.03489438 -0.08494599 0.1509781
v -0.05056563 -0.07630427 0.1509781
v 0.05114074 0.072199 0.1299828
v 0.03539635 0.080776 0.1299828
v 0.03539635 0.080776 0.1509781
v 0.05114074 0.072199 0.1509781
v -0.03489438 -0.08494599 0.1299828
v -0.03489438 -0.08494599 0.1509781
v 0.01806499 -0.08993031 0.1547214
v 0.01641281 -0.08174528 0.1847581
v 0.03531845 -0.0851527 0.1299831
v 0.03531845 -0.0851527 0.1509785
v -0.03476652 0.0806541 0.1299834
v -0.03476652 0.0806541 0.1509786
v 0.05097927 -0.07665463 0.1299828
v 0.05097927 -0.07665463 0.1509781
v -0.05033854 0.0721156 0.1299828
v -0.05033854 0.0721156 0.1509781
v 0.06455929 -0.06535723 0.1299828
v 0.06455929 -0.06535723 0.1509781
v -0.06382105 0.0608175 0.1299841
v -0.06382105 0.0608175 0.1509793
v 0.06455929 -0.06535723 0.1299828
v 0.07561451 -0.05168815 0.1299828
v 0.07561451 -0.05168815 0.1509781
v 0.06455929 -0.06535723 0.1509781
v 0.08371449 -0.03629805 0.1299831
v 0.08371449 -0.03629805 0.1509784
v 0.08870924 -0.019736 0.1299828
v 0.08870924 -0.019736 0.1509781
v -0.08952913 -0.0018241 0.1299828
v -0.08952913 -0.0018241 0.1509781
v 0.09045404 -0.0024625 0.1299828
v 0.09045404 -0.0024625 0.1509781
v -0.08793178 -0.0189478 0.1299828
v -0.08793178 -0.0189478 0.1509781
v 0.01524229 -0.07594671 0.2790181
v 0.00024765 -0.07737316 0.279018
v 0.00024553 -0.07896288 0.2152565
v 0.01555664 -0.07750584 0.2152566
v 0.02958019 -0.07153417 0.2790184
v 0.03019799 -0.07300009 0.215257
v 0.0426711 -0.06443008 0.279018
v 0.04356516 -0.06574621 0.2152567
v 0.05402286 -0.05498644 0.279018
v 0.0551572 -0.05610301 0.2152568
v 0.06326408 -0.04356034 0.279018
v 0.05402286 -0.05498644 0.279018
v 0.0551572 -0.05610301 0.2152568
v 0.06459374 -0.0444354 0.2152568
v 0.07003493 -0.03069558 0.2790184
v 0.07150769 -0.03129871 0.2152572
v 0.07421011 -0.0168512 0.2790181
v 0.07577109 -0.0171617 0.2152569
v 0.07566863 -0.002412 0.2790181
v 0.07726044 -0.0024174 0.2152569
v 0.07430875 0.0119798 0.2790195
v 0.07587183 0.0122784 0.2152584
v 0.06347824 0.0389098 0.2790181
v 0.07021719 0.0259165 0.2790192
v 0.07169384 0.0265097 0.215258
v 0.06481243 0.0397778 0.2152568
v 0.05421348 0.0504464 0.2790181
v 0.05535175 0.0515581 0.2152568
v 0.04280616 0.0599984 0.2790181
v 0.04370351 0.061312 0.2152566
v 0.02964528 0.0671679 0.2790181
v 0.04280616 0.0599984 0.2790181
v 0.04370351 0.061312 0.2152566
v 0.03026445 0.068633 0.2152566
v 0.01525201 0.0715867 0.2790181
v 0.01556708 0.0731451 0.2152566
v -0.01472102 0.0715397 0.2790181
v 0.00024994 0.0730908 0.2790181
v 0.00024787 0.0746812 0.2152565
v -0.01503936 0.0730973 0.2152565
v -0.02900509 0.0670661 0.2790185
v -0.02962534 0.0685291 0.2152568
v -0.04202118 0.0599286 0.2790181
v -0.04291668 0.0612408 0.2152563
v -0.05329165 0.0504844 0.2790192
v -0.05442539 0.0515969 0.2152574
v -0.06247535 0.0390798 0.2790192
v -0.06380322 0.0399514 0.2152574
v -0.0733265 0.0124993 0.2790195
v -0.06918511 0.0262693 0.2790181
v -0.07065478 0.0268701 0.2152563
v -0.07488367 0.0128091 0.2152577
v -0.07478133 -0.0018784 0.2790181
v -0.07636925 -0.0018726 0.2152562
v -0.07344612 -0.0161923 0.2790181
v -0.07500586 -0.016489 0.2152562
v -0.0694088 -0.0300679 0.2790195
v -0.07088318 -0.03065785 0.2152578
v -0.05354074 -0.05456044 0.279018
v -0.06270543 -0.04307433 0.279018
v -0.06403813 -0.04393919 0.2152562
v -0.0546799 -0.05566807 0.2152562
v -0.04221097 -0.06413706 0.279018
v -0.04311088 -0.06544711 0.2152563
v -0.02911125 -0.07136084 0.279018
v -0.02973388 -0.07282348 0.2152563
v -0.01475427 -0.07586707 0.279018
v -0.02911125 -0.07136084 0.279018
v -0.02973388 -0.07282348 0.2152563
v -0.01507376 -0.07742484 0.2152563
v -0.06918511 0.0262693 0.2790181
v -0.07065478 0.0268701 0.2152563
v 0.00022801 -0.09213884 0.1528828
v 0.01816614 -0.09043135 0.1528829
v 0.03531845 -0.0851527 0.1528831
v 0.05097927 -0.07665463 0.1528828
v 0.06455929 -0.06535723 0.1528828
v 0.06455929 -0.06535723 0.1528828
v 0.07561457 -0.05168815 0.1528826
v 0.08371449 -0.03629805 0.1528829
v 0.08870924 -0.019736 0.1528828
v 0.09045404 -0.0024625 0.1528828
v 0.08882725 0.0147544 0.1528846
v 0.08393258 0.0314268 0.1528841
v 0.07587069 0.0469708 0.1528828
v 0.06478752 0.0607721 0.1528828
v 0.05114074 0.072199 0.1528828
v 0.05114074 0.072199 0.1528828
v 0.03539635 0.080776 0.1528828
v 0.01817806 0.0860622 0.1528828
v 0.00023075 0.0878616 0.1528828
v -0.01767896 0.0860059 0.1528828
v -0.03476652 0.0806541 0.1528833
v -0.05033854 0.0721156 0.1528828
v -0.06382105 0.0608175 0.152884
v -0.07480749 0.0471742 0.1528841
v -0.08283433 0.031849 0.1528828
v -0.08778867 0.015376 0.1528845
v -0.08952913 -0.0018241 0.1528828
v -0.08793178 -0.0189478 0.1528828
v -0.08310196 -0.0355471 0.1528846
v -0.07508275 -0.05110677 0.1528828
v -0.06411925 -0.06484755 0.1528826
v -0.05056563 -0.07630427 0.1528826
v -0.03489438 -0.08494599 0.1528828
v -0.03489438 -0.08494599 0.1528828
v -0.01771931 -0.090337 0.1528828
v -0.08283433 0.031849 0.1528828
v 0.01521147 -0.0757962 0.7569829
v 0.00024785 -0.07722004 0.7569828
v -0.07462838 -0.001879 0.7569828
v -0.07317647 0.0124695 0.7569843
v -0.02894531 0.066925 0.7569833
v -0.01469068 0.0713896 0.7569828
v 0.0541035 0.0503394 0.7569828
v 0.06334968 0.0388262 0.7569828
v 0.02952016 -0.07139249 0.7569831
v 0.07415813 0.011951 0.7569843
v 0.07551521 -0.0024115 0.7569828
v -0.07329586 -0.0161637 0.7569828
v 0.07405967 -0.0168213 0.7569828
v -0.06904349 0.0262114 0.7569828
v -0.06234696 0.0389959 0.7569839
v 0.06989307 -0.03063746 0.7569831
v -0.06904349 0.0262114 0.7569828
v 0.06313599 -0.04347606 0.7569828
v -0.05318197 0.0503772 0.7569839
v 0.05391349 -0.05487891 0.7569828
v -0.04193506 0.0598022 0.7569828
v 0.05391349 -0.05487891 0.7569828
v 0.04258503 -0.0643033 0.7569828
v 0.00025014 0.0729377 0.7569828
v 0.01522185 0.0714366 0.7569828
v -0.014724 -0.07571687 0.7569828
v 0.02958561 0.0670267 0.7569828
v -0.02905158 -0.07122036 0.7569828
v 0.04271938 0.0598718 0.7569828
v -0.04212466 -0.06401088 0.7569828
v -0.05343076 -0.05445375 0.7569828
v 0.04271938 0.0598718 0.7569828
v -0.06257704 -0.04299106 0.7569828
v -0.06926677 -0.030011 0.7569843
v 0.07007493 0.0258593 0.7569839
v -0.02905158 -0.07122036 0.7569828
v 0.01521088 -0.07579054 0.7727332
v 0.0295185 -0.07138785 0.7727333
v 0.04258187 -0.06429871 0.772733
v 0.05390913 -0.05487497 0.772733
v 0.06988789 -0.03063537 0.7727333
v 0.06313134 -0.04347302 0.772733
v 0.07405424 -0.0168201 0.772733
v 0.07415271 0.0119499 0.7727345
v 0.07550967 -0.0024115 0.772733
v 0.0700698 0.0258571 0.7727342
v -0.06903836 0.0262094 0.772733
v 0.06334503 0.0388232 0.772733
v 0.05409999 0.0503355 0.772733
v 0.04271634 0.0598673 0.772733
v 0.02958347 0.0670217 0.772733
v 0.01522035 0.0714312 0.772733
v 0.00025014 0.0729321 0.772733
v -0.01468931 0.0713842 0.772733
v -0.02894316 0.06692 0.7727335
v -0.04193208 0.0597976 0.772733
v -0.05317852 0.0503733 0.7727342
v -0.06234231 0.0389928 0.7727342
v -0.07317105 0.0124685 0.7727345
v -0.07329044 -0.0161627 0.772733
v -0.07462284 -0.001879 0.772733
v -0.06257239 -0.04298802 0.772733
v -0.04212156 -0.06400629 0.772733
v -0.02904938 -0.07121481 0.772733
v -0.01472251 -0.0757118 0.772733
vn 0.37329 -0.88822 0.2678
vn 0.54045 -0.79759 0.26791
vn 0.54899 -0.81019 0.20542
vn 0.37919 -0.90223 0.2054
vn 0.92792 0.37279 0
vn 0.83781 0.54596 0
vn 0.83782 0.54595 0
vn 0.92792 0.37278 -1E-05
vn -0.37748 0.88653 0.26753
vn -0.54367 0.79553 0.26751
vn -0.55225 0.80806 0.20507
vn -0.38343 0.9005 0.20514
vn 0.61637 -0.74091 0.26674
vn 0.62604 -0.7525 0.2045
vn -0.00166 1 0
vn -0.20199 0.97939 0
vn -0.20198 0.97939 0
vn -0.00166 1 0
vn -0.68796 0.67467 0.26745
vn -0.6988 0.6853 0.20504
vn 0.74934 -0.60606 0.26679
vn 0.80467 -0.52981 0.26797
vn 0.81739 -0.5382 0.20547
vn 0.76108 -0.61557 0.20453
vn -0.95763 0.28801 0
vn -0.98076 0.19523 0
vn -0.98076 0.19524 0
vn -0.95763 0.28801 0
vn -0.8059 0.52823 0.2674
vn -0.81858 0.53655 0.20503
vn 0.89157 -0.36512 0.26793
vn 0.90567 -0.37089 0.20542
vn -0.83937 -0.54356 0
vn -0.71704 -0.69703 0
vn -0.71704 -0.69703 0
vn -0.83937 -0.54355 0
vn -0.92307 0.27765 0.26618
vn -0.94506 0.18813 0.26732
vn -0.95994 0.19109 0.20493
vn -0.93747 0.28197 0.20404
vn 0.94484 -0.18837 0.26795
vn 0.95978 -0.19135 0.20544
vn -0.85389 0.44722 0.26621
vn -0.86722 0.4542 0.20405
vn 0.96342 -0.00313 0.26798
vn 0.97866 -0.00317 0.20548
vn -0.96359 0.00376 0.26735
vn -0.94662 -0.18016 0.26731
vn -0.96152 -0.18299 0.20493
vn -0.97876 0.00383 0.20498
vn 0.94613 0.18183 0.26791
vn 0.96109 0.18471 0.2054
vn -0.89503 -0.35698 0.26737
vn -0.90912 -0.3626 0.20498
vn 0.89399 0.35917 0.2679
vn 0.80717 0.526 0.26795
vn 0.81993 0.53432 0.20547
vn 0.90813 0.36484 0.20541
vn -0.80878 -0.52376 0.2675
vn -0.69092 -0.67163 0.26748
vn -0.7018 -0.68222 0.20508
vn -0.82153 -0.53201 0.20509
vn 0.68821 0.67425 0.26788
vn 0.61875 0.73896 0.26662
vn 0.62844 0.75052 0.20441
vn 0.69908 0.6849 0.20541
vn -0.54632 -0.79371 0.26749
vn -0.46542 -0.84404 0.26643
vn -0.47271 -0.85723 0.20423
vn -0.55494 -0.8062 0.20515
vn 0.46108 0.84638 0.26654
vn 0.37373 0.88804 0.26778
vn 0.37962 0.90207 0.20534
vn 0.46828 0.85962 0.20438
vn -0.28866 -0.91959 0.26651
vn -0.1934 -0.94388 0.26773
vn -0.19646 -0.95877 0.20532
vn -0.29315 -0.93399 0.20426
vn 0.19038 0.94451 0.2677
vn 0.19339 0.95941 0.20526
vn -0.0016 0.96348 0.26778
vn -0.19462 0.94366 0.26764
vn -0.19769 0.95854 0.20524
vn -0.00162 0.97869 0.20532
vn -0.00249 -0.96349 0.26773
vn -0.00255 -0.97871 0.20521
vn -0.00258 -1 0
vn 0.19546 -0.98071 0
vn 0.19546 -0.98071 0
vn -0.00258 -1 0
vn -0.20073 -0.97965 0
vn -0.20073 -0.97965 0
vn 0.98203 0.18874 0
vn 0.98203 0.18874 -0
vn 0.19759 0.98028 0
vn 0.19759 0.98028 0
vn -0.83635 0.5482 0
vn -0.88585 0.46398 0
vn -0.88585 0.46398 0
vn -0.83635 0.5482 1E-05
vn -0.92884 -0.37047 0
vn -0.92885 -0.37047 0
vn -4E-05 -9E-05 1
vn 0.71431 0.69983 0
vn 0.64199 0.76671 0
vn 0.71432 0.69982 0
vn -0.56699 -0.82372 0
vn -0.48289 -0.87568 0
vn -0.48288 -0.87568 0
vn -0.56699 -0.82372 0
vn 0.47839 0.87815 0
vn 0.38789 0.9217 0
vn 0.3879 0.9217 0
vn 0.47839 0.87815 0
vn -0.29948 -0.9541 0
vn -0.29948 -0.9541 0
vn 0.1883 -0.94488 0.26786
vn 0.19128 -0.9598 0.2054
vn 0.38745 -0.92189 0
vn 0.38745 -0.92189 0
vn -0.39176 0.92007 0
vn -0.39175 0.92007 0
vn 0.56095 -0.82785 0
vn 0.56095 -0.82785 0
vn -0.56424 0.82561 0
vn -0.56424 0.82561 0
vn 0.63954 -0.76876 0
vn 0.63954 -0.76876 0
vn -0.71398 0.70017 0
vn -0.71398 0.70017 0
vn 0.77753 -0.62885 0
vn 0.83522 -0.54992 0
vn 0.83522 -0.54992 -1E-05
vn 0.77752 -0.62885 -0
vn 0.92541 -0.37897 0
vn 0.92541 -0.37898 0
vn 0.9807 -0.19552 0
vn 0.9807 -0.19552 0
vn -0.99999 0.00391 0
vn -0.99999 0.00392 0
vn 0.99999 -0.00323 0
vn -0.98237 -0.18697 0
vn -0.98237 -0.18697 0
vn 0.19542 -0.98064 0.01264
vn -0.0026 -0.99992 0.01263
vn -0.00259 -0.99654 0.08304
vn 0.19476 -0.97732 0.08312
vn 0.38743 -0.92181 0.01264
vn 0.38611 -0.9187 0.08312
vn 0.56092 -0.82777 0.01264
vn 0.55901 -0.82499 0.08313
vn 0.63949 -0.7687 0.01258
vn 0.63734 -0.76613 0.08274
vn 0.83515 -0.54988 0.01265
vn 0.77747 -0.6288 0.01259
vn 0.77486 -0.62669 0.08275
vn 0.83232 -0.54802 0.08315
vn 0.92533 -0.37894 0.01265
vn 0.9222 -0.37766 0.08313
vn 0.98062 -0.1955 0.01265
vn 0.9773 -0.19484 0.08314
vn 0.99991 -0.00323 0.01265
vn 0.99653 -0.00322 0.08315
vn 0.98195 0.18873 0.01265
vn 0.97863 0.18809 0.08312
vn 0.83774 0.54592 0.01265
vn 0.92784 0.37276 0.01265
vn 0.92471 0.37149 0.08312
vn 0.83491 0.54408 0.08315
vn 0.71426 0.69977 0.01264
vn 0.71184 0.69741 0.08312
vn 0.64195 0.76664 0.01258
vn 0.63981 0.76407 0.08271
vn 0.38786 0.92163 0.01264
vn 0.47834 0.87808 0.01258
vn 0.47674 0.87515 0.08269
vn 0.38654 0.91852 0.08309
vn 0.19757 0.98021 0.01263
vn 0.19691 0.9769 0.08306
vn -0.20196 0.97931 0.01263
vn -0.00166 0.99992 0.01264
vn -0.00165 0.99654 0.08309
vn -0.20129 0.97601 0.08305
vn -0.39173 0.91999 0.01263
vn -0.39041 0.91689 0.08301
vn -0.5642 0.82554 0.01262
vn -0.5623 0.82276 0.08299
vn -0.71392 0.70011 0.01262
vn -0.71151 0.69776 0.08298
vn -0.83628 0.54816 0.01262
vn -0.83346 0.54631 0.08297
vn -0.98068 0.19522 0.01262
vn -0.95755 0.28799 0.01256
vn -0.95436 0.28703 0.08256
vn -0.97738 0.19456 0.08292
vn -0.99991 0.00391 0.01262
vn -0.99655 0.0039 0.08295
vn -0.98229 -0.18696 0.01262
vn -0.97898 -0.18632 0.08293
vn -0.92877 -0.37044 0.01262
vn -0.92564 -0.36919 0.08294
vn -0.71698 -0.69698 0.01263
vn -0.8393 -0.54351 0.01263
vn -0.83648 -0.54168 0.08299
vn -0.71457 -0.69463 0.08299
vn -0.56694 -0.82366 0.01263
vn -0.56503 -0.82088 0.08301
vn -0.48285 -0.87561 0.01257
vn -0.48122 -0.87269 0.08263
vn -0.20071 -0.97957 0.01264
vn -0.29944 -0.95403 0.01257
vn -0.29844 -0.95084 0.08265
vn -0.20003 -0.97626 0.08308
vn -0.88578 0.46394 0.01256
vn -0.88283 0.46239 0.08256
vn -0.00255 -0.99097 0.13405
vn 0.19371 -0.97186 0.13401
vn 0.38397 -0.91357 0.13398
vn 0.5559 -0.82036 0.13408
vn 0.63382 -0.76188 0.13344
vn 0.77056 -0.62323 0.13349
vn 0.82767 -0.54495 0.1341
vn 0.91705 -0.37555 0.13411
vn 0.97184 -0.19375 0.13412
vn 0.99096 -0.00321 0.13412
vn 0.97316 0.18703 0.13411
vn 0.91954 0.36942 0.13408
vn 0.83025 0.54102 0.13408
vn 0.70788 0.69349 0.13406
vn 0.63625 0.75986 0.1334
vn 0.47412 0.87031 0.13332
vn 0.38441 0.91339 0.13399
vn 0.19581 0.97145 0.13397
vn -0.00164 0.99098 0.134
vn -0.20014 0.97057 0.13391
vn -0.38822 0.91179 0.13388
vn -0.55916 0.81818 0.1339
vn -0.70754 0.69388 0.13386
vn -0.82882 0.54327 0.13384
vn -0.94909 0.28546 0.13319
vn -0.97194 0.19348 0.13382
vn -0.991 0.00388 0.13381
vn -0.97353 -0.18528 0.1338
vn -0.92049 -0.36714 0.13383
vn -0.83181 -0.53867 0.13387
vn -0.71059 -0.69076 0.13385
vn -0.56188 -0.81632 0.13384
vn -0.47857 -0.86787 0.13332
vn -0.29681 -0.94558 0.13336
vn -0.19892 -0.97082 0.13395
vn -0.87795 0.45983 0.13323
vn 0.19545 -0.98071 0.00032
vn -0.0026 -1 0.00032
vn -0.99999 0.00392 0.00032
vn -0.98076 0.19524 0.00032
vn -0.39176 0.92007 0.00032
vn -0.20199 0.97939 0.00032
vn 0.71431 0.69983 0.00032
vn 0.83781 0.54596 0.00032
vn 0.38745 -0.92189 0.00032
vn 0.98203 0.18875 0.00032
vn 0.99999 -0.00323 0.00032
vn -0.98236 -0.18698 0.00032
vn 0.9807 -0.19552 0.00032
vn -0.88584 0.464 0.00032
vn -0.83634 0.54821 0.00032
vn 0.92541 -0.37898 0.00032
vn -0.95763 0.28801 0.00032
vn 0.83521 -0.54993 0.00032
vn -0.71398 0.70016 0.00032
vn 0.77752 -0.62885 0.00032
vn -0.56425 0.8256 0.00032
vn 0.63954 -0.76875 0.00032
vn 0.56095 -0.82785 0.00032
vn -0.00166 1 0.00032
vn 0.1976 0.98028 0.00032
vn -0.20071 -0.97965 0.00032
vn 0.3879 0.9217 0.00032
vn -0.29944 -0.95412 0.00032
vn 0.47839 0.87815 0.00032
vn -0.56701 -0.82371 0.00032
vn -0.71704 -0.69703 0.00032
vn 0.64199 0.76671 0.00032
vn -0.83937 -0.54356 0.00032
vn -0.92885 -0.37047 0.00032
vn 0.92792 0.37278 0.00032
vn -0.48291 -0.87567 0.00032
vn -1E-05 4E-05 1
vn -3E-05 0.00012 1
vn 0 -3E-05 1
vn 1E-05 -1E-05 1
vn 0.00014 -8E-05 1
vn 0.00031 -5E-05 1
vn 0.00051 -6E-05 1
vn -1E-05 2E-05 1
vn -1E-05 -1E-05 1
vn 0.00035 0.00027 1
vn 6E-05 0.00011 1
vn -1E-05 0 1
vn -1E-05 0 1
vn 0 0.00012 1
vn 2E-05 -0.00012 1
vn 0.0003 -0.00028 1
vn -0 0 1
vn 0.00041 -0.00028 1
vn 0.00057 -6E-05 1
vn -0.00051 -5E-05 1
vn 0.00013 0.00015 1
vn -0.00044 -0.00034 1
vn 0 0 1
vn 1E-05 0 1
vn 1E-05 -3E-05 1
vn 2E-05 6E-05 1
vn -1E-05 2E-05 1
vn -0 0 1
vt 0.33765 0.46063
vt 0.32519 0.46008
vt 0.32825 0.43669
vt 0.33954 0.43719
vt 0.13854 0.4807
vt 0.12734 0.47994
vt 0.12734 0.46399
vt 0.13854 0.46475
vt 0.04722 0.46179
vt 0.034 0.46151
vt 0.03587 0.43807
vt 0.04785 0.43832
vt 0.3141 0.4593
vt 0.31819 0.43597
vt 0.07433 0.48034
vt 0.06085 0.48062
vt 0.06085 0.46468
vt 0.07433 0.46439
vt 0.02168 0.46097
vt 0.0247 0.43758
vt 0.2133 0.46111
vt 0.20213 0.46188
vt 0.19917 0.43848
vt 0.20929 0.43778
vt 0.3117 0.47798
vt 0.30228 0.47893
vt 0.30228 0.46299
vt 0.3117 0.46204
vt 0.01065 0.4602
vt 0.01469 0.43688
vt 0.1899 0.46239
vt 0.18808 0.43894
vt 0.25276 0.48047
vt 0.23959 0.4802
vt 0.23959 0.46426
vt 0.25276 0.46453
vt 0.3114 0.45917
vt 0.30204 0.46012
vt 0.29806 0.43679
vt 0.30655 0.43593
vt 0.17701 0.46266
vt 0.17639 0.43918
vt 0.00137 0.45923
vt 0.00628 0.436
vt 0.16383 0.46266
vt 0.16444 0.43918
vt 0.29105 0.46087
vt 0.27896 0.46138
vt 0.27713 0.43793
vt 0.2881 0.43747
vt 0.15094 0.46239
vt 0.15276 0.43894
vt 0.26608 0.46164
vt 0.26546 0.43817
vt 0.13872 0.46188
vt 0.12758 0.46112
vt 0.13158 0.43779
vt 0.14167 0.43848
vt 0.25279 0.46165
vt 0.2397 0.46138
vt 0.24154 0.43793
vt 0.25341 0.43818
vt 0.11799 0.46014
vt 0.11039 0.45897
vt 0.11599 0.43584
vt 0.12288 0.4369
vt 0.22724 0.46084
vt 0.21593 0.46006
vt 0.21999 0.43674
vt 0.23024 0.43745
vt 0.1076 0.45913
vt 0.09812 0.46015
vt 0.094 0.43683
vt 0.1026 0.43591
vt 0.39069 0.46008
vt 0.37811 0.46063
vt 0.37623 0.43719
vt 0.38764 0.43668
vt 0.08682 0.46095
vt 0.08376 0.43756
vt 0.07422 0.46151
vt 0.06081 0.46179
vt 0.06018 0.43832
vt 0.07233 0.43807
vt 0.36468 0.46091
vt 0.36405 0.43744
vt 0.36472 0.47974
vt 0.35096 0.47974
vt 0.35096 0.4638
vt 0.36472 0.4638
vt 0.37822 0.47946
vt 0.37822 0.46351
vt 0.15083 0.48122
vt 0.15083 0.46527
vt 0.08701 0.47978
vt 0.08701 0.46383
vt 0.0104 0.47901
vt 0.00107 0.47804
vt 0.00107 0.4621
vt 0.0104 0.46307
vt 0.26612 0.48047
vt 0.26612 0.46452
vt 0.80459 0.41819
vt 0.80476 0.41833
vt 0.80489 0.41876
vt 0.11769 0.47895
vt 0.11005 0.47778
vt 0.11005 0.46183
vt 0.11769 0.46301
vt 0.22706 0.47967
vt 0.21569 0.47888
vt 0.21569 0.46293
vt 0.22706 0.46372
vt 0.1079 0.47794
vt 0.09837 0.47897
vt 0.09837 0.46302
vt 0.1079 0.462
vt 0.39088 0.4789
vt 0.39088 0.46295
vt 0.351 0.46092
vt 0.35165 0.43745
vt 0.33753 0.47946
vt 0.33753 0.46351
vt 0.04718 0.48062
vt 0.04718 0.46467
vt 0.325 0.4789
vt 0.325 0.46296
vt 0.03389 0.48034
vt 0.03389 0.46439
vt 0.31385 0.47811
vt 0.31385 0.46217
vt 0.0215 0.47979
vt 0.0215 0.46385
vt 0.21354 0.47993
vt 0.20231 0.4807
vt 0.20231 0.46475
vt 0.21354 0.46399
vt 0.19001 0.48122
vt 0.19001 0.46527
vt 0.17704 0.48148
vt 0.17704 0.46554
vt 0.29124 0.47969
vt 0.29124 0.46374
vt 0.16379 0.48148
vt 0.16379 0.46554
vt 0.27907 0.4802
vt 0.27907 0.46426
vt 0.35211 0.3654
vt 0.36361 0.3654
vt 0.36373 0.41394
vt 0.35198 0.41394
vt 0.34089 0.36516
vt 0.34052 0.4137
vt 0.33041 0.3647
vt 0.32983 0.41323
vt 0.32108 0.36403
vt 0.3203 0.41255
vt 0.19708 0.36648
vt 0.20646 0.36584
vt 0.20722 0.41436
vt 0.19764 0.41501
vt 0.18679 0.36691
vt 0.18714 0.41545
vt 0.17595 0.36714
vt 0.17607 0.41568
vt 0.16487 0.36714
vt 0.16476 0.41568
vt 0.15404 0.36691
vt 0.1537 0.41545
vt 0.1344 0.36584
vt 0.14376 0.36648
vt 0.1432 0.41501
vt 0.13364 0.41436
vt 0.12634 0.36502
vt 0.12541 0.41352
vt 0.11995 0.36404
vt 0.11889 0.41252
vt 0.09109 0.36489
vt 0.09906 0.36404
vt 0.10001 0.41253
vt 0.09187 0.41341
vt 0.0816 0.36557
vt 0.08218 0.4141
vt 0.05973 0.36628
vt 0.071 0.36604
vt 0.07136 0.41458
vt 0.05985 0.41482
vt 0.0483 0.36627
vt 0.04818 0.41482
vt 0.03719 0.36604
vt 0.03684 0.41458
vt 0.02684 0.36558
vt 0.02626 0.41411
vt 0.01756 0.36493
vt 0.01679 0.41345
vt 0.29524 0.36484
vt 0.30312 0.36405
vt 0.30404 0.41255
vt 0.296 0.41336
vt 0.28601 0.36547
vt 0.28657 0.414
vt 0.27584 0.3659
vt 0.27619 0.41444
vt 0.26502 0.36612
vt 0.26514 0.41467
vt 0.24284 0.3659
vt 0.25384 0.36613
vt 0.25373 0.41468
vt 0.24249 0.41445
vt 0.23236 0.36545
vt 0.23179 0.41399
vt 0.22286 0.3648
vt 0.22208 0.41331
vt 0.3749 0.36516
vt 0.38547 0.36469
vt 0.38606 0.41322
vt 0.37526 0.4137
vt 0.00976 0.36412
vt 0.00883 0.41262
vt 0.36472 0.46235
vt 0.35096 0.46235
vt 0.33753 0.46207
vt 0.325 0.46151
vt 0.31385 0.46072
vt 0.21354 0.46254
vt 0.20231 0.46331
vt 0.19001 0.46383
vt 0.17704 0.46409
vt 0.16379 0.46409
vt 0.15083 0.46383
vt 0.13854 0.46331
vt 0.12734 0.46255
vt 0.11769 0.46156
vt 0.11005 0.46039
vt 0.1079 0.46055
vt 0.09837 0.46158
vt 0.08701 0.46239
vt 0.07433 0.46295
vt 0.06085 0.46323
vt 0.04718 0.46323
vt 0.03389 0.46295
vt 0.0215 0.4624
vt 0.0104 0.46162
vt 0.3117 0.46059
vt 0.30228 0.46154
vt 0.29124 0.4623
vt 0.27907 0.46281
vt 0.26612 0.46308
vt 0.25276 0.46308
vt 0.23959 0.46281
vt 0.22706 0.46228
vt 0.21569 0.46149
vt 0.39088 0.46151
vt 0.37822 0.46207
vt 0.00107 0.46065
vt 0.35212 0.00243
vt 0.3636 0.00243
vt 0.28596 0.0025
vt 0.29517 0.00187
vt 0.04831 0.0033
vt 0.05972 0.00331
vt 0.12643 0.00205
vt 0.13448 0.00287
vt 0.34092 0.00219
vt 0.15407 0.00394
vt 0.16488 0.00416
vt 0.27581 0.00292
vt 0.17594 0.00416
vt 0.00985 0.00115
vt 0.01763 0.00197
vt 0.18676 0.00394
vt 0.30303 0.00107
vt 0.19702 0.00351
vt 0.02689 0.00262
vt 0.20639 0.00287
vt 0.03723 0.00307
vt 0.32116 0.00107
vt 0.33047 0.00173
vt 0.07096 0.00307
vt 0.08154 0.0026
vt 0.37486 0.0022
vt 0.09101 0.00193
vt 0.38542 0.00173
vt 0.09897 0.00107
vt 0.23242 0.00248
vt 0.24287 0.00293
vt 0.12006 0.00107
vt 0.25386 0.00315
vt 0.26501 0.00315
vt 0.14382 0.00351
vt 0.22293 0.00182
vt 0.80487 0.41887
vt 0.80482 0.41897
vt 0.80476 0.41907
vt 0.80468 0.41915
vt 0.80448 0.41925
vt 0.80459 0.41921
vt 0.80438 0.41927
vt 0.80416 0.41925
vt 0.80427 0.41927
vt 0.80405 0.41921
vt 0.80416 0.41815
vt 0.80396 0.41915
vt 0.80388 0.41907
vt 0.80382 0.41897
vt 0.80377 0.41887
vt 0.80375 0.41876
vt 0.80375 0.41864
vt 0.80377 0.41853
vt 0.80382 0.41842
vt 0.80388 0.41833
vt 0.80396 0.41825
vt 0.80406 0.41819
vt 0.80427 0.41813
vt 0.80448 0.41815
vt 0.80438 0.41813
vt 0.80468 0.41825
vt 0.80482 0.41842
vt 0.80487 0.41853
vt 0.80489 0.41864
usemtl mat0
f 281/281/266 282/282/267 283/283/268
f 281/281/266 283/283/268 284/284/269
f 285/285/270 286/286/271 287/287/272
f 285/285/270 287/287/272 288/288/273
f 289/289/274 290/290/275 291/291/276
f 289/289/274 291/291/276 292/292/277
f 282/282/267 293/293/278 294/294/279
f 282/282/267 294/294/279 283/283/268
f 295/295/280 296/296/281 297/297/282
f 295/295/280 297/297/282 298/298/283
f 290/290/275 299/299/284 300/300/285
f 290/290/275 300/300/285 291/291/276
f 301/301/286 302/302/287 303/303/288
f 301/301/286 303/303/288 304/304/289
f 305/305/290 306/306/291 307/307/292
f 305/305/290 307/307/292 308/308/293
f 299/299/284 309/309/294 310/310/295
f 299/299/284 310/310/295 300/300/285
f 302/302/287 311/311/296 312/312/297
f 302/302/287 312/312/297 303/303/288
f 313/313/298 314/314/299 315/315/300
f 313/313/298 315/315/300 316/316/301
f 317/317/302 318/318/303 319/319/304
f 317/317/302 319/319/304 320/320/305
f 311/311/296 321/321/306 322/322/307
f 311/311/296 322/322/307 312/312/297
f 309/309/294 323/323/308 324/324/309
f 309/309/294 324/324/309 310/310/295
f 321/321/306 325/325/310 326/326/311
f 321/321/306 326/326/311 322/322/307
f 327/327/312 328/328/313 329/329/314
f 327/327/312 329/329/314 330/330/315
f 325/325/310 331/331/316 332/332/317
f 325/325/310 332/332/317 326/326/311
f 328/328/313 333/333/318 334/334/319
f 328/328/313 334/334/319 329/329/314
f 335/335/320 336/336/321 337/337/322
f 335/335/320 337/337/322 338/338/323
f 339/339/324 340/340/325 341/341/326
f 339/339/324 341/341/326 342/342/327
f 331/331/316 335/335/320 338/338/323
f 331/331/316 338/338/323 332/332/317
f 333/333/318 339/339/324 342/342/327
f 333/333/318 342/342/327 334/334/319
f 343/343/328 344/344/329 345/345/330
f 343/343/328 345/345/330 346/346/331
f 347/347/332 348/348/333 349/349/334
f 347/347/332 349/349/334 350/350/335
f 351/351/336 352/352/337 353/353/338
f 351/351/336 353/353/338 354/354/339
f 355/355/340 356/356/341 357/357/342
f 355/355/340 357/357/342 358/358/343
f 352/352/337 359/359/344 360/360/345
f 352/352/337 360/360/345 353/353/338
f 361/361/346 362/362/347 363/363/348
f 361/361/346 363/363/348 364/364/349
f 356/356/341 365/365/350 366/366/351
f 356/356/341 366/366/351 357/357/342
f 367/367/352 368/368/353 369/369/354
f 367/367/352 369/369/354 370/370/355
f 359/359/344 361/361/346 364/364/349
f 359/359/344 364/364/349 360/360/345
f 371/371/356 367/367/352 370/370/355
f 371/371/356 370/370/355 372/372/357
f 373/373/358 285/285/270 288/288/273
f 373/373/358 288/288/273 374/374/359
f 375/375/360 295/295/280 298/298/283
f 375/375/360 298/298/283 376/376/361
f 377/377/362 378/378/363 379/379/364
f 377/377/362 379/379/364 380/380/365
f 381/381/366 313/313/298 316/316/301
f 381/381/366 316/316/301 382/382/367
f 383/383/368 384/384/368 385/385/368
f 386/386/369 387/387/370 388/388/370
f 386/386/369 388/388/370 389/389/371
f 390/390/372 391/391/373 392/392/374
f 390/390/372 392/392/374 393/393/375
f 394/394/376 395/395/377 396/396/378
f 394/394/376 396/396/378 397/397/379
f 398/398/380 371/371/356 372/372/357
f 398/398/380 372/372/357 399/399/381
f 395/395/377 375/375/360 376/376/361
f 395/395/377 376/376/361 396/396/378
f 400/400/382 281/281/266 284/284/269
f 400/400/382 284/284/269 401/401/383
f 362/362/347 289/289/274 292/292/277
f 362/362/347 292/292/277 363/363/348
f 368/368/353 402/402/384 403/403/385
f 368/368/353 403/403/385 369/369/354
f 296/296/281 404/404/386 405/405/387
f 296/296/281 405/405/387 297/297/282
f 402/402/384 406/406/388 407/407/389
f 402/402/384 407/407/389 403/403/385
f 404/404/386 408/408/390 409/409/391
f 404/404/386 409/409/391 405/405/387
f 406/406/388 410/410/392 411/411/393
f 406/406/388 411/411/393 407/407/389
f 408/408/390 412/412/394 413/413/395
f 408/408/390 413/413/395 409/409/391
f 414/414/396 415/415/397 416/416/398
f 414/414/396 416/416/398 417/417/399
f 314/314/299 390/390/372 393/393/375
f 314/314/299 393/393/375 315/315/300
f 412/412/394 377/377/362 380/380/365
f 412/412/394 380/380/365 413/413/395
f 415/415/397 418/418/400 419/419/401
f 415/415/397 419/419/401 416/416/398
f 318/318/303 327/327/312 330/330/315
f 318/318/303 330/330/315 319/319/304
f 418/418/400 420/420/402 421/421/403
f 418/418/400 421/421/403 419/419/401
f 306/306/291 422/422/404 423/423/405
f 306/306/291 423/423/405 307/307/292
f 420/420/402 424/424/406 425/425/406
f 420/420/402 425/425/406 421/421/403
f 422/422/404 426/426/407 427/427/408
f 422/422/404 427/427/408 423/423/405
f 424/424/406 373/373/358 374/374/359
f 424/424/406 374/374/359 425/425/406
f 426/426/407 381/381/366 382/382/367
f 426/426/407 382/382/367 427/427/408
f 336/336/321 343/343/328 346/346/331
f 336/336/321 346/346/331 337/337/322
f 340/340/325 347/347/332 350/350/335
f 340/340/325 350/350/335 341/341/326
f 286/286/271 386/386/369 389/389/371
f 286/286/271 389/389/371 287/287/272
f 428/428/409 429/429/410 430/430/411
f 428/428/409 430/430/411 431/431/412
f 431/431/412 430/430/411 366/366/351
f 431/431/412 366/366/351 401/401/383
f 432/432/413 428/428/409 431/431/412
f 432/432/413 431/431/412 433/433/414
f 433/433/414 431/431/412 401/401/383
f 433/433/414 401/401/383 284/284/269
f 434/434/415 432/432/413 433/433/414
f 434/434/415 433/433/414 435/435/416
f 435/435/416 433/433/414 284/284/269
f 435/435/416 284/284/269 283/283/268
f 436/436/417 434/434/415 435/435/416
f 436/436/417 435/435/416 437/437/418
f 437/437/418 435/435/416 283/283/268
f 437/437/418 283/283/268 294/294/279
f 438/438/419 439/439/420 440/440/421
f 438/438/419 440/440/421 441/441/422
f 441/441/422 440/440/421 304/304/289
f 441/441/422 304/304/289 303/303/288
f 442/442/423 438/438/419 441/441/422
f 442/442/423 441/441/422 443/443/424
f 443/443/424 441/441/422 303/303/288
f 443/443/424 303/303/288 312/312/297
f 444/444/425 442/442/423 443/443/424
f 444/444/425 443/443/424 445/445/426
f 445/445/426 443/443/424 312/312/297
f 445/445/426 312/312/297 322/322/307
f 446/446/427 444/444/425 445/445/426
f 446/446/427 445/445/426 447/447/428
f 447/447/428 445/445/426 322/322/307
f 447/447/428 322/322/307 326/326/311
f 448/448/429 446/446/427 447/447/428
f 448/448/429 447/447/428 449/449/430
f 449/449/430 447/447/428 326/326/311
f 449/449/430 326/326/311 332/332/317
f 450/450/431 451/451/432 452/452/433
f 450/450/431 452/452/433 453/453/434
f 453/453/434 452/452/433 338/338/323
f 453/453/434 338/338/323 337/337/322
f 454/454/435 450/450/431 453/453/434
f 454/454/435 453/453/434 455/455/436
f 455/455/436 453/453/434 337/337/322
f 455/455/436 337/337/322 346/346/331
f 456/456/437 454/454/435 455/455/436
f 456/456/437 455/455/436 457/457/438
f 457/457/438 455/455/436 346/346/331
f 457/457/438 346/346/331 345/345/330
f 458/458/439 459/459/440 460/460/441
f 458/458/439 460/460/441 461/461/442
f 461/461/442 460/460/441 354/354/339
f 461/461/442 354/354/339 353/353/338
f 462/462/443 458/458/439 461/461/442
f 462/462/443 461/461/442 463/463/444
f 463/463/444 461/461/442 353/353/338
f 463/463/444 353/353/338 360/360/345
f 464/464/445 465/465/446 466/466/447
f 464/464/445 466/466/447 467/467/448
f 467/467/448 466/466/447 364/364/349
f 467/467/448 364/364/349 363/363/348
f 468/468/449 464/464/445 467/467/448
f 468/468/449 467/467/448 469/469/450
f 469/469/450 467/467/448 363/363/348
f 469/469/450 363/363/348 292/292/277
f 470/470/451 468/468/449 469/469/450
f 470/470/451 469/469/450 471/471/452
f 471/471/452 469/469/450 292/292/277
f 471/471/452 292/292/277 291/291/276
f 472/472/453 470/470/451 471/471/452
f 472/472/453 471/471/452 473/473/454
f 473/473/454 471/471/452 291/291/276
f 473/473/454 291/291/276 300/300/285
f 474/474/455 472/472/453 473/473/454
f 474/474/455 473/473/454 475/475/456
f 475/475/456 473/473/454 300/300/285
f 475/475/456 300/300/285 310/310/295
f 476/476/457 477/477/458 478/478/459
f 476/476/457 478/478/459 479/479/460
f 479/479/460 478/478/459 320/320/305
f 479/479/460 320/320/305 319/319/304
f 480/480/461 476/476/457 479/479/460
f 480/480/461 479/479/460 481/481/462
f 481/481/462 479/479/460 319/319/304
f 481/481/462 319/319/304 330/330/315
f 482/482/463 480/480/461 481/481/462
f 482/482/463 481/481/462 483/483/464
f 483/483/464 481/481/462 330/330/315
f 483/483/464 330/330/315 329/329/314
f 484/484/465 482/482/463 483/483/464
f 484/484/465 483/483/464 485/485/466
f 485/485/466 483/483/464 329/329/314
f 485/485/466 329/329/314 334/334/319
f 486/486/467 487/487/468 488/488/469
f 486/486/467 488/488/469 489/489/470
f 489/489/470 488/488/469 342/342/327
f 489/489/470 342/342/327 341/341/326
f 490/490/471 486/486/467 489/489/470
f 490/490/471 489/489/470 491/491/472
f 491/491/472 489/489/470 341/341/326
f 491/491/472 341/341/326 350/350/335
f 492/492/473 490/490/471 491/491/472
f 492/492/473 491/491/472 493/493/474
f 493/493/474 491/491/472 350/350/335
f 493/493/474 350/350/335 349/349/334
f 494/494/475 495/495/476 496/496/477
f 494/494/475 496/496/477 497/497/478
f 497/497/478 496/496/477 358/358/343
f 497/497/478 358/358/343 357/357/342
f 429/429/410 494/494/475 497/497/478
f 429/429/410 497/497/478 430/430/411
f 430/430/411 497/497/478 357/357/342
f 430/430/411 357/357/342 366/366/351
f 451/451/432 448/448/429 449/449/430
f 451/451/432 449/449/430 452/452/433
f 452/452/433 449/449/430 332/332/317
f 452/452/433 332/332/317 338/338/323
f 465/465/446 462/462/443 463/463/444
f 465/465/446 463/463/444 466/466/447
f 466/466/447 463/463/444 360/360/345
f 466/466/447 360/360/345 364/364/349
f 498/498/479 474/474/455 475/475/456
f 498/498/479 475/475/456 499/499/480
f 499/499/480 475/475/456 310/310/295
f 499/499/480 310/310/295 324/324/309
f 487/487/468 484/484/465 485/485/466
f 487/487/468 485/485/466 488/488/469
f 488/488/469 485/485/466 334/334/319
f 488/488/469 334/334/319 342/342/327
f 400/400/382 365/365/350 500/500/481
f 400/400/382 500/500/481 501/501/482
f 501/501/482 500/500/481 370/370/355
f 501/501/482 370/370/355 369/369/354
f 281/281/266 400/400/382 501/501/482
f 281/281/266 501/501/482 502/502/483
f 502/502/483 501/501/482 369/369/354
f 502/502/483 369/369/354 403/403/385
f 282/282/267 281/281/266 502/502/483
f 282/282/267 502/502/483 503/503/484
f 503/503/484 502/502/483 403/403/385
f 503/503/484 403/403/385 407/407/389
f 293/293/278 282/282/267 503/503/484
f 293/293/278 503/503/484 504/504/485
f 504/504/485 503/503/484 407/407/389
f 504/504/485 407/407/389 411/411/393
f 302/302/287 301/301/286 505/505/486
f 302/302/287 505/505/486 506/506/487
f 506/506/487 505/505/486 417/417/399
f 506/506/487 417/417/399 416/416/398
f 311/311/296 302/302/287 506/506/487
f 311/311/296 506/506/487 507/507/488
f 507/507/488 506/506/487 416/416/398
f 507/507/488 416/416/398 419/419/401
f 321/321/306 311/311/296 507/507/488
f 321/321/306 507/507/488 508/508/489
f 508/508/489 507/507/488 419/419/401
f 508/508/489 419/419/401 421/421/403
f 325/325/310 321/321/306 508/508/489
f 325/325/310 508/508/489 509/509/490
f 509/509/490 508/508/489 421/421/403
f 509/509/490 421/421/403 425/425/406
f 331/331/316 325/325/310 509/509/490
f 331/331/316 509/509/490 510/510/491
f 510/510/491 509/509/490 425/425/406
f 510/510/491 425/425/406 374/374/359
f 336/336/321 335/335/320 511/511/492
f 336/336/321 511/511/492 512/512/493
f 512/512/493 511/511/492 288/288/273
f 512/512/493 288/288/273 287/287/272
f 343/343/328 336/336/321 512/512/493
f 343/343/328 512/512/493 513/513/494
f 513/513/494 512/512/493 287/287/272
f 513/513/494 287/287/272 389/389/371
f 344/344/329 343/343/328 513/513/494
f 344/344/329 513/513/494 514/514/495
f 514/514/495 513/513/494 389/389/371
f 514/514/495 389/389/371 388/388/370
f 352/352/337 351/351/336 515/515/496
f 352/352/337 515/515/496 516/516/497
f 516/516/497 515/515/496 397/397/379
f 516/516/497 397/397/379 396/396/378
f 359/359/344 352/352/337 516/516/497
f 359/359/344 516/516/497 517/517/498
f 517/517/498 516/516/497 396/396/378
f 517/517/498 396/396/378 376/376/361
f 362/362/347 361/361/346 518/518/499
f 362/362/347 518/518/499 519/519/500
f 519/519/500 518/518/499 298/298/283
f 519/519/500 298/298/283 297/297/282
f 289/289/274 362/362/347 519/519/500
f 289/289/274 519/519/500 520/520/501
f 520/520/501 519/519/500 297/297/282
f 520/520/501 297/297/282 405/405/387
f 290/290/275 289/289/274 520/520/501
f 290/290/275 520/520/501 521/521/502
f 521/521/502 520/520/501 405/405/387
f 521/521/502 405/405/387 409/409/391
f 299/299/284 290/290/275 521/521/502
f 299/299/284 521/521/502 522/522/503
f 522/522/503 521/521/502 409/409/391
f 522/522/503 409/409/391 413/413/395
f 309/309/294 299/299/284 522/522/503
f 309/309/294 522/522/503 523/523/504
f 523/523/504 522/522/503 413/413/395
f 523/523/504 413/413/395 380/380/365
f 318/318/303 317/317/302 524/524/505
f 318/318/303 524/524/505 525/525/506
f 525/525/506 524/524/505 308/308/293
f 525/525/506 308/308/293 307/307/292
f 327/327/312 318/318/303 525/525/506
f 327/327/312 525/525/506 526/526/507
f 526/526/507 525/525/506 307/307/292
f 526/526/507 307/307/292 423/423/405
f 328/328/313 327/327/312 526/526/507
f 328/328/313 526/526/507 527/527/508
f 527/527/508 526/526/507 423/423/405
f 527/527/508 423/423/405 427/427/408
f 333/333/318 328/328/313 527/527/508
f 333/333/318 527/527/508 528/528/509
f 528/528/509 527/527/508 427/427/408
f 528/528/509 427/427/408 382/382/367
f 340/340/325 339/339/324 529/529/510
f 340/340/325 529/529/510 530/530/511
f 530/530/511 529/529/510 316/316/301
f 530/530/511 316/316/301 315/315/300
f 347/347/332 340/340/325 530/530/511
f 347/347/332 530/530/511 531/531/512
f 531/531/512 530/530/511 315/315/300
f 531/531/512 315/315/300 393/393/375
f 348/348/333 347/347/332 531/531/512
f 348/348/333 531/531/512 532/532/513
f 532/532/513 531/531/512 393/393/375
f 532/532/513 393/393/375 392/392/374
f 356/356/341 355/355/340 533/533/514
f 356/356/341 533/533/514 534/534/515
f 534/534/515 533/533/514 399/399/381
f 534/534/515 399/399/381 372/372/357
f 365/365/350 356/356/341 534/534/515
f 365/365/350 534/534/515 500/500/481
f 500/500/481 534/534/515 372/372/357
f 500/500/481 372/372/357 370/370/355
f 335/335/320 331/331/316 510/510/491
f 335/335/320 510/510/491 511/511/492
f 511/511/492 510/510/491 374/374/359
f 511/511/492 374/374/359 288/288/273
f 361/361/346 359/359/344 517/517/498
f 361/361/346 517/517/498 518/518/499
f 518/518/499 517/517/498 376/376/361
f 518/518/499 376/376/361 298/298/283
f 323/323/308 309/309/294 523/523/504
f 323/323/308 523/523/504 535/535/516
f 535/535/516 523/523/504 380/380/365
f 535/535/516 380/380/365 379/379/364
f 339/339/324 333/333/318 528/528/509
f 339/339/324 528/528/509 529/529/510
f 529/529/510 528/528/509 382/382/367
f 529/529/510 382/382/367 316/316/301
f 365/365/350 400/400/382 401/401/383
f 365/365/350 401/401/383 366/366/351
f 429/429/410 428/428/409 536/536/517
f 429/429/410 536/536/517 537/537/518
f 476/476/457 480/480/461 538/538/519
f 476/476/457 538/538/519 539/539/520
f 464/464/445 468/468/449 540/540/521
f 464/464/445 540/540/521 541/541/522
f 450/450/431 454/454/435 542/542/523
f 450/450/431 542/542/523 543/543/524
f 428/428/409 432/432/413 544/544/525
f 428/428/409 544/544/525 536/536/517
f 446/446/427 448/448/429 545/545/526
f 446/446/427 545/545/526 546/546/527
f 480/480/461 482/482/463 547/547/528
f 480/480/461 547/547/528 538/538/519
f 444/444/425 446/446/427 546/546/527
f 444/444/425 546/546/527 548/548/529
f 474/474/455 498/498/479 549/549/530
f 474/474/455 549/549/530 550/550/531
f 442/442/423 444/444/425 548/548/529
f 442/442/423 548/548/529 551/551/532
f 477/477/458 476/476/457 539/539/520
f 477/477/458 539/539/520 552/552/533
f 438/438/419 442/442/423 551/551/532
f 438/438/419 551/551/532 553/553/534
f 472/472/453 474/474/455 550/550/531
f 472/472/453 550/550/531 554/554/535
f 439/439/420 438/438/419 553/553/534
f 439/439/420 553/553/534 555/555/536
f 470/470/451 472/472/453 554/554/535
f 470/470/451 554/554/535 556/556/537
f 434/434/415 436/436/417 557/557/538
f 434/434/415 557/557/538 558/558/539
f 468/468/449 470/470/451 556/556/537
f 468/468/449 556/556/537 540/540/521
f 432/432/413 434/434/415 558/558/539
f 432/432/413 558/558/539 544/544/525
f 462/462/443 465/465/446 559/559/540
f 462/462/443 559/559/540 560/560/541
f 494/494/475 429/429/410 537/537/518
f 494/494/475 537/537/518 561/561/542
f 465/465/446 464/464/445 541/541/522
f 465/465/446 541/541/522 559/559/540
f 458/458/439 462/462/443 560/560/541
f 458/458/439 560/560/541 562/562/543
f 495/495/476 494/494/475 561/561/542
f 495/495/476 561/561/542 563/563/544
f 459/459/440 458/458/439 562/562/543
f 459/459/440 562/562/543 564/564/545
f 486/486/467 490/490/471 565/565/546
f 486/486/467 565/565/546 566/566/547
f 454/454/435 456/456/437 567/567/548
f 454/454/435 567/567/548 542/542/523
f 484/484/465 487/487/468 568/568/549
f 484/484/465 568/568/549 569/569/550
f 448/448/429 451/451/432 570/570/551
f 448/448/429 570/570/551 545/545/526
f 487/487/468 486/486/467 566/566/547
f 487/487/468 566/566/547 568/568/549
f 451/451/432 450/450/431 543/543/524
f 451/451/432 543/543/524 570/570/551
f 490/490/471 492/492/473 571/571/552
f 490/490/471 571/571/552 565/565/546
f 482/482/463 484/484/465 569/569/550
f 482/482/463 569/569/550 547/547/528
f 385/385/553 572/572/553 573/573/553
f 573/573/554 574/574/554 385/385/554
f 574/574/555 575/575/555 576/576/555
f 385/385/556 574/574/556 576/576/556
f 575/575/557 577/577/557 576/576/557
f 576/576/558 578/578/558 579/579/558
f 578/578/559 580/580/559 579/579/559
f 579/579/560 581/581/560 582/582/560
f 385/385/561 579/579/561 582/582/561
f 581/581/562 583/583/562 584/584/562
f 584/584/563 585/585/563 581/581/563
f 585/585/564 586/586/564 587/587/564
f 587/587/565 588/588/565 589/589/565
f 589/589/566 590/590/566 587/587/566
f 590/590/567 591/591/567 587/587/567
f 591/591/568 592/592/568 582/582/568
f 587/587/569 591/591/569 582/582/569
f 592/592/570 593/593/570 582/582/570
f 582/582/571 594/594/571 595/595/571
f 594/594/572 596/596/572 595/595/572
f 595/595/573 383/383/573 385/385/573
f 383/383/574 597/597/574 384/384/574
f 384/384/575 598/598/575 385/385/575
f 598/598/576 599/599/576 385/385/576
f 599/599/575 600/600/575 385/385/575
f 385/385/577 576/576/577 579/579/577
f 587/587/578 581/581/578 585/585/578
f 587/587/579 582/582/579 581/581/579
f 595/595/580 385/385/580 582/582/580
# Vertices: 320, normals: 315, texture coordinates: 320, faces: 478

o obj3
v -0.0179132 -0.10833843 0.08812195
v -3.01E-06 -0.10833843 0.08997684
v -3.01E-06 -0.10484262 0.08997684
v -0.0179132 -0.10484262 0.08812195
v 0.03508474 -0.12899931 -0.0829609
v 0.01793237 -0.12899901 -0.08823716
v 0.01793237 -0.10833849 -0.08823716
v 0.03508474 -0.10833873 -0.08296084
v 0.08369887 -0.12900038 0.03356707
v 0.08859354 -0.1290008 0.01690191
v 0.08859348 -0.10834022 0.01690191
v 0.08369881 -0.1083398 0.03356713
v -0.03500071 -0.12899948 0.08277255
v -0.01791266 -0.12899901 0.08812195
v -0.03500077 -0.10833897 0.08277255
v 0.05074556 -0.12899901 -0.07446652
v 0.0507455 -0.10833837 -0.07446652
v -2.97E-06 -0.12899901 0.08997678
v 0.01794429 -0.12899901 0.08817821
v 0.01794429 -0.10833843 0.08817821
v -0.05057225 -0.12899901 0.07423776
v -0.05057225 -0.10833843 0.07423782
v 0.06432558 -0.12899901 -0.06317412
v 0.06432552 -0.10833837 -0.06317412
v -0.08306804 -0.12899901 0.03398901
v -0.07504126 -0.12900038 0.04930698
v -0.07504126 -0.1083398 0.04930752
v -0.0830681 -0.10833843 0.03398907
v -0.06405476 -0.12900038 0.06294465
v -0.06405482 -0.10833974 0.06294471
v 0.07538086 -0.12899901 -0.04951113
v 0.06432558 -0.12899901 -0.06317412
v 0.06432552 -0.10833837 -0.06317412
v 0.0753808 -0.10833837 -0.04951107
v -0.07531646 -0.12899901 -0.04892987
v -0.08333567 -0.1290008 -0.03337723
v -0.08333573 -0.10834022 -0.03337717
v -0.07531652 -0.10833837 -0.04892987
v -0.06405476 -0.12900038 0.06294465
v -0.06405482 -0.10833974 0.06294471
v 0.08348078 -0.12899931 -0.03412783
v 0.08348072 -0.10833873 -0.03412777
v -0.08802238 -0.12900068 0.01752305
v -0.08802244 -0.10834016 0.01752305
v 0.08847553 -0.12899901 -0.01757282
v 0.08847547 -0.10833843 -0.01757282
v -0.08976284 -0.12899901 0.00033078
v -0.0897629 -0.10833843 0.00033082
v 0.09022039 -0.12899901 -0.00030722
v 0.09022033 -0.10833843 -0.00030717
v -0.08816555 -0.12899901 -0.01678526
v -0.08816561 -0.10833843 -0.01678526
v 0.07563698 -0.12899901 0.04910415
v 0.07563692 -0.10833843 0.04910421
v -0.06435296 -0.12899901 -0.06266468
v -0.06435302 -0.10833837 -0.06266468
v 0.06455381 -0.12899901 0.06289935
v 0.06455375 -0.10833843 0.06289935
v -0.0507994 -0.12899901 -0.07411611
v -0.06435296 -0.12899901 -0.06266468
v -0.06435302 -0.10833837 -0.06266468
v -0.0507994 -0.10833837 -0.07411611
v 0.05090703 -0.12899901 0.07432126
v 0.06455381 -0.12899901 0.06289935
v 0.06455375 -0.10833843 0.06289935
v 0.05090697 -0.10833843 0.07432126
v -0.03512809 -0.12899901 -0.08275407
v -0.03512815 -0.10833837 -0.08275401
v 0.03516264 -0.12899901 0.08289432
v 0.03516264 -0.10833843 0.08289438
v -0.01795308 -0.12899901 -0.08814239
v -0.01795308 -0.10833837 -0.08814233
v -5.71E-06 -0.12899901 -0.08994346
v -5.75E-06 -0.10833837 -0.0899434
v -0.06382105 0.0608175 0.1061841
v -0.05033854 0.0721156 0.1061828
v -0.05033854 0.0721156 0.1021562
v -0.06382105 0.0608175 0.1021575
v -0.08310196 -0.0355471 0.1119847
v -0.06411925 -0.06484755 0.1119828
v 0.00022801 -0.09213884 0.1119828
v -0.01771931 -0.090337 0.1061828
v -0.01771931 -0.090337 0.1119828
v -0.03489438 -0.08494599 0.1119828
v -0.03489438 -0.08494599 0.1061828
v 0.018178 0.0860622 0.1061828
v 0.018178 0.0860622 0.1119828
v 0.03539635 0.080776 0.1119828
v 0.03539635 0.080776 0.1061828
v 0.01816614 -0.09043135 0.1061829
v 0.01816614 -0.09043135 0.1119829
v 0.00022801 -0.09213884 0.1119828
v 0.00022801 -0.09213884 0.1061828
v -0.01767896 0.0860059 0.1061828
v -0.01767896 0.0860059 0.1119828
v 0.00023075 0.0878616 0.1119828
v 0.00023075 0.0878616 0.1061828
v 0.03531845 -0.0851527 0.1061832
v 0.03531845 -0.0851527 0.1119832
v 0.08393252 0.0314268 0.1061843
v 0.08393252 0.0314268 0.1119843
v 0.08882725 0.0147544 0.1119847
v 0.08882725 0.0147544 0.1061847
v -0.03476652 0.0806541 0.1061834
v -0.03476652 0.0806541 0.1119834
v 0.05097927 -0.07665463 0.1061828
v 0.05097927 -0.07665463 0.1119828
v -0.05033854 0.0721156 0.1119828
v 0.06455929 -0.06535723 0.1061828
v 0.06455929 -0.06535723 0.1119828
v -0.08283433 0.031849 0.1061828
v -0.08283433 0.031849 0.1119828
v -0.07480749 0.0471743 0.1119842
v -0.07480749 0.0471743 0.1061842
v -0.06382105 0.0608175 0.1119841
v 0.07561451 -0.05168815 0.1061828
v 0.07561451 -0.05168815 0.1119828
v 0.06455929 -0.06535723 0.1119828
v 0.06455929 -0.06535723 0.1061828
v -0.07508275 -0.05110677 0.1061828
v -0.07508275 -0.05110677 0.1119828
v -0.08310196 -0.0355471 0.1119847
v -0.08310196 -0.0355471 0.1061847
v -0.06382105 0.0608175 0.1119841
v -0.06382105 0.0608175 0.1061841
v 0.08371449 -0.03629805 0.1061831
v 0.08371449 -0.03629805 0.1119831
v -0.08778867 0.015376 0.1061846
v -0.08778867 0.015376 0.1119846
v 0.08870924 -0.019736 0.1061828
v 0.08870924 -0.019736 0.1119828
v -0.08952913 -0.0018241 0.1061828
v -0.08952913 -0.0018241 0.1119828
v 0.09045404 -0.0024625 0.1061828
v 0.09045404 -0.0024625 0.1119828
v -0.08793178 -0.0189478 0.1061828
v -0.08793178 -0.0189478 0.1119828
v 0.07587069 0.0469708 0.1061828
v 0.07587069 0.0469708 0.1119828
v -0.06411925 -0.06484755 0.1061828
v -0.06411925 -0.06484755 0.1119828
v 0.06478752 0.0607721 0.1061828
v 0.06478752 0.0607721 0.1119828
v -0.05056563 -0.07630427 0.1061828
v -0.05056563 -0.07630427 0.1119828
v -0.06411925 -0.06484755 0.1119828
v -0.06411925 -0.06484755 0.1061828
v 0.05114074 0.072199 0.1061828
v 0.05114074 0.072199 0.1119828
v 0.06478752 0.0607721 0.1119828
v 0.06478752 0.0607721 0.1061828
v 0.06455929 -0.06535723 0.1021561
v 0.07561451 -0.05168815 0.1021561
v -0.08310196 -0.0355471 0.102158
v -0.07508275 -0.05110677 0.1021561
v -0.06382105 0.0608175 0.1021575
v -0.07480749 0.0471743 0.1021575
v 0.08371449 -0.03629805 0.1021565
v -0.08283433 0.031849 0.1021562
v -0.08778867 0.015376 0.1021579
v 0.08870924 -0.019736 0.1021562
v -0.08952913 -0.0018241 0.1021562
v 0.09045404 -0.0024625 0.1021562
v -0.08793178 -0.0189478 0.1021562
v 0.08882725 0.0147544 0.102158
v 0.08393252 0.0314268 0.1021575
v 0.07587069 0.0469708 0.1021562
v -0.06411925 -0.06484755 0.1021561
v 0.06478752 0.0607721 0.1021562
v -0.06411925 -0.06484755 0.1021561
v -0.05056563 -0.07630427 0.1021561
v 0.06478752 0.0607721 0.1021562
v 0.05114074 0.072199 0.1021562
v -0.03489438 -0.08494599 0.1021561
v 0.03539635 0.080776 0.1021562
v -0.01771931 -0.090337 0.1021561
v 0.018178 0.0860622 0.1021562
v 0.00022801 -0.09213884 0.1021561
v 0.01816614 -0.09043135 0.1021562
v 0.00023075 0.0878616 0.1021562
v -0.01767896 0.0860059 0.1021562
v 0.03531845 -0.0851527 0.1021565
v -0.03476652 0.0806541 0.1021566
v 0.05097927 -0.07665463 0.1021561
v 0.06455929 -0.06535723 0.1021561
v 0.08348072 -0.10484292 -0.03412777
v 0.0753808 -0.10484262 -0.04951107
v 0.0753808 -0.0746962 -0.04937762
v 0.08348072 -0.07747789 -0.03400439
v 0.01793237 -0.10484268 -0.08823716
v 0.03508474 -0.10484298 -0.08296084
v 0.08859348 -0.10484447 0.01690191
v 0.08369881 -0.10484405 0.03356713
v -0.03500077 -0.10484357 0.08277255
v 0.0507455 -0.10484262 -0.07446652
v 0.01794429 -0.10484262 0.08817821
v -0.05057225 -0.10484262 0.07423782
v 0.06432552 -0.10484262 -0.06317412
v -0.07504126 -0.10484399 0.04930752
v -0.0830681 -0.10484262 0.03398907
v -0.06405482 -0.10484393 0.06294471
v 0.06432552 -0.10484262 -0.06317412
v -0.08333573 -0.10484447 -0.03337717
v -0.07531652 -0.10484262 -0.04892987
v -0.06405482 -0.10484393 0.06294471
v -0.08802244 -0.10484441 0.01752305
v 0.08847547 -0.10484262 -0.01757282
v -0.0897629 -0.10484262 0.00033082
v 0.09022033 -0.10484262 -0.00030717
v -0.08816561 -0.10484262 -0.01678526
v 0.07563692 -0.10484262 0.04910421
v -0.06435302 -0.10484262 -0.06266468
v 0.06455375 -0.10484262 0.06289935
v -0.06435302 -0.10484262 -0.06266468
v -0.0507994 -0.10484262 -0.07411611
v 0.06455375 -0.10484262 0.06289935
v 0.05090697 -0.10484262 0.07432126
v -0.03512815 -0.10484262 -0.08275401
v 0.03516264 -0.10484262 0.08289438
v -0.01795308 -0.10484262 -0.08814233
v -5.75E-06 -0.10484262 -0.0899434
v 0.08859372 -0.0704896 0.01750499
v 0.09022075 -0.06400575 0.00035067
v 0.09022117 -0.04478492 0.00188315
v 0.0885939 -0.05458547 0.01885128
v -0.0830681 -0.0897934 0.03406882
v -0.08802244 -0.08681841 0.01761329
v 0.08847547 -0.08047112 -0.01746046
v -0.0897629 -0.08370824 0.00043203
v 0.09022033 -0.08359243 -0.00020555
v -0.08816555 -0.08061315 -0.01667279
v 0.08859348 -0.08670576 0.01699233
v -0.08333573 -0.0776151 -0.03325486
v 0.08369881 -0.08971896 0.03364694
v 0.07563692 -0.09252627 0.04917407
v -0.07531652 -0.07480128 -0.04879719
v -0.06435302 -0.07231815 -0.0625233
v 0.06455375 -0.09502049 0.06296074
v -0.06435302 -0.07231815 -0.0625233
v -0.0507994 -0.07024797 -0.07396745
v 0.06455375 -0.09502049 0.06296074
v 0.05090697 -0.09708561 0.07437533
v -0.03512815 -0.06868621 -0.08259987
v 0.03516264 -0.09863563 0.08294296
v -0.01795308 -0.06771149 -0.08798474
v 0.01794429 -0.09959103 0.08822345
v -5.75E-06 -0.06738587 -0.08978468
v 0.01793237 -0.06769444 -0.08807951
v -3.01E-06 -0.09991665 0.09002095
v -0.0179132 -0.09958078 0.08816725
v 0.03508474 -0.06864865 -0.08280658
v -0.03500077 -0.09861417 0.08282113
v 0.0507455 -0.07018461 -0.07431763
v -0.05057225 -0.09707053 0.07429194
v 0.06432552 -0.07222618 -0.06303244
v -0.07504126 -0.09256436 0.04937732
v -0.06405482 -0.09503044 0.0630058
v 0.06432552 -0.07222618 -0.06303244
v -0.06405482 -0.09503044 0.0630058
v 0.05091287 -0.07901551 0.08131146
v 0.06455417 -0.06831827 0.07288902
v 0.06455434 -0.06677117 0.07815909
v 0.05091478 -0.07789673 0.08472615
v -0.08333477 -0.05154892 -0.0326159
v -0.08816489 -0.05779632 -0.01607555
v -0.08816418 -0.03539695 -0.01436471
v -0.08333388 -0.0259522 -0.03072685
v 0.07563686 -0.0826167 0.04960668
v 0.08369881 -0.07676591 0.03411746
v 0.08369887 -0.06407322 0.03528434
v 0.07563686 -0.07291813 0.05060595
v -0.06435206 -0.04051657 -0.06181079
v -0.07531556 -0.0456896 -0.04811877
v -0.07531467 -0.0170961 -0.04606193
v -0.06435111 -0.0092763 -0.0596053
v 0.06455375 -0.08781208 0.06335848
v 0.06455375 -0.0807717 0.06420892
v -0.05079839 -0.0362037 -0.07322621
v -0.06435206 -0.04051657 -0.06181079
v -0.06435111 -0.0092763 -0.0596053
v -0.05079773 -0.0027568 -0.0708971
v 0.05090709 -0.09211393 0.07474446
v 0.06455375 -0.08781208 0.06335848
v 0.06455375 -0.0807717 0.06420892
v 0.05090727 -0.08727505 0.07547163
v -0.03512749 -0.03295036 -0.08183693
v -0.03496346 0.0017264 -0.07813924
v 0.03516288 -0.09534283 0.08329063
v 0.03516318 -0.09215553 0.08392524
v -0.0179526 -0.03092094 -0.08720833
v -0.01795183 0.0052288 -0.08472788
v 0.01794459 -0.09733303 0.08855783
v 0.01794459 -0.09516444 0.08913546
v 0.01793255 -0.03088536 -0.08730286
v -5.32E-06 -0.0302424 -0.0890038
v -4.89E-06 0.0062545 -0.08650392
v 0.01793326 0.0052825 -0.0848214
v -0.01791261 -0.09731175 0.08850181
v -2.59E-06 -0.09801026 0.0903508
v -2.17E-06 -0.09618815 0.090909
v -0.01791249 -0.09513177 0.08908003
v 0.03508485 -0.03287299 -0.08204323
v 0.03508587 0.002278 -0.07961881
v -0.03500005 -0.09529735 0.08316898
v -0.035 -0.09208633 0.08380484
v 0.05074592 -0.03607227 -0.07357549
v 0.05074693 -0.0025584 -0.07124263
v -0.05057225 -0.09208192 0.07466125
v -0.05057225 -0.08722587 0.07538932
v 0.06432636 -0.0403259 -0.06231862
v 0.06432719 -0.0089886 -0.06010735
v -0.08306816 -0.07692094 0.03453904
v -0.07504132 -0.08269264 0.0498088
v -0.07504144 -0.07303144 0.05080533
v -0.08306822 -0.06430711 0.03570151
v -0.06405494 -0.08782925 0.06340318
v -0.06405505 -0.08079697 0.06425285
v 0.0753817 -0.0454724 -0.04869854
v 0.06432636 -0.0403259 -0.06231862
v 0.06432719 -0.0089886 -0.06010735
v 0.07538259 -0.0167686 -0.04663503
v -0.06405494 -0.08782925 0.06340318
v -0.06405505 -0.08079697 0.06425285
v 0.08348155 -0.05126722 -0.03336364
v 0.08348239 -0.0255284 -0.03146576
v -0.08802226 -0.07072057 0.01812446
v -0.08802208 -0.05493315 0.01946425
v 0.08847612 -0.05750259 -0.01686096
v 0.08847678 -0.03495439 -0.01514208
v -0.08976248 -0.06424327 0.00098667
v -0.08976206 -0.04514273 0.00251228
v -0.01786069 -0.09069665 0.09489965
v 5.958E-05 -0.09252091 0.09560275
v 9.717E-05 -0.09227194 0.09753435
v -0.0178291 -0.09044124 0.09720051
v -0.03509804 0.0682982 -0.03451484
v -0.05076161 0.0602085 -0.02814537
v -0.05074957 0.0669352 -0.00061807
v -0.03508899 0.0753483 -0.00558436
v 0.03517522 -0.08704742 0.08763325
v 0.05091287 -0.07901551 0.08131146
v 0.05091478 -0.07789673 0.08472615
v 0.03517951 -0.08625008 0.08965533
v -0.01793061 0.0733471 -0.03848809
v -0.01792316 0.0805997 -0.00868249
v 0.01796247 -0.09200158 0.09152948
v 0.01796825 -0.09140314 0.0926932
v 0.01795216 0.0734321 -0.03855818
v 1.366E-05 0.0750416 -0.03981626
v 1.984E-05 0.0823634 -0.00971806
v 0.01795895 0.0806872 -0.00873703
v -0.01789729 -0.09194441 0.091488
v 1.595E-05 -0.09367831 0.09285575
v 2.199E-05 -0.09314592 0.09372729
v -0.01789222 -0.09134336 0.09266084
v 0.03511031 0.0684833 -0.03466767
v 0.03511799 0.0755392 -0.00570363
v 0.08370006 -0.04084154 0.05125844
v 0.08860302 -0.0252253 0.03896898
v 0.08860606 -0.0219525 0.05171132
v 0.08370048 -0.03819479 0.06129342
v -0.03499201 -0.08692451 0.08754295
v -0.03498927 -0.0861205 0.08958476
v 0.05077763 0.06051 -0.02840358
v 0.05078818 0.0672433 -0.00081953
v -0.05057195 -0.07891019 0.08124989
v -0.05057177 -0.07778175 0.08467817
v 0.06433381 0.0496623 -0.02012032
v 0.06437553 0.0562115 0.00567299
v -0.08307084 -0.04111727 0.05157083
v -0.07504466 -0.0555069 0.06286531
v -0.07504573 -0.05343117 0.07034325
v -0.08307174 -0.03845795 0.06153678
v -0.06406012 -0.06830497 0.07292133
v -0.06406179 -0.06674631 0.07818406
v 0.07542098 0.0370815 -0.01000154
v 0.06433381 0.0496623 -0.02012032
v 0.06437553 0.0562115 0.00567299
v 0.07543379 0.0428668 0.01352804
v -0.07527473 0.0366161 -0.00957304
v -0.08329454 0.022054 0.0018937
v -0.08328149 0.0272557 0.02280277
v -0.07526144 0.0423987 0.01386255
v -0.06406012 -0.06830497 0.07292133
v -0.06406179 -0.06674631 0.07818406
v 0.08351779 0.02264 0.00134158
v 0.08352965 0.0278411 0.02237308
v -0.08801499 -0.025665 0.03942734
v -0.0880126 -0.0223811 0.05206865
v 0.08850432 0.0071049 0.01354897
v 0.08851355 0.0116785 0.03189158
v -0.0897437 -0.0095493 0.02675122
v -0.08973762 -0.0056186 0.04218477
v 0.09023947 -0.0090804 0.02628082
v 0.09024561 -0.005157 0.04181838
v -0.08813462 0.0065091 0.01412969
v -0.08812478 0.0110874 0.03234452
v 0.07563508 -0.05539479 0.06271648
v 0.07563454 -0.0533308 0.0702275
v -0.06430933 0.049486 -0.019701
v -0.06429544 0.0557844 0.00596595
v -0.06430933 0.049486 -0.019701
v -0.06429544 0.0557844 0.00596595
v -0.06408277 -0.06513037 0.09266775
v -0.07505926 -0.05144985 0.09021294
v 0.0351692 0.07898 0.03004992
v 0.01799889 0.0842155 0.02805018
v 0.01803888 0.0858989 0.06545513
v 0.03521986 0.0806193 0.06640475
v 0.08370304 -0.03674163 0.07421964
v 0.08862484 -0.0202441 0.06790226
v 0.08864367 -0.0195124 0.08437961
v 0.0837056 -0.03612806 0.08737975
v -0.03497144 -0.08538015 0.09287154
v -0.03495464 -0.0850745 0.09623724
v 0.05085255 0.0705323 0.03327006
v 0.05091638 0.0720898 0.06793391
v 0.01800437 -0.09076388 0.09492099
v 0.01804049 -0.09051492 0.09721064
v -0.05057064 -0.0768847 0.0896368
v -0.05056921 -0.07649418 0.09470129
v 0.06445069 0.0592946 0.03755033
v 0.06452585 0.0607399 0.06996661
v -0.08307728 -0.03682287 0.07438093
v -0.07505247 -0.05208446 0.08018594
v -0.08308276 -0.03602679 0.08745712
v -0.06407228 -0.06563856 0.08535522
v -0.06408277 -0.06513037 0.09266775
v 0.07551354 0.0457048 0.04272902
v 0.06445069 0.0592946 0.03755033
v 0.06452585 0.0607399 0.06996661
v 0.07559323 0.047018 0.07242602
v -0.07517859 0.0453536 0.04295015
v -0.08319989 0.0299942 0.04884374
v -0.08311829 0.0313384 0.07532918
v -0.0750958 0.0467868 0.07253122
v -0.06407228 -0.06563856 0.08535522
v 0.08360314 0.0304026 0.0485605
v 0.08367664 0.0315663 0.07519549
v -0.08799788 -0.0204557 0.06813782
v -0.08798316 -0.0195053 0.08449149
v 0.08857077 0.0139511 0.05483615
v 0.08862799 0.0149626 0.07817578
v -0.08969954 -0.0034244 0.0616222
v -0.08966151 -0.0023468 0.08139777
v 0.09028363 -0.003158 0.06137984
v 0.09032166 -0.0022779 0.08128291
v -0.08806345 0.0135742 0.05513477
v -0.08800211 0.0148033 0.07831758
v 0.07563084 -0.05210753 0.08010983
v 0.07562721 -0.05159612 0.09017705
v -0.06420889 0.0589486 0.03774344
v -0.06412235 0.060478 0.07005888
v 0.06455524 -0.06575246 0.08533895
v 0.06455613 -0.06533225 0.0926603
v -0.05067459 0.0702614 0.03340286
v -0.06420889 0.0589486 0.03774344
v -0.06412235 0.060478 0.07005888
v -0.05059937 0.0718586 0.06799703
v 0.05092652 -0.0770445 0.08966845
v 0.06455524 -0.06575246 0.08533895
v 0.06455613 -0.06533225 0.0926603
v 0.05093832 -0.07669623 0.09471631
v -0.03503016 0.0787992 0.0301283
v -0.03497139 0.0804505 0.06644243
v 0.03520484 -0.08552487 0.09291821
v 0.03523023 -0.08523406 0.09625965
v -0.01787893 0.0841325 0.02808618
v -0.01783423 0.0858213 0.06547224
v 5.832E-05 0.0859345 0.02740347
v 9.68E-05 0.0876464 0.06514799
v -0.050634 0.0240855 -0.06316804
v -0.06433716 0.0161962 -0.05325204
v -0.06432328 0.0365345 -0.04017961
v -0.05077365 0.0463396 -0.05009919
v 0.06455393 -0.07548149 0.06575107
v 0.07563627 -0.06541677 0.05267632
v 0.07563567 -0.05932667 0.05663341
v 0.06455405 -0.07114275 0.06858271
v -0.07530132 0.0061743 -0.04023492
v -0.07528803 0.0247677 -0.02828294
v 0.08369923 -0.05408277 0.03795003
v 0.0836997 -0.04602011 0.04317373
v -0.08332077 -0.0051711 -0.02549618
v -0.08815434 -0.0172758 -0.00976986
v -0.08814451 -0.0027616 -0.00043952
v -0.08330765 0.0114508 -0.0148124
v 0.08859694 -0.04192277 0.02215582
v 0.09022725 -0.0293569 0.00584716
v 0.09023339 -0.0169848 0.01383358
v 0.08859998 -0.03174271 0.02873826
v -0.08975592 -0.0297727 0.00645167
v -0.08974984 -0.0174395 0.0143857
v 0.08848596 -0.0167558 -0.01051652
v 0.08849514 -0.002188 -0.00112182
v -0.0880197 -0.0423211 0.02274477
v -0.08801737 -0.03217341 0.02927649
v 0.08349419 -0.0046676 -0.02620649
v 0.08350599 0.0120109 -0.01546174
v -0.08306911 -0.05434354 0.03835093
v -0.08307001 -0.0462959 0.04354035
v 0.07539541 0.0065678 -0.04078567
v 0.07540822 0.0252092 -0.02878654
v -0.07504251 -0.06553586 0.052868
v -0.06405672 -0.07549455 0.06579315
v -0.06405839 -0.07114263 0.06862092
v -0.07504359 -0.05944546 0.05680841
v 0.06433923 0.0165462 -0.05373466
v 0.06421037 0.0358583 -0.04036206
v -0.05057225 -0.08374287 0.07649701
v -0.05057213 -0.08083375 0.07840394
v 0.05014892 0.0235234 -0.06392455
v 0.05076713 0.0466205 -0.05040276
v -0.05057225 -0.08374287 0.07649701
v -0.03499707 -0.08997704 0.08458548
v -0.03499481 -0.08815791 0.08579629
v -0.05057213 -0.08083375 0.07840394
v 3.87E-06 -0.09523471 0.09141373
v 0.01795061 -0.09392543 0.08970904
v 0.01795669 -0.09279694 0.09047907
v 9.91E-06 -0.09433241 0.09203702
v 0.05014892 0.0235234 -0.06392455
v 0.0350938 0.0309976 -0.072488
v 0.0351022 0.0539076 -0.05776077
v 0.05076713 0.0466205 -0.05040276
v -0.01790742 -0.09388317 0.08965581
v -0.01790206 -0.09274639 0.09043037
v 0.01793964 0.0348496 -0.07748842
v 0.01794608 0.0584314 -0.06233084
v 1.29E-06 0.0360988 -0.07910555
v -0.01794491 0.0347819 -0.07739853
v -0.01793776 0.0583529 -0.06224822
v 7.47E-06 0.0599008 -0.06380879
v 0.03516723 -0.09006889 0.08470129
v 0.03517086 -0.08826794 0.08590227
v -0.03511736 0.0308503 -0.07229173
v -0.03510794 0.0537367 -0.0575813
v 0.05090876 -0.08381386 0.07657617
v 0.05091102 -0.08092501 0.07847625
v -0.050634 0.0240855 -0.06316804
v -0.05077365 0.0463396 -0.05009919
v 0.05090876 -0.08381386 0.07657617
v 0.05091102 -0.08092501 0.07847625
v -0.05076161 0.0602085 -0.02814537
v -0.05057195 -0.07891019 0.08124989
v 0.05077763 0.06051 -0.02840358
v -0.05057213 -0.08083375 0.07840394
v -0.03499481 -0.08815791 0.08579629
v 9.91E-06 -0.09433241 0.09203702
v 0.01795669 -0.09279694 0.09047907
v 0.05076713 0.0466205 -0.05040276
v 0.0351022 0.0539076 -0.05776077
v -0.01790206 -0.09274639 0.09043037
v 0.01794608 0.0584314 -0.06233084
v 7.47E-06 0.0599008 -0.06380879
v -0.01793776 0.0583529 -0.06224822
v 0.03517086 -0.08826794 0.08590227
v -0.03510794 0.0537367 -0.0575813
v 0.05091102 -0.08092501 0.07847625
v -0.05077365 0.0463396 -0.05009919
v 0.06455393 -0.07548149 0.06575107
v 0.06433923 0.0165462 -0.05373466
v -0.06405672 -0.07549455 0.06579315
v -0.06433716 0.0161962 -0.05325204
v 0.06455434 -0.06677117 0.07815909
v 0.08882725 0.0147544 0.1299846
v 0.00022801 -0.09213884 0.1299828
v -0.08793178 -0.0189478 0.1299828
v -0.02926503 -0.11433859 0.930951
v -0.04234669 -0.11433859 0.9237405
v -0.04263124 -0.11433859 0.9241546
v -0.02946226 -0.11433859 0.9314132
v -0.01489536 -0.09084423 0.7883136
v -0.01489536 -0.08792652 0.7883136
v 5.501E-05 -0.08792652 0.7867653
v 5.501E-05 -0.09084423 0.7867653
v 0.02934379 -0.11433877 0.9311236
v 0.02934374 -0.09084447 0.9311236
v 0.01502592 -0.09084423 0.9355279
v 0.01502598 -0.11433859 0.9355279
v 0.06992443 -0.11434008 0.8338529
v 0.06992443 -0.09084536 0.8338529
v 0.07401019 -0.09084572 0.8477639
v 0.07401025 -0.11434008 0.8477639
v -0.02915905 -0.11433895 0.7927791
v -0.02915905 -0.09084513 0.792779
v -0.0148953 -0.11433859 0.7883136
v 0.04241646 -0.11433859 0.9240331
v 0.0424164 -0.09084417 0.9240331
v 5.505E-05 -0.11433859 0.7867653
v 0.01503636 -0.09084423 0.7882667
v 0.01503642 -0.11433859 0.7882667
v -0.04215744 -0.11433859 0.7999034
v -0.04215744 -0.09084423 0.7999033
v 0.05375225 -0.11433859 0.9146068
v 0.05375225 -0.09084417 0.9146068
v -0.06928286 -0.11433859 0.8335006
v -0.06928286 -0.09084417 0.8335006
v -0.06258258 -0.09084536 0.8207136
v -0.06258252 -0.11434008 0.8207138
v -0.05341121 -0.11434003 0.8093301
v -0.05341121 -0.0908453 0.8093301
v 0.06298108 -0.11433859 0.9032017
v 0.06298102 -0.09084417 0.9032017
v 0.05375225 -0.09084417 0.9146068
v 0.05375225 -0.11433859 0.9146068
v -0.06281224 -0.11433859 0.9027166
v -0.0628123 -0.09084417 0.9027166
v -0.06950626 -0.09084572 0.889734
v -0.06950626 -0.11434008 0.889734
v -0.05341121 -0.0908453 0.8093301
v -0.05341121 -0.11434003 0.8093301
v 0.06974245 -0.11433871 0.8903606
v 0.06974239 -0.09084447 0.8903606
v -0.07341841 -0.11434008 0.8472452
v -0.07341847 -0.09084566 0.8472452
v 0.07391173 -0.11433859 0.8765417
v 0.07391173 -0.09084417 0.8765417
v -0.07487127 -0.11433859 0.8615966
v -0.07487133 -0.09084417 0.8615966
v 0.07536823 -0.11433859 0.8621292
v 0.07536823 -0.09084417 0.8621292
v -0.07353791 -0.11433859 0.8758841
v -0.07353797 -0.09084417 0.8758841
v 0.06319488 -0.11433859 0.8208834
v 0.06319482 -0.09084423 0.8208834
v -0.0536606 -0.11433859 0.9141816
v -0.0536606 -0.09084417 0.9141816
v 0.05394329 -0.11433859 0.8093679
v 0.05394323 -0.09084423 0.8093679
v -0.04234669 -0.11433859 0.9237405
v -0.04234669 -0.09084417 0.9237405
v -0.0536606 -0.09084417 0.9141816
v -0.0536606 -0.11433859 0.9141816
v 0.04255171 -0.11433859 0.7998337
v 0.04255171 -0.09084423 0.7998337
v 0.05394323 -0.09084423 0.8093679
v 0.05394329 -0.11433859 0.8093679
v -0.02926503 -0.11433859 0.930951
v -0.02926503 -0.09084417 0.9309509
v 0.02940924 -0.11433859 0.7926773
v 0.02940924 -0.09084423 0.7926773
v -0.01492862 -0.11433859 0.9354489
v -0.01492868 -0.09084417 0.9354489
v 5.272E-05 -0.09084417 0.9369522
v 5.276E-05 -0.11433859 0.9369522
v -0.05321655 0.0503573 0.7732363
v -0.05321655 0.0503573 0.7765976
v -0.04196224 0.0597883 0.7765987
v -0.04196224 0.0597883 0.7732374
v 0.06317617 -0.04355593 0.7732375
v 0.06317617 -0.04355593 0.7765987
v 0.05394782 -0.05496599 0.7765987
v 0.05394782 -0.05496599 0.7732375
v -0.06261715 -0.04307057 0.7732375
v -0.06261715 -0.04307057 0.7765987
v -0.06931111 -0.0300823 0.7765972
v -0.06931111 -0.0300823 0.7732359
v -0.06238744 0.0389687 0.7732363
v -0.06238744 0.0389687 0.7765975
v -0.05321655 0.0503573 0.7765976
v -0.05321655 0.0503573 0.7732363
v 0.06993748 -0.03070911 0.7732372
v 0.06993748 -0.03070911 0.7765985
v -0.07322332 0.0124254 0.773236
v -0.07322332 0.0124254 0.7765973
v -0.06908771 0.0261761 0.7765987
v -0.06908771 0.0261761 0.7732374
v 0.07410681 -0.0168842 0.7732374
v 0.07410681 -0.0168842 0.7765987
v -0.07467618 -0.0019323 0.7732374
v -0.07467618 -0.0019323 0.7765987
v 0.07556331 -0.0024651 0.7732374
v 0.07556331 -0.0024651 0.7765987
v -0.07334283 -0.0162262 0.7732374
v -0.07334283 -0.0162262 0.7765987
v 0.07420534 0.0119065 0.7732359
v 0.07420534 0.0119065 0.7765972
v 0.06338997 0.0387989 0.7732374
v 0.06338997 0.0387989 0.7765987
v 0.0701195 0.0258236 0.7765975
v 0.0701195 0.0258236 0.7732362
v -0.0534654 -0.05454059 0.7732375
v -0.0534654 -0.05454059 0.7765987
v 0.05413808 0.0503194 0.7732374
v 0.05413808 0.0503194 0.7765987
v -0.04215172 -0.0641038 0.7732375
v -0.04215172 -0.0641038 0.7765987
v -0.0534654 -0.05454059 0.7765987
v -0.0534654 -0.05454059 0.7732375
v 0.0427465 0.059858 0.7732374
v 0.0427465 0.059858 0.7765987
v 0.05413808 0.0503194 0.7765987
v 0.05413808 0.0503194 0.7732374
v -0.0290703 -0.07131745 0.7732375
v -0.0290703 -0.07131745 0.7765987
v 0.02960433 0.0670175 0.7732374
v 0.02960433 0.0670175 0.7765987
v -0.01473306 -0.0758173 0.7732375
v -0.01473306 -0.0758173 0.7765987
v 0.01523102 0.0714301 0.7732374
v 0.01523102 0.0714301 0.7765987
v 0.01522155 -0.07589646 0.7732374
v 0.01522155 -0.07589646 0.7765986
v 0.00024785 -0.0773219 0.7765987
v 0.00024785 -0.0773219 0.7732375
v -0.01469986 0.0713831 0.7732374
v -0.01469986 0.0713831 0.7765987
v 0.00025014 0.0729321 0.7765987
v 0.00025014 0.0729321 0.7732374
v 0.02953936 -0.07149042 0.7732372
v 0.02953936 -0.07149042 0.7765983
v -0.02896349 0.0669157 0.773237
v -0.02896349 0.0669157 0.7765982
v 0.04261203 -0.06439646 0.7732375
v 0.04261203 -0.06439646 0.7765987
v 0.05394782 -0.05496599 0.7732375
v 0.05394782 -0.05496599 0.7765987
v 0.06974239 -0.08792652 0.8903606
v 0.06974239 -0.06508364 0.8902578
v 0.06298102 -0.06276168 0.9030907
v 0.06298102 -0.08792652 0.9032017
v 0.02934374 -0.08792652 0.9311236
v 0.01502592 -0.08792652 0.9355279
v 0.06992443 -0.0879273 0.8338529
v 0.07401019 -0.08792807 0.8477639
v -0.02915905 -0.08792664 0.792779
v 0.0424164 -0.08792652 0.9240331
v 0.01503636 -0.08792652 0.7882667
v -0.04215744 -0.08792652 0.7999033
v 0.05375225 -0.08792652 0.9146068
v -0.06928286 -0.08792652 0.8335006
v -0.06258258 -0.0879273 0.8207136
v -0.05341121 -0.08792724 0.8093301
v 0.05375225 -0.08792652 0.9146068
v -0.0628123 -0.08792652 0.9027166
v -0.06950626 -0.08792807 0.889734
v -0.05341121 -0.08792724 0.8093301
v -0.07341847 -0.08792807 0.8472452
v 0.07391173 -0.08792652 0.8765417
v -0.07487133 -0.08792652 0.8615966
v 0.07536823 -0.08792652 0.8621292
v -0.07353797 -0.08792652 0.8758841
v 0.06319482 -0.08792652 0.8208834
v -0.0536606 -0.08792652 0.9141816
v 0.05394323 -0.08792652 0.8093679
v -0.04234669 -0.08792652 0.9237405
v -0.0536606 -0.08792652 0.9141816
v 0.04255171 -0.08792652 0.7998337
v 0.05394323 -0.08792652 0.8093679
v -0.02926503 -0.08792652 0.9309509
v 0.02940924 -0.08792652 0.7926773
v -0.01492868 -0.08792652 0.9354489
v 5.272E-05 -0.08792652 0.9369522
v 0.07401037 -0.05925025 0.8472605
v 0.07401055 -0.04597439 0.8461366
v 0.07536888 -0.03779348 0.8603008
v 0.07536852 -0.05383785 0.86158
v -0.07341847 -0.07288046 0.8471701
v -0.06928286 -0.07536389 0.833434
v 0.07391167 -0.06758191 0.8764478
v -0.07487133 -0.07028432 0.8615121
v 0.07536817 -0.07018788 0.8620442
v -0.07353791 -0.06770076 0.8757905
v 0.07401019 -0.072787 0.8476886
v -0.06950626 -0.06519814 0.889632
v 0.06319482 -0.07764514 0.8208248
v 0.06992443 -0.07530172 0.8337861
v -0.0536606 -0.06077643 0.9140636
v -0.0628123 -0.06284936 0.9026059
v 0.05394323 -0.07972719 0.8093168
v -0.04234669 -0.05904813 0.9236164
v -0.0536606 -0.06077643 0.9140636
v 0.04255171 -0.08145131 0.7997885
v 0.05394323 -0.07972719 0.8093168
v -0.02926503 -0.05774446 0.9308223
v 0.02940924 -0.08274491 0.7926368
v -0.01492868 -0.05693122 0.9353173
v 0.01503636 -0.08354236 0.7882289
v 0.01502592 -0.05691697 0.9353964
v 5.272E-05 -0.05665942 0.9368197
v -0.01489536 -0.0835339 0.7882758
v 5.501E-05 -0.0838138 0.7867285
v 0.02934374 -0.05771353 0.9309949
v -0.02915905 -0.08272697 0.7927384
v 0.0424164 -0.05899526 0.9239087
v -0.04215744 -0.08143844 0.7998581
v 0.05375225 -0.06069954 0.9144884
v -0.06258258 -0.07767697 0.8206554
v -0.05341121 -0.0797356 0.8092791
v 0.05375225 -0.06069954 0.9144884
v -0.05341121 -0.0797356 0.8092791
v 0.04255654 -0.06636717 0.7939987
v 0.04255803 -0.06543328 0.7911483
v 0.05394359 -0.05614628 0.79663
v 0.05394359 -0.05743732 0.8010292
v -0.06950548 -0.04343964 0.8890987
v -0.06950477 -0.022073 0.8875219
v -0.07353678 -0.0299569 0.8738639
v -0.07353738 -0.04865457 0.8752917
v 0.06319482 -0.06937285 0.8204639
v 0.06319476 -0.06127699 0.8196298
v 0.06992448 -0.05389424 0.8324192
v 0.06992443 -0.06448932 0.8333931
v -0.05365977 -0.03423049 0.9134687
v -0.05365851 -0.0081529 0.9116278
v -0.06281075 -0.0146804 0.9003226
v -0.06281152 -0.03854861 0.9020399
v 0.05394323 -0.07371004 0.8089846
v 0.05394323 -0.06783314 0.8082748
v -0.04234615 -0.03063037 0.9229977
v -0.04234514 -0.0027108 0.9210535
v -0.05365851 -0.0081529 0.9116278
v -0.05365977 -0.03423049 0.9134687
v 0.04255177 -0.07730092 0.7994803
v 0.04255195 -0.07326182 0.7988734
v 0.05394323 -0.06783314 0.8082748
v 0.05394323 -0.07371004 0.8089846
v -0.02926485 -0.0279146 0.9301854
v -0.02912782 0.0010315 0.9270989
v 0.02940948 -0.07999642 0.7923466
v 0.02940972 -0.07733567 0.7918168
v -0.01492778 -0.0262206 0.9346691
v -0.01492755 0.0039549 0.9325986
v 0.01503642 -0.08165784 0.7879497
v 0.01503653 -0.07984717 0.7874676
v 0.01502676 -0.0261909 0.9347481
v 0.01502718 0.0039999 0.9326767
v 5.344E-05 0.0048112 0.9340812
v 5.308E-05 -0.0256543 0.9361678
v -0.01489458 -0.08163978 0.7879965
v -0.01489435 -0.07982005 0.7875139
v 5.571E-05 -0.08070197 0.7859871
v 5.536E-05 -0.08222319 0.7864531
v 0.02934469 -0.0278501 0.9303577
v 0.02934517 0.001492 0.9283339
v -0.02915893 -0.07995875 0.7924481
v -0.02915875 -0.07727821 0.7919173
v 0.04241748 -0.03052064 0.9232892
v 0.04241784 -0.0025452 0.9213419
v -0.04215744 -0.07727422 0.7995498
v -0.04215744 -0.07322116 0.7989421
v 0.05375339 -0.03407134 0.9138928
v 0.05375363 -0.0079128 0.9120472
v -0.06928292 -0.06461872 0.8330416
v -0.06928298 -0.05408944 0.8320712
v -0.0625827 -0.061372 0.819463
v -0.06258258 -0.06943704 0.8202951
v -0.05341127 -0.07372476 0.8089473
v -0.05341187 -0.06785406 0.8082382
v 0.06298174 -0.03836729 0.9025234
v 0.06298251 -0.014407 0.900801
v 0.05375363 -0.0079128 0.9120472
v 0.05375339 -0.03407134 0.9138928
v -0.05341187 -0.06785406 0.8082382
v -0.05341127 -0.07372476 0.8089473
v 0.06974305 -0.0432045 0.8897228
v 0.06974376 -0.0217192 0.8881389
v -0.07341829 -0.05944301 0.8467435
v -0.07341817 -0.04626461 0.8456251
v 0.0739122 -0.04840942 0.8759472
v 0.07391274 -0.0295875 0.8745124
v -0.07487091 -0.05403622 0.8610491
v -0.07487062 -0.03809215 0.8597756
v -0.01485149 -0.07611789 0.782656
v -0.01482503 -0.07590474 0.7807354
v 0.00013863 -0.07743331 0.7804567
v 0.00010726 -0.07764073 0.7820691
v -0.02924065 0.0566018 0.8906837
v -0.02923278 0.0624868 0.8665342
v -0.04230526 0.055464 0.8623887
v -0.04231498 0.0498489 0.8853668
v 0.02941991 -0.0730718 0.7887216
v 0.02942331 -0.07240583 0.7870337
v 0.04255803 -0.06543328 0.7911483
v 0.04255654 -0.06636717 0.7939987
v -0.01490943 0.0608163 0.8940004
v -0.01490346 0.0668703 0.8691204
v 0.0150515 -0.07720723 0.7854693
v 0.01505597 -0.07670756 0.7844977
v 0.01504321 0.0608872 0.8940588
v 0.01504846 0.0669433 0.8691659
v 7.409E-05 0.0683424 0.8699848
v 6.893E-05 0.0622306 0.8951091
v -0.01488207 -0.07715948 0.7855039
v -0.01487778 -0.07665773 0.7845248
v 7.588E-05 -0.07816293 0.7836346
v 7.084E-05 -0.07860686 0.7843622
v 0.02936555 0.0567563 0.8908113
v 0.02937241 0.0626461 0.8666338
v 0.0699255 -0.03450175 0.8190851
v 0.0699258 -0.03229244 0.8107085
v 0.07402068 -0.0187343 0.8187071
v 0.07401812 -0.0214663 0.8293434
v -0.02915178 -0.07296939 0.788797
v -0.02914897 -0.07229849 0.7870925
v 0.04244352 0.0501006 0.8855825
v 0.04245253 0.0557212 0.8625568
v -0.04215673 -0.06627925 0.79405
v -0.04215673 -0.06533726 0.7911882
v 0.05375965 0.0410455 0.878668
v 0.05379434 0.0465125 0.8571372
v -0.06928518 -0.03473188 0.8188243
v -0.06928596 -0.03251209 0.810505
v -0.06258628 -0.04501082 0.8031542
v -0.06258538 -0.04674359 0.8093964
v -0.05341563 -0.05742665 0.8010023
v -0.05341712 -0.05612554 0.7966092
v 0.06301458 0.0305439 0.8702216
v 0.06302531 0.0353731 0.8505799
v 0.05379434 0.0465125 0.8571372
v 0.05375965 0.0410455 0.878668
v -0.06277743 0.0301554 0.8698638
v -0.06276634 0.0349823 0.8503008
v -0.06946096 0.0223418 0.8428378
v -0.06947192 0.0179998 0.860292
v -0.05341712 -0.05612554 0.7966092
v -0.05341563 -0.05742665 0.8010023
v 0.06977333 0.018489 0.8607528
v 0.06978322 0.0228305 0.843197
v -0.07341227 -0.0218333 0.8289609
v -0.0734103 -0.019092 0.8184089
v 0.07393581 0.0055212 0.8505625
v 0.07394344 0.009339 0.8352515
v -0.0748553 -0.0083808 0.8395423
v -0.07485017 -0.0050998 0.826659
v 0.0753842 -0.0079894 0.839935
v 0.07538927 -0.0047144 0.8269651
v -0.07351211 0.0050238 0.8500776
v -0.07350388 0.0088454 0.8348733
v 0.06319327 -0.04664995 0.8095206
v 0.0631928 -0.04492708 0.8032508
v -0.0536237 0.0408984 0.878318
v -0.05361256 0.0461559 0.8568926
v -0.05361256 0.0461559 0.8568926
v -0.0536237 0.0408984 0.878318
v -0.053435 -0.05477663 0.7845191
v -0.06259754 -0.04335697 0.7865682
v 0.02941461 0.0655183 0.8367887
v 0.02945681 0.0668867 0.8064419
v 0.01511485 0.0712938 0.8072345
v 0.0150816 0.0698886 0.8384581
v 0.06992794 -0.03107937 0.7999184
v 0.06993009 -0.03056719 0.7889332
v 0.0740521 -0.0166975 0.7914375
v 0.07403636 -0.0173082 0.8051918
v -0.02913503 -0.07168021 0.784349
v -0.02912031 -0.07142486 0.7815394
v 0.04250629 0.0584666 0.8341009
v 0.04255958 0.0597669 0.8051654
v 0.01511629 -0.07596632 0.7807269
v 0.01508613 -0.07617368 0.7826383
v -0.04215541 -0.06458851 0.7870492
v -0.042155 -0.06426211 0.7828217
v 0.05385716 0.049086 0.8305278
v 0.05391951 0.0502925 0.8034686
v -0.06929055 -0.03114726 0.7997838
v -0.06929514 -0.03048267 0.7888686
v -0.06259194 -0.04388668 0.7949381
v -0.05342618 -0.05520089 0.7906231
v -0.053435 -0.05477663 0.7845191
v 0.06309183 0.0377421 0.8262047
v 0.06315834 0.0388383 0.8014157
v 0.05391951 0.0502925 0.8034686
v 0.05385716 0.049086 0.8305278
v -0.0626972 0.037449 0.8260205
v -0.06262806 0.0386453 0.8013278
v -0.06932476 0.0257499 0.7989923
v -0.06939289 0.0246278 0.8211007
v -0.05342618 -0.05520089 0.7906231
v 0.06984455 0.0249687 0.821337
v 0.06990595 0.0259401 0.7991039
v -0.07339796 -0.0174848 0.8049952
v -0.07338562 -0.0166914 0.7913441
v 0.07399124 0.0112359 0.8160987
v 0.07403904 0.0120802 0.7966162
v -0.0748184 -0.0032681 0.8104341
v -0.07478669 -0.0023685 0.7939266
v 0.07542104 -0.0030457 0.8106359
v 0.07545281 -0.0023111 0.7940225
v -0.07345268 0.0109214 0.8158494
v -0.07340154 0.0119473 0.7964978
v 0.06318976 -0.04390593 0.7950018
v 0.06318672 -0.0434791 0.7865982
v -0.05354032 0.0487972 0.8303664
v -0.05346808 0.0500739 0.8033916
v 0.05394448 -0.05529596 0.7906367
v 0.05394514 -0.05494513 0.7845253
v -0.04224262 0.0582405 0.8339899
v -0.04218009 0.0595738 0.8051127
v -0.05346808 0.0500739 0.8033916
v -0.05354032 0.0487972 0.8303664
v 0.04256804 -0.0647216 0.7870227
v 0.04257764 -0.06443115 0.782809
v 0.05394514 -0.05494513 0.7845253
v 0.05394448 -0.05529596 0.7906367
v -0.02918361 0.0653675 0.836723
v -0.02913467 0.0667458 0.8064104
v 0.02944447 -0.07180102 0.78431
v 0.02946563 -0.07155825 0.7815207
v -0.01486675 0.0698194 0.838428
v -0.01482956 0.071229 0.8072202
v 0.00013833 0.0727525 0.807491
v 0.00010621 0.0713235 0.838998
v -0.04220876 0.0196956 0.9146018
v -0.04232535 0.038272 0.9036926
v -0.05363575 0.0300872 0.8954127
v -0.05364737 0.01311 0.9063245
v 0.05394335 -0.06341715 0.8069875
v 0.05394347 -0.05979546 0.8046239
v 0.06319381 -0.04993208 0.8145985
v 0.06319429 -0.05501576 0.8179013
v -0.06278852 0.020265 0.8854817
v -0.06279966 0.0047443 0.8954585
v 0.06992514 -0.03882458 0.8258334
v 0.06992478 -0.04555478 0.8301938
v -0.0694938 -0.0047261 0.8831554
v -0.06948289 0.0091488 0.8742377
v -0.07352033 -0.0027149 0.8622396
v -0.07352856 -0.0148304 0.870028
v 0.07401311 -0.03540428 0.8433783
v 0.07401562 -0.0269066 0.8378834
v 0.07537907 -0.0145875 0.8503252
v 0.07537401 -0.024915 0.8569919
v -0.07486036 -0.0149671 0.849864
v -0.07486549 -0.0252621 0.856487
v 0.07392812 -0.0022361 0.8628092
v 0.07392043 -0.0143964 0.8706513
v -0.07341424 -0.0272661 0.8374341
v -0.0734162 -0.03573682 0.8428867
v 0.06976349 0.0096164 0.8747792
v 0.0697536 -0.0043058 0.8837483
v -0.06928447 -0.03905471 0.8255273
v -0.06928369 -0.04577239 0.8298593
v 0.06300391 0.0206335 0.8859021
v 0.06299318 0.0050728 0.8959184
v -0.06258359 -0.05511512 0.8177412
v -0.06258449 -0.05003126 0.8144523
v -0.05341419 -0.05979534 0.8045919
v -0.05341282 -0.06342765 0.8069524
v 0.05365659 0.0295228 0.8955648
v 0.05376418 0.0134023 0.9067276
v -0.04215673 -0.06788488 0.7964256
v -0.04215678 -0.07031299 0.7980174
v 0.04243536 0.0385064 0.9039461
v 0.04191883 0.0192264 0.9152333
v -0.04215678 -0.07031299 0.7980174
v -0.04215673 -0.06788488 0.7964256
v -0.0291541 -0.07399912 0.790255
v -0.02915643 -0.07551731 0.7912656
v 6.075E-05 -0.079906 0.7855659
v 6.58E-05 -0.07915248 0.7850455
v 0.01504673 -0.07787104 0.7863461
v 0.01504184 -0.07881309 0.7869889
v 0.04191883 0.0192264 0.9152333
v 0.04243536 0.0385064 0.9039461
v 0.02935876 0.0445893 0.9100881
v 0.02935196 0.0254654 0.9223815
v -0.0148863 -0.07782848 0.7863867
v -0.01489005 -0.07877805 0.7870333
v 0.01503785 0.0483655 0.9139029
v 0.015032 0.0286807 0.9265555
v 5.86E-05 0.0297235 0.9279054
v 6.376E-05 0.0495921 0.9151366
v -0.01491545 0.0483 0.9138343
v -0.01492153 0.0286243 0.9264804
v 0.0294161 -0.07409104 0.7901664
v 0.02941306 -0.0755942 0.7911689
v -0.02924846 0.0444466 0.9099382
v -0.02925597 0.0253424 0.9222176
v 0.04255505 -0.06796111 0.7963653
v 0.0425535 -0.07037254 0.7979514
v -0.04232535 0.038272 0.9036926
v -0.04220876 0.0196956 0.9146018
v 0.0425535 -0.07037254 0.7979514
v 0.04255505 -0.06796111 0.7963653
v -0.04231498 0.0498489 0.8853668
v -0.04215673 -0.06627925 0.79405
v 0.04244352 0.0501006 0.8855825
v -0.04215673 -0.06788488 0.7964256
v -0.0291541 -0.07399912 0.790255
v 6.58E-05 -0.07915248 0.7850455
v 0.01504673 -0.07787104 0.7863461
v 0.04243536 0.0385064 0.9039461
v 0.02935876 0.0445893 0.9100881
v -0.0148863 -0.07782848 0.7863867
v 0.01503785 0.0483655 0.9139029
v 6.376E-05 0.0495921 0.9151366
v -0.01491545 0.0483 0.9138343
v 0.0294161 -0.07409104 0.7901664
v -0.02924846 0.0444466 0.9099382
v 0.04255505 -0.06796111 0.7963653
v -0.04232535 0.038272 0.9036926
v 0.05394335 -0.06341715 0.8069875
v 0.05376418 0.0134023 0.9067276
v -0.05341282 -0.06342765 0.8069524
v -0.05364737 0.01311 0.9063245
v 0.05394359 -0.05614628 0.79663
v 0.01512552 -0.11433859 0.9360209
v 5.209E-05 -0.11433859 0.9374547
v 5.209E-05 -0.11683859 0.9374547
v 0.01512552 -0.11683865 0.9360209
v 0.02940924 -0.11433859 0.7926773
v 0.04255171 -0.11433859 0.7998337
v 0.04283543 -0.11433859 0.7994185
v 0.02960457 -0.11433859 0.7922143
v -0.01492862 -0.11433859 0.9354489
v -0.01502953 -0.11433859 0.9359412
v 0.01503642 -0.11433859 0.7882667
v 0.0151359 -0.11433859 0.7877741
v 0.01502598 -0.11433859 0.9355279
v 5.276E-05 -0.11433859 0.9369522
v 5.209E-05 -0.11433859 0.9374547
v 0.01512552 -0.11433859 0.9360209
v -0.0148953 -0.11433859 0.7883136
v 5.505E-05 -0.11433859 0.7867653
v 5.439E-05 -0.11433859 0.7862628
v -0.01499555 -0.11433859 0.7878214
v 0.02934379 -0.11433877 0.9311236
v 0.0295396 -0.11433877 0.9315871
v 0.06992443 -0.11434008 0.8338529
v 0.07401025 -0.11434008 0.8477639
v 0.0745045 -0.11434008 0.8476695
v 0.07039136 -0.11434008 0.8336654
v -0.02915905 -0.11433895 0.7927791
v -0.02935515 -0.11433895 0.7923167
v 0.04241646 -0.11433859 0.9240331
v 0.04269977 -0.11433859 0.924449
v -0.04215744 -0.11433859 0.7999034
v -0.04244015 -0.11433859 0.7994887
v 0.05375225 -0.11433859 0.9146068
v 0.05411096 -0.11433859 0.9149597
v -0.06928286 -0.11433859 0.8335006
v -0.06258252 -0.11434008 0.8207138
v -0.06300232 -0.11434008 0.8204383
v -0.06974748 -0.11433859 0.8333107
v -0.05341121 -0.11434003 0.8093301
v -0.05376992 -0.11434003 0.8089786
v 0.06298108 -0.11433859 0.9032017
v 0.06340147 -0.11433859 0.9034784
v -0.06281224 -0.11433859 0.9027166
v -0.06950626 -0.11434008 0.889734
v -0.06997236 -0.11434008 0.8899205
v -0.06323358 -0.11433859 0.90299
v 0.06974245 -0.11433871 0.8903606
v 0.07020807 -0.11433871 0.8905513
v -0.07341841 -0.11434008 0.8472452
v -0.06928286 -0.11433859 0.8335006
v -0.06974748 -0.11433859 0.8333107
v -0.07391074 -0.11434008 0.8471474
v 0.07391173 -0.11433859 0.8765417
v 0.06974245 -0.11433871 0.8903606
v 0.07020807 -0.11433871 0.8905513
v 0.07440531 -0.11433859 0.8766399
v -0.07487127 -0.11433859 0.8615966
v -0.07537332 -0.11433859 0.8615947
v 0.07536823 -0.11433859 0.8621292
v 0.07587153 -0.11433859 0.8621309
v -0.07353791 -0.11433859 0.8758841
v -0.07487127 -0.11433859 0.8615966
v -0.07537332 -0.11433859 0.8615947
v -0.07403102 -0.11433859 0.8759779
v 0.06319488 -0.11433859 0.8208834
v 0.06361676 -0.11433859 0.8206092
v -0.0536606 -0.11433859 0.9141816
v -0.06281224 -0.11433859 0.9027166
v -0.06323358 -0.11433859 0.90299
v -0.0540202 -0.11433859 0.9145316
v 0.05394329 -0.11433859 0.8093679
v 0.05430324 -0.11433859 0.8090167
v 0.05394329 -0.11433859 0.8093679
v 0.05430324 -0.11433859 0.8090167
v 0.05411096 -0.11683859 0.9149597
v 0.04269977 -0.11683859 0.924449
v 0.04192747 -0.11683859 0.9233132
v 0.05313195 -0.11683859 0.9139961
v -0.01502953 -0.11433859 0.9359412
v -0.01502953 -0.11683859 0.9359412
v -0.01499555 -0.11433859 0.7878214
v 5.439E-05 -0.11433859 0.7862628
v 5.439E-05 -0.11683859 0.7862628
v -0.01499555 -0.11683859 0.7878214
v 0.0295396 -0.11433877 0.9315871
v 0.0295396 -0.11683883 0.9315871
v 0.07039136 -0.11434008 0.8336654
v 0.0745045 -0.11434008 0.8476695
v 0.0745045 -0.11684014 0.8476695
v 0.07039136 -0.11683972 0.8336654
v -0.02935515 -0.11433895 0.7923167
v -0.02935515 -0.11683955 0.7923167
v 0.04269977 -0.11433859 0.924449
v 0.04269977 -0.11683859 0.924449
v 0.0151359 -0.11433859 0.7877741
v 0.0151359 -0.11683859 0.7877741
v -0.04244015 -0.11433859 0.7994887
v -0.04244015 -0.11683859 0.7994887
v 0.05411096 -0.11433859 0.9149597
v 0.05411096 -0.11683859 0.9149597
v -0.06974748 -0.11433859 0.8333107
v -0.06300232 -0.11434008 0.8204383
v -0.06300232 -0.11683972 0.8204383
v -0.06974748 -0.11683859 0.8333107
v -0.05376992 -0.11434003 0.8089786
v -0.05376992 -0.11683972 0.8089786
v 0.06340147 -0.11433859 0.9034784
v 0.05411096 -0.11433859 0.9149597
v 0.05411096 -0.11683859 0.9149597
v 0.06340147 -0.11683859 0.9034784
v -0.06323358 -0.11433859 0.90299
v -0.06997236 -0.11434008 0.8899205
v -0.06997236 -0.11684014 0.8899205
v -0.06323358 -0.11683859 0.90299
v -0.05376992 -0.11434003 0.8089786
v -0.05376992 -0.11683972 0.8089786
v 0.07020807 -0.11433871 0.8905513
v 0.07020807 -0.11683883 0.8905513
v -0.07391074 -0.11434008 0.8471474
v -0.07391074 -0.11684002 0.8471474
v 0.07440531 -0.11433859 0.8766399
v 0.07440531 -0.11683859 0.8766399
v -0.07537332 -0.11433859 0.8615947
v -0.07537332 -0.11683859 0.8615947
v 0.07587153 -0.11433859 0.8621309
v 0.07587153 -0.11683859 0.8621309
v -0.07403102 -0.11433859 0.8759779
v -0.07403102 -0.11683859 0.8759779
v 0.06361676 -0.11433859 0.8206092
v 0.06361676 -0.11683859 0.8206092
v -0.0540202 -0.11433859 0.9145316
v -0.0540202 -0.11683859 0.9145316
v 0.05430324 -0.11433859 0.8090167
v 0.05430324 -0.11683859 0.8090167
v -0.04263124 -0.11433859 0.9241546
v -0.0540202 -0.11433859 0.9145316
v -0.0540202 -0.11683859 0.9145316
v -0.04263124 -0.11683859 0.9241546
v 0.04283543 -0.11433859 0.7994185
v 0.05430324 -0.11433859 0.8090167
v 0.05430324 -0.11683859 0.8090167
v 0.04283543 -0.11683859 0.7994185
v -0.02946226 -0.11433859 0.9314132
v -0.02946226 -0.11683859 0.9314132
v 0.02960457 -0.11433859 0.7922143
v 0.02960457 -0.11683859 0.7922143
v 0.07305747 -0.11683859 0.8763719
v 0.06893642 -0.11683883 0.8900306
v 0.06893642 -0.11713882 0.8900306
v 0.07305747 -0.11713858 0.8763719
v -0.06974748 -0.11683859 0.8333107
v -0.06300232 -0.11683972 0.8204383
v -0.06185546 -0.11683972 0.8211904
v -0.06847861 -0.11683859 0.8338293
v -0.05376992 -0.11683972 0.8089786
v -0.04244015 -0.11683859 0.7994887
v -0.04166689 -0.11683859 0.800621
v -0.05279127 -0.11683972 0.8099387
v 0.06340147 -0.11683859 0.9034784
v 0.06225337 -0.11683859 0.9027231
v -0.06323358 -0.11683859 0.90299
v -0.06997236 -0.11684014 0.8899205
v -0.06869945 -0.11684008 0.8894113
v -0.06208292 -0.11683859 0.9022435
v 0.07020807 -0.11683883 0.8905513
v 0.06893642 -0.11683883 0.8900306
v -0.07391074 -0.11684002 0.8471474
v -0.07256636 -0.11684002 0.8474146
v 0.07440531 -0.11683859 0.8766399
v 0.07305747 -0.11683859 0.8763719
v -0.07537332 -0.11683859 0.8615947
v -0.07400235 -0.11683859 0.8615998
v 0.07587153 -0.11683859 0.8621309
v 0.0744971 -0.11683859 0.8621261
v -0.07403102 -0.11683859 0.8759779
v -0.07268444 -0.11683859 0.8757218
v 0.0745045 -0.11684014 0.8476695
v 0.07315487 -0.11684008 0.8479273
v 0.06361676 -0.11683859 0.8206092
v 0.07039136 -0.11683972 0.8336654
v 0.06911636 -0.11683972 0.8341774
v 0.06246467 -0.11683859 0.8213582
v -0.0540202 -0.11683859 0.9145316
v -0.0530372 -0.11683859 0.9135758
v 0.05430324 -0.11683859 0.8090167
v 0.0533203 -0.11683859 0.8099761
v -0.04263124 -0.11683859 0.9241546
v -0.0540202 -0.11683859 0.9145316
v -0.0530372 -0.11683859 0.9135758
v -0.04185459 -0.11683859 0.9230241
v 0.04283543 -0.11683859 0.7994185
v 0.05430324 -0.11683859 0.8090167
v 0.0533203 -0.11683859 0.8099761
v 0.04206051 -0.11683859 0.8005521
v -0.02946226 -0.11683859 0.9314132
v -0.02892433 -0.11683859 0.9301509
v 0.02960457 -0.11683859 0.7922143
v 0.02907039 -0.11683859 0.7934787
v -0.01502953 -0.11683859 0.9359412
v -0.01475398 -0.11683859 0.9345967
v 0.0151359 -0.11683859 0.7877741
v 0.01486398 -0.11683859 0.7891191
v 0.01512552 -0.11683865 0.9360209
v 5.209E-05 -0.11683859 0.9374547
v 5.392E-05 -0.11683859 0.9360827
v 0.01485397 -0.11683865 0.9346749
v -0.01502953 -0.11683859 0.9359412
v -0.01475398 -0.11683859 0.9345967
v -0.01499555 -0.11683859 0.7878214
v 5.439E-05 -0.11683859 0.7862628
v 5.618E-05 -0.11683859 0.7876352
v -0.01472102 -0.11683859 0.7891656
v 0.0295396 -0.11683883 0.9315871
v 0.01512552 -0.11683865 0.9360209
v 0.01485397 -0.11683865 0.9346749
v 0.02900602 -0.11683883 0.9303216
v -0.02935515 -0.11683955 0.7923167
v -0.01499555 -0.11683859 0.7878214
v -0.01472102 -0.11683859 0.7891656
v -0.02881954 -0.11683955 0.7935792
v -0.07400235 -0.11683859 0.8615998
v -0.07256636 -0.11684002 0.8474146
v -0.07256636 -0.11714007 0.8474146
v -0.07400235 -0.11713858 0.8615998
v 0.0744971 -0.11683859 0.8621261
v 0.0744971 -0.11713858 0.8621261
v -0.07268444 -0.11683859 0.8757218
v -0.07268444 -0.11713858 0.8757218
v 0.07315487 -0.11684008 0.8479273
v 0.07315487 -0.11714013 0.8479273
v -0.06869945 -0.11684008 0.8894113
v -0.06869945 -0.11714013 0.8894113
v 0.06246467 -0.11683859 0.8213582
v 0.06911636 -0.11683972 0.8341774
v 0.06911636 -0.11713977 0.8341774
v 0.06246467 -0.11713858 0.8213582
v -0.0530372 -0.11683859 0.9135758
v -0.06208292 -0.11683859 0.9022435
v -0.06208292 -0.11713858 0.9022435
v -0.0530372 -0.11713858 0.9135758
v 0.0533203 -0.11683859 0.8099761
v 0.0533203 -0.11713858 0.8099761
v -0.04185459 -0.11683859 0.9230241
v -0.0530372 -0.11683859 0.9135758
v -0.0530372 -0.11713858 0.9135758
v -0.04185459 -0.11713858 0.9230241
v 0.04206051 -0.11683859 0.8005521
v 0.0533203 -0.11683859 0.8099761
v 0.0533203 -0.11713858 0.8099761
v 0.04206051 -0.11713858 0.8005521
v -0.02892433 -0.11683859 0.9301509
v -0.02892433 -0.11713858 0.9301509
v 0.02907039 -0.11683859 0.7934787
v 0.02907039 -0.11713858 0.7934787
v -0.01475398 -0.11683859 0.9345967
v -0.01475398 -0.11713858 0.9345967
v 0.01486398 -0.11683859 0.7891191
v 0.01486398 -0.11713858 0.7891191
v 0.01485397 -0.11683865 0.9346749
v 5.392E-05 -0.11683859 0.9360827
v 5.392E-05 -0.11713858 0.9360827
v 0.01485397 -0.11713864 0.9346749
v -0.01472102 -0.11683859 0.7891656
v 5.618E-05 -0.11683859 0.7876352
v 5.618E-05 -0.11713858 0.7876352
v -0.01472102 -0.11713858 0.7891656
v 0.02900602 -0.11683883 0.9303216
v 0.02900602 -0.11713888 0.9303216
v -0.02881954 -0.11683955 0.7935792
v -0.02881954 -0.11713954 0.7935792
v 0.04192747 -0.11683859 0.9233132
v 0.04192747 -0.11713858 0.9233132
v -0.04166689 -0.11683859 0.800621
v -0.04166689 -0.11713858 0.800621
v 0.05313195 -0.11683859 0.9139961
v 0.05313195 -0.11713858 0.9139961
v -0.06847861 -0.11683859 0.8338293
v -0.06185546 -0.11683972 0.8211904
v -0.06185546 -0.11713971 0.8211904
v -0.06847861 -0.11713858 0.8338293
v -0.05279127 -0.11683972 0.8099387
v -0.05279127 -0.11713971 0.8099387
v 0.06225337 -0.11683859 0.9027231
v 0.05313195 -0.11683859 0.9139961
v 0.05313195 -0.11713858 0.9139961
v 0.06225337 -0.11713858 0.9027231
v -0.05279127 -0.11683972 0.8099387
v -0.05279127 -0.11713971 0.8099387
v 0.01816614 -0.09043135 0.1119829
v 0.03531845 -0.0851527 0.1119832
v 0.05097927 -0.07665463 0.1119828
v 0.06455929 -0.06535723 0.1119828
v 0.08371449 -0.03629805 0.1119831
v 0.07561451 -0.05168815 0.1119828
v 0.08870924 -0.019736 0.1119828
v 0.08882725 0.0147544 0.1119847
v 0.09045404 -0.0024625 0.1119828
v 0.08393252 0.0314268 0.1119843
v -0.08283433 0.031849 0.1119828
v 0.07587069 0.0469708 0.1119828
v 0.06478752 0.0607721 0.1119828
v 0.05114074 0.072199 0.1119828
v 0.03539635 0.080776 0.1119828
v 0.018178 0.0860622 0.1119828
v 0.00023075 0.0878616 0.1119828
v -0.01767896 0.0860059 0.1119828
v -0.03476652 0.0806541 0.1119834
v -0.05033854 0.0721156 0.1119828
v -0.06382105 0.0608175 0.1119841
v -0.07480749 0.0471743 0.1119842
v -0.08778867 0.015376 0.1119846
v -0.08793178 -0.0189478 0.1119828
v -0.08952913 -0.0018241 0.1119828
v -0.07508275 -0.05110677 0.1119828
v -0.05056563 -0.07630427 0.1119828
v -0.03489438 -0.08494599 0.1119828
v -0.01771931 -0.090337 0.1119828
v 0.03531845 -0.0851527 0.1299831
v 0.01816614 -0.09043135 0.1299828
v -0.01771931 -0.090337 0.1299828
v -0.03489438 -0.08494599 0.1299828
v -0.05056563 -0.07630427 0.1299828
v -0.06411925 -0.06484755 0.1299828
v -0.07508275 -0.05110677 0.1299828
v -0.08310196 -0.0355471 0.1299846
v -0.08952913 -0.0018241 0.1299828
v -0.08778867 0.015376 0.1299844
v -0.08283433 0.031849 0.1299828
v -0.07480749 0.0471743 0.1299842
v -0.06382105 0.0608175 0.1299841
v -0.05033854 0.0721156 0.1299828
v -0.03476652 0.0806541 0.1299834
v 0.018178 0.0860622 0.1299828
v -0.01767896 0.0860059 0.1299828
v 0.00023075 0.0878616 0.1299828
v 0.03539635 0.080776 0.1299828
v 0.05114074 0.072199 0.1299828
v 0.06478752 0.0607721 0.1299828
v 0.08393252 0.0314268 0.1299842
v 0.07587069 0.0469708 0.1299828
v 0.09045404 -0.0024625 0.1299828
v 0.08870924 -0.019736 0.1299828
v 0.08371449 -0.03629805 0.1299831
v 0.07561451 -0.05168815 0.1299828
v 0.06455929 -0.06535723 0.1299828
v 0.05097927 -0.07665463 0.1299828
v 0.07420534 0.0119065 0.7727314
v 0.00024785 -0.0773219 0.7727329
v -0.07334283 -0.0162262 0.7727329
v -0.01473306 -0.0758173 0.7732375
v -0.0290703 -0.07131745 0.7732375
v -0.0290703 -0.07131745 0.7727329
v -0.01473306 -0.0758173 0.7727329
v 0.01523102 0.0714301 0.7732374
v 0.02960433 0.0670175 0.7732374
v 0.02960433 0.0670175 0.7727329
v 0.01523102 0.0714301 0.7727329
v 0.01522155 -0.07589646 0.7732374
v 0.00024785 -0.0773219 0.7732375
v 0.00024785 -0.0773219 0.7727329
v 0.01522155 -0.07589646 0.7727328
v -0.01469986 0.0713831 0.7732374
v 0.00025014 0.0729321 0.7732374
v 0.00025014 0.0729321 0.7727329
v -0.01469986 0.0713831 0.7727329
v 0.02953936 -0.07149042 0.7732372
v 0.01522155 -0.07589646 0.7732374
v 0.01522155 -0.07589646 0.7727328
v 0.02953936 -0.07149042 0.7727326
v 0.0701195 0.0258236 0.7732362
v 0.07420534 0.0119065 0.7732359
v 0.07420534 0.0119065 0.7727314
v 0.0701195 0.0258236 0.7727317
v -0.02896349 0.0669157 0.773237
v -0.02896349 0.0669157 0.7727324
v 0.04261203 -0.06439646 0.7732375
v 0.04261203 -0.06439646 0.7727329
v 0.00025014 0.0729321 0.7732374
v 0.00025014 0.0729321 0.7727329
v -0.04196224 0.0597883 0.7732374
v -0.04196224 0.0597883 0.7727329
v 0.05394782 -0.05496599 0.7732375
v 0.05394782 -0.05496599 0.7727329
v -0.06908771 0.0261761 0.7732374
v -0.06238744 0.0389687 0.7732363
v -0.06238744 0.0389687 0.7727317
v -0.06908771 0.0261761 0.7727329
v -0.05321655 0.0503573 0.7732363
v -0.05321655 0.0503573 0.7727318
v 0.06317617 -0.04355593 0.7732375
v 0.06317617 -0.04355593 0.7727329
v -0.06261715 -0.04307057 0.7732375
v -0.06931111 -0.0300823 0.7732359
v -0.06931111 -0.0300823 0.7727314
v -0.06261715 -0.04307057 0.7727329
v 0.06993748 -0.03070911 0.7732372
v 0.06993748 -0.03070911 0.7727327
v -0.07322332 0.0124254 0.773236
v -0.07322332 0.0124254 0.7727314
v 0.07410681 -0.0168842 0.7732374
v 0.07410681 -0.0168842 0.7727329
v -0.07467618 -0.0019323 0.7732374
v -0.07467618 -0.0019323 0.7727329
v 0.07556331 -0.0024651 0.7732374
v 0.07556331 -0.0024651 0.7727329
v -0.07334283 -0.0162262 0.7732374
v -0.07334283 -0.0162262 0.7727329
v 0.07420534 0.0119065 0.7732359
v 0.07420534 0.0119065 0.7727314
v -0.07334283 -0.0162262 0.7732374
v -0.07334283 -0.0162262 0.7727329
v 0.06338997 0.0387989 0.7732374
v 0.06338997 0.0387989 0.7727329
v -0.0534654 -0.05454059 0.7732375
v -0.0534654 -0.05454059 0.7727329
v 0.05413808 0.0503194 0.7732374
v 0.05413808 0.0503194 0.7727329
v -0.04215172 -0.0641038 0.7732375
v -0.04215172 -0.0641038 0.7727329
v 0.0427465 0.059858 0.7732374
v 0.0427465 0.059858 0.7727329
v 0.02953936 -0.07149042 0.7727326
v 0.01522155 -0.07589646 0.7727328
v -0.01473306 -0.0758173 0.7727329
v -0.0290703 -0.07131745 0.7727329
v -0.04215172 -0.0641038 0.7727329
v -0.0534654 -0.05454059 0.7727329
v -0.06261715 -0.04307057 0.7727329
v -0.06931111 -0.0300823 0.7727314
v -0.07467618 -0.0019323 0.7727329
v -0.07322332 0.0124254 0.7727314
v -0.06908771 0.0261761 0.7727329
v -0.06238744 0.0389687 0.7727317
v -0.05321655 0.0503573 0.7727318
v -0.04196224 0.0597883 0.7727329
v -0.02896349 0.0669157 0.7727324
v 0.01523102 0.0714301 0.7727329
v -0.01469986 0.0713831 0.7727329
v 0.00025014 0.0729321 0.7727329
v 0.02960433 0.0670175 0.7727329
v 0.0427465 0.059858 0.7727329
v 0.05413808 0.0503194 0.7727329
v 0.0701195 0.0258236 0.7727317
v 0.06338997 0.0387989 0.7727329
v 0.07556331 -0.0024651 0.7727329
v 0.07410681 -0.0168842 0.7727329
v 0.06993748 -0.03070911 0.7727327
v 0.06317617 -0.04355593 0.7727329
v 0.05394782 -0.05496599 0.7727329
v 0.04261203 -0.06439646 0.7727329
v 0.01689924 -0.1310384 -0.08827954
v 0.06277866 -0.13103837 -0.06446695
v 0.09005743 -0.13103838 -0.00011969
v -0.08800796 -0.13103846 -0.01802664
v -0.08986279 -0.13103846 -0.00011696
v -0.08986285 -0.13015173 -0.00011696
v -0.08800796 -0.13015173 -0.01802664
v 0.09005743 -0.13103838 -0.00011969
v 0.0882563 -0.13103838 -0.018067
v 0.0882563 -0.13015166 -0.018067
v 0.09005743 -0.13015166 -0.00011969
v 0.08835113 -0.13103846 0.01781845
v 0.08835113 -0.13015173 0.01781845
v -0.08806422 -0.13103846 0.01783031
v -0.08278039 -0.13103846 0.03504872
v -0.08278039 -0.13015173 0.03504872
v -0.08806422 -0.13015173 0.01783031
v 0.08286798 -0.13103838 -0.03524208
v 0.08286798 -0.13015166 -0.03524208
v -0.07420727 -0.13103846 0.05079305
v -0.07420727 -0.13015173 0.05079305
v 0.07423008 -0.13103837 -0.05091339
v 0.07423008 -0.13015164 -0.05091339
v -0.06278536 -0.13103846 0.06443983
v -0.06278536 -0.13015173 0.06443983
v 0.06277866 -0.13103837 -0.06446695
v 0.06277866 -0.13015164 -0.06446695
v -0.06278536 -0.13103846 0.06443983
v -0.04899016 -0.13103846 0.07552301
v -0.04899016 -0.13015173 0.07552301
v -0.06278536 -0.13015173 0.06443983
v 0.06277866 -0.13103837 -0.06446695
v 0.04904385 -0.13103838 -0.07543045
v 0.04904385 -0.13015166 -0.07543045
v 0.06277866 -0.13015164 -0.06446695
v -0.03345314 -0.13103984 0.0835849
v -0.03345308 -0.13015312 0.0835849
v 0.03349121 -0.13104023 -0.08344966
v 0.01689924 -0.1310384 -0.08827954
v 0.01689924 -0.13015169 -0.08827954
v 0.03349121 -0.13015351 -0.08344966
v -0.01678793 -0.13104027 0.08847957
v 0.00042117 -0.13103842 0.09010642
v 0.00042117 -0.13015172 0.09010642
v -0.01678793 -0.13015356 0.08847957
v -0.00021682 -0.1310384 -0.08987683
v -0.00021682 -0.13015169 -0.08987683
v 0.0176868 -0.13103842 0.08836156
v 0.0176868 -0.13015172 0.08836156
v -0.01740907 -0.13104017 -0.08813637
v -0.01740907 -0.13015343 -0.08813637
v 0.03424175 -0.13103874 0.08336681
v 0.03424175 -0.130152 0.08336681
v -0.03387502 -0.13103841 -0.08318203
v -0.03387502 -0.1301517 -0.08318203
v 0.04962511 -0.13103841 0.07526689
v 0.04962505 -0.13015169 0.07526689
v -0.04919353 -0.13103978 -0.07515525
v -0.06283072 -0.13103972 -0.06416875
v -0.06283072 -0.130153 -0.06416875
v -0.04919353 -0.13015307 -0.07515525
v 0.0632881 -0.1310384 0.0642116
v 0.0632881 -0.13015167 0.0642116
v -0.06283072 -0.13103972 -0.06416875
v -0.07412377 -0.13103842 -0.05068624
v -0.07412377 -0.1301517 -0.05068624
v -0.06283072 -0.130153 -0.06416875
v 0.0632881 -0.1310384 0.0642116
v 0.07458049 -0.1310384 0.05063158
v 0.07458049 -0.13015167 0.05063158
v 0.0632881 -0.13015167 0.0642116
v -0.08265856 -0.13103901 -0.0351147
v -0.08265856 -0.13015228 -0.0351147
v 0.08307481 -0.13103874 0.03497076
v 0.08307481 -0.130152 0.03497076
v 0.08835113 -0.13103846 0.01781845
v 0.08307481 -0.13103874 0.03497076
v 0.07458049 -0.1310384 0.05063158
v 0.0632881 -0.1310384 0.0642116
v 0.03424175 -0.13103874 0.08336681
v 0.04962511 -0.13103841 0.07526689
v 0.0176868 -0.13103842 0.08836156
v -0.01678793 -0.13104027 0.08847957
v 0.00042117 -0.13103842 0.09010642
v -0.03345314 -0.13103984 0.0835849
v -0.04899016 -0.13103846 0.07552301
v -0.06278536 -0.13103846 0.06443983
v -0.07420727 -0.13103846 0.05079305
v -0.08278039 -0.13103846 0.03504872
v -0.08806422 -0.13103846 0.01783031
v -0.08986279 -0.13103846 -0.00011696
v -0.08800796 -0.13103846 -0.01802664
v -0.03387502 -0.13103841 -0.08318203
v -0.08265856 -0.13103901 -0.0351147
v -0.07412377 -0.13103842 -0.05068624
v -0.06283072 -0.13103972 -0.06416875
v -0.04919353 -0.13103978 -0.07515525
v -0.01740907 -0.13104017 -0.08813637
v -0.00021682 -0.1310384 -0.08987683
v 0.03349121 -0.13104023 -0.08344966
v 0.04904385 -0.13103838 -0.07543045
v 0.07423008 -0.13103837 -0.05091339
v 0.08286798 -0.13103838 -0.03524208
v 0.0882563 -0.13103838 -0.018067
vn -0.2019 -0 0.97941
vn -0.00166 -0 1
vn -0.00164 -0.00446 0.99999
vn -0.20197 -0.00423 0.97938
vn 0.3873 0 -0.92195
vn 0.19536 0 -0.98073
vn 0.19537 0 -0.98073
vn 0.38731 0 -0.92195
vn 0.92787 0 0.37292
vn 0.98201 0 0.18882
vn 0.98201 0 0.18882
vn 0.92786 0 0.37292
vn -0.39161 -0 0.92013
vn -0.20189 -0 0.97941
vn -0.39162 -0 0.92013
vn 0.56078 0 -0.82796
vn 0.56079 0 -0.82796
vn -0.00165 -0 1
vn 0.19751 -0 0.9803
vn 0.19751 -0 0.9803
vn -0.56408 -0 0.82572
vn -0.56408 -0 0.82572
vn 0.63937 0 -0.7689
vn 0.63937 0 -0.7689
vn -0.92587 -1E-05 0.37785
vn -0.83624 -1E-05 0.54837
vn -0.83624 -1E-05 0.54837
vn -0.92587 -0 0.37784
vn -0.64212 -0 0.76661
vn -0.64212 -0 0.76661
vn 0.8351 0 -0.55009
vn 0.77739 0 -0.62902
vn 0.77739 0 -0.62902
vn 0.83511 0 -0.55009
vn -0.83927 -0 -0.54371
vn -0.92879 -0 -0.37061
vn -0.92879 -0 -0.37061
vn -0.83927 -0 -0.54372
vn -0.77874 -0 0.62735
vn -0.77873 -0 0.62736
vn 0.92535 0 -0.37912
vn 0.92535 0 -0.37911
vn -0.98074 -0 0.19532
vn -0.98074 -0 0.19531
vn 0.98068 0 -0.1956
vn 0.98068 0 -0.1956
vn -0.99999 -0 0.00392
vn -0.99999 -0 0.00392
vn 0.99999 0 -0.00323
vn 0.99999 0 -0.00323
vn -0.98235 -0 -0.18705
vn -0.98235 -0 -0.18705
vn 0.83771 0 0.54612
vn 0.8377 0 0.54612
vn -0.78154 -0 -0.62385
vn -0.78154 -0 -0.62385
vn 0.77957 0 0.62631
vn 0.77957 0 0.62632
vn -0.56682 -0 -0.82384
vn -0.64539 -0 -0.76386
vn -0.64538 -0 -0.76386
vn -0.56682 0 -0.82384
vn 0.56279 0 0.8266
vn 0.64183 0 0.76685
vn 0.64183 0 0.76685
vn 0.56278 0 0.8266
vn -0.39299 0 -0.91954
vn -0.39299 0 -0.91954
vn 0.38775 -0 0.92176
vn 0.38775 -0 0.92177
vn -0.20064 0 -0.97966
vn -0.20064 0 -0.97967
vn -0.00259 0 -1
vn -0.00259 0 -1
vn -0.64229 0.76647 0
vn -0.56425 0.82561 0
vn -0.56412 0.82569 -0.00116
vn -0.64228 0.76647 -0.00104
vn -4E-05 -9E-05 1
vn -0.20073 -0.97965 0
vn -0.20073 -0.97965 0
vn -0.39314 -0.91948 0
vn -0.39314 -0.91948 0
vn 0.19759 0.98028 0
vn 0.19759 0.98028 0
vn 0.3879 0.9217 0
vn 0.38789 0.9217 0
vn 0.19546 -0.98071 0
vn 0.19546 -0.98071 0
vn -0.00258 -1 0
vn -0.00258 -1 0
vn -0.20199 0.97939 0
vn -0.20198 0.97939 0
vn -0.00166 1 0
vn -0.00166 1 0
vn 0.38745 -0.92189 0
vn 0.38744 -0.92189 0
vn 0.92792 0.37278 0
vn 0.92792 0.37278 0
vn 0.98203 0.18874 0
vn 0.98203 0.18875 0
vn -0.39176 0.92007 0
vn -0.39175 0.92007 0
vn 0.56095 -0.82785 0
vn 0.56095 -0.82785 0
vn -0.56424 0.82561 0
vn 0.63954 -0.76876 0
vn 0.63954 -0.76876 0
vn -0.92593 0.3777 0
vn -0.92593 0.3777 0
vn -0.83634 0.5482 0
vn -0.83635 0.5482 0
vn -0.64229 0.76647 0
vn 0.83522 -0.54992 0
vn 0.83521 -0.54992 0
vn 0.77753 -0.62885 0
vn 0.77753 -0.62885 0
vn -0.83937 -0.54355 0
vn -0.83938 -0.54355 0
vn -0.92885 -0.37047 0
vn -0.92884 -0.37047 0
vn -0.77886 0.6272 0
vn -0.77886 0.62719 0
vn 0.92541 -0.37897 0
vn 0.92541 -0.37898 0
vn -0.98076 0.19523 0
vn -0.98076 0.19524 0
vn 0.9807 -0.19552 0
vn 0.9807 -0.19552 0
vn -0.99999 0.00391 0
vn -0.99999 0.00392 0
vn 0.99999 -0.00323 0
vn 0.99999 -0.00323 0
vn -0.98236 -0.18698 0
vn -0.98236 -0.18698 0
vn 0.83782 0.54595 0
vn 0.83782 0.54595 0
vn -0.78168 -0.62368 0
vn -0.78168 -0.62368 0
vn 0.77971 0.62614 0
vn 0.77971 0.62615 0
vn -0.56699 -0.82372 0
vn -0.56699 -0.82372 0
vn -0.64556 -0.76371 0
vn -0.64556 -0.76371 0
vn 0.56295 0.82649 0
vn 0.56296 0.82649 0
vn 0.64199 0.76671 0
vn 0.64199 0.76671 0
vn 0.77781 -0.6285 -0.00135
vn 0.8353 -0.54979 -0.00203
vn -0.92909 -0.36982 0.00519
vn -0.83975 -0.54294 0.0069
vn -0.7791 0.6269 -8E-05
vn -0.83622 0.54839 0.00017
vn 0.92544 -0.37889 -0.00287
vn -0.92583 0.37793 0.00086
vn -0.98067 0.19565 0.00167
vn 0.98068 -0.19557 -0.00335
vn -0.99999 0.00434 0.00277
vn 0.99999 -0.00323 -0.00348
vn -0.98245 -0.18649 0.00395
vn 0.98202 0.18874 -0.0036
vn 0.92793 0.37274 -0.00369
vn 0.83787 0.54586 -0.00359
vn -0.78165 -0.62367 0.00786
vn 0.7797 0.62614 -0.00349
vn -0.64546 -0.76373 0.01
vn -0.5674 -0.82337 0.01069
vn 0.64184 0.76683 -0.00322
vn 0.56301 0.82644 -0.00321
vn -0.39325 -0.91935 0.01212
vn 0.38801 0.92165 -0.00293
vn -0.20061 -0.97959 0.01287
vn 0.19749 0.9803 -0.00279
vn -0.00103 -0.9999 0.0139
vn 0.19634 -0.98052 0.00578
vn -0.00142 1 -0.00276
vn -0.20185 0.97941 -0.00207
vn 0.3882 -0.92157 0.00327
vn -0.39163 0.92012 -0.00162
vn 0.56138 -0.82756 0.00053
vn 0.63954 -0.76876 -0.00112
vn 0.9253 0.00085 -0.37923
vn 0.83505 0.00121 -0.55018
vn 0.83531 0.00747 -0.54973
vn 0.9254 0.00531 -0.37896
vn 0.19534 0.00208 -0.98073
vn 0.38726 0.00196 -0.92197
vn 0.98204 -0.00047 0.18867
vn 0.92792 -0.00097 0.37277
vn -0.39175 -0.00362 0.92007
vn 0.56073 0.00177 -0.828
vn 0.19761 -0.00418 0.98027
vn -0.56422 -0.00291 0.82562
vn 0.63938 0.00166 -0.76889
vn -0.83634 -0.00159 0.54822
vn -0.92593 -0.00102 0.37769
vn -0.64218 -0.00246 0.76655
vn 0.77739 0.00136 -0.62902
vn -0.92874 0.00084 -0.37072
vn -0.83921 0.00121 -0.54381
vn -0.77873 -0.00196 0.62736
vn -0.98077 -0.0005 0.19516
vn 0.98066 0.00045 -0.19573
vn -0.99999 -1E-05 0.00377
vn 0.99999 1E-05 -0.00338
vn -0.98232 0.00044 -0.18718
vn 0.8378 -0.00153 0.54598
vn -0.78155 0.00137 -0.62384
vn 0.77962 -0.00189 0.62625
vn -0.64538 0.00166 -0.76386
vn -0.56676 0.00178 -0.82388
vn 0.64183 -0.00239 0.76685
vn 0.56293 -0.00284 0.8265
vn -0.39294 0.00197 -0.91956
vn 0.38789 -0.00356 0.9217
vn -0.20062 0.00208 -0.97967
vn -0.00259 0.00212 -0.99999
vn 0.98288 -0.01116 0.1839
vn 0.99999 -0.00031 -0.00486
vn 0.99996 -0.00062 -0.00893
vn 0.98504 -0.03052 0.16958
vn -0.92672 -0.00822 0.37566
vn -0.98103 -0.00382 0.19383
vn 0.98064 0.00282 -0.19581
vn -1 -0.0002 0.00311
vn 0.99999 -0.0001 -0.00395
vn -0.9823 0.00282 -0.18728
vn 0.98225 -0.00353 0.18752
vn -0.92884 0.00538 -0.37045
vn 0.9286 -0.00768 0.371
vn 0.83926 -0.01316 0.54358
vn -0.83948 0.00758 -0.54334
vn -0.78222 0.00901 -0.62294
vn 0.78154 -0.01689 0.62363
vn -0.64597 0.00973 -0.7633
vn -0.56725 0.01085 -0.82347
vn 0.64352 -0.02468 0.76503
vn 0.56673 -0.03241 0.82327
vn -0.39338 0.0119 -0.9193
vn 0.39271 -0.05049 0.91827
vn -0.20087 0.01254 -0.97954
vn 0.20181 -0.07456 0.97658
vn -0.00261 0.01273 -0.99992
vn 0.19556 0.0125 -0.98061
vn -0.00097 -0.08904 0.99603
vn -0.2053 -0.07569 0.97577
vn 0.38766 0.01182 -0.92173
vn -0.39634 -0.05192 0.91664
vn 0.56119 0.01075 -0.82762
vn -0.56817 -0.03384 0.82222
vn 0.64006 0.00963 -0.76827
vn -0.83798 -0.01395 0.54552
vn -0.64533 -0.02582 0.76347
vn 0.77795 0.00886 -0.62826
vn -0.77994 -0.01798 0.62559
vn 0.69475 -0.65176 0.3042
vn 0.76668 -0.58369 0.26742
vn 0.75961 -0.63273 0.15048
vn 0.67902 -0.69774 0.22822
vn -0.92999 0.01767 -0.36716
vn -0.98253 0.00904 -0.18586
vn -0.98334 0.02736 -0.17969
vn -0.93428 0.05475 -0.35232
vn 0.84374 -0.03931 0.53532
vn 0.93078 -0.0237 0.36482
vn 0.93766 -0.06164 0.34204
vn 0.85663 -0.09551 0.50701
vn -0.78612 0.03135 -0.61728
vn -0.84186 0.02544 -0.53909
vn -0.85117 0.08106 -0.5186
vn -0.80154 0.10333 -0.58895
vn 0.78779 -0.04958 0.61395
vn 0.80149 -0.1105 0.58771
vn -0.57112 0.03764 -0.82
vn -0.64979 0.03265 -0.75941
vn -0.66591 0.10601 -0.73846
vn -0.56148 0.14796 -0.81415
vn 0.57623 -0.09027 0.81229
vn 0.65092 -0.07037 0.75587
vn 0.6707 -0.15819 0.72466
vn 0.59702 -0.18148 0.78143
vn -0.39264 0.05361 -0.91813
vn -0.42006 0.14374 -0.89604
vn 0.4031 -0.13615 0.90497
vn 0.4223 -0.2464 0.87232
vn -0.20901 0.05113 -0.97658
vn -0.2382 0.14542 -0.96027
vn 0.2096 -0.19592 0.95796
vn 0.22192 -0.33021 0.91745
vn 0.19745 0.04438 -0.97931
vn -0.00265 0.04521 -0.99897
vn -0.00278 0.15727 -0.98755
vn 0.20588 0.15379 -0.96642
vn -0.21171 -0.19572 0.95754
vn 3E-05 -0.23042 0.97309
vn -1E-05 -0.37996 0.925
vn -0.22407 -0.32759 0.91786
vn 0.39097 0.0418 -0.91945
vn 0.40543 0.14309 -0.90286
vn -0.40618 -0.13598 0.90362
vn -0.42503 -0.24346 0.87182
vn 0.56503 0.03772 -0.82421
vn 0.58782 0.13888 -0.79698
vn -0.57759 -0.09061 0.81128
vn -0.5978 -0.17982 0.78122
vn 0.64405 0.0328 -0.76428
vn 0.65527 0.11731 -0.74623
vn -0.92902 -0.02424 0.36924
vn -0.8426 -0.0398 0.53707
vn -0.85528 -0.09537 0.50931
vn -0.93591 -0.06208 0.34672
vn -0.65453 -0.07081 0.75271
vn -0.67376 -0.15689 0.7221
vn 0.83774 0.02558 -0.54547
vn 0.78172 0.03139 -0.62284
vn 0.7973 0.10381 -0.59459
vn 0.84725 0.08176 -0.52487
vn -0.78497 -0.05016 0.61749
vn -0.79844 -0.11025 0.5919
vn 0.92662 0.01794 -0.37557
vn 0.93112 0.05569 -0.36045
vn -0.98173 -0.01163 0.18994
vn -0.98398 -0.03118 0.17555
vn 0.98091 0.00937 -0.19423
vn 0.98181 0.02827 -0.18777
vn -1 -0.00066 0.00198
vn -1 -0.00133 -0.0023
vn -0.21339 -0.95818 0.19065
vn -0.00381 -0.97527 0.22098
vn -0.00244 -0.997 0.07741
vn -0.20473 -0.97653 0.06693
vn -0.43614 0.82825 -0.35182
vn -0.57609 0.76827 -0.27908
vn -0.5857 0.79916 -0.13528
vn -0.40987 0.89926 -0.15276
vn 0.44333 -0.79052 0.42254
vn 0.53762 -0.75389 0.37764
vn 0.56847 -0.80266 0.18051
vn 0.42013 -0.86883 0.26198
vn -0.22655 0.89583 -0.38233
vn -0.21083 0.96363 -0.1642
vn 0.23051 -0.82538 0.51538
vn 0.21864 -0.90877 0.35543
vn 0.22081 0.89701 -0.3829
vn -0.00286 0.91955 -0.39296
vn -0.00265 0.98575 -0.16821
vn 0.20554 0.9647 -0.16461
vn -0.23792 -0.82218 0.51712
vn -0.00378 -0.81974 0.57272
vn -0.00501 -0.9079 0.41916
vn -0.2273 -0.90537 0.35867
vn 0.43033 0.83076 -0.35306
vn 0.40434 0.90162 -0.15361
vn 0.94662 -0.29526 0.12934
vn 0.98762 -0.14358 0.06315
vn 0.9846 -0.172 0.03133
vn 0.93658 -0.34444 0.06471
vn -0.4488 -0.78651 0.42424
vn -0.42621 -0.86467 0.26589
vn 0.57296 0.77027 -0.27998
vn 0.58152 0.8018 -0.13764
vn -0.59688 -0.73391 0.32421
vn -0.59758 -0.77734 0.19656
vn 0.67548 0.71563 -0.1778
vn 0.65976 0.74169 -0.12091
vn -0.94546 -0.29789 0.13179
vn -0.87331 -0.44446 0.19944
vn -0.85458 -0.50865 0.10476
vn -0.93554 -0.34655 0.06835
vn -0.67847 -0.7036 0.21124
vn -0.67012 -0.7226 0.16969
vn 0.86174 0.46784 -0.19627
vn 0.77955 0.54867 -0.3021
vn 0.79538 0.59572 -0.11178
vn 0.84708 0.52392 -0.08923
vn -0.86634 0.4611 -0.19194
vn -0.94139 0.31183 -0.12867
vn -0.93375 0.35306 -0.05875
vn -0.85021 0.51919 -0.08711
vn -0.78705 -0.54791 0.28346
vn -0.80064 -0.58648 0.12256
vn 0.93898 0.31774 -0.13176
vn 0.9313 0.35904 -0.06138
vn -0.98689 -0.14734 0.06582
vn -0.98387 -0.17549 0.03473
vn 0.98374 0.16622 -0.06799
vn 0.98204 0.18594 -0.03191
vn -0.99998 0.00689 -4E-05
vn -0.99999 0.00245 0.0022
vn 0.99993 0.01134 -0.00274
vn 0.99998 0.00676 -0.00083
vn -0.9849 0.16051 -0.06493
vn -0.9832 0.18021 -0.02907
vn 0.87402 -0.444 0.19739
vn 0.85498 -0.50877 0.1008
vn -0.787 0.54797 -0.28347
vn -0.79919 0.59126 -0.10823
vn -0.67586 0.71588 -0.1753
vn -0.66448 0.73817 -0.11648
vn -0.78256 -0.62196 0.0276
vn -0.83998 -0.54209 0.02406
vn 0.39222 0.91752 -0.0657
vn 0.19881 0.97756 -0.06964
vn 0.19677 0.98013 -0.02496
vn 0.38843 0.92116 -0.02409
vn 0.93036 -0.36546 0.02941
vn 0.9826 -0.18525 0.01336
vn 0.98178 -0.19004 0.00136
vn 0.92776 -0.37312 0.00681
vn -0.40737 -0.90215 0.14201
vn -0.39665 -0.91641 0.05361
vn 0.56692 0.82163 -0.0593
vn 0.56276 0.82633 -0.02217
vn 0.20669 -0.96084 0.18455
vn 0.1983 -0.97844 0.05771
vn -0.57883 -0.80892 0.10298
vn -0.56947 -0.82094 0.04182
vn 0.64595 0.76155 -0.05276
vn 0.64209 0.76637 -0.01982
vn -0.93021 -0.36542 0.03423
vn -0.844 -0.53375 0.0527
vn -0.92854 -0.37083 0.01718
vn -0.65318 -0.75219 0.08698
vn -0.64641 -0.76209 0.03692
vn 0.83933 0.54212 -0.04034
vn 0.78365 0.61934 -0.04814
vn 0.78003 0.62546 -0.01903
vn 0.83685 0.54719 -0.01629
vn -0.84154 0.53887 -0.03767
vn -0.92938 0.36825 -0.02532
vn -0.9275 0.37378 -0.00612
vn -0.83828 0.54513 -0.01112
vn -0.78805 -0.61244 0.06243
vn 0.92778 0.37204 -0.02851
vn 0.92668 0.37565 -0.01235
vn -0.98234 -0.18626 0.01787
vn -0.98197 -0.18873 0.01096
vn 0.98143 0.19121 -0.01557
vn 0.98123 0.19266 -0.00806
vn -1 0.00085 0.00243
vn -0.99999 0.00153 0.00479
vn 0.99999 0.00279 -0.00156
vn 0.99999 0.00129 -0.00355
vn -0.9821 0.18796 -0.01202
vn -0.98147 0.19163 -0.00089
vn 0.84346 -0.5351 0.04744
vn 0.83844 -0.54485 0.01278
vn -0.78581 0.61679 -0.04563
vn -0.78148 0.62376 -0.01434
vn 0.7852 -0.61661 0.05695
vn 0.77986 -0.62576 0.01549
vn -0.57134 0.81868 -0.05771
vn -0.6503 0.75796 -0.05112
vn -0.64513 0.76389 -0.01661
vn -0.56657 0.82379 -0.01922
vn 0.57554 -0.81205 0.09656
vn 0.65303 -0.75308 0.08011
vn 0.64298 -0.76553 0.02321
vn 0.56518 -0.82446 0.02886
vn -0.39726 0.91543 -0.06465
vn -0.39333 0.91913 -0.02214
vn 0.40175 -0.90559 0.13602
vn 0.39097 -0.91945 0.04197
vn -0.20369 0.97659 -0.06919
vn -0.20191 0.9791 -0.0244
vn -0.00243 0.99748 -0.07095
vn -0.00212 0.99967 -0.02545
vn -0.68951 0.38017 -0.61647
vn -0.77929 0.29281 -0.55405
vn -0.77089 0.44803 -0.45277
vn -0.71719 0.48373 -0.50164
vn 0.7884 -0.28064 0.54743
vn 0.87538 -0.19764 0.4412
vn 0.88587 -0.32858 0.32751
vn 0.78395 -0.43878 0.4392
vn -0.86799 0.1941 -0.45708
vn -0.87701 0.34139 -0.3381
vn 0.94737 -0.12999 0.29255
vn 0.95258 -0.21585 0.21449
vn -0.94227 0.13017 -0.30851
vn -0.98518 0.06592 -0.15833
vn -0.98616 0.11802 -0.11646
vn -0.94652 0.22937 -0.22693
vn 0.98785 -0.06382 0.14173
vn 0.99993 0.00234 -0.01189
vn 0.99991 0.00926 -0.00963
vn 0.98928 -0.10379 0.10273
vn -0.99998 0.00071 -0.00605
vn -0.99997 0.00607 -0.00531
vn 0.98387 0.06808 -0.16542
vn 0.98503 0.12217 -0.12166
vn -0.98697 -0.06528 0.14709
vn -0.98856 -0.10656 0.10675
vn 0.93956 0.13246 -0.31572
vn 0.94415 0.23374 -0.23225
vn -0.94584 -0.13107 0.297
vn -0.95132 -0.21794 0.21794
vn 0.86331 0.2001 -0.46331
vn 0.86669 0.35182 -0.35366
vn -0.87406 -0.19761 0.44381
vn -0.78722 -0.27995 0.54947
vn -0.78379 -0.43759 0.44066
vn -0.88487 -0.32901 0.32979
vn 0.77844 0.29546 -0.55384
vn 0.77369 0.44995 -0.44604
vn -0.70683 -0.38778 0.59162
vn -0.71423 -0.49108 0.49871
vn 0.65495 0.36865 -0.65965
vn 0.72488 0.48687 -0.48734
vn -0.59733 -0.31363 0.73813
vn -0.44761 -0.40286 0.79834
vn -0.45718 -0.49212 0.74081
vn -0.54772 -0.45866 0.69974
vn -0.00086 -0.51796 0.8554
vn 0.23217 -0.48051 0.8457
vn 0.237 -0.54855 0.80183
vn -0.00138 -0.56823 0.82287
vn 0.59713 0.28657 -0.74921
vn 0.45598 0.3586 -0.81455
vn 0.45013 0.47128 -0.75848
vn 0.53779 0.41517 -0.73377
vn -0.23552 -0.476 0.84733
vn -0.24112 -0.54539 0.80275
vn 0.22196 0.38832 -0.89439
vn 0.22655 0.52661 -0.81937
vn -0.00298 0.39867 -0.91709
vn -0.2279 0.3878 -0.89312
vn -0.23253 0.5259 -0.81814
vn -0.00302 0.54066 -0.84124
vn 0.44444 -0.40742 0.7978
vn 0.45339 -0.49536 0.74098
vn -0.45883 0.33612 -0.8225
vn -0.4464 0.48395 -0.75267
vn 0.59631 -0.31698 0.73752
vn 0.54485 -0.46146 0.70014
vn -0.58458 0.27064 -0.76487
vn -0.56457 0.43466 -0.70166
vn 0.707 -0.38859 0.59089
vn 0.71335 -0.49368 0.49741
vn -0.7078 0.59739 -0.37701
vn -0.70735 -0.58639 0.39471
vn 0.7193 0.57852 -0.3846
vn -0.54664 -0.69298 0.47006
vn -0.45761 -0.72554 0.51398
vn -0.0034 -0.78163 0.62373
vn 0.23547 -0.77611 0.58498
vn 0.54143 0.71085 -0.44894
vn 0.43836 0.76002 -0.4798
vn -0.24236 -0.77227 0.58725
vn 0.22543 0.82391 -0.51996
vn -0.00297 0.84568 -0.53368
vn -0.23135 0.82276 -0.51918
vn 0.45254 -0.72988 0.51233
vn -0.44432 0.7576 -0.47814
vn 0.54525 -0.69546 0.46802
vn -0.54748 0.70761 -0.44672
vn 0.68016 -0.20754 0.70307
vn 0.63207 0.18736 -0.75192
vn -0.6822 -0.20416 0.70209
vn -0.66117 0.20069 -0.7229
vn 0.65859 -0.74505 0.10563
vn 1E-05 1E-05 -1
vn 0 1 -0
vn 0 1 0
vn -0.2019 -0 -0.97941
vn -0.20197 -0.00423 -0.97938
vn -0.00164 -0.00446 -0.99999
vn -0.00166 0 -1
vn 0.3873 0 0.92195
vn 0.3873 0 0.92195
vn 0.19537 0 0.98073
vn 0.19537 0 0.98073
vn 0.92786 0 -0.37292
vn 0.92786 0 -0.37292
vn 0.98201 0 -0.18883
vn 0.98201 0 -0.18883
vn -0.39162 -0 -0.92013
vn -0.39161 -0 -0.92013
vn -0.2019 -0 -0.97941
vn 0.56078 0 0.82796
vn 0.56078 0 0.82796
vn -0.00165 0 -1
vn 0.19751 0 -0.9803
vn 0.19751 0 -0.9803
vn -0.56409 -0 -0.82571
vn -0.56409 -0 -0.82571
vn 0.63937 0 0.7689
vn 0.63937 0 0.7689
vn -0.92587 -0 -0.37784
vn -0.92587 -0 -0.37784
vn -0.83623 -0 -0.54838
vn -0.83623 -0 -0.54838
vn -0.64213 -0 -0.76659
vn -0.64214 0 -0.76659
vn 0.8351 0 0.5501
vn 0.8351 0 0.5501
vn 0.77738 0 0.62904
vn 0.77738 0 0.62904
vn -0.83927 -0 0.54371
vn -0.83927 -0 0.54372
vn -0.92879 -0 0.37061
vn -0.92879 -0 0.37061
vn -0.77871 -0 -0.62738
vn -0.77872 0 -0.62737
vn 0.92535 0 0.37911
vn 0.92535 0 0.37912
vn -0.98074 -0 -0.19532
vn -0.98074 -0 -0.19532
vn 0.98068 0 0.1956
vn 0.98068 0 0.1956
vn -0.99999 -0 -0.00392
vn -0.99999 -0 -0.00392
vn 0.99999 0 0.00323
vn 0.99999 0 0.00323
vn -0.98235 -0 0.18706
vn -0.98235 -0 0.18706
vn 0.83771 0 -0.54612
vn 0.83771 0 -0.54612
vn -0.78154 -0 0.62385
vn -0.78154 0 0.62385
vn 0.77957 0 -0.62631
vn 0.77957 0 -0.62631
vn -0.56682 0 0.82384
vn -0.56682 0 0.82384
vn -0.64537 0 0.76387
vn -0.64538 0 0.76386
vn 0.56279 0 -0.8266
vn 0.56279 0 -0.8266
vn 0.64182 0 -0.76686
vn 0.64182 0 -0.76686
vn -0.39299 0 0.91954
vn -0.39299 0 0.91954
vn 0.38775 0 -0.92176
vn 0.38775 0 -0.92177
vn -0.20064 0 0.97966
vn -0.20064 -0 0.97966
vn -0.00258 0 1
vn -0.00259 0 1
vn -0.6423 0.76646 0
vn -0.64229 0.76646 0.00104
vn -0.56411 0.8257 0.00116
vn -0.56424 0.82561 0
vn 0.83522 -0.54991 0
vn 0.8353 -0.54978 0.00203
vn 0.7778 -0.62852 0.00136
vn 0.77751 -0.62887 0
vn -0.83937 -0.54356 0
vn -0.83974 -0.54294 -0.0069
vn -0.92909 -0.36982 -0.00519
vn -0.92884 -0.37047 0
vn -0.83634 0.54821 0
vn -0.83622 0.54839 -0.00017
vn -0.7791 0.6269 8E-05
vn -0.77887 0.62719 0
vn 0.9254 -0.37898 0
vn 0.92544 -0.37889 0.00287
vn -0.98076 0.19524 0
vn -0.98067 0.19565 -0.00167
vn -0.92583 0.37793 -0.00086
vn -0.92593 0.3777 0
vn 0.9807 -0.19553 0
vn 0.98068 -0.19558 0.00335
vn -0.99999 0.00392 0
vn -0.99999 0.00434 -0.00277
vn 0.99999 -0.00323 0
vn 0.99999 -0.00323 0.00348
vn -0.98236 -0.18698 0
vn -0.98245 -0.18649 -0.00395
vn 0.98203 0.18875 0
vn 0.98202 0.18874 0.0036
vn 0.83781 0.54596 0
vn 0.83786 0.54587 0.00359
vn 0.92793 0.37274 0.00369
vn 0.92792 0.37277 0
vn -0.78168 -0.62369 0
vn -0.78165 -0.62366 -0.00786
vn 0.77969 0.62617 0
vn 0.77969 0.62616 0.00349
vn -0.56699 -0.82373 0
vn -0.5674 -0.82337 -0.0107
vn -0.64546 -0.76373 -0.01
vn -0.64554 -0.76372 0
vn 0.56296 0.82649 0
vn 0.56301 0.82644 0.00321
vn 0.64185 0.76683 0.00322
vn 0.642 0.7667 0
vn -0.39312 -0.91949 0
vn -0.39324 -0.91936 -0.01212
vn 0.3879 0.9217 0
vn 0.38802 0.92165 0.00293
vn -0.20073 -0.97965 0
vn -0.20061 -0.97959 -0.01292
vn 0.19759 0.98029 0
vn 0.19748 0.9803 0.00279
vn 0.19545 -0.98071 0
vn 0.19634 -0.98052 -0.00578
vn -0.00104 -0.9999 -0.01394
vn -0.00259 -1 0
vn -0.20199 0.97939 0
vn -0.20185 0.97941 0.00207
vn -0.00142 1 0.00275
vn -0.00166 1 0
vn 0.38746 -0.92189 0
vn 0.3882 -0.92157 -0.00326
vn -0.39175 0.92007 0
vn -0.39162 0.92012 0.00162
vn 0.56096 -0.82785 0
vn 0.56139 -0.82755 -0.00052
vn 0.63955 -0.76875 0
vn 0.63955 -0.76875 0.00112
vn 0.9253 0.00085 0.37923
vn 0.9254 0.00532 0.37896
vn 0.8353 0.00746 0.54975
vn 0.83504 0.00121 0.55019
vn 0.38726 0.00196 0.92197
vn 0.19534 0.00208 0.98073
vn 0.92792 -0.00097 -0.37277
vn 0.98204 -0.00047 -0.18867
vn -0.39174 -0.00362 -0.92007
vn 0.56072 0.00177 0.828
vn 0.19761 -0.00418 -0.98027
vn -0.56423 -0.00292 -0.82561
vn 0.63938 0.00166 0.76889
vn -0.92593 -0.00102 -0.37769
vn -0.83633 -0.00158 -0.54823
vn -0.64221 -0.00246 -0.76653
vn 0.77738 0.00137 0.62903
vn -0.83921 0.00121 0.54381
vn -0.92874 0.00084 0.37072
vn -0.77871 -0.00196 -0.62738
vn -0.98077 -0.0005 -0.19516
vn 0.98066 0.00045 0.19573
vn -0.99999 -1E-05 -0.00377
vn 0.99999 1E-05 0.00338
vn -0.98232 0.00044 0.18719
vn 0.8378 -0.00153 -0.54597
vn -0.78155 0.00137 0.62384
vn 0.77962 -0.00189 -0.62625
vn -0.56676 0.00178 0.82388
vn -0.64537 0.00166 0.76386
vn 0.56293 -0.00284 -0.8265
vn 0.64182 -0.00239 -0.76685
vn -0.39295 0.00196 0.91956
vn 0.38789 -0.00355 -0.9217
vn -0.20062 0.00208 0.97967
vn -0.00259 0.00212 0.99999
vn 0.98288 -0.01116 -0.1839
vn 0.98504 -0.03052 -0.16957
vn 0.99996 -0.00062 0.00893
vn 0.99999 -0.00031 0.00486
vn -0.98103 -0.00381 -0.19383
vn -0.92672 -0.00822 -0.37566
vn 0.98064 0.00283 0.19581
vn -1 -0.0002 -0.00311
vn 0.99999 -0.0001 0.00395
vn -0.9823 0.00282 0.18728
vn 0.98225 -0.00353 -0.18752
vn -0.92884 0.00538 0.37045
vn 0.83925 -0.01316 -0.54358
vn 0.9286 -0.00769 -0.37099
vn -0.78222 0.009 0.62294
vn -0.83948 0.00758 0.54334
vn 0.78154 -0.01688 -0.62363
vn -0.56725 0.01085 0.82347
vn -0.64596 0.00973 0.76331
vn 0.56673 -0.03241 -0.82327
vn 0.64352 -0.02468 -0.76503
vn -0.39338 0.0119 0.9193
vn 0.39272 -0.05049 -0.91827
vn -0.20087 0.01254 0.97954
vn 0.20182 -0.07459 -0.97658
vn 0.19556 0.0125 0.98061
vn -0.00261 0.01273 0.99992
vn -0.20531 -0.07568 -0.97577
vn -0.00096 -0.08909 -0.99602
vn 0.38766 0.01182 0.92172
vn -0.39633 -0.05195 -0.91664
vn 0.56119 0.01075 0.82761
vn -0.56818 -0.03385 -0.82221
vn 0.64006 0.00963 0.76827
vn -0.83798 -0.01395 -0.54553
vn -0.64535 -0.02582 -0.76345
vn 0.77793 0.00885 0.62829
vn -0.77993 -0.01798 -0.62561
vn 0.69475 -0.65175 -0.30422
vn 0.679 -0.69775 -0.22825
vn 0.75961 -0.63274 -0.15046
vn 0.76668 -0.58368 -0.26742
vn -0.92999 0.01766 0.36716
vn -0.93428 0.05475 0.35232
vn -0.98334 0.02736 0.17969
vn -0.98253 0.00904 0.18586
vn 0.84373 -0.0393 -0.53532
vn 0.85663 -0.09552 -0.50701
vn 0.93766 -0.06164 -0.34204
vn 0.93078 -0.0237 -0.36482
vn -0.78611 0.03135 0.61729
vn -0.80153 0.10333 0.58896
vn -0.85116 0.08107 0.51861
vn -0.84186 0.02544 0.5391
vn 0.78779 -0.04959 -0.61394
vn 0.80149 -0.1105 -0.58771
vn -0.57112 0.03765 0.82
vn -0.56148 0.14796 0.81415
vn -0.66591 0.10601 0.73846
vn -0.6498 0.03265 0.75941
vn 0.57623 -0.09027 -0.81229
vn 0.59702 -0.1815 -0.78142
vn 0.6707 -0.15818 -0.72467
vn 0.65092 -0.07038 -0.75588
vn -0.39264 0.05361 0.91813
vn -0.42005 0.14374 0.89604
vn 0.40311 -0.13615 -0.90497
vn 0.42231 -0.24644 -0.87231
vn -0.20901 0.05113 0.97658
vn -0.2382 0.14542 0.96027
vn 0.20958 -0.19592 -0.95796
vn 0.22191 -0.33018 -0.91746
vn 0.19744 0.04437 0.97931
vn 0.20588 0.15379 0.96642
vn -0.00278 0.15727 0.98755
vn -0.00266 0.04521 0.99897
vn -0.21171 -0.1957 -0.95754
vn -0.22406 -0.32759 -0.91787
vn -1E-05 -0.37989 -0.92503
vn 3E-05 -0.23045 -0.97308
vn 0.39097 0.04179 0.91945
vn 0.40543 0.1431 0.90286
vn -0.40617 -0.136 -0.90362
vn -0.42502 -0.24346 -0.87183
vn 0.56503 0.03771 0.8242
vn 0.58782 0.13888 0.79698
vn -0.5776 -0.09062 -0.81127
vn -0.59781 -0.17975 -0.78123
vn 0.64405 0.0328 0.76428
vn 0.65526 0.1173 0.74624
vn -0.92902 -0.02424 -0.36924
vn -0.93591 -0.06208 -0.34671
vn -0.85528 -0.09537 -0.50932
vn -0.8426 -0.03981 -0.53707
vn -0.65455 -0.07082 -0.75269
vn -0.67376 -0.15686 -0.72211
vn 0.83774 0.02559 0.54546
vn 0.84724 0.08176 0.52488
vn 0.79729 0.10381 0.5946
vn 0.78172 0.03139 0.62284
vn -0.79842 -0.11024 -0.59192
vn -0.78496 -0.05018 -0.61751
vn 0.92662 0.01794 0.37557
vn 0.93112 0.05569 0.36045
vn -0.98173 -0.01162 -0.18994
vn -0.98398 -0.03118 -0.17555
vn 0.98091 0.00937 0.19423
vn 0.98181 0.02827 0.18777
vn -1 -0.00066 -0.00198
vn -1 -0.00134 0.0023
vn -0.21339 -0.95819 -0.19064
vn -0.20473 -0.97652 -0.06698
vn -0.00243 -0.997 -0.07735
vn -0.0038 -0.97527 -0.22099
vn -0.43615 0.82825 0.35183
vn -0.40986 0.89926 0.15276
vn -0.5857 0.79916 0.13528
vn -0.5761 0.76825 0.27908
vn 0.44335 -0.79043 -0.42269
vn 0.42015 -0.86881 -0.262
vn 0.56846 -0.80266 -0.18054
vn 0.53762 -0.75388 -0.37766
vn -0.22654 0.89583 0.38232
vn -0.21082 0.96363 0.1642
vn 0.23052 -0.82537 -0.5154
vn 0.21863 -0.90873 -0.35553
vn 0.22081 0.89701 0.3829
vn 0.20553 0.96471 0.16461
vn -0.00265 0.98575 0.16821
vn -0.00285 0.91955 0.39295
vn -0.23791 -0.82224 -0.51703
vn -0.2273 -0.90537 -0.35867
vn -0.005 -0.90794 -0.41906
vn -0.00378 -0.81995 -0.57242
vn 0.43032 0.83076 0.35306
vn 0.40434 0.90162 0.15361
vn 0.94662 -0.29526 -0.12934
vn 0.93658 -0.34444 -0.06471
vn 0.9846 -0.172 -0.03133
vn 0.98762 -0.14358 -0.06315
vn -0.44882 -0.78649 -0.42426
vn -0.42619 -0.86468 -0.26587
vn 0.57297 0.77027 0.27999
vn 0.58153 0.8018 0.13764
vn -0.59689 -0.73392 -0.32418
vn -0.59759 -0.77733 -0.19657
vn 0.67548 0.71562 0.1778
vn 0.65976 0.74169 0.12091
vn -0.94546 -0.29789 -0.13179
vn -0.93554 -0.34655 -0.06835
vn -0.85457 -0.50866 -0.10476
vn -0.87331 -0.44447 -0.19945
vn -0.67848 -0.7036 -0.21123
vn -0.67012 -0.7226 -0.16967
vn 0.86174 0.46785 0.19627
vn 0.84708 0.52393 0.08923
vn 0.79537 0.59573 0.11178
vn 0.77954 0.54868 0.3021
vn -0.86634 0.46111 0.19194
vn -0.85021 0.51919 0.08712
vn -0.93375 0.35306 0.05875
vn -0.94139 0.31183 0.12867
vn -0.80062 -0.58651 -0.12253
vn -0.78705 -0.54791 -0.28347
vn 0.93898 0.31774 0.13176
vn 0.9313 0.35904 0.06138
vn -0.98689 -0.14734 -0.06582
vn -0.98387 -0.17548 -0.03473
vn 0.98374 0.16622 0.06799
vn 0.98204 0.18594 0.03191
vn -0.99998 0.00689 4E-05
vn -0.99999 0.00245 -0.0022
vn 0.99993 0.01134 0.00273
vn 0.99998 0.00676 0.00083
vn -0.9849 0.16051 0.06493
vn -0.9832 0.18021 0.02907
vn 0.87401 -0.444 -0.19739
vn 0.85498 -0.50877 -0.1008
vn -0.787 0.54798 0.28347
vn -0.79919 0.59125 0.10823
vn -0.66449 0.73817 0.11648
vn -0.67586 0.71587 0.17531
vn -0.78256 -0.62196 -0.0276
vn -0.83998 -0.54209 -0.02407
vn 0.39222 0.91752 0.0657
vn 0.38842 0.92117 0.02409
vn 0.19677 0.98013 0.02496
vn 0.1988 0.97756 0.06964
vn 0.93036 -0.36546 -0.02941
vn 0.92776 -0.37312 -0.00681
vn 0.98178 -0.19004 -0.00136
vn 0.9826 -0.18525 -0.01336
vn -0.4074 -0.90213 -0.14207
vn -0.39666 -0.9164 -0.05367
vn 0.56692 0.82163 0.0593
vn 0.56276 0.82632 0.02217
vn 0.19829 -0.97845 -0.0576
vn 0.2067 -0.96085 -0.18452
vn -0.57883 -0.80892 -0.10298
vn -0.56948 -0.82094 -0.04181
vn 0.64596 0.76155 0.05276
vn 0.64211 0.76635 0.01982
vn -0.93021 -0.36542 -0.03423
vn -0.92854 -0.37083 -0.01718
vn -0.844 -0.53375 -0.0527
vn -0.65317 -0.7522 -0.08696
vn -0.64641 -0.76209 -0.03692
vn 0.83933 0.54212 0.04033
vn 0.83685 0.5472 0.01629
vn 0.78001 0.62547 0.01903
vn 0.78364 0.61934 0.04813
vn -0.84154 0.53887 0.03768
vn -0.83828 0.54513 0.01112
vn -0.9275 0.37378 0.00612
vn -0.92938 0.36825 0.02532
vn -0.78803 -0.61246 -0.06242
vn 0.92778 0.37204 0.02851
vn 0.92668 0.37565 0.01235
vn -0.98234 -0.18626 -0.01788
vn -0.98197 -0.18873 -0.01096
vn 0.98143 0.19121 0.01557
vn 0.98123 0.19266 0.00806
vn -1 0.00085 -0.00243
vn -0.99999 0.00153 -0.00479
vn 0.99999 0.00279 0.00156
vn 0.99999 0.00129 0.00355
vn -0.9821 0.18796 0.01202
vn -0.98147 0.19163 0.00089
vn 0.84346 -0.5351 -0.04744
vn 0.83843 -0.54485 -0.01278
vn -0.7858 0.61679 0.04563
vn -0.78148 0.62376 0.01434
vn 0.7852 -0.61661 -0.05694
vn 0.77986 -0.62576 -0.0155
vn -0.57135 0.81868 0.05771
vn -0.56658 0.82378 0.01922
vn -0.64513 0.76389 0.01662
vn -0.6503 0.75796 0.05112
vn 0.57554 -0.81205 -0.09656
vn 0.56518 -0.82446 -0.02883
vn 0.64297 -0.76554 -0.02322
vn 0.65302 -0.75309 -0.08011
vn -0.39726 0.91543 0.06465
vn -0.39333 0.91913 0.02214
vn 0.40175 -0.9056 -0.13594
vn 0.39096 -0.91945 -0.04196
vn -0.20369 0.97659 0.06919
vn -0.20191 0.9791 0.0244
vn -0.00212 0.99967 0.02545
vn -0.00242 0.99748 0.07095
vn -0.68951 0.38017 0.61648
vn -0.71718 0.48374 0.50164
vn -0.77089 0.44803 0.45277
vn -0.77929 0.29281 0.55405
vn 0.78839 -0.28063 -0.54743
vn 0.78395 -0.43876 -0.43921
vn 0.88587 -0.32857 -0.32752
vn 0.87537 -0.19765 -0.4412
vn -0.87701 0.34139 0.3381
vn -0.86799 0.1941 0.45708
vn 0.95258 -0.21585 -0.21449
vn 0.94737 -0.12999 -0.29255
vn -0.94227 0.13016 0.30851
vn -0.94652 0.22937 0.22693
vn -0.98616 0.11801 0.11646
vn -0.98518 0.06592 0.15832
vn 0.98785 -0.06382 -0.14173
vn 0.98928 -0.10379 -0.10273
vn 0.99991 0.00926 0.00963
vn 0.99993 0.00234 0.0119
vn -0.99997 0.00607 0.00531
vn -0.99998 0.00071 0.00605
vn 0.98503 0.12217 0.12166
vn 0.98387 0.06808 0.16543
vn -0.98856 -0.10656 -0.10675
vn -0.98697 -0.06528 -0.14709
vn 0.94415 0.23373 0.23225
vn 0.93956 0.13247 0.31572
vn -0.95132 -0.21794 -0.21794
vn -0.94584 -0.13107 -0.297
vn 0.86669 0.35182 0.35366
vn 0.86331 0.2001 0.4633
vn -0.87405 -0.19761 -0.44383
vn -0.88486 -0.32901 -0.3298
vn -0.78379 -0.4376 -0.44066
vn -0.78721 -0.27995 -0.54948
vn 0.77369 0.44995 0.44603
vn 0.77844 0.29546 0.55384
vn -0.71423 -0.49111 -0.49868
vn -0.70683 -0.38781 -0.5916
vn 0.72489 0.48687 0.48733
vn 0.65494 0.36865 0.65967
vn -0.59734 -0.31354 -0.73816
vn -0.54773 -0.45869 -0.69972
vn -0.45716 -0.49208 -0.74085
vn -0.44761 -0.40284 -0.79835
vn -0.00086 -0.51787 -0.85546
vn -0.00138 -0.56815 -0.82292
vn 0.23697 -0.54849 -0.80187
vn 0.23217 -0.48049 -0.84571
vn 0.59713 0.28656 0.74921
vn 0.53778 0.41517 0.73378
vn 0.45012 0.47128 0.75848
vn 0.45597 0.3586 0.81455
vn -0.24115 -0.5453 -0.8028
vn -0.23548 -0.47597 -0.84735
vn 0.22654 0.5266 0.81937
vn 0.22195 0.38832 0.8944
vn -0.00298 0.39867 0.91709
vn -0.00301 0.54066 0.84124
vn -0.23253 0.5259 0.81815
vn -0.22791 0.3878 0.89312
vn 0.45338 -0.49538 -0.74098
vn 0.44443 -0.40747 -0.79778
vn -0.44641 0.48395 0.75267
vn -0.45882 0.33612 0.8225
vn 0.54487 -0.46141 -0.70015
vn 0.59633 -0.31699 -0.7375
vn -0.56457 0.43466 0.70167
vn -0.58457 0.27064 0.76487
vn 0.707 -0.38854 -0.59093
vn 0.71336 -0.49363 -0.49744
vn -0.7078 0.5974 0.37699
vn -0.70735 -0.58642 -0.39469
vn 0.71931 0.57852 0.38459
vn -0.54666 -0.69299 -0.47003
vn -0.45763 -0.7255 -0.51403
vn -0.00341 -0.78179 -0.62353
vn 0.23547 -0.77615 -0.58494
vn 0.54143 0.71085 0.44894
vn 0.43836 0.76002 0.4798
vn -0.24236 -0.7724 -0.58708
vn 0.22543 0.82391 0.51996
vn -0.00297 0.84569 0.53367
vn -0.23134 0.82276 0.51918
vn 0.45253 -0.72981 -0.51244
vn -0.44432 0.7576 0.47815
vn 0.54527 -0.69543 -0.46804
vn -0.54747 0.70762 0.44671
vn 0.68016 -0.20754 -0.70307
vn 0.63205 0.18735 0.75194
vn -0.68219 -0.20411 -0.70211
vn -0.66117 0.20068 0.7229
vn 0.65859 -0.74506 -0.10561
vn 0.19535 0 0.98073
vn -0.00259 0 1
vn -0.00259 0 1
vn 0.19536 0 0.98073
vn 0 1 -0
vn 0 1 -0
vn 0 1 0
vn 0 1 0
vn 0 1 0
vn 0 1 0
vn 0 1 -1E-05
vn 0 1 -0
vn 1E-05 1 -0
vn 1E-05 1 -0
vn 0 1 0
vn -2E-05 1 0
vn -2E-05 1 1E-05
vn -1E-05 1 1E-05
vn -1E-05 1 0
vn 0 1 -0
vn 2E-05 1 -1E-05
vn 2E-05 1 -1E-05
vn 0 1 0
vn 0 1 -0
vn 5E-05 1 -9E-05
vn 4E-05 1 -9E-05
vn -8E-05 1 5E-05
vn -7E-05 1 7E-05
vn 0 1 -0
vn -4E-05 1 -9E-05
vn -6E-05 1 -9E-05
vn -0 1 0
vn -0 1 0
vn 0 1 -1E-05
vn 0 1 -1E-05
vn -4E-05 1 0.0001
vn -2E-05 1 0.0001
vn -0 1 1E-05
vn -0 1 1E-05
vn 2E-05 1 -0.0001
vn 0 1 -0.0001
vn 0 1 0
vn 0 1 -0.0001
vn -2E-05 1 -0.0001
vn 2E-05 1 0.0001
vn 4E-05 1 0.0001
vn 4E-05 1 0.0001
vn 6E-05 1 8E-05
vn 0 1 -0
vn 0 1 0
vn 0 1 -0
vn 0 1 -0
vn 0 1 -0
vn 0 1 -0
vn 0 -1 0
vn -0.20064 0 0.97967
vn -0.20064 0 0.97966
vn -0.2019 0 -0.97941
vn -0.00167 0 -1
vn -0.00166 0 -1
vn -0.2019 0 -0.97941
vn 0.3873 0 0.92195
vn 0.3873 0 0.92195
vn 0.92786 0 -0.37293
vn 0.98201 0 -0.18882
vn 0.98201 0 -0.18882
vn 0.92786 0 -0.37292
vn -0.39162 0 -0.92013
vn -0.39161 0 -0.92013
vn 0.5608 0 0.82795
vn 0.5608 0 0.82795
vn 0.19752 0 -0.9803
vn 0.19752 0 -0.9803
vn -0.56408 0 -0.82572
vn -0.56408 0 -0.82572
vn 0.63938 0 0.76889
vn 0.63938 0 0.76889
vn -0.92587 0 -0.37784
vn -0.83624 0 -0.54837
vn -0.83623 0 -0.54838
vn -0.92587 0 -0.37784
vn -0.64212 0 -0.76661
vn -0.64212 0 -0.7666
vn 0.8351 0 0.5501
vn 0.77738 0 0.62904
vn 0.77738 0 0.62904
vn 0.8351 0 0.5501
vn -0.83926 0 0.54373
vn -0.92879 0 0.37061
vn -0.92879 0 0.37061
vn -0.83926 0 0.54373
vn -0.77872 0 -0.62737
vn -0.77872 0 -0.62737
vn 0.92535 0 0.37912
vn 0.92535 0 0.37912
vn -0.98074 0 -0.19532
vn -0.98074 0 -0.19532
vn 0.98068 0 0.1956
vn 0.98068 0 0.1956
vn -0.99999 0 -0.00391
vn -0.99999 0 -0.00392
vn 0.99999 0 0.00323
vn 0.99999 0 0.00323
vn -0.98235 0 0.18705
vn -0.98235 0 0.18706
vn 0.8377 0 -0.54612
vn 0.83771 0 -0.54612
vn -0.78153 0 0.62387
vn -0.78153 0 0.62387
vn 0.77957 0 -0.62631
vn -0.56683 0 0.82383
vn -0.6454 0 0.76384
vn -0.6454 0 0.76384
vn -0.56683 0 0.82383
vn 0.56278 0 -0.82661
vn 0.64183 0 -0.76685
vn 0.64183 0 -0.76685
vn 0.56278 0 -0.82661
vn -0.39298 0 0.91954
vn -0.39299 0 0.91954
vn 0.38774 0 -0.92177
vn 0.38775 0 -0.92177
vn 0.98068 0 0.1956
vn 0.92535 0 0.37912
vn 0.92535 0 0.37912
vn 0.98068 0 0.1956
vn -4E-05 -1 6E-05
vn -3E-05 -1 7E-05
vn 6E-05 -1 -4E-05
vn 5E-05 -1 -6E-05
vn 0 -1 0
vn 8E-05 -1 8E-05
vn 6E-05 -1 9E-05
vn 0 -1 -0
vn -1E-05 -1 1E-05
vn -1E-05 -1 2E-05
vn 4E-05 -1 -9E-05
vn 2E-05 -1 -0.0001
vn 1E-05 -1 -2E-05
vn 0 -1 -2E-05
vn -2E-05 -1 0.0001
vn -0 -1 0.0001
vn 0 -1 0
vn -0 -1 0.00011
vn -2E-05 -1 0.00011
vn -2E-05 -1 -0.00011
vn 0 -1 -0.00011
vn -3E-05 -1 -7E-05
vn -4E-05 -1 -7E-05
vn 0 -1 0
vn 0 -1 -0
vn 0 -1 0
vn 0 -1 -0
vn 0 -1 -0
vn 0 -1 -0
vn 0 -1 0
vn 0 -1 -0
vn 0 -1 -0
vn -0 -1 -0
vn -0 -1 0
vn 0 -1 0
vn 0 -1 -0
vn -1E-05 -1 0
vn -1E-05 -1 0
vn -5E-05 -1 -2E-05
vn -1E-05 -1 -2E-05
vn 6E-05 -1 -1E-05
vn 6E-05 -1 -2E-05
vn 1E-05 -1 -0
vn 1E-05 -1 -1E-05
vn 0 -1 0
vn 0 -1 0
vn -6E-05 -1 2E-05
vn -5E-05 -1 3E-05
vn -0.99999 0 -0.00392
vn -0.98074 0 -0.19532
vn -0.98074 0 -0.19532
vn -0.99999 0 -0.00392
vn 0.99999 0 0.00324
vn 0.99999 0 0.00323
vn -0.98235 0 0.18705
vn -0.98235 0 0.18706
vn 0.98201 0 -0.18882
vn 0.98201 0 -0.18883
vn -0.92879 0 0.37061
vn -0.92879 0 0.37061
vn 0.83771 0 -0.54612
vn 0.92786 0 -0.37293
vn 0.92786 0 -0.37292
vn 0.83771 0 -0.54612
vn -0.78155 0 0.62384
vn -0.83927 0 0.54372
vn -0.83927 0 0.54372
vn -0.78155 0 0.62384
vn 0.77958 0 -0.62631
vn 0.77958 0 -0.62631
vn -0.56682 0 0.82384
vn -0.64539 0 0.76386
vn -0.64539 0 0.76386
vn -0.56682 0 0.82384
vn 0.56278 0 -0.8266
vn 0.64182 0 -0.76685
vn 0.64182 0 -0.76685
vn 0.56278 0 -0.8266
vn -0.39298 0 0.91955
vn -0.39298 0 0.91955
vn 0.38775 0 -0.92176
vn 0.38775 0 -0.92176
vn -0.20064 0 0.97966
vn -0.20064 0 0.97966
vn 0.19751 0 -0.9803
vn 0.19751 0 -0.9803
vn 0.19536 0 0.98073
vn -0.0026 0 1
vn -0.0026 0 1
vn 0.19537 0 0.98073
vn -0.2019 0 -0.97941
vn -0.00166 0 -1
vn -0.00166 0 -1
vn -0.2019 0 -0.97941
vn 0.3873 0 0.92195
vn 0.3873 0 0.92195
vn -0.39161 0 -0.92013
vn -0.39162 0 -0.92013
vn 0.56078 0 0.82796
vn 0.56078 0 0.82796
vn -0.56408 0 -0.82572
vn -0.56408 0 -0.82572
vn 0.63937 0 0.7689
vn 0.63937 0 0.7689
vn -0.92586 0 -0.37786
vn -0.83624 0 -0.54837
vn -0.83624 0 -0.54837
vn -0.92586 0 -0.37786
vn -0.64211 0 -0.76661
vn -0.64211 0 -0.76661
vn 0.83511 0 0.55009
vn 0.77739 0 0.62901
vn 0.77739 0 0.62901
vn 0.83511 0 0.55009
vn -0.77874 0 -0.62735
vn -0.77874 0 -0.62735
vn 0 -5E-05 1
vn -3E-05 0.00011 1
vn 2E-05 -2E-05 1
vn 0 -1E-05 1
vn 7E-05 -6E-05 1
vn 0.00024 -6E-05 1
vn 0.00056 -6E-05 1
vn -1E-05 2E-05 1
vn -1E-05 -1E-05 1
vn 0.00034 0.00027 1
vn 0.0001 0.00011 1
vn 0 0 1
vn -0 0.00011 1
vn 2E-05 -0.00011 1
vn 0.0003 -0.00024 1
vn 0.00035 -0.00027 1
vn 0.00054 -5E-05 1
vn -0.00054 -5E-05 1
vn 0.00012 0.00015 1
vn -0.00043 -0.00034 1
vn 0 0 1
vn -0 0 1
vn 0 0 1
vn 2E-05 -3E-05 1
vn 2E-05 6E-05 1
vn -1E-05 2E-05 1
vn -1E-05 8E-05 -1
vn 0 0 -1
vn 0.0004 0.00033 -1
vn -0.00012 -0.00014 -1
vn 0.00047 4E-05 -1
vn -0.00049 5E-05 -1
vn -0.00034 0.00028 -1
vn -0.0003 0.00024 -1
vn -2E-05 0.00011 -1
vn -0 0 -1
vn 0 -0.00011 -1
vn -9E-05 -0.00011 -1
vn -0.00032 -0.00025 -1
vn 1E-05 -2E-05 -1
vn -0.00054 5E-05 -1
vn -0.00024 5E-05 -1
vn -7E-05 6E-05 -1
vn -2E-05 2E-05 -1
vn 2E-05 -8E-05 -1
vn -0 1E-05 -1
vn 4E-05 8E-05 -1
vn 1E-05 -0 -1
vn -2E-05 -5E-05 -1
vn -2E-05 3E-05 -1
vn 1E-05 -2E-05 -1
vn -1E-05 -1E-05 -1
vn -0.20076 -0.97964 0
vn -0.3931 -0.9195 0
vn -0.3931 -0.9195 0
vn -0.20076 -0.97964 0
vn 0.19759 0.98028 0
vn 0.38786 0.92172 0
vn 0.38786 0.92172 0
vn 0.19759 0.98028 0
vn 0.09476 -0.9955 0
vn -0.0026 -1 0
vn -0.0026 -1 0
vn -0.20198 0.97939 0
vn -0.10308 0.99467 0
vn -0.10308 0.99467 0
vn -0.20198 0.97939 0
vn 0.38732 -0.92194 0
vn 0.2942 -0.95574 0
vn 0.2942 -0.95575 0
vn 0.38732 -0.92194 0
vn 0.92791 0.37282 0
vn 0.9595 0.28172 0
vn 0.92791 0.37281 0
vn -0.3918 0.92005 0
vn -0.3918 0.92005 0
vn 0.56099 -0.82782 0
vn 0.56099 -0.82782 0
vn 0.09977 0.99501 0
vn 0.09978 0.99501 0
vn -0.56426 0.8256 0
vn -0.56426 0.8256 0
vn 0.71198 -0.7022 0
vn 0.71198 -0.7022 0
vn -0.92593 0.37771 0
vn -0.8363 0.54827 0
vn -0.8363 0.54827 0
vn -0.92593 0.3777 0
vn -0.71402 0.70012 0
vn -0.71403 0.70012 0
vn 0.83524 -0.54989 0
vn 0.83524 -0.54988 0
vn -0.83944 -0.54345 0
vn -0.92885 -0.37046 0
vn -0.92885 -0.37046 0
vn -0.83944 -0.54345 0
vn 0.92539 -0.37902 0
vn 0.92539 -0.37902 0
vn -0.98076 0.1952 0
vn -0.98076 0.19519 0
vn 0.9807 -0.19549 0
vn 0.98071 -0.19549 0
vn -0.99999 0.00391 0
vn -0.99999 0.00391 0
vn 0.99999 -0.00324 0
vn 0.99999 -0.00324 0
vn -0.99568 -0.09287 0
vn -0.99568 -0.09287 0
vn 0.99556 0.09408 0
vn 0.99556 0.09408 0
vn -0.96018 -0.27938 0
vn 0.83779 0.546 0
vn 0.83779 0.54599 0
vn -0.71704 -0.69704 0
vn -0.71703 -0.69704 0
vn 0.71435 0.69979 0
vn 0.71435 0.69979 0
vn -0.56703 -0.8237 0
vn -0.56703 -0.8237 0
vn 0.56294 0.82649 0
vn 0.56294 0.8265 0
vn 1E-05 -2E-05 -1
vn -0.00044 -0.00032 -1
vn 0.00012 0.00014 -1
vn -0.00061 -5E-05 -1
vn 0.00057 -5E-05 -1
vn 0.00036 -0.00028 -1
vn 0.0003 -0.00025 -1
vn 2E-05 -0.00011 -1
vn -0 0 -1
vn 0 0.00011 -1
vn 9E-05 0.00011 -1
vn 0.00031 0.00026 -1
vn -2E-05 2E-05 -1
vn 0.0006 -5E-05 -1
vn 0.00022 -5E-05 -1
vn 0 -4E-05 -1
vn 3E-05 -2E-05 -1
vn -3E-05 0.0001 -1
vn 0 -1E-05 -1
vn -4E-05 -8E-05 -1
vn -1E-05 0 -1
vn 3E-05 5E-05 -1
vn 2E-05 -3E-05 -1
vn -1E-05 2E-05 -1
vn 0 -1 -0
vn -0.97941 -0 -0.2019
vn -1 -6E-05 -0.00166
vn -1 -6E-05 -0.00166
vn -0.97941 0 -0.2019
vn 1 0 -0.00259
vn 0.97966 0 -0.20064
vn 0.97966 0 -0.20064
vn 1 0 -0.00259
vn 0.98073 0 0.19537
vn 0.98073 0 0.19537
vn -0.9803 0 0.19751
vn -0.92176 0 0.38775
vn -0.92177 0 0.38775
vn -0.9803 -0 0.19751
vn 0.91954 0 -0.39299
vn 0.91954 0 -0.39299
vn -0.8266 0 0.56279
vn -0.8266 0 0.56279
vn 0.82384 0 -0.56682
vn 0.82384 0 -0.56682
vn -0.76685 0 0.64183
vn 0.76386 0 -0.64538
vn 0.76386 0 -0.64538
vn -0.62631 0 0.77957
vn -0.54612 0 0.83771
vn -0.54612 0 0.8377
vn -0.62631 0 0.77957
vn 0.62385 0 -0.78154
vn 0.54372 0 -0.83927
vn 0.54372 0 -0.83927
vn -0.37292 2E-05 0.92786
vn -0.37292 2E-05 0.92786
vn 0.37061 0 -0.92879
vn 0.18705 0 -0.98235
vn 0.18705 0 -0.98235
vn 0.37061 0 -0.92879
vn -0.18882 0 0.98201
vn 0.00323 0 0.99999
vn 0.00323 0 0.99999
vn -0.18882 0 0.98201
vn -0.00392 0 -0.99999
vn -0.00392 0 -0.99999
vn 0.1956 0 0.98068
vn 0.1956 0 0.98068
vn -0.19532 0 -0.98074
vn -0.19532 0 -0.98074
vn 0.37911 0 0.92535
vn 0.37911 0 0.92535
vn -0.37784 0 -0.92587
vn -0.37784 0 -0.92587
vn 0.55009 4E-05 0.8351
vn 0.55009 4E-05 0.83511
vn -0.54837 0 -0.83624
vn -0.62736 0 -0.77873
vn -0.62736 0 -0.77873
vn -0.54836 0 -0.83624
vn 0.62902 0 0.77739
vn 0.62902 0 0.77739
vn -0.76661 0 -0.64212
vn -0.82572 0 -0.56408
vn -0.82572 0 -0.56408
vn -0.76661 0 -0.64212
vn 0.7689 0 0.63937
vn 0.82796 0 0.56078
vn 0.82796 0 0.56079
vn 0.7689 0 0.63937
vn -0.92013 0 -0.39161
vn -0.92013 0 -0.39162
vn 0.92195 0 0.3873
vn 0.92195 0 0.38731
vn 6E-05 -1 0
vn -9E-05 -1 -3E-05
vn 3E-05 -1 2E-05
vn 1E-05 -1 0
vn 6E-05 -1 7E-05
vn 5E-05 -1 0.00024
vn 6E-05 -1 0.00055
vn -1E-05 -1 -4E-05
vn 3E-05 -1 2E-05
vn -0.00025 -1 0.00031
vn -0.0001 -1 9E-05
vn 0 -1 -0
vn 0 -1 -0
vn -0.0001 -1 -0
vn 0.00011 -1 2E-05
vn 0.00024 -1 0.0003
vn 0 -1 -0
vn 0.00026 -1 0.00033
vn 5E-05 -1 0.00053
vn 5E-05 -1 -0.00053
vn -0.00025 -1 0.00049
vn 0.00033 -1 -0.00042
vn 0 -1 -0
vn -0 -1 0
vn -1E-05 -1 -3E-05
vn 0 -1 0
vt 0.69069 0.7607
vt 0.69066 0.77438
vt 0.68799 0.77438
vt 0.68803 0.7607
vt 0.73352 0.42389
vt 0.74661 0.42398
vt 0.74661 0.43976
vt 0.73352 0.43966
vt 0.65624 0.72258
vt 0.64351 0.7224
vt 0.64351 0.70665
vt 0.65624 0.70682
vt 0.70656 0.74765
vt 0.70647 0.7607
vt 0.69079 0.74764
vt 0.72158 0.42373
vt 0.72158 0.4395
vt 0.70643 0.77438
vt 0.70646 0.78808
vt 0.69069 0.78808
vt 0.70672 0.73574
vt 0.69095 0.73573
vt 0.71124 0.42352
vt 0.71124 0.43929
vt 0.46719 0.61267
vt 0.47888 0.61254
vt 0.47889 0.62831
vt 0.46719 0.62844
vt 0.70693 0.72542
vt 0.69116 0.72541
vt 0.5928 0.72287
vt 0.58237 0.72327
vt 0.58238 0.70751
vt 0.59281 0.70712
vt 0.40387 0.61256
vt 0.41575 0.61268
vt 0.41575 0.62846
vt 0.40388 0.62833
vt 0.48929 0.61235
vt 0.4893 0.62813
vt 0.60455 0.72258
vt 0.60455 0.70683
vt 0.45462 0.61275
vt 0.45462 0.62853
vt 0.61719 0.7224
vt 0.61719 0.70665
vt 0.44149 0.61279
vt 0.44149 0.62856
vt 0.63037 0.72234
vt 0.63037 0.70659
vt 0.42842 0.61276
vt 0.42842 0.62853
vt 0.6681 0.72287
vt 0.6681 0.70711
vt 0.39339 0.61238
vt 0.39339 0.62815
vt 0.67864 0.72327
vt 0.67864 0.70751
vt 0.79912 0.42373
vt 0.80949 0.42352
vt 0.80949 0.43929
vt 0.79912 0.4395
vt 0.70672 0.81322
vt 0.70693 0.82361
vt 0.69116 0.82361
vt 0.69095 0.81322
vt 0.78713 0.42389
vt 0.78713 0.43966
vt 0.70656 0.80122
vt 0.69079 0.80122
vt 0.77401 0.42399
vt 0.77401 0.43976
vt 0.7603 0.42402
vt 0.7603 0.43979
vt 0.72463 0.13152
vt 0.73436 0.13154
vt 0.73435 0.13462
vt 0.72462 0.1346
vt 0.77733 0.4182
vt 0.77754 0.41837
vt 0.7777 0.41888
vt 0.92889 0.64131
vt 0.93332 0.64131
vt 0.93332 0.65444
vt 0.92889 0.65444
vt 0.78589 0.13164
vt 0.7859 0.12721
vt 0.79928 0.12724
vt 0.79927 0.13167
vt 0.92889 0.61391
vt 0.93332 0.61391
vt 0.93332 0.62761
vt 0.92889 0.62761
vt 0.75857 0.13159
vt 0.75858 0.12716
vt 0.77214 0.12719
vt 0.77213 0.13162
vt 0.9289 0.60082
vt 0.93332 0.60082
vt 0.7117 0.60022
vt 0.71612 0.60022
vt 0.71612 0.61276
vt 0.71169 0.61276
vt 0.74581 0.13156
vt 0.74582 0.12714
vt 0.92889 0.58888
vt 0.93332 0.58888
vt 0.73436 0.12711
vt 0.92889 0.57852
vt 0.93332 0.57852
vt 0.52234 0.73544
vt 0.52677 0.73544
vt 0.52677 0.74701
vt 0.52234 0.74701
vt 0.72464 0.12709
vt 0.71169 0.66391
vt 0.71612 0.66391
vt 0.71612 0.67473
vt 0.71169 0.67473
vt 0.52232 0.67199
vt 0.52675 0.67199
vt 0.52676 0.684
vt 0.52233 0.684
vt 0.52677 0.75724
vt 0.52234 0.75724
vt 0.71169 0.65188
vt 0.71612 0.65188
vt 0.52234 0.72295
vt 0.52677 0.72295
vt 0.71169 0.63907
vt 0.71612 0.63907
vt 0.52233 0.70985
vt 0.52676 0.70985
vt 0.71169 0.62583
vt 0.71612 0.62583
vt 0.52233 0.69675
vt 0.52676 0.69675
vt 0.7117 0.58865
vt 0.71613 0.58865
vt 0.52232 0.66132
vt 0.52675 0.66132
vt 0.7117 0.57852
vt 0.71613 0.57852
vt 0.92889 0.66641
vt 0.93332 0.66641
vt 0.93332 0.67678
vt 0.9289 0.67678
vt 0.81168 0.13169
vt 0.81169 0.12726
vt 0.82264 0.12728
vt 0.82263 0.13171
vt 0.70862 0.67473
vt 0.70862 0.66391
vt 0.51925 0.684
vt 0.51925 0.67199
vt 0.51926 0.75724
vt 0.51926 0.74701
vt 0.70862 0.65188
vt 0.51926 0.73544
vt 0.51926 0.72295
vt 0.70862 0.63907
vt 0.51926 0.70985
vt 0.70862 0.62583
vt 0.51926 0.69675
vt 0.70862 0.61276
vt 0.70862 0.60022
vt 0.70862 0.58865
vt 0.51924 0.66132
vt 0.70862 0.57852
vt 0.92582 0.67678
vt 0.92582 0.66641
vt 0.82263 0.13479
vt 0.81167 0.13477
vt 0.92582 0.65444
vt 0.79926 0.13474
vt 0.92582 0.64131
vt 0.78588 0.13472
vt 0.92582 0.62761
vt 0.92582 0.61391
vt 0.77212 0.13469
vt 0.75856 0.13466
vt 0.92582 0.60082
vt 0.7458 0.13464
vt 0.92582 0.58888
vt 0.92582 0.57852
vt 0.60455 0.70416
vt 0.59281 0.70445
vt 0.59291 0.68146
vt 0.60465 0.68329
vt 0.74661 0.44242
vt 0.73352 0.44232
vt 0.64351 0.70398
vt 0.65624 0.70416
vt 0.68812 0.74764
vt 0.72158 0.44217
vt 0.68803 0.78808
vt 0.68828 0.73573
vt 0.71124 0.44196
vt 0.47889 0.63098
vt 0.46719 0.63111
vt 0.68849 0.72541
vt 0.58238 0.70484
vt 0.41576 0.63113
vt 0.40388 0.631
vt 0.4893 0.63079
vt 0.45462 0.63119
vt 0.61719 0.70398
vt 0.44149 0.63123
vt 0.63037 0.70392
vt 0.42842 0.6312
vt 0.6681 0.70445
vt 0.39339 0.63082
vt 0.67864 0.70484
vt 0.80949 0.44196
vt 0.79912 0.44217
vt 0.68849 0.82361
vt 0.68828 0.81322
vt 0.78713 0.44233
vt 0.68812 0.80122
vt 0.77401 0.44243
vt 0.7603 0.44246
vt 0.64398 0.67778
vt 0.63088 0.67277
vt 0.63205 0.65811
vt 0.64501 0.66565
vt 0.46726 0.6426
vt 0.45469 0.64495
vt 0.61728 0.68539
vt 0.44157 0.64736
vt 0.63045 0.68771
vt 0.42851 0.6497
vt 0.64358 0.69015
vt 0.41585 0.65191
vt 0.6563 0.69262
vt 0.66816 0.69505
vt 0.40398 0.65393
vt 0.3935 0.65565
vt 0.67869 0.69735
vt 0.80949 0.46679
vt 0.79911 0.46858
vt 0.68099 0.82361
vt 0.68236 0.81322
vt 0.78713 0.46993
vt 0.68338 0.80122
vt 0.774 0.47077
vt 0.68402 0.78808
vt 0.7603 0.47105
vt 0.7466 0.47078
vt 0.68423 0.77438
vt 0.68401 0.7607
vt 0.73352 0.46995
vt 0.68337 0.74764
vt 0.72158 0.46862
vt 0.68235 0.73573
vt 0.71124 0.46685
vt 0.47894 0.64035
vt 0.681 0.72541
vt 0.58249 0.67997
vt 0.48935 0.63829
vt 0.6927 0.68564
vt 0.68627 0.67699
vt 0.69029 0.67581
vt 0.69531 0.68478
vt 0.41634 0.67181
vt 0.42897 0.66712
vt 0.43028 0.68422
vt 0.41779 0.69135
vt 0.66849 0.68749
vt 0.65666 0.68274
vt 0.65755 0.67306
vt 0.66925 0.6801
vt 0.39405 0.67992
vt 0.40451 0.67615
vt 0.40608 0.69798
vt 0.39574 0.70377
vt 0.67899 0.69186
vt 0.67964 0.68649
vt 0.79911 0.49455
vt 0.80949 0.49105
vt 0.80949 0.51486
vt 0.79912 0.52004
vt 0.67856 0.81322
vt 0.67548 0.82361
vt 0.67009 0.82361
vt 0.67485 0.81322
vt 0.78713 0.49719
vt 0.78701 0.52359
vt 0.68086 0.80122
vt 0.67842 0.80122
vt 0.774 0.49884
vt 0.77401 0.52638
vt 0.68229 0.78808
vt 0.68062 0.78808
vt 0.7466 0.49886
vt 0.7603 0.49938
vt 0.7603 0.5272
vt 0.74661 0.52642
vt 0.68227 0.7607
vt 0.68277 0.77438
vt 0.68137 0.77438
vt 0.6806 0.76071
vt 0.73352 0.49724
vt 0.73352 0.52403
vt 0.68083 0.74764
vt 0.67837 0.74765
vt 0.72158 0.49465
vt 0.72158 0.52018
vt 0.67853 0.73574
vt 0.67481 0.73574
vt 0.71123 0.49119
vt 0.71124 0.51507
vt 0.46762 0.65243
vt 0.47927 0.64789
vt 0.48004 0.65526
vt 0.46851 0.66205
vt 0.67549 0.72541
vt 0.67011 0.72542
vt 0.59343 0.65917
vt 0.58303 0.65564
vt 0.58472 0.63174
vt 0.59501 0.63727
vt 0.48965 0.64378
vt 0.4903 0.64915
vt 0.60514 0.6633
vt 0.60659 0.64367
vt 0.45509 0.65724
vt 0.45611 0.66929
vt 0.61774 0.66787
vt 0.61905 0.65068
vt 0.442 0.66222
vt 0.44317 0.6768
vt 0.92028 0.64142
vt 0.92082 0.62774
vt 0.92229 0.62771
vt 0.92204 0.6414
vt 0.74595 0.23899
vt 0.73441 0.23411
vt 0.73414 0.21309
vt 0.74566 0.2169
vt 0.91473 0.60093
vt 0.9099 0.58893
vt 0.91251 0.58893
vt 0.91628 0.60093
vt 0.75878 0.24205
vt 0.75848 0.21929
vt 0.91771 0.61407
vt 0.91859 0.61406
vt 0.78612 0.24216
vt 0.77237 0.24309
vt 0.77206 0.22011
vt 0.78582 0.21939
vt 0.91767 0.64145
vt 0.91872 0.62777
vt 0.91938 0.62776
vt 0.91857 0.64144
vt 0.79944 0.23921
vt 0.79915 0.2171
vt 0.66975 0.65534
vt 0.66037 0.64326
vt 0.6701 0.64076
vt 0.67741 0.65332
vt 0.91466 0.65451
vt 0.91622 0.65451
vt 0.81177 0.23445
vt 0.8115 0.21339
vt 0.90986 0.66641
vt 0.91248 0.66642
vt 0.82264 0.22815
vt 0.82239 0.20846
vt 0.48063 0.67975
vt 0.48925 0.66864
vt 0.49496 0.67022
vt 0.48824 0.68178
vt 0.9035 0.67673
vt 0.90752 0.67673
vt 0.62298 0.5962
vt 0.61526 0.58701
vt 0.63496 0.58201
vt 0.64095 0.59179
vt 0.43395 0.73898
vt 0.44271 0.72799
vt 0.45867 0.73196
vt 0.45185 0.74339
vt 0.49692 0.65868
vt 0.50094 0.65987
vt 0.63164 0.60693
vt 0.6477 0.60296
vt 0.47136 0.69163
vt 0.48101 0.69414
vt 0.64096 0.6186
vt 0.65497 0.61511
vt 0.46168 0.70397
vt 0.47347 0.70696
vt 0.65068 0.63088
vt 0.66255 0.62789
vt 0.45205 0.7162
vt 0.46596 0.71969
vt 0.6785 0.66673
vt 0.68424 0.66516
vt 0.42622 0.74862
vt 0.44582 0.75343
vt 0.72462 0.22764
vt 0.72437 0.20804
vt 0.512 0.66111
vt 0.51013 0.67173
vt 0.79907 0.1898
vt 0.78573 0.1913
vt 0.78573 0.16274
vt 0.79908 0.16204
vt 0.68728 0.65222
vt 0.68246 0.63946
vt 0.69504 0.6389
vt 0.69733 0.65175
vt 0.91873 0.65449
vt 0.9213 0.65448
vt 0.81144 0.18736
vt 0.81146 0.1609
vt 0.9203 0.61404
vt 0.92204 0.61401
vt 0.91626 0.66642
vt 0.92013 0.66642
vt 0.82235 0.18412
vt 0.82238 0.15936
vt 0.49804 0.68303
vt 0.50247 0.67125
vt 0.50803 0.68364
vt 0.91299 0.67674
vt 0.91858 0.67675
vt 0.66325 0.58963
vt 0.6593 0.57966
vt 0.68405 0.57856
vt 0.68592 0.58862
vt 0.47406 0.74564
vt 0.47856 0.73404
vt 0.49878 0.73506
vt 0.49664 0.74672
vt 0.50642 0.66072
vt 0.6677 0.60101
vt 0.68803 0.60012
vt 0.49328 0.69561
vt 0.50577 0.69633
vt 0.67249 0.61338
vt 0.69031 0.61261
vt 0.48831 0.70864
vt 0.50341 0.70945
vt 0.67748 0.62637
vt 0.69268 0.62569
vt 0.48336 0.72159
vt 0.50106 0.72252
vt 0.69178 0.66423
vt 0.69947 0.66384
vt 0.47008 0.75583
vt 0.49476 0.757
vt 0.69578 0.67503
vt 0.70137 0.67471
vt 0.73408 0.18711
vt 0.72432 0.18378
vt 0.72436 0.15911
vt 0.73411 0.1607
vt 0.91629 0.58892
vt 0.91298 0.57853
vt 0.91857 0.57853
vt 0.92014 0.58891
vt 0.74559 0.18964
vt 0.7456 0.16191
vt 0.91877 0.60091
vt 0.92132 0.60089
vt 0.75839 0.19122
vt 0.7584 0.16267
vt 0.77197 0.19177
vt 0.77198 0.16295
vt 0.39302 0.72901
vt 0.40059 0.72322
vt 0.41058 0.73874
vt 0.403 0.746
vt 0.68082 0.68245
vt 0.67083 0.67438
vt 0.67386 0.66973
vt 0.68298 0.67914
vt 0.41053 0.71574
vt 0.41966 0.72993
vt 0.65959 0.66544
vt 0.66358 0.65929
vt 0.42179 0.70721
vt 0.4338 0.69805
vt 0.44092 0.70913
vt 0.42995 0.7199
vt 0.64753 0.65599
vt 0.63508 0.64635
vt 0.64118 0.63691
vt 0.65256 0.64823
vt 0.44618 0.68853
vt 0.45224 0.69795
vt 0.62258 0.6368
vt 0.62976 0.62569
vt 0.45862 0.67892
vt 0.46361 0.68667
vt 0.61061 0.62776
vt 0.61881 0.61503
vt 0.47053 0.66966
vt 0.47449 0.6758
vt 0.59948 0.61948
vt 0.60864 0.60526
vt 0.48161 0.66098
vt 0.49148 0.6532
vt 0.49364 0.65652
vt 0.48462 0.66563
vt 0.58959 0.61226
vt 0.5998 0.59754
vt 0.49965 0.64668
vt 0.5011 0.6489
vt 0.58181 0.60745
vt 0.59214 0.58981
vt 0.67213 0.73574
vt 0.67674 0.74765
vt 0.67533 0.74765
vt 0.66988 0.73574
vt 0.68063 0.77439
vt 0.67966 0.78809
vt 0.67879 0.7881
vt 0.67993 0.7744
vt 0.72205 0.53996
vt 0.73353 0.54582
vt 0.73355 0.56304
vt 0.72161 0.55734
vt 0.67963 0.76071
vt 0.67875 0.76072
vt 0.74662 0.54886
vt 0.74664 0.56658
vt 0.76031 0.54984
vt 0.77402 0.54881
vt 0.77404 0.56652
vt 0.76034 0.56773
vt 0.67681 0.80122
vt 0.67542 0.80123
vt 0.78714 0.54571
vt 0.78716 0.56291
vt 0.67219 0.81322
vt 0.66995 0.81323
vt 0.79901 0.54039
vt 0.79914 0.55713
vt 0.68909 0.6893
vt 0.69054 0.68709
vt 0.41977 0.75659
vt 0.50328 0.65037
vt 0.60894 0.57922
vt 0.90768 0.66641
vt 0.91333 0.65451
vt 0.91809 0.62777
vt 0.9169 0.61407
vt 0.81241 0.25125
vt 0.80011 0.25685
vt 0.91687 0.64145
vt 0.78681 0.26031
vt 0.77306 0.26141
vt 0.75947 0.2602
vt 0.91341 0.60093
vt 0.74661 0.25661
vt 0.90774 0.58892
vt 0.73505 0.25087
vt 0.66602 0.82362
vt 0.71124 0.53444
vt 0.66603 0.72542
vt 0.80949 0.53418
vt 0.9075 0.57853
vt 0.78033 0.41815
vt 0.78121 0.41874
vt 0.78072 0.41947
vt 0.06764 0.98712
vt 0.07564 0.98369
vt 0.07578 0.98395
vt 0.06772 0.9874
vt 0.80648 0.88664
vt 0.80425 0.88664
vt 0.80422 0.87523
vt 0.80645 0.87523
vt 0.01968 0.60761
vt 0.01967 0.58967
vt 0.0306 0.58959
vt 0.0306 0.60753
vt 0.7804 0.5791
vt 0.7804 0.59702
vt 0.76978 0.59717
vt 0.76978 0.57925
vt 0.8245 0.89754
vt 0.80656 0.89754
vt 0.82441 0.88664
vt 0.00971 0.60774
vt 0.00971 0.58981
vt 0.82439 0.87522
vt 0.80648 0.86379
vt 0.82441 0.86379
vt 0.82463 0.90748
vt 0.80669 0.90748
vt 0.00108 0.60791
vt 0.00108 0.58998
vt 0.78019 0.83172
vt 0.78019 0.81378
vt 0.78996 0.81389
vt 0.78996 0.83183
vt 0.8248 0.9161
vt 0.80687 0.9161
vt 0.72744 0.57886
vt 0.72745 0.59678
vt 0.71874 0.59645
vt 0.71873 0.57853
vt 0.72735 0.83182
vt 0.72735 0.81389
vt 0.73726 0.81378
vt 0.73726 0.83172
vt 0.79865 0.81404
vt 0.79865 0.83198
vt 0.73725 0.5791
vt 0.73725 0.59702
vt 0.7697 0.83165
vt 0.7697 0.81372
vt 0.7478 0.57925
vt 0.74781 0.59717
vt 0.75874 0.83163
vt 0.75874 0.81369
vt 0.75881 0.5793
vt 0.75881 0.59722
vt 0.74783 0.83165
vt 0.74783 0.81371
vt 0.7903 0.57886
vt 0.7903 0.59678
vt 0.71859 0.83198
vt 0.71859 0.81404
vt 0.79909 0.57852
vt 0.79909 0.59644
vt 0.07443 0.60774
vt 0.07443 0.5898
vt 0.08309 0.58998
vt 0.08309 0.60791
vt 0.82463 0.8428
vt 0.80669 0.84281
vt 0.80687 0.83413
vt 0.8248 0.83413
vt 0.06443 0.6076
vt 0.06443 0.58967
vt 0.82449 0.85282
vt 0.80656 0.85282
vt 0.05347 0.60752
vt 0.05347 0.58959
vt 0.04203 0.58956
vt 0.04203 0.6075
vt 0.58207 0.83384
vt 0.58207 0.83128
vt 0.59019 0.83126
vt 0.59019 0.83383
vt 0.82669 0.63284
vt 0.82412 0.63284
vt 0.82412 0.6238
vt 0.82669 0.6238
vt 0.82621 0.77742
vt 0.82364 0.77742
vt 0.82364 0.7674
vt 0.82621 0.7674
vt 0.82621 0.7148
vt 0.82364 0.7148
vt 0.82364 0.70626
vt 0.82621 0.70626
vt 0.82669 0.64288
vt 0.82413 0.64288
vt 0.82621 0.73488
vt 0.82364 0.73488
vt 0.82364 0.72446
vt 0.82621 0.72446
vt 0.82669 0.65357
vt 0.82413 0.65357
vt 0.82621 0.74582
vt 0.82364 0.74582
vt 0.8267 0.66462
vt 0.82413 0.66462
vt 0.82621 0.75675
vt 0.82364 0.75675
vt 0.8267 0.67553
vt 0.82413 0.67553
vt 0.8267 0.69566
vt 0.82413 0.69566
vt 0.82413 0.686
vt 0.8267 0.686
vt 0.82621 0.78633
vt 0.82364 0.78633
vt 0.8267 0.70411
vt 0.82413 0.70411
vt 0.96665 0.13575
vt 0.96408 0.13575
vt 0.96408 0.12709
vt 0.96665 0.12709
vt 0.65474 0.8337
vt 0.65473 0.83113
vt 0.66387 0.83111
vt 0.66388 0.83368
vt 0.96665 0.14574
vt 0.96408 0.14574
vt 0.64438 0.83372
vt 0.64437 0.83115
vt 0.96665 0.1567
vt 0.96408 0.1567
vt 0.63321 0.83374
vt 0.6332 0.83117
vt 0.96665 0.17957
vt 0.96408 0.17957
vt 0.96408 0.16814
vt 0.96665 0.16814
vt 0.6104 0.83379
vt 0.6104 0.83122
vt 0.62172 0.8312
vt 0.62172 0.83376
vt 0.96665 0.1905
vt 0.96408 0.1905
vt 0.59975 0.83381
vt 0.59975 0.83124
vt 0.96665 0.20047
vt 0.96408 0.20047
vt 0.96665 0.20911
vt 0.96408 0.20911
vt 0.73725 0.59925
vt 0.73734 0.61667
vt 0.72754 0.6182
vt 0.72745 0.59901
vt 0.01967 0.58745
vt 0.0306 0.58736
vt 0.7804 0.59924
vt 0.76978 0.59939
vt 0.80434 0.89754
vt 0.00971 0.58758
vt 0.80425 0.86379
vt 0.80447 0.90749
vt 0.00107 0.58775
vt 0.78019 0.81156
vt 0.78996 0.81167
vt 0.80464 0.9161
vt 0.71874 0.59868
vt 0.72735 0.81166
vt 0.73726 0.81155
vt 0.79865 0.81182
vt 0.7697 0.81149
vt 0.74781 0.5994
vt 0.75874 0.81146
vt 0.75881 0.59945
vt 0.74783 0.81149
vt 0.7903 0.599
vt 0.71859 0.81181
vt 0.79909 0.59867
vt 0.07443 0.58757
vt 0.08309 0.58775
vt 0.80446 0.84281
vt 0.80464 0.83413
vt 0.06443 0.58744
vt 0.80433 0.85282
vt 0.05347 0.58736
vt 0.04203 0.58734
vt 0.77017 0.62127
vt 0.77103 0.63139
vt 0.76021 0.63768
vt 0.75924 0.62544
vt 0.76976 0.8
vt 0.78025 0.80197
vt 0.74788 0.61491
vt 0.7588 0.798
vt 0.75888 0.61297
vt 0.7479 0.79605
vt 0.76984 0.61094
vt 0.73734 0.7942
vt 0.79035 0.60684
vt 0.78045 0.60887
vt 0.71868 0.79109
vt 0.72743 0.79252
vt 0.79913 0.60492
vt 0.07443 0.56553
vt 0.08309 0.56703
vt 0.79952 0.84281
vt 0.79838 0.83413
vt 0.06442 0.56441
vt 0.80038 0.85283
vt 0.05347 0.56371
vt 0.80091 0.86379
vt 0.0306 0.5637
vt 0.04202 0.56347
vt 0.8009 0.88664
vt 0.80108 0.87523
vt 0.01967 0.56439
vt 0.80037 0.89754
vt 0.00971 0.5655
vt 0.79951 0.90749
vt 0.00107 0.56697
vt 0.79 0.80384
vt 0.79839 0.9161
vt 0.71883 0.61944
vt 0.79869 0.80556
vt 0.81083 0.6147
vt 0.81301 0.61541
vt 0.80882 0.62291
vt 0.80546 0.62192
vt 0.73774 0.77759
vt 0.73895 0.76128
vt 0.74937 0.76723
vt 0.74828 0.78151
vt 0.79063 0.61315
vt 0.79126 0.61933
vt 0.7815 0.6252
vt 0.78076 0.61712
vt 0.71914 0.77082
vt 0.72054 0.75092
vt 0.72917 0.75575
vt 0.72786 0.77397
vt 0.79939 0.60951
vt 0.79993 0.61399
vt 0.07443 0.54385
vt 0.07443 0.52258
vt 0.08309 0.5269
vt 0.08309 0.54677
vt 0.79635 0.84281
vt 0.79325 0.8428
vt 0.78928 0.83413
vt 0.79378 0.83413
vt 0.06442 0.54165
vt 0.06432 0.51961
vt 0.79827 0.85282
vt 0.79623 0.85282
vt 0.05347 0.54027
vt 0.05347 0.51728
vt 0.79946 0.86379
vt 0.79807 0.86379
vt 0.03059 0.54025
vt 0.0306 0.51725
vt 0.04203 0.5166
vt 0.04202 0.53982
vt 0.79945 0.88664
vt 0.79805 0.88664
vt 0.7987 0.87522
vt 0.79987 0.87522
vt 0.01967 0.5416
vt 0.01967 0.51924
vt 0.79825 0.89754
vt 0.79619 0.89754
vt 0.00971 0.54377
vt 0.00971 0.52245
vt 0.79633 0.90748
vt 0.79322 0.90748
vt 0.00107 0.54666
vt 0.00107 0.52672
vt 0.78054 0.79376
vt 0.78129 0.78573
vt 0.79091 0.79139
vt 0.79028 0.79755
vt 0.79379 0.9161
vt 0.7893 0.9161
vt 0.72797 0.63681
vt 0.72929 0.65508
vt 0.7207 0.6597
vt 0.71929 0.63975
vt 0.79949 0.79649
vt 0.79894 0.80097
vt 0.73775 0.63336
vt 0.73896 0.64974
vt 0.77008 0.78974
vt 0.77094 0.77968
vt 0.74827 0.62953
vt 0.74936 0.64389
vt 0.75916 0.78559
vt 0.76013 0.77342
vt 0.95945 0.15661
vt 0.96092 0.15663
vt 0.96113 0.16805
vt 0.9599 0.16803
vt 0.59986 0.74413
vt 0.59962 0.76257
vt 0.59 0.76575
vt 0.59023 0.74821
vt 0.95482 0.19041
vt 0.95611 0.19041
vt 0.95297 0.20043
vt 0.95079 0.20043
vt 0.61057 0.74158
vt 0.61032 0.76057
vt 0.95731 0.17944
vt 0.95805 0.17944
vt 0.63339 0.74149
vt 0.63314 0.76049
vt 0.62166 0.75989
vt 0.62191 0.74071
vt 0.95728 0.15659
vt 0.95803 0.15659
vt 0.95871 0.16801
vt 0.95815 0.168
vt 0.64451 0.74394
vt 0.64427 0.76241
vt 0.79168 0.63999
vt 0.79808 0.64167
vt 0.79198 0.65216
vt 0.78385 0.65008
vt 0.95476 0.14568
vt 0.95607 0.14568
vt 0.65481 0.74792
vt 0.65458 0.7655
vt 0.95075 0.13575
vt 0.95294 0.13574
vt 0.66388 0.75318
vt 0.66367 0.76962
vt 0.7914 0.77095
vt 0.79775 0.76925
vt 0.80337 0.7789
vt 0.7986 0.78023
vt 0.94545 0.12714
vt 0.9488 0.12713
vt 0.75265 0.68936
vt 0.76765 0.69304
vt 0.76264 0.70121
vt 0.7462 0.69704
vt 0.75243 0.72152
vt 0.76737 0.71784
vt 0.77306 0.72738
vt 0.75974 0.73069
vt 0.80837 0.78754
vt 0.80501 0.78853
vt 0.75988 0.68041
vt 0.77328 0.68372
vt 0.78366 0.76103
vt 0.79172 0.75894
vt 0.76766 0.67066
vt 0.77935 0.67357
vt 0.77558 0.75074
vt 0.78542 0.74824
vt 0.77577 0.66041
vt 0.78567 0.66291
vt 0.76754 0.74053
vt 0.77914 0.73761
vt 0.79898 0.63048
vt 0.80377 0.6318
vt 0.74598 0.71347
vt 0.76234 0.70946
vt 0.58185 0.76997
vt 0.58206 0.75361
vt 0.8176 0.78651
vt 0.81603 0.77764
vt 0.64421 0.78519
vt 0.64422 0.80836
vt 0.63308 0.80778
vt 0.63307 0.78394
vt 0.80632 0.6426
vt 0.81471 0.64299
vt 0.8128 0.65371
vt 0.8023 0.65325
vt 0.95816 0.1457
vt 0.96031 0.14571
vt 0.65453 0.78723
vt 0.65455 0.80932
vt 0.96093 0.17949
vt 0.95947 0.17947
vt 0.9561 0.13574
vt 0.95933 0.13574
vt 0.66364 0.78994
vt 0.66367 0.8106
vt 0.80594 0.76821
vt 0.81427 0.7677
vt 0.80964 0.77805
vt 0.95337 0.12713
vt 0.95803 0.12712
vt 0.78626 0.69485
vt 0.80519 0.69568
vt 0.80362 0.70409
vt 0.78296 0.70317
vt 0.78591 0.71596
vt 0.80476 0.71504
vt 0.80654 0.72478
vt 0.78966 0.72563
vt 0.81294 0.78683
vt 0.78997 0.68535
vt 0.80695 0.68609
vt 0.80196 0.75771
vt 0.81238 0.75711
vt 0.79397 0.67502
vt 0.80885 0.67566
vt 0.7978 0.74684
vt 0.81041 0.74615
vt 0.79814 0.66418
vt 0.81083 0.66474
vt 0.79367 0.73603
vt 0.80845 0.73525
vt 0.81007 0.63257
vt 0.81649 0.6329
vt 0.78259 0.70744
vt 0.80319 0.70647
vt 0.8134 0.62355
vt 0.81807 0.62382
vt 0.58996 0.78744
vt 0.58999 0.80949
vt 0.58185 0.81082
vt 0.58181 0.79022
vt 0.95612 0.20043
vt 0.95934 0.20044
vt 0.95803 0.20911
vt 0.95336 0.20911
vt 0.59956 0.78533
vt 0.59958 0.80848
vt 0.95819 0.19042
vt 0.96032 0.19044
vt 0.61025 0.78401
vt 0.61026 0.80784
vt 0.62159 0.80761
vt 0.62159 0.78355
vt 0.71827 0.72985
vt 0.7266 0.71566
vt 0.73292 0.72172
vt 0.72459 0.73468
vt 0.80091 0.61736
vt 0.80272 0.62012
vt 0.79511 0.62798
vt 0.79258 0.6241
vt 0.7405 0.72907
vt 0.73289 0.74092
vt 0.78653 0.63669
vt 0.7832 0.63156
vt 0.74228 0.74804
vt 0.74909 0.73745
vt 0.75825 0.74644
vt 0.7523 0.75569
vt 0.77314 0.63945
vt 0.77733 0.64593
vt 0.76783 0.65538
vt 0.76274 0.6475
vt 0.7677 0.75577
vt 0.76264 0.76363
vt 0.7583 0.66475
vt 0.75231 0.65548
vt 0.77719 0.76518
vt 0.77303 0.77165
vt 0.74917 0.67364
vt 0.74232 0.66302
vt 0.78628 0.77425
vt 0.78297 0.77938
vt 0.74067 0.6818
vt 0.73302 0.66994
vt 0.79223 0.78662
vt 0.79474 0.78274
vt 0.80227 0.79034
vt 0.80047 0.79311
vt 0.7333 0.68825
vt 0.72477 0.67596
vt 0.80851 0.7967
vt 0.80729 0.79855
vt 0.72689 0.6947
vt 0.71827 0.67998
vt 0.79099 0.90748
vt 0.7891 0.90748
vt 0.79366 0.89754
vt 0.79484 0.89754
vt 0.79808 0.87522
vt 0.7975 0.87521
vt 0.79654 0.86378
vt 0.79727 0.86378
vt 0.0101 0.50595
vt 0.00973 0.49144
vt 0.0197 0.48668
vt 0.01968 0.50105
vt 0.79651 0.88663
vt 0.79725 0.88664
vt 0.03063 0.48373
vt 0.0306 0.49852
vt 0.04204 0.4977
vt 0.04206 0.48277
vt 0.0535 0.48377
vt 0.05348 0.49856
vt 0.79373 0.85281
vt 0.79489 0.85282
vt 0.06445 0.48679
vt 0.06443 0.50114
vt 0.78916 0.8428
vt 0.79103 0.8428
vt 0.07445 0.49161
vt 0.07434 0.50559
vt 0.80781 0.61165
vt 0.80902 0.61349
vt 0.7406 0.70683
vt 0.81032 0.79548
vt 0.74092 0.70354
vt 0.94894 0.13575
vt 0.95365 0.14568
vt 0.95763 0.168
vt 0.95664 0.17944
vt 0.65533 0.73389
vt 0.64507 0.72922
vt 0.95661 0.15658
vt 0.63396 0.72633
vt 0.62249 0.72541
vt 0.61114 0.72643
vt 0.95372 0.19041
vt 0.60041 0.72943
vt 0.94899 0.20043
vt 0.59076 0.73422
vt 0.78589 0.83412
vt 0.00108 0.51055
vt 0.7859 0.9161
vt 0.08309 0.51077
vt 0.94878 0.20911
vt 0.71383 0.77826
vt 0.7138 0.76675
vt 0.71571 0.76675
vt 0.71574 0.77826
vt 0.20465 0.96892
vt 0.19661 0.97231
vt 0.19647 0.97205
vt 0.20456 0.96864
vt 0.05906 0.98889
vt 0.05909 0.98918
vt 0.21324 0.9672
vt 0.21321 0.9669
vt 0.04169 0.98719
vt 0.05029 0.98889
vt 0.05026 0.98918
vt 0.0416 0.98747
vt 0.23059 0.96897
vt 0.22201 0.9672
vt 0.22204 0.9669
vt 0.23068 0.96869
vt 0.03365 0.9838
vt 0.03351 0.98406
vt 0.122 0.96326
vt 0.11882 0.9711
vt 0.11854 0.97102
vt 0.12174 0.96312
vt 0.2386 0.97239
vt 0.23874 0.97214
vt 0.02648 0.97892
vt 0.02629 0.97914
vt 0.24572 0.97729
vt 0.24591 0.97707
vt 0.02046 0.97278
vt 0.02023 0.97296
vt 0.25948 0.99839
vt 0.25635 0.99057
vt 0.25661 0.99043
vt 0.25976 0.99831
vt 0.25169 0.98342
vt 0.25192 0.98324
vt 0.01578 0.96562
vt 0.01552 0.96575
vt 0.35284 0.98881
vt 0.35748 0.98166
vt 0.35774 0.98179
vt 0.35307 0.98899
vt 0.01261 0.95776
vt 0.01233 0.95785
vt 0.32328 0.97019
vt 0.32169 0.96196
vt 0.32197 0.96188
vt 0.32357 0.97016
vt 0.1172 0.98782
vt 0.11881 0.99609
vt 0.11853 0.99618
vt 0.11691 0.98785
vt 0.32328 0.97861
vt 0.32357 0.97864
vt 0.1172 0.97936
vt 0.1169 0.97934
vt 0.36062 0.97385
vt 0.36223 0.96562
vt 0.36252 0.96565
vt 0.36091 0.97393
vt 0.12666 0.95611
vt 0.12643 0.95593
vt 0.08276 0.9788
vt 0.08874 0.97267
vt 0.08896 0.97285
vt 0.08295 0.97902
vt 0.1327 0.94996
vt 0.13251 0.94974
vt 0.18945 0.97719
vt 0.18926 0.97696
vt 0.24982 0.97101
vt 0.25693 0.97801
vt 0.25622 0.9786
vt 0.24924 0.97173
vt 0.71383 0.75523
vt 0.71574 0.75523
vt 0.21088 0.78659
vt 0.21086 0.77509
vt 0.21276 0.77509
vt 0.21279 0.78659
vt 0.71391 0.78926
vt 0.71582 0.78926
vt 0.21106 0.71276
vt 0.21091 0.70206
vt 0.21281 0.70206
vt 0.21296 0.71276
vt 0.21097 0.79756
vt 0.21288 0.79756
vt 0.71404 0.79929
vt 0.71595 0.79929
vt 0.21088 0.76358
vt 0.21279 0.76358
vt 0.2111 0.80757
vt 0.21301 0.80757
vt 0.71422 0.80798
vt 0.71613 0.80798
vt 0.3843 0.87549
vt 0.38441 0.86566
vt 0.38632 0.86566
vt 0.38621 0.87549
vt 0.21127 0.81624
vt 0.21318 0.81624
vt 0.2113 0.65945
vt 0.21163 0.65068
vt 0.21354 0.65068
vt 0.21321 0.65945
vt 0.38441 0.92869
vt 0.3843 0.91871
vt 0.38621 0.91871
vt 0.38632 0.92869
vt 0.38456 0.85691
vt 0.38647 0.85691
vt 0.21106 0.66932
vt 0.21296 0.66932
vt 0.38423 0.88605
vt 0.38614 0.88605
vt 0.21091 0.67994
vt 0.21281 0.67994
vt 0.38421 0.89709
vt 0.38612 0.89709
vt 0.21086 0.69102
vt 0.21276 0.69102
vt 0.38423 0.90807
vt 0.38614 0.90807
vt 0.2113 0.72272
vt 0.2132 0.72272
vt 0.38456 0.9375
vt 0.38647 0.9375
vt 0.21163 0.73157
vt 0.21354 0.73157
vt 0.71404 0.73413
vt 0.71422 0.72541
vt 0.71613 0.72541
vt 0.71595 0.73413
vt 0.2111 0.74246
vt 0.21127 0.73372
vt 0.21318 0.73372
vt 0.21301 0.74246
vt 0.71391 0.7442
vt 0.71582 0.7442
vt 0.21096 0.75254
vt 0.21287 0.75254
vt 0.99518 0.0298
vt 0.99533 0.01937
vt 0.99556 0.01937
vt 0.99541 0.0298
vt 0.04058 0.99376
vt 0.03152 0.99011
vt 0.03195 0.98929
vt 0.04084 0.99287
vt 0.02324 0.98471
vt 0.01614 0.97777
vt 0.01684 0.97717
vt 0.02382 0.98399
vt 0.24152 0.96557
vt 0.24109 0.96639
vt 0.08674 0.98473
vt 0.07845 0.99011
vt 0.07802 0.98929
vt 0.08616 0.98401
vt 0.23242 0.96189
vt 0.23216 0.96277
vt 0.05011 0.99561
vt 0.0502 0.99469
vt 0.22284 0.96002
vt 0.22275 0.96093
vt 0.05987 0.99562
vt 0.05978 0.9947
vt 0.21304 0.96001
vt 0.21312 0.96093
vt 0.0694 0.99376
vt 0.06914 0.99287
vt 0.20346 0.96189
vt 0.20372 0.96278
vt 0.1861 0.97099
vt 0.19437 0.96558
vt 0.1948 0.9664
vt 0.18667 0.97171
vt 0.09383 0.97779
vt 0.09313 0.9772
vt 0.17897 0.97799
vt 0.17968 0.97859
vt 0.36361 0.98567
vt 0.35794 0.99393
vt 0.35723 0.99334
vt 0.3628 0.98523
vt 0.11657 0.95908
vt 0.12222 0.95077
vt 0.12292 0.95136
vt 0.11738 0.95952
vt 0.36758 0.97638
vt 0.3667 0.9761
vt 0.11264 0.96841
vt 0.11352 0.96869
vt 0.36964 0.96642
vt 0.36872 0.96633
vt 0.11064 0.97838
vt 0.11156 0.97848
vt 0.32872 0.95924
vt 0.33069 0.96922
vt 0.32977 0.96931
vt 0.32784 0.95951
vt 0.33069 0.97941
vt 0.32977 0.97931
vt 0.11269 0.99853
vt 0.11064 0.98857
vt 0.11156 0.98848
vt 0.11357 0.99826
vt 0.26259 0.98633
vt 0.26652 0.99567
vt 0.26564 0.99594
vt 0.26177 0.98677
vt 0.01046 0.9695
vt 0.00649 0.9602
vt 0.00737 0.95993
vt 0.01127 0.96906
vt 0.99675 0.7156
vt 0.99677 0.70477
vt 0.997 0.70477
vt 0.99698 0.7156
vt 0.99513 0.04068
vt 0.99536 0.04068
vt 0.99677 0.72638
vt 0.997 0.72638
vt 0.99518 0.05152
vt 0.99541 0.05152
vt 0.99684 0.73684
vt 0.99707 0.73684
vt 0.99556 0.07181
vt 0.99533 0.06202
vt 0.99556 0.06202
vt 0.99579 0.07181
vt 0.9971 0.75528
vt 0.99695 0.74663
vt 0.99718 0.74663
vt 0.99733 0.75528
vt 0.99589 0.0805
vt 0.99612 0.0805
vt 0.67297 0.91908
vt 0.67314 0.91052
vt 0.67337 0.91052
vt 0.67319 0.91908
vt 0.99599 0.5871
vt 0.99617 0.57852
vt 0.9964 0.57852
vt 0.99622 0.5871
vt 0.67284 0.92897
vt 0.67306 0.92897
vt 0.99586 0.597
vt 0.99609 0.597
vt 0.67275 0.9398
vt 0.67298 0.9398
vt 0.99578 0.60784
vt 0.99601 0.60784
vt 0.67276 0.96241
vt 0.67273 0.95111
vt 0.67296 0.95111
vt 0.67298 0.96241
vt 0.99578 0.63043
vt 0.99576 0.61914
vt 0.99598 0.61914
vt 0.99601 0.63043
vt 0.67284 0.9732
vt 0.67307 0.9732
vt 0.99587 0.64121
vt 0.99609 0.64121
vt 0.67297 0.98305
vt 0.6732 0.98305
vt 0.99599 0.65103
vt 0.99622 0.65103
vt 0.67314 0.99159
vt 0.67337 0.99159
vt 0.99684 0.6944
vt 0.99695 0.68474
vt 0.99718 0.68474
vt 0.99707 0.6944
vt 0.99617 0.65954
vt 0.9964 0.65954
vt 0.99557 0.00968
vt 0.99589 0.00107
vt 0.99612 0.00107
vt 0.9958 0.00968
vt 0.9971 0.67615
vt 0.99733 0.67615
vt 0.77767 0.41901
vt 0.77762 0.41914
vt 0.77754 0.41925
vt 0.77745 0.41935
vt 0.77721 0.41947
vt 0.77733 0.41942
vt 0.77708 0.41949
vt 0.77682 0.41947
vt 0.77695 0.41949
vt 0.7767 0.41942
vt 0.77682 0.41815
vt 0.77659 0.41935
vt 0.77649 0.41925
vt 0.77641 0.41914
vt 0.77636 0.41901
vt 0.77633 0.41888
vt 0.77633 0.41874
vt 0.77636 0.41861
vt 0.77641 0.41848
vt 0.77649 0.41837
vt 0.77659 0.41827
vt 0.7767 0.4182
vt 0.77695 0.41813
vt 0.77721 0.41815
vt 0.77708 0.41813
vt 0.77745 0.41827
vt 0.77762 0.41848
vt 0.77767 0.41861
vt 0.7777 0.41874
vt 0.78113 0.41848
vt 0.78119 0.41861
vt 0.78121 0.41888
vt 0.78118 0.41902
vt 0.78113 0.41914
vt 0.78105 0.41925
vt 0.78096 0.41935
vt 0.78085 0.41942
vt 0.78059 0.41949
vt 0.78046 0.41949
vt 0.78033 0.41947
vt 0.78021 0.41942
vt 0.7801 0.41935
vt 0.78 0.41925
vt 0.77993 0.41914
vt 0.77985 0.41874
vt 0.77987 0.41902
vt 0.77985 0.41888
vt 0.77987 0.41861
vt 0.77993 0.41848
vt 0.78 0.41837
vt 0.78021 0.4182
vt 0.7801 0.41828
vt 0.78046 0.41813
vt 0.78059 0.41813
vt 0.78072 0.41815
vt 0.78085 0.4182
vt 0.78096 0.41828
vt 0.78106 0.41837
vt 0.79758 0.41815
vt 0.79832 0.41864
vt 0.79791 0.41925
vt 0.99715 0.50411
vt 0.99715 0.51536
vt 0.99677 0.51536
vt 0.99677 0.50411
vt 0.99827 0.06477
vt 0.99827 0.05419
vt 0.99865 0.05419
vt 0.99865 0.06477
vt 0.99715 0.48402
vt 0.99715 0.49353
vt 0.99677 0.49353
vt 0.99677 0.48402
vt 0.99667 0.8403
vt 0.99667 0.84839
vt 0.99629 0.84839
vt 0.99629 0.8403
vt 0.99684 0.10949
vt 0.99684 0.09999
vt 0.99723 0.09999
vt 0.99723 0.10949
vt 0.99827 0.01028
vt 0.99827 0.00107
vt 0.99865 0.00107
vt 0.99865 0.01028
vt 0.99667 0.83081
vt 0.99629 0.83081
vt 0.99684 0.11998
vt 0.99723 0.11998
vt 0.99827 0.07428
vt 0.99865 0.07428
vt 0.99667 0.82034
vt 0.99629 0.82034
vt 0.99684 0.13103
vt 0.99723 0.13103
vt 0.99667 0.78736
vt 0.99667 0.79817
vt 0.99629 0.79817
vt 0.99629 0.78736
vt 0.99667 0.80934
vt 0.99629 0.80934
vt 0.99684 0.14223
vt 0.99723 0.14223
vt 0.99715 0.54819
vt 0.99715 0.55744
vt 0.99677 0.55744
vt 0.99677 0.54819
vt 0.99684 0.1531
vt 0.99723 0.1531
vt 0.99667 0.7772
vt 0.99629 0.7772
vt 0.99684 0.16331
vt 0.99723 0.16331
vt 0.99667 0.76798
vt 0.99629 0.76798
vt 0.99684 0.17256
vt 0.99722 0.17256
vt 0.99667 0.76012
vt 0.99629 0.76012
vt 0.99684 0.18043
vt 0.99723 0.18043
vt 0.99715 0.56522
vt 0.99677 0.56522
vt 0.99827 0.02058
vt 0.99865 0.02058
vt 0.99715 0.53785
vt 0.99677 0.53785
vt 0.99827 0.03164
vt 0.99865 0.03164
vt 0.99715 0.52676
vt 0.99677 0.52676
vt 0.99827 0.04298
vt 0.99865 0.04298
vt 0.79825 0.41843
vt 0.7983 0.41853
vt 0.79832 0.41876
vt 0.79829 0.41887
vt 0.79825 0.41898
vt 0.79819 0.41907
vt 0.79811 0.41915
vt 0.79801 0.41921
vt 0.7978 0.41927
vt 0.79769 0.41927
vt 0.79758 0.41925
vt 0.79748 0.41921
vt 0.79739 0.41915
vt 0.79731 0.41907
vt 0.79724 0.41898
vt 0.79718 0.41864
vt 0.7972 0.41887
vt 0.79718 0.41876
vt 0.7972 0.41853
vt 0.79724 0.41843
vt 0.79731 0.41833
vt 0.79748 0.41819
vt 0.79739 0.41825
vt 0.79769 0.41813
vt 0.7978 0.41813
vt 0.79791 0.41815
vt 0.79801 0.41819
vt 0.79811 0.41825
vt 0.79819 0.41833
vt 0.78424 0.41815
vt 0.78457 0.41837
vt 0.78472 0.41888
vt 0.98615 0.61381
vt 0.98611 0.62749
vt 0.98544 0.62749
vt 0.98547 0.61381
vt 0.98551 0.31262
vt 0.98554 0.32633
vt 0.98486 0.32633
vt 0.98483 0.31262
vt 0.98554 0.29893
vt 0.98486 0.29893
vt 0.98614 0.64119
vt 0.98624 0.65433
vt 0.98557 0.65433
vt 0.98547 0.64119
vt 0.98564 0.33945
vt 0.98496 0.33945
vt 0.9864 0.66633
vt 0.98572 0.66633
vt 0.98579 0.35144
vt 0.98512 0.35144
vt 0.98661 0.67672
vt 0.98593 0.67672
vt 0.986 0.36181
vt 0.98533 0.36181
vt 0.35787 0.68976
vt 0.35747 0.70029
vt 0.35679 0.70029
vt 0.35719 0.68976
vt 0.98749 0.68266
vt 0.98731 0.69315
vt 0.98663 0.69315
vt 0.98681 0.68266
vt 0.35718 0.71216
vt 0.3565 0.71216
vt 0.98717 0.70502
vt 0.98709 0.71769
vt 0.98642 0.71769
vt 0.9865 0.70502
vt 0.357 0.72488
vt 0.35694 0.73802
vt 0.35627 0.73802
vt 0.35633 0.72488
vt 0.98707 0.73076
vt 0.98639 0.73076
vt 0.357 0.7512
vt 0.35633 0.7512
vt 0.9871 0.74389
vt 0.98642 0.74389
vt 0.35718 0.76384
vt 0.35651 0.76384
vt 0.98717 0.75646
vt 0.9865 0.75646
vt 0.35747 0.77559
vt 0.3568 0.77559
vt 0.98731 0.76816
vt 0.98749 0.77857
vt 0.98681 0.77857
vt 0.98663 0.76816
vt 0.35787 0.78602
vt 0.35719 0.78602
vt 0.98661 0.57852
vt 0.9864 0.58884
vt 0.98572 0.58884
vt 0.98593 0.57852
vt 0.986 0.26356
vt 0.98579 0.2739
vt 0.98512 0.2739
vt 0.98533 0.26356
vt 0.98624 0.60075
vt 0.98557 0.60075
vt 0.98564 0.28584
vt 0.98496 0.28584
vt 0.7847 0.41901
vt 0.78464 0.41914
vt 0.78457 0.41925
vt 0.78447 0.41935
vt 0.78424 0.41947
vt 0.78436 0.41942
vt 0.78411 0.41949
vt 0.78385 0.41947
vt 0.78397 0.41949
vt 0.78372 0.41942
vt 0.78361 0.41935
vt 0.78351 0.41925
vt 0.78344 0.41914
vt 0.78338 0.41901
vt 0.78336 0.41888
vt 0.78336 0.41874
vt 0.78339 0.41861
vt 0.78385 0.41815
vt 0.78344 0.41848
vt 0.78352 0.41837
vt 0.78361 0.41827
vt 0.78372 0.4182
vt 0.78398 0.41813
vt 0.78411 0.41813
vt 0.78436 0.4182
vt 0.78447 0.41827
vt 0.78464 0.41848
vt 0.7847 0.41861
vt 0.78472 0.41874
usemtl mat0
f 601/601/581 602/602/582 603/603/583
f 601/601/581 603/603/583 604/604/584
f 605/605/585 606/606/586 607/607/587
f 605/605/585 607/607/587 608/608/588
f 609/609/589 610/610/590 611/611/591
f 609/609/589 611/611/591 612/612/592
f 613/613/593 614/614/594 601/601/581
f 613/613/593 601/601/581 615/615/595
f 616/616/596 605/605/585 608/608/588
f 616/616/596 608/608/588 617/617/597
f 618/618/598 619/619/599 620/620/600
f 618/618/598 620/620/600 602/602/582
f 621/621/601 613/613/593 615/615/595
f 621/621/601 615/615/595 622/622/602
f 623/623/603 616/616/596 617/617/597
f 623/623/603 617/617/597 624/624/604
f 625/625/605 626/626/606 627/627/607
f 625/625/605 627/627/607 628/628/608
f 629/629/609 621/621/601 622/622/602
f 629/629/609 622/622/602 630/630/610
f 631/631/611 632/632/612 633/633/613
f 631/631/611 633/633/613 634/634/614
f 635/635/615 636/636/616 637/637/617
f 635/635/615 637/637/617 638/638/618
f 626/626/606 639/639/619 640/640/620
f 626/626/606 640/640/620 627/627/607
f 641/641/621 631/631/611 634/634/614
f 641/641/621 634/634/614 642/642/622
f 643/643/623 625/625/605 628/628/608
f 643/643/623 628/628/608 644/644/624
f 645/645/625 641/641/621 642/642/622
f 645/645/625 642/642/622 646/646/626
f 647/647/627 643/643/623 644/644/624
f 647/647/627 644/644/624 648/648/628
f 649/649/629 645/645/625 646/646/626
f 649/649/629 646/646/626 650/650/630
f 651/651/631 647/647/627 648/648/628
f 651/651/631 648/648/628 652/652/632
f 610/610/590 649/649/629 650/650/630
f 610/610/590 650/650/630 611/611/591
f 636/636/616 651/651/631 652/652/632
f 636/636/616 652/652/632 637/637/617
f 653/653/633 609/609/589 612/612/592
f 653/653/633 612/612/592 654/654/634
f 655/655/635 635/635/615 638/638/618
f 655/655/635 638/638/618 656/656/636
f 657/657/637 653/653/633 654/654/634
f 657/657/637 654/654/634 658/658/638
f 659/659/639 660/660/640 661/661/641
f 659/659/639 661/661/641 662/662/642
f 663/663/643 664/664/644 665/665/645
f 663/663/643 665/665/645 666/666/646
f 667/667/647 659/659/639 662/662/642
f 667/667/647 662/662/642 668/668/648
f 669/669/649 663/663/643 666/666/646
f 669/669/649 666/666/646 670/670/650
f 671/671/651 667/667/647 668/668/648
f 671/671/651 668/668/648 672/672/652
f 619/619/599 669/669/649 670/670/650
f 619/619/599 670/670/650 620/620/600
f 606/606/586 673/673/653 674/674/654
f 606/606/586 674/674/654 607/607/587
f 673/673/653 671/671/651 672/672/652
f 673/673/653 672/672/652 674/674/654
f 614/614/594 618/618/598 602/602/582
f 614/614/594 602/602/582 601/601/581
f 675/675/655 676/676/656 677/677/657
f 675/675/655 677/677/657 678/678/658
f 679/679/659 680/680/659 681/681/659
f 682/682/660 683/683/661 684/684/662
f 682/682/660 684/684/662 685/685/663
f 686/686/664 687/687/665 688/688/666
f 686/686/664 688/688/666 689/689/667
f 690/690/668 691/691/669 692/692/670
f 690/690/668 692/692/670 693/693/671
f 693/693/671 692/692/670 683/683/661
f 693/693/671 683/683/661 682/682/660
f 694/694/672 695/695/673 696/696/674
f 694/694/672 696/696/674 697/697/675
f 698/698/676 699/699/677 691/691/669
f 698/698/676 691/691/669 690/690/668
f 700/700/678 701/701/679 702/702/680
f 700/700/678 702/702/680 703/703/681
f 704/704/682 705/705/683 695/695/673
f 704/704/682 695/695/673 694/694/672
f 706/706/684 707/707/685 699/699/677
f 706/706/684 699/699/677 698/698/676
f 697/697/675 696/696/674 687/687/665
f 697/697/675 687/687/665 686/686/664
f 676/676/656 708/708/686 705/705/683
f 676/676/656 705/705/683 704/704/682
f 709/709/687 710/710/688 707/707/685
f 709/709/687 707/707/685 706/706/684
f 711/711/689 712/712/690 713/713/691
f 711/711/689 713/713/691 714/714/692
f 675/675/655 715/715/693 708/708/686
f 675/675/655 708/708/686 676/676/656
f 716/716/694 717/717/695 718/718/696
f 716/716/694 718/718/696 719/719/697
f 720/720/698 721/721/699 722/722/700
f 720/720/698 722/722/700 723/723/701
f 714/714/692 713/713/691 724/724/702
f 714/714/692 724/724/702 725/725/703
f 726/726/704 727/727/705 717/717/695
f 726/726/704 717/717/695 716/716/694
f 728/728/706 729/729/707 712/712/690
f 728/728/706 712/712/690 711/711/689
f 730/730/708 731/731/709 727/727/705
f 730/730/708 727/727/705 726/726/704
f 732/732/710 733/733/711 729/729/707
f 732/732/710 729/729/707 728/728/706
f 734/734/712 735/735/713 731/731/709
f 734/734/712 731/731/709 730/730/708
f 736/736/714 737/737/715 733/733/711
f 736/736/714 733/733/711 732/732/710
f 703/703/681 702/702/680 735/735/713
f 703/703/681 735/735/713 734/734/712
f 723/723/701 722/722/700 737/737/715
f 723/723/701 737/737/715 736/736/714
f 738/738/716 739/739/717 701/701/679
f 738/738/716 701/701/679 700/700/678
f 740/740/718 741/741/719 721/721/699
f 740/740/718 721/721/699 720/720/698
f 742/742/720 743/743/721 739/739/717
f 742/742/720 739/739/717 738/738/716
f 744/744/722 745/745/723 746/746/724
f 744/744/722 746/746/724 747/747/725
f 748/748/726 749/749/727 750/750/728
f 748/748/726 750/750/728 751/751/729
f 685/685/663 684/684/662 745/745/723
f 685/685/663 745/745/723 744/744/722
f 689/689/667 688/688/666 749/749/727
f 689/689/667 749/749/727 748/748/726
f 716/716/694 719/719/697 752/752/730
f 716/716/694 752/752/730 753/753/731
f 720/720/698 723/723/701 754/754/732
f 720/720/698 754/754/732 755/755/733
f 714/714/692 725/725/703 756/756/734
f 714/714/692 756/756/734 757/757/735
f 726/726/704 716/716/694 753/753/731
f 726/726/704 753/753/731 758/758/736
f 728/728/706 711/711/689 759/759/737
f 728/728/706 759/759/737 760/760/738
f 730/730/708 726/726/704 758/758/736
f 730/730/708 758/758/736 761/761/739
f 732/732/710 728/728/706 760/760/738
f 732/732/710 760/760/738 762/762/740
f 734/734/712 730/730/708 761/761/739
f 734/734/712 761/761/739 763/763/741
f 736/736/714 732/732/710 762/762/740
f 736/736/714 762/762/740 764/764/742
f 703/703/681 734/734/712 763/763/741
f 703/703/681 763/763/741 765/765/743
f 723/723/701 736/736/714 764/764/742
f 723/723/701 764/764/742 754/754/732
f 738/738/716 700/700/678 766/766/744
f 738/738/716 766/766/744 767/767/745
f 740/740/718 720/720/698 755/755/733
f 740/740/718 755/755/733 768/768/746
f 742/742/720 738/738/716 767/767/745
f 742/742/720 767/767/745 769/769/747
f 744/744/722 747/747/725 770/770/748
f 744/744/722 770/770/748 771/771/749
f 748/748/726 751/751/729 772/772/750
f 748/748/726 772/772/750 773/773/751
f 685/685/663 744/744/722 771/771/749
f 685/685/663 771/771/749 774/774/752
f 689/689/667 748/748/726 773/773/751
f 689/689/667 773/773/751 775/775/753
f 682/682/660 685/685/663 774/774/752
f 682/682/660 774/774/752 776/776/754
f 686/686/664 689/689/667 775/775/753
f 686/686/664 775/775/753 777/777/755
f 690/690/668 693/693/671 778/778/756
f 690/690/668 778/778/756 779/779/757
f 693/693/671 682/682/660 776/776/754
f 693/693/671 776/776/754 778/778/756
f 694/694/672 697/697/675 780/780/758
f 694/694/672 780/780/758 781/781/759
f 698/698/676 690/690/668 779/779/757
f 698/698/676 779/779/757 782/782/760
f 700/700/678 703/703/681 765/765/743
f 700/700/678 765/765/743 766/766/744
f 704/704/682 694/694/672 781/781/759
f 704/704/682 781/781/759 783/783/761
f 706/706/684 698/698/676 782/782/760
f 706/706/684 782/782/760 784/784/762
f 697/697/675 686/686/664 777/777/755
f 697/697/675 777/777/755 780/780/758
f 676/676/656 704/704/682 783/783/761
f 676/676/656 783/783/761 677/677/657
f 709/709/687 706/706/684 784/784/762
f 709/709/687 784/784/762 785/785/763
f 711/711/689 714/714/692 757/757/735
f 711/711/689 757/757/735 759/759/737
f 786/786/764 787/787/765 788/788/766
f 786/786/764 788/788/766 789/789/767
f 608/608/588 607/607/587 790/790/768
f 608/608/588 790/790/768 791/791/769
f 612/612/592 611/611/591 792/792/770
f 612/612/592 792/792/770 793/793/771
f 615/615/595 601/601/581 604/604/584
f 615/615/595 604/604/584 794/794/772
f 617/617/597 608/608/588 791/791/769
f 617/617/597 791/791/769 795/795/773
f 602/602/582 620/620/600 796/796/774
f 602/602/582 796/796/774 603/603/583
f 622/622/602 615/615/595 794/794/772
f 622/622/602 794/794/772 797/797/775
f 624/624/604 617/617/597 795/795/773
f 624/624/604 795/795/773 798/798/776
f 628/628/608 627/627/607 799/799/777
f 628/628/608 799/799/777 800/800/778
f 630/630/610 622/622/602 797/797/775
f 630/630/610 797/797/775 801/801/779
f 634/634/614 633/633/613 802/802/780
f 634/634/614 802/802/780 787/787/765
f 638/638/618 637/637/617 803/803/781
f 638/638/618 803/803/781 804/804/782
f 627/627/607 640/640/620 805/805/783
f 627/627/607 805/805/783 799/799/777
f 642/642/622 634/634/614 787/787/765
f 642/642/622 787/787/765 786/786/764
f 644/644/624 628/628/608 800/800/778
f 644/644/624 800/800/778 806/806/784
f 646/646/626 642/642/622 786/786/764
f 646/646/626 786/786/764 807/807/785
f 648/648/628 644/644/624 806/806/784
f 648/648/628 806/806/784 808/808/786
f 650/650/630 646/646/626 807/807/785
f 650/650/630 807/807/785 809/809/787
f 652/652/632 648/648/628 808/808/786
f 652/652/632 808/808/786 810/810/788
f 611/611/591 650/650/630 809/809/787
f 611/611/591 809/809/787 792/792/770
f 637/637/617 652/652/632 810/810/788
f 637/637/617 810/810/788 803/803/781
f 654/654/634 612/612/592 793/793/771
f 654/654/634 793/793/771 811/811/789
f 656/656/636 638/638/618 804/804/782
f 656/656/636 804/804/782 812/812/790
f 658/658/638 654/654/634 811/811/789
f 658/658/638 811/811/789 813/813/791
f 662/662/642 661/661/641 814/814/792
f 662/662/642 814/814/792 815/815/793
f 666/666/646 665/665/645 816/816/794
f 666/666/646 816/816/794 817/817/795
f 668/668/648 662/662/642 815/815/793
f 668/668/648 815/815/793 818/818/796
f 670/670/650 666/666/646 817/817/795
f 670/670/650 817/817/795 819/819/797
f 672/672/652 668/668/648 818/818/796
f 672/672/652 818/818/796 820/820/798
f 620/620/600 670/670/650 819/819/797
f 620/620/600 819/819/797 796/796/774
f 607/607/587 674/674/654 821/821/799
f 607/607/587 821/821/799 790/790/768
f 674/674/654 672/672/652 820/820/798
f 674/674/654 820/820/798 821/821/799
f 822/822/800 823/823/801 824/824/802
f 822/822/800 824/824/802 825/825/803
f 806/806/784 800/800/778 826/826/804
f 806/806/784 826/826/804 827/827/805
f 807/807/785 786/786/764 789/789/767
f 807/807/785 789/789/767 828/828/806
f 808/808/786 806/806/784 827/827/805
f 808/808/786 827/827/805 829/829/807
f 809/809/787 807/807/785 828/828/806
f 809/809/787 828/828/806 830/830/808
f 810/810/788 808/808/786 829/829/807
f 810/810/788 829/829/807 831/831/809
f 792/792/770 809/809/787 830/830/808
f 792/792/770 830/830/808 832/832/810
f 803/803/781 810/810/788 831/831/809
f 803/803/781 831/831/809 833/833/811
f 811/811/789 793/793/771 834/834/812
f 811/811/789 834/834/812 835/835/813
f 812/812/790 804/804/782 836/836/814
f 812/812/790 836/836/814 837/837/815
f 813/813/791 811/811/789 835/835/813
f 813/813/791 835/835/813 838/838/816
f 815/815/793 814/814/792 839/839/817
f 815/815/793 839/839/817 840/840/818
f 817/817/795 816/816/794 841/841/819
f 817/817/795 841/841/819 842/842/820
f 818/818/796 815/815/793 840/840/818
f 818/818/796 840/840/818 843/843/821
f 819/819/797 817/817/795 842/842/820
f 819/819/797 842/842/820 844/844/822
f 820/820/798 818/818/796 843/843/821
f 820/820/798 843/843/821 845/845/823
f 796/796/774 819/819/797 844/844/822
f 796/796/774 844/844/822 846/846/824
f 790/790/768 821/821/799 847/847/825
f 790/790/768 847/847/825 848/848/826
f 821/821/799 820/820/798 845/845/823
f 821/821/799 845/845/823 847/847/825
f 604/604/584 603/603/583 849/849/827
f 604/604/584 849/849/827 850/850/828
f 791/791/769 790/790/768 848/848/826
f 791/791/769 848/848/826 851/851/829
f 793/793/771 792/792/770 832/832/810
f 793/793/771 832/832/810 834/834/812
f 794/794/772 604/604/584 850/850/828
f 794/794/772 850/850/828 852/852/830
f 795/795/773 791/791/769 851/851/829
f 795/795/773 851/851/829 853/853/831
f 603/603/583 796/796/774 846/846/824
f 603/603/583 846/846/824 849/849/827
f 797/797/775 794/794/772 852/852/830
f 797/797/775 852/852/830 854/854/832
f 798/798/776 795/795/773 853/853/831
f 798/798/776 853/853/831 855/855/833
f 800/800/778 799/799/777 856/856/834
f 800/800/778 856/856/834 826/826/804
f 801/801/779 797/797/775 854/854/832
f 801/801/779 854/854/832 857/857/835
f 787/787/765 802/802/780 858/858/836
f 787/787/765 858/858/836 788/788/766
f 804/804/782 803/803/781 833/833/811
f 804/804/782 833/833/811 836/836/814
f 799/799/777 805/805/783 859/859/837
f 799/799/777 859/859/837 856/856/834
f 860/860/838 861/861/839 862/862/840
f 860/860/838 862/862/840 863/863/841
f 864/864/842 865/865/843 866/866/844
f 864/864/842 866/866/844 867/867/845
f 868/868/846 869/869/847 870/870/848
f 868/868/846 870/870/848 871/871/849
f 872/872/850 873/873/851 874/874/852
f 872/872/850 874/874/852 875/875/853
f 876/876/854 868/868/846 871/871/849
f 876/876/854 871/871/849 877/877/855
f 878/878/856 879/879/857 880/880/858
f 878/878/856 880/880/858 881/881/859
f 882/882/860 883/883/861 884/884/862
f 882/882/860 884/884/862 885/885/863
f 886/886/864 878/878/856 881/881/859
f 886/886/864 881/881/859 887/887/865
f 888/888/866 882/882/860 885/885/863
f 888/888/866 885/885/863 889/889/867
f 890/890/868 886/886/864 887/887/865
f 890/890/868 887/887/865 891/891/869
f 892/892/870 888/888/866 889/889/867
f 892/892/870 889/889/867 893/893/871
f 894/894/872 895/895/873 896/896/874
f 894/894/872 896/896/874 897/897/875
f 895/895/873 890/890/868 891/891/869
f 895/895/873 891/891/869 896/896/874
f 898/898/876 899/899/877 900/900/878
f 898/898/876 900/900/878 901/901/879
f 902/902/880 894/894/872 897/897/875
f 902/902/880 897/897/875 903/903/881
f 869/869/847 822/822/800 825/825/803
f 869/869/847 825/825/803 870/870/848
f 904/904/882 898/898/876 901/901/879
f 904/904/882 901/901/879 905/905/883
f 906/906/884 902/902/880 903/903/881
f 906/906/884 903/903/881 907/907/885
f 899/899/877 892/892/870 893/893/871
f 899/899/877 893/893/871 900/900/878
f 908/908/886 904/904/882 905/905/883
f 908/908/886 905/905/883 909/909/887
f 910/910/888 906/906/884 907/907/885
f 910/910/888 907/907/885 911/911/889
f 912/912/890 913/913/891 914/914/892
f 912/912/890 914/914/892 915/915/893
f 916/916/894 908/908/886 909/909/887
f 916/916/894 909/909/887 917/917/895
f 918/918/896 919/919/897 920/920/898
f 918/918/896 920/920/898 921/921/899
f 873/873/851 864/864/842 867/867/845
f 873/873/851 867/867/845 874/874/852
f 913/913/891 922/922/900 923/923/901
f 913/913/891 923/923/901 914/914/892
f 924/924/902 918/918/896 921/921/899
f 924/924/902 921/921/899 925/925/903
f 926/926/904 912/912/890 915/915/893
f 926/926/904 915/915/893 927/927/905
f 928/928/906 924/924/902 925/925/903
f 928/928/906 925/925/903 929/929/907
f 930/930/908 926/926/904 927/927/905
f 930/930/908 927/927/905 931/931/909
f 823/823/801 928/928/906 929/929/907
f 823/823/801 929/929/907 824/824/802
f 865/865/843 930/930/908 931/931/909
f 865/865/843 931/931/909 866/866/844
f 932/932/910 933/933/911 934/934/912
f 932/932/910 934/934/912 935/935/913
f 936/936/914 937/937/915 938/938/916
f 936/936/914 938/938/916 939/939/917
f 940/940/918 941/941/919 942/942/920
f 940/940/918 942/942/920 943/943/921
f 944/944/922 936/936/914 939/939/917
f 944/944/922 939/939/917 945/945/923
f 946/946/924 940/940/918 943/943/921
f 946/946/924 943/943/921 947/947/925
f 948/948/926 949/949/927 950/950/928
f 948/948/926 950/950/928 951/951/929
f 949/949/927 944/944/922 945/945/923
f 949/949/927 945/945/923 950/950/928
f 952/952/930 953/953/931 954/954/932
f 952/952/930 954/954/932 955/955/933
f 956/956/934 948/948/926 951/951/929
f 956/956/934 951/951/929 957/957/935
f 958/958/936 959/959/937 960/960/938
f 958/958/936 960/960/938 961/961/939
f 962/962/940 952/952/930 955/955/933
f 962/962/940 955/955/933 963/963/941
f 964/964/942 956/956/934 957/957/935
f 964/964/942 957/957/935 965/965/943
f 953/953/931 946/946/924 947/947/925
f 953/953/931 947/947/925 954/954/932
f 966/966/944 962/962/940 963/963/941
f 966/966/944 963/963/941 967/967/945
f 968/968/946 964/964/942 965/965/943
f 968/968/946 965/965/943 969/969/947
f 970/970/948 971/971/949 972/972/950
f 970/970/948 972/972/950 973/973/951
f 974/974/952 966/966/944 967/967/945
f 974/974/952 967/967/945 975/975/953
f 976/976/954 977/977/955 978/978/956
f 976/976/954 978/978/956 979/979/957
f 980/980/958 981/981/959 982/982/960
f 980/980/958 982/982/960 983/983/961
f 971/971/949 984/984/962 985/985/963
f 971/971/949 985/985/963 972/972/950
f 986/986/964 976/976/954 979/979/957
f 986/986/964 979/979/957 987/987/965
f 988/988/966 970/970/948 973/973/951
f 988/988/966 973/973/951 989/989/967
f 990/990/968 986/986/964 987/987/965
f 990/990/968 987/987/965 991/991/969
f 992/992/970 988/988/966 989/989/967
f 992/992/970 989/989/967 993/993/971
f 994/994/972 990/990/968 991/991/969
f 994/994/972 991/991/969 995/995/973
f 996/996/974 992/992/970 993/993/971
f 996/996/974 993/993/971 997/997/975
f 959/959/937 994/994/972 995/995/973
f 959/959/937 995/995/973 960/960/938
f 981/981/959 996/996/974 997/997/975
f 981/981/959 997/997/975 982/982/960
f 998/998/976 958/958/936 961/961/939
f 998/998/976 961/961/939 999/999/977
f 1000/1000/978 980/980/958 983/983/961
f 1000/1000/978 983/983/961 1001/1001/979
f 861/861/839 998/998/976 999/999/977
f 861/861/839 999/999/977 862/862/840
f 937/937/915 1002/1002/980 1003/1003/981
f 937/937/915 1003/1003/981 938/938/916
f 1004/1004/982 768/768/746 755/755/733
f 1004/1004/982 755/755/733 1005/1005/983
f 1006/1006/984 1007/1007/985 1008/1008/986
f 1006/1006/984 1008/1008/986 1009/1009/987
f 1010/1010/988 1011/1011/989 1012/1012/990
f 1010/1010/988 1012/1012/990 1013/1013/991
f 1014/1014/992 932/932/910 935/935/913
f 1014/1014/992 935/935/913 1015/1015/993
f 1016/1016/994 1006/1006/984 1009/1009/987
f 1016/1016/994 1009/1009/987 1017/1017/995
f 933/933/911 1018/1018/996 1019/1019/997
f 933/933/911 1019/1019/997 934/934/912
f 1020/1020/998 1014/1014/992 1015/1015/993
f 1020/1020/998 1015/1015/993 1021/1021/999
f 1022/1022/1000 1016/1016/994 1017/1017/995
f 1022/1022/1000 1017/1017/995 1023/1023/1001
f 1024/1024/1002 1025/1025/1003 1005/1005/983
f 1024/1024/1002 1005/1005/983 1026/1026/1004
f 1027/1027/1005 1020/1020/998 1021/1021/999
f 1027/1027/1005 1021/1021/999 1028/1028/1006
f 1029/1029/1007 1030/1030/1008 1031/1031/1009
f 1029/1029/1007 1031/1031/1009 1032/1032/1010
f 1033/1033/1011 1034/1034/1012 1035/1035/1013
f 1033/1033/1011 1035/1035/1013 1036/1036/1014
f 1025/1025/1003 1037/1037/1015 1004/1004/982
f 1025/1025/1003 1004/1004/982 1005/1005/983
f 1038/1038/1016 1029/1029/1007 1032/1032/1010
f 1038/1038/1016 1032/1032/1010 1039/1039/1017
f 1040/1040/1018 1024/1024/1002 1026/1026/1004
f 1040/1040/1018 1026/1026/1004 1041/1041/1019
f 1042/1042/1020 1038/1038/1016 1039/1039/1017
f 1042/1042/1020 1039/1039/1017 1043/1043/1021
f 1044/1044/1022 1040/1040/1018 1041/1041/1019
f 1044/1044/1022 1041/1041/1019 1045/1045/1023
f 1046/1046/1024 1042/1042/1020 1043/1043/1021
f 1046/1046/1024 1043/1043/1021 1047/1047/1025
f 1048/1048/1026 1044/1044/1022 1045/1045/1023
f 1048/1048/1026 1045/1045/1023 1049/1049/1027
f 1011/1011/989 1046/1046/1024 1047/1047/1025
f 1011/1011/989 1047/1047/1025 1012/1012/990
f 1034/1034/1012 1048/1048/1026 1049/1049/1027
f 1034/1034/1012 1049/1049/1027 1035/1035/1013
f 1050/1050/1028 1010/1010/988 1013/1013/991
f 1050/1050/1028 1013/1013/991 1051/1051/1029
f 1052/1052/1030 1033/1033/1011 1036/1036/1014
f 1052/1052/1030 1036/1036/1014 1053/1053/1031
f 1054/1054/1032 1050/1050/1028 1051/1051/1029
f 1054/1054/1032 1051/1051/1029 1055/1055/1033
f 1056/1056/1034 1057/1057/1035 1058/1058/1036
f 1056/1056/1034 1058/1058/1036 1059/1059/1037
f 1060/1060/1038 1061/1061/1039 1062/1062/1040
f 1060/1060/1038 1062/1062/1040 1063/1063/1041
f 1064/1064/1042 1056/1056/1034 1059/1059/1037
f 1064/1064/1042 1059/1059/1037 1065/1065/1043
f 1066/1066/1044 1060/1060/1038 1063/1063/1041
f 1066/1066/1044 1063/1063/1041 1067/1067/1045
f 1068/1068/1046 1064/1064/1042 1065/1065/1043
f 1068/1068/1046 1065/1065/1043 1069/1069/1047
f 1018/1018/996 1066/1066/1044 1067/1067/1045
f 1018/1018/996 1067/1067/1045 1019/1019/997
f 1007/1007/985 1070/1070/1048 1071/1071/1049
f 1007/1007/985 1071/1071/1049 1008/1008/986
f 1070/1070/1048 1068/1068/1046 1069/1069/1047
f 1070/1070/1048 1069/1069/1047 1071/1071/1049
f 1032/1032/1010 767/767/745 766/766/744
f 1032/1032/1010 766/766/744 1039/1039/1017
f 1026/1026/1004 754/754/732 764/764/742
f 1026/1026/1004 764/764/742 1041/1041/1019
f 1039/1039/1017 766/766/744 765/765/743
f 1039/1039/1017 765/765/743 1043/1043/1021
f 1041/1041/1019 764/764/742 762/762/740
f 1041/1041/1019 762/762/740 1045/1045/1023
f 1043/1043/1021 765/765/743 763/763/741
f 1043/1043/1021 763/763/741 1047/1047/1025
f 1045/1045/1023 762/762/740 760/760/738
f 1045/1045/1023 760/760/738 1049/1049/1027
f 1047/1047/1025 763/763/741 761/761/739
f 1047/1047/1025 761/761/739 1012/1012/990
f 1049/1049/1027 760/760/738 759/759/737
f 1049/1049/1027 759/759/737 1035/1035/1013
f 1013/1013/991 758/758/736 753/753/731
f 1013/1013/991 753/753/731 1051/1051/1029
f 1036/1036/1014 757/757/735 756/756/734
f 1036/1036/1014 756/756/734 1053/1053/1031
f 1051/1051/1029 753/753/731 752/752/730
f 1051/1051/1029 752/752/730 1055/1055/1033
f 1058/1058/1036 678/678/658 677/677/657
f 1058/1058/1036 677/677/657 1059/1059/1037
f 1062/1062/1040 785/785/763 784/784/762
f 1062/1062/1040 784/784/762 1063/1063/1041
f 1059/1059/1037 677/677/657 783/783/761
f 1059/1059/1037 783/783/761 1065/1065/1043
f 1063/1063/1041 784/784/762 782/782/760
f 1063/1063/1041 782/782/760 1067/1067/1045
f 1065/1065/1043 783/783/761 781/781/759
f 1065/1065/1043 781/781/759 1069/1069/1047
f 1067/1067/1045 782/782/760 779/779/757
f 1067/1067/1045 779/779/757 1019/1019/997
f 1069/1069/1047 781/781/759 780/780/758
f 1069/1069/1047 780/780/758 1071/1071/1049
f 934/934/912 778/778/756 776/776/754
f 934/934/912 776/776/754 935/935/913
f 1008/1008/986 777/777/755 775/775/753
f 1008/1008/986 775/775/753 1009/1009/987
f 1012/1012/990 761/761/739 758/758/736
f 1012/1012/990 758/758/736 1013/1013/991
f 935/935/913 776/776/754 774/774/752
f 935/935/913 774/774/752 1015/1015/993
f 1009/1009/987 775/775/753 773/773/751
f 1009/1009/987 773/773/751 1017/1017/995
f 1019/1019/997 779/779/757 778/778/756
f 1019/1019/997 778/778/756 934/934/912
f 1015/1015/993 774/774/752 771/771/749
f 1015/1015/993 771/771/749 1021/1021/999
f 1017/1017/995 773/773/751 772/772/750
f 1017/1017/995 772/772/750 1023/1023/1001
f 1005/1005/983 755/755/733 754/754/732
f 1005/1005/983 754/754/732 1026/1026/1004
f 1021/1021/999 771/771/749 770/770/748
f 1021/1021/999 770/770/748 1028/1028/1006
f 1031/1031/1009 769/769/747 767/767/745
f 1031/1031/1009 767/767/745 1032/1032/1010
f 1035/1035/1013 759/759/737 757/757/735
f 1035/1035/1013 757/757/735 1036/1036/1014
f 1071/1071/1049 780/780/758 777/777/755
f 1071/1071/1049 777/777/755 1008/1008/986
f 1072/1072/1050 1073/1073/1051 1074/1074/1052
f 1072/1072/1050 1074/1074/1052 1075/1075/1053
f 1076/1076/1054 1077/1077/1055 1078/1078/1056
f 1076/1076/1054 1078/1078/1056 1079/1079/1057
f 1073/1073/1051 1080/1080/1058 1081/1081/1059
f 1073/1073/1051 1081/1081/1059 1074/1074/1052
f 1077/1077/1055 1082/1082/1060 1083/1083/1061
f 1077/1077/1055 1083/1083/1061 1078/1078/1056
f 1084/1084/1062 1085/1085/1063 1086/1086/1064
f 1084/1084/1062 1086/1086/1064 1087/1087/1065
f 1088/1088/1066 1089/1089/1067 1090/1090/1068
f 1088/1088/1066 1090/1090/1068 1091/1091/1069
f 1085/1085/1063 1092/1092/1070 1093/1093/1071
f 1085/1085/1063 1093/1093/1071 1086/1086/1064
f 1089/1089/1067 1094/1094/1072 1095/1095/1073
f 1089/1089/1067 1095/1095/1073 1090/1090/1068
f 1092/1092/1070 1096/1096/1074 1097/1097/1075
f 1092/1092/1070 1097/1097/1075 1093/1093/1071
f 1094/1094/1072 1098/1098/1076 1099/1099/1077
f 1094/1094/1072 1099/1099/1077 1095/1095/1073
f 1096/1096/1074 1100/1100/1078 1101/1101/1079
f 1096/1096/1074 1101/1101/1079 1097/1097/1075
f 1098/1098/1076 1102/1102/1080 1103/1103/1081
f 1098/1098/1076 1103/1103/1081 1099/1099/1077
f 1104/1104/1082 1105/1105/1083 1106/1106/1084
f 1104/1104/1082 1106/1106/1084 1107/1107/1085
f 1080/1080/1058 1084/1084/1062 1087/1087/1065
f 1080/1080/1058 1087/1087/1065 1081/1081/1059
f 1102/1102/1080 1108/1108/1086 1109/1109/1087
f 1102/1102/1080 1109/1109/1087 1103/1103/1081
f 1105/1105/1083 1110/1110/1088 1111/1111/1089
f 1105/1105/1083 1111/1111/1089 1106/1106/1084
f 1100/1100/1078 1104/1104/1082 1107/1107/1085
f 1100/1100/1078 1107/1107/1085 1101/1101/1079
f 1108/1108/1086 1112/1112/1090 1113/1113/1091
f 1108/1108/1086 1113/1113/1091 1109/1109/1087
f 1114/1114/1092 1115/1115/1093 1116/1116/1094
f 1114/1114/1092 1116/1116/1094 1117/1117/1095
f 1118/1118/1096 1119/1119/1097 1120/1120/1098
f 1118/1118/1096 1120/1120/1098 1121/1121/1099
f 1122/1122/1100 1123/1123/1101 1124/1124/1102
f 1122/1122/1100 1124/1124/1102 1125/1125/1103
f 1115/1115/1093 1126/1126/1104 1127/1127/1105
f 1115/1115/1093 1127/1127/1105 1116/1116/1094
f 1082/1082/1060 1088/1088/1066 1091/1091/1069
f 1082/1082/1060 1091/1091/1069 1083/1083/1061
f 1123/1123/1101 1128/1128/1106 1129/1129/1107
f 1123/1123/1101 1129/1129/1107 1124/1124/1102
f 1126/1126/1104 1118/1118/1096 1121/1121/1099
f 1126/1126/1104 1121/1121/1099 1127/1127/1105
f 1130/1130/1108 1131/1131/1109 1132/1132/1110
f 1130/1130/1108 1132/1132/1110 1133/1133/1111
f 1128/1128/1106 1130/1130/1108 1133/1133/1111
f 1128/1128/1106 1133/1133/1111 1129/1129/1107
f 1119/1119/1097 1134/1134/1112 1135/1135/1113
f 1119/1119/1097 1135/1135/1113 1120/1120/1098
f 1131/1131/1109 1136/1136/1114 1137/1137/1115
f 1131/1131/1109 1137/1137/1115 1132/1132/1110
f 1134/1134/1112 1138/1138/1116 1139/1139/1117
f 1134/1134/1112 1139/1139/1117 1135/1135/1113
f 1136/1136/1114 1140/1140/1118 1141/1141/1119
f 1136/1136/1114 1141/1141/1119 1137/1137/1115
f 1142/1142/1120 1076/1076/1054 1079/1079/1057
f 1142/1142/1120 1079/1079/1057 1143/1143/1121
f 1075/1075/1053 1074/1074/1052 1000/1000/978
f 1075/1075/1053 1000/1000/978 1144/1144/1122
f 1079/1079/1057 1078/1078/1056 998/998/976
f 1079/1079/1057 998/998/976 861/861/839
f 1074/1074/1052 1081/1081/1059 980/980/958
f 1074/1074/1052 980/980/958 1000/1000/978
f 1078/1078/1056 1083/1083/1061 958/958/936
f 1078/1078/1056 958/958/936 998/998/976
f 1087/1087/1065 1086/1086/1064 996/996/974
f 1087/1087/1065 996/996/974 981/981/959
f 1091/1091/1069 1090/1090/1068 994/994/972
f 1091/1091/1069 994/994/972 959/959/937
f 1086/1086/1064 1093/1093/1071 992/992/970
f 1086/1086/1064 992/992/970 996/996/974
f 1090/1090/1068 1095/1095/1073 990/990/968
f 1090/1090/1068 990/990/968 994/994/972
f 1093/1093/1071 1097/1097/1075 988/988/966
f 1093/1093/1071 988/988/966 992/992/970
f 1095/1095/1073 1099/1099/1077 986/986/964
f 1095/1095/1073 986/986/964 990/990/968
f 1097/1097/1075 1101/1101/1079 970/970/948
f 1097/1097/1075 970/970/948 988/988/966
f 1099/1099/1077 1103/1103/1081 976/976/954
f 1099/1099/1077 976/976/954 986/986/964
f 1107/1107/1085 1106/1106/1084 984/984/962
f 1107/1107/1085 984/984/962 971/971/949
f 1081/1081/1059 1087/1087/1065 981/981/959
f 1081/1081/1059 981/981/959 980/980/958
f 1103/1103/1081 1109/1109/1087 977/977/955
f 1103/1103/1081 977/977/955 976/976/954
f 1106/1106/1084 1111/1111/1089 1145/1145/1123
f 1106/1106/1084 1145/1145/1123 984/984/962
f 1101/1101/1079 1107/1107/1085 971/971/949
f 1101/1101/1079 971/971/949 970/970/948
f 1109/1109/1087 1113/1113/1091 1146/1146/1124
f 1109/1109/1087 1146/1146/1124 977/977/955
f 1147/1147/1125 1148/1148/1126 962/962/940
f 1147/1147/1125 962/962/940 966/966/944
f 1149/1149/1127 1150/1150/1128 946/946/924
f 1149/1149/1127 946/946/924 953/953/931
f 1151/1151/1129 1152/1152/1130 956/956/934
f 1151/1151/1129 956/956/934 964/964/942
f 1148/1148/1126 1153/1153/1131 952/952/930
f 1148/1148/1126 952/952/930 962/962/940
f 1083/1083/1061 1091/1091/1069 959/959/937
f 1083/1083/1061 959/959/937 958/958/936
f 1152/1152/1130 1154/1154/1132 948/948/926
f 1152/1152/1130 948/948/926 956/956/934
f 1153/1153/1131 1149/1149/1127 953/953/931
f 1153/1153/1131 953/953/931 952/952/930
f 1155/1155/1133 1156/1156/1134 944/944/922
f 1155/1155/1133 944/944/922 949/949/927
f 1154/1154/1132 1155/1155/1133 949/949/927
f 1154/1154/1132 949/949/927 948/948/926
f 1150/1150/1128 1157/1157/1135 940/940/918
f 1150/1150/1128 940/940/918 946/946/924
f 1156/1156/1134 1158/1158/1136 936/936/914
f 1156/1156/1134 936/936/914 944/944/922
f 1157/1157/1135 1159/1159/1137 941/941/919
f 1157/1157/1135 941/941/919 940/940/918
f 1158/1158/1136 1160/1160/1138 937/937/915
f 1158/1158/1136 937/937/915 936/936/914
f 1143/1143/1121 1079/1079/1057 861/861/839
f 1143/1143/1121 861/861/839 860/860/838
f 885/885/863 884/884/862 1161/1161/1139
f 885/885/863 1161/1161/1139 1138/1138/1116
f 887/887/865 881/881/859 1140/1140/1118
f 887/887/865 1140/1140/1118 1136/1136/1114
f 889/889/867 885/885/863 1138/1138/1116
f 889/889/867 1138/1138/1116 1134/1134/1112
f 891/891/869 887/887/865 1136/1136/1114
f 891/891/869 1136/1136/1114 1131/1131/1109
f 893/893/871 889/889/867 1134/1134/1112
f 893/893/871 1134/1134/1112 1119/1119/1097
f 897/897/875 896/896/874 1130/1130/1108
f 897/897/875 1130/1130/1108 1128/1128/1106
f 896/896/874 891/891/869 1131/1131/1109
f 896/896/874 1131/1131/1109 1130/1130/1108
f 901/901/879 900/900/878 1118/1118/1096
f 901/901/879 1118/1118/1096 1126/1126/1104
f 903/903/881 897/897/875 1128/1128/1106
f 903/903/881 1128/1128/1106 1123/1123/1101
f 870/870/848 825/825/803 1088/1088/1066
f 870/870/848 1088/1088/1066 1082/1082/1060
f 905/905/883 901/901/879 1126/1126/1104
f 905/905/883 1126/1126/1104 1115/1115/1093
f 907/907/885 903/903/881 1123/1123/1101
f 907/907/885 1123/1123/1101 1122/1122/1100
f 900/900/878 893/893/871 1119/1119/1097
f 900/900/878 1119/1119/1097 1118/1118/1096
f 909/909/887 905/905/883 1115/1115/1093
f 909/909/887 1115/1115/1093 1114/1114/1092
f 911/911/889 907/907/885 1122/1122/1100
f 911/911/889 1122/1122/1100 1162/1162/1140
f 915/915/893 914/914/892 1104/1104/1082
f 915/915/893 1104/1104/1082 1100/1100/1078
f 917/917/895 909/909/887 1114/1114/1092
f 917/917/895 1114/1114/1092 1163/1163/1141
f 921/921/899 920/920/898 1108/1108/1086
f 921/921/899 1108/1108/1086 1102/1102/1080
f 874/874/852 867/867/845 1084/1084/1062
f 874/874/852 1084/1084/1062 1080/1080/1058
f 914/914/892 923/923/901 1105/1105/1083
f 914/914/892 1105/1105/1083 1104/1104/1082
f 925/925/903 921/921/899 1102/1102/1080
f 925/925/903 1102/1102/1080 1098/1098/1076
f 927/927/905 915/915/893 1100/1100/1078
f 927/927/905 1100/1100/1078 1096/1096/1074
f 929/929/907 925/925/903 1098/1098/1076
f 929/929/907 1098/1098/1076 1094/1094/1072
f 931/931/909 927/927/905 1096/1096/1074
f 931/931/909 1096/1096/1074 1092/1092/1070
f 824/824/802 929/929/907 1094/1094/1072
f 824/824/802 1094/1094/1072 1089/1089/1067
f 866/866/844 931/931/909 1092/1092/1070
f 866/866/844 1092/1092/1070 1085/1085/1063
f 825/825/803 824/824/802 1089/1089/1067
f 825/825/803 1089/1089/1067 1088/1088/1066
f 867/867/845 866/866/844 1085/1085/1063
f 867/867/845 1085/1085/1063 1084/1084/1062
f 871/871/849 870/870/848 1082/1082/1060
f 871/871/849 1082/1082/1060 1077/1077/1055
f 875/875/853 874/874/852 1080/1080/1058
f 875/875/853 1080/1080/1058 1073/1073/1051
f 877/877/855 871/871/849 1077/1077/1055
f 877/877/855 1077/1077/1055 1076/1076/1054
f 881/881/859 880/880/858 1164/1164/1142
f 881/881/859 1164/1164/1142 1140/1140/1118
f 950/950/928 945/945/923 1068/1068/1046
f 950/950/928 1068/1068/1046 1070/1070/1048
f 951/951/929 950/950/928 1070/1070/1048
f 951/951/929 1070/1070/1048 1007/1007/985
f 947/947/925 943/943/921 1066/1066/1044
f 947/947/925 1066/1066/1044 1018/1018/996
f 945/945/923 939/939/917 1064/1064/1042
f 945/945/923 1064/1064/1042 1068/1068/1046
f 943/943/921 942/942/920 1060/1060/1038
f 943/943/921 1060/1060/1038 1066/1066/1044
f 939/939/917 938/938/916 1056/1056/1034
f 939/939/917 1056/1056/1034 1064/1064/1042
f 942/942/920 1165/1165/1143 1061/1061/1039
f 942/942/920 1061/1061/1039 1060/1060/1038
f 938/938/916 1003/1003/981 1057/1057/1035
f 938/938/916 1057/1057/1035 1056/1056/1034
f 862/862/840 999/999/977 1050/1050/1028
f 862/862/840 1050/1050/1028 1054/1054/1032
f 1001/1001/979 983/983/961 1033/1033/1011
f 1001/1001/979 1033/1033/1011 1052/1052/1030
f 999/999/977 961/961/939 1010/1010/988
f 999/999/977 1010/1010/988 1050/1050/1028
f 982/982/960 997/997/975 1048/1048/1026
f 982/982/960 1048/1048/1026 1034/1034/1012
f 960/960/938 995/995/973 1046/1046/1024
f 960/960/938 1046/1046/1024 1011/1011/989
f 997/997/975 993/993/971 1044/1044/1022
f 997/997/975 1044/1044/1022 1048/1048/1026
f 995/995/973 991/991/969 1042/1042/1020
f 995/995/973 1042/1042/1020 1046/1046/1024
f 993/993/971 989/989/967 1040/1040/1018
f 993/993/971 1040/1040/1018 1044/1044/1022
f 991/991/969 987/987/965 1038/1038/1016
f 991/991/969 1038/1038/1016 1042/1042/1020
f 989/989/967 973/973/951 1024/1024/1002
f 989/989/967 1024/1024/1002 1040/1040/1018
f 987/987/965 979/979/957 1029/1029/1007
f 987/987/965 1029/1029/1007 1038/1038/1016
f 972/972/950 985/985/963 1037/1037/1015
f 972/972/950 1037/1037/1015 1025/1025/1003
f 983/983/961 982/982/960 1034/1034/1012
f 983/983/961 1034/1034/1012 1033/1033/1011
f 979/979/957 978/978/956 1030/1030/1008
f 979/979/957 1030/1030/1008 1029/1029/1007
f 975/975/953 967/967/945 1020/1020/998
f 975/975/953 1020/1020/998 1027/1027/1005
f 973/973/951 972/972/950 1025/1025/1003
f 973/973/951 1025/1025/1003 1024/1024/1002
f 969/969/947 965/965/943 1016/1016/994
f 969/969/947 1016/1016/994 1022/1022/1000
f 967/967/945 963/963/941 1014/1014/992
f 967/967/945 1014/1014/992 1020/1020/998
f 954/954/932 947/947/925 1018/1018/996
f 954/954/932 1018/1018/996 933/933/911
f 965/965/943 957/957/935 1006/1006/984
f 965/965/943 1006/1006/984 1016/1016/994
f 963/963/941 955/955/933 932/932/910
f 963/963/941 932/932/910 1014/1014/992
f 961/961/939 960/960/938 1011/1011/989
f 961/961/939 1011/1011/989 1010/1010/988
f 957/957/935 951/951/929 1007/1007/985
f 957/957/935 1007/1007/985 1006/1006/984
f 955/955/933 954/954/932 933/933/911
f 955/955/933 933/933/911 932/932/910
f 831/831/809 829/829/807 930/930/908
f 831/831/809 930/930/908 865/865/843
f 830/830/808 828/828/806 928/928/906
f 830/830/808 928/928/906 823/823/801
f 829/829/807 827/827/805 926/926/904
f 829/829/807 926/926/904 930/930/908
f 828/828/806 789/789/767 924/924/902
f 828/828/806 924/924/902 928/928/906
f 827/827/805 826/826/804 912/912/890
f 827/827/805 912/912/890 926/926/904
f 789/789/767 788/788/766 918/918/896
f 789/789/767 918/918/896 924/924/902
f 856/856/834 859/859/837 922/922/900
f 856/856/834 922/922/900 913/913/891
f 836/836/814 833/833/811 864/864/842
f 836/836/814 864/864/842 873/873/851
f 788/788/766 858/858/836 919/919/897
f 788/788/766 919/919/897 918/918/896
f 857/857/835 854/854/832 908/908/886
f 857/857/835 908/908/886 916/916/894
f 826/826/804 856/856/834 913/913/891
f 826/826/804 913/913/891 912/912/890
f 855/855/833 853/853/831 906/906/884
f 855/855/833 906/906/884 910/910/888
f 854/854/832 852/852/830 904/904/882
f 854/854/832 904/904/882 908/908/886
f 849/849/827 846/846/824 892/892/870
f 849/849/827 892/892/870 899/899/877
f 853/853/831 851/851/829 902/902/880
f 853/853/831 902/902/880 906/906/884
f 852/852/830 850/850/828 898/898/876
f 852/852/830 898/898/876 904/904/882
f 834/834/812 832/832/810 822/822/800
f 834/834/812 822/822/800 869/869/847
f 851/851/829 848/848/826 894/894/872
f 851/851/829 894/894/872 902/902/880
f 850/850/828 849/849/827 899/899/877
f 850/850/828 899/899/877 898/898/876
f 847/847/825 845/845/823 890/890/868
f 847/847/825 890/890/868 895/895/873
f 848/848/826 847/847/825 895/895/873
f 848/848/826 895/895/873 894/894/872
f 846/846/824 844/844/822 888/888/866
f 846/846/824 888/888/866 892/892/870
f 845/845/823 843/843/821 886/886/864
f 845/845/823 886/886/864 890/890/868
f 844/844/822 842/842/820 882/882/860
f 844/844/822 882/882/860 888/888/866
f 843/843/821 840/840/818 878/878/856
f 843/843/821 878/878/856 886/886/864
f 842/842/820 841/841/819 883/883/861
f 842/842/820 883/883/861 882/882/860
f 840/840/818 839/839/817 879/879/857
f 840/840/818 879/879/857 878/878/856
f 838/838/816 835/835/813 868/868/846
f 838/838/816 868/868/846 876/876/854
f 837/837/815 836/836/814 873/873/851
f 837/837/815 873/873/851 872/872/850
f 835/835/813 834/834/812 869/869/847
f 835/835/813 869/869/847 868/868/846
f 833/833/811 831/831/809 865/865/843
f 833/833/811 865/865/843 864/864/842
f 832/832/810 830/830/808 823/823/801
f 832/832/810 823/823/801 822/822/800
f 1166/1166/1144 1167/1167/1144 1168/1168/1144
f 1169/1169/1145 1170/1170/1145 1171/1171/1145
f 1169/1169/1146 1171/1171/1146 1172/1172/1146
f 1173/1173/1147 1174/1174/1148 1175/1175/1149
f 1173/1173/1147 1175/1175/1149 1176/1176/1150
f 1177/1177/1151 1178/1178/1152 1179/1179/1153
f 1177/1177/1151 1179/1179/1153 1180/1180/1154
f 1181/1181/1155 1182/1182/1156 1183/1183/1157
f 1181/1181/1155 1183/1183/1157 1184/1184/1158
f 1185/1185/1159 1186/1186/1160 1173/1173/1147
f 1185/1185/1159 1173/1173/1147 1187/1187/1161
f 1188/1188/1162 1189/1189/1163 1178/1178/1152
f 1188/1188/1162 1178/1178/1152 1177/1177/1151
f 1190/1190/1164 1176/1176/1150 1191/1191/1165
f 1190/1190/1164 1191/1191/1165 1192/1192/1166
f 1193/1193/1167 1194/1194/1168 1186/1186/1160
f 1193/1193/1167 1186/1186/1160 1185/1185/1159
f 1195/1195/1169 1196/1196/1170 1189/1189/1163
f 1195/1195/1169 1189/1189/1163 1188/1188/1162
f 1197/1197/1171 1198/1198/1172 1199/1199/1173
f 1197/1197/1171 1199/1199/1173 1200/1200/1174
f 1201/1201/1175 1202/1202/1176 1194/1194/1168
f 1201/1201/1175 1194/1194/1168 1193/1193/1167
f 1203/1203/1177 1204/1204/1178 1205/1205/1179
f 1203/1203/1177 1205/1205/1179 1206/1206/1180
f 1207/1207/1181 1208/1208/1182 1209/1209/1183
f 1207/1207/1181 1209/1209/1183 1210/1210/1184
f 1200/1200/1174 1199/1199/1173 1211/1211/1185
f 1200/1200/1174 1211/1211/1185 1212/1212/1186
f 1213/1213/1187 1214/1214/1188 1204/1204/1178
f 1213/1213/1187 1204/1204/1178 1203/1203/1177
f 1215/1215/1189 1216/1216/1190 1198/1198/1172
f 1215/1215/1189 1198/1198/1172 1197/1197/1171
f 1217/1217/1191 1218/1218/1192 1214/1214/1188
f 1217/1217/1191 1214/1214/1188 1213/1213/1187
f 1219/1219/1193 1220/1220/1194 1216/1216/1190
f 1219/1219/1193 1216/1216/1190 1215/1215/1189
f 1221/1221/1195 1222/1222/1196 1218/1218/1192
f 1221/1221/1195 1218/1218/1192 1217/1217/1191
f 1223/1223/1197 1224/1224/1198 1220/1220/1194
f 1223/1223/1197 1220/1220/1194 1219/1219/1193
f 1184/1184/1158 1183/1183/1157 1222/1222/1196
f 1184/1184/1158 1222/1222/1196 1221/1221/1195
f 1210/1210/1184 1209/1209/1183 1224/1224/1198
f 1210/1210/1184 1224/1224/1198 1223/1223/1197
f 1225/1225/1199 1226/1226/1200 1182/1182/1156
f 1225/1225/1199 1182/1182/1156 1181/1181/1155
f 1227/1227/1201 1228/1228/1202 1208/1208/1182
f 1227/1227/1201 1208/1208/1182 1207/1207/1181
f 1229/1229/1203 1230/1230/1204 1226/1226/1200
f 1229/1229/1203 1226/1226/1200 1225/1225/1199
f 1231/1231/1205 1232/1232/1206 1233/1233/1207
f 1231/1231/1205 1233/1233/1207 1234/1234/1208
f 1235/1235/1209 1236/1236/1210 1237/1237/1211
f 1235/1235/1209 1237/1237/1211 1238/1238/1212
f 1239/1239/1213 1240/1240/1214 1232/1232/1206
f 1239/1239/1213 1232/1232/1206 1231/1231/1205
f 1241/1241/1215 1242/1242/1216 1236/1236/1210
f 1241/1241/1215 1236/1236/1210 1235/1235/1209
f 1243/1243/1217 1244/1244/1218 1240/1240/1214
f 1243/1243/1217 1240/1240/1214 1239/1239/1213
f 1192/1192/1166 1191/1191/1165 1242/1242/1216
f 1192/1192/1166 1242/1242/1216 1241/1241/1215
f 1180/1180/1154 1179/1179/1153 1245/1245/1219
f 1180/1180/1154 1245/1245/1219 1246/1246/1220
f 1246/1246/1220 1245/1245/1219 1244/1244/1218
f 1246/1246/1220 1244/1244/1218 1243/1243/1217
f 1187/1187/1161 1173/1173/1147 1176/1176/1150
f 1187/1187/1161 1176/1176/1150 1190/1190/1164
f 1247/1247/1221 1248/1248/1222 1249/1249/1223
f 1247/1247/1221 1249/1249/1223 1250/1250/1224
f 1251/1251/1225 1252/1252/1226 1253/1253/1227
f 1251/1251/1225 1253/1253/1227 1254/1254/1228
f 1255/1255/1229 1256/1256/1230 1257/1257/1231
f 1255/1255/1229 1257/1257/1231 1258/1258/1232
f 1259/1259/1233 1260/1260/1234 1261/1261/1235
f 1259/1259/1233 1261/1261/1235 1262/1262/1236
f 1263/1263/1237 1264/1264/1238 1252/1252/1226
f 1263/1263/1237 1252/1252/1226 1251/1251/1225
f 1265/1265/1239 1266/1266/1240 1267/1267/1241
f 1265/1265/1239 1267/1267/1241 1268/1268/1242
f 1269/1269/1243 1270/1270/1244 1264/1264/1238
f 1269/1269/1243 1264/1264/1238 1263/1263/1237
f 1271/1271/1245 1272/1272/1246 1266/1266/1240
f 1271/1271/1245 1266/1266/1240 1265/1265/1239
f 1273/1273/1247 1274/1274/1248 1270/1270/1244
f 1273/1273/1247 1270/1270/1244 1269/1269/1243
f 1275/1275/1249 1276/1276/1250 1272/1272/1246
f 1275/1275/1249 1272/1272/1246 1271/1271/1245
f 1277/1277/1251 1278/1278/1252 1274/1274/1248
f 1277/1277/1251 1274/1274/1248 1273/1273/1247
f 1258/1258/1232 1257/1257/1231 1276/1276/1250
f 1258/1258/1232 1276/1276/1250 1275/1275/1249
f 1279/1279/1253 1280/1280/1254 1281/1281/1255
f 1279/1279/1253 1281/1281/1255 1282/1282/1256
f 1283/1283/1257 1284/1284/1258 1256/1256/1230
f 1283/1283/1257 1256/1256/1230 1255/1255/1229
f 1285/1285/1259 1286/1286/1260 1280/1280/1254
f 1285/1285/1259 1280/1280/1254 1279/1279/1253
f 1287/1287/1261 1288/1288/1262 1289/1289/1263
f 1287/1287/1261 1289/1289/1263 1290/1290/1264
f 1291/1291/1265 1292/1292/1266 1293/1293/1267
f 1291/1291/1265 1293/1293/1267 1294/1294/1268
f 1295/1295/1269 1296/1296/1270 1288/1288/1262
f 1295/1295/1269 1288/1288/1262 1287/1287/1261
f 1297/1297/1271 1298/1298/1272 1292/1292/1266
f 1297/1297/1271 1292/1292/1266 1291/1291/1265
f 1299/1299/1273 1300/1300/1274 1296/1296/1270
f 1299/1299/1273 1296/1296/1270 1295/1295/1269
f 1301/1301/1275 1302/1302/1276 1298/1298/1272
f 1301/1301/1275 1298/1298/1272 1297/1297/1271
f 1303/1303/1277 1304/1304/1278 1305/1305/1279
f 1303/1303/1277 1305/1305/1279 1306/1306/1280
f 1306/1306/1280 1305/1305/1279 1300/1300/1274
f 1306/1306/1280 1300/1300/1274 1299/1299/1273
f 1307/1307/1281 1308/1308/1282 1309/1309/1283
f 1307/1307/1281 1309/1309/1283 1310/1310/1284
f 1311/1311/1285 1312/1312/1286 1304/1304/1278
f 1311/1311/1285 1304/1304/1278 1303/1303/1277
f 1282/1282/1256 1281/1281/1255 1278/1278/1252
f 1282/1282/1256 1278/1278/1252 1277/1277/1251
f 1313/1313/1287 1314/1314/1288 1308/1308/1282
f 1313/1313/1287 1308/1308/1282 1307/1307/1281
f 1315/1315/1289 1316/1316/1290 1312/1312/1286
f 1315/1315/1289 1312/1312/1286 1311/1311/1285
f 1310/1310/1284 1309/1309/1283 1302/1302/1276
f 1310/1310/1284 1302/1302/1276 1301/1301/1275
f 1250/1250/1224 1249/1249/1223 1314/1314/1288
f 1250/1250/1224 1314/1314/1288 1313/1313/1287
f 1317/1317/1291 1318/1318/1292 1316/1316/1290
f 1317/1317/1291 1316/1316/1290 1315/1315/1289
f 1268/1268/1242 1267/1267/1241 1260/1260/1234
f 1268/1268/1242 1260/1260/1234 1259/1259/1233
f 1319/1319/1293 1320/1320/1294 1321/1321/1295
f 1319/1319/1293 1321/1321/1295 1322/1322/1296
f 1178/1178/1152 1323/1323/1297 1324/1324/1298
f 1178/1178/1152 1324/1324/1298 1179/1179/1153
f 1182/1182/1156 1325/1325/1299 1326/1326/1300
f 1182/1182/1156 1326/1326/1300 1183/1183/1157
f 1186/1186/1160 1327/1327/1301 1174/1174/1148
f 1186/1186/1160 1174/1174/1148 1173/1173/1147
f 1189/1189/1163 1328/1328/1302 1323/1323/1297
f 1189/1189/1163 1323/1323/1297 1178/1178/1152
f 1176/1176/1150 1175/1175/1149 1329/1329/1303
f 1176/1176/1150 1329/1329/1303 1191/1191/1165
f 1194/1194/1168 1330/1330/1304 1327/1327/1301
f 1194/1194/1168 1327/1327/1301 1186/1186/1160
f 1196/1196/1170 1331/1331/1305 1328/1328/1302
f 1196/1196/1170 1328/1328/1302 1189/1189/1163
f 1198/1198/1172 1332/1332/1306 1333/1333/1307
f 1198/1198/1172 1333/1333/1307 1199/1199/1173
f 1202/1202/1176 1334/1334/1308 1330/1330/1304
f 1202/1202/1176 1330/1330/1304 1194/1194/1168
f 1204/1204/1178 1322/1322/1296 1335/1335/1309
f 1204/1204/1178 1335/1335/1309 1205/1205/1179
f 1208/1208/1182 1336/1336/1310 1337/1337/1311
f 1208/1208/1182 1337/1337/1311 1209/1209/1183
f 1199/1199/1173 1333/1333/1307 1338/1338/1312
f 1199/1199/1173 1338/1338/1312 1211/1211/1185
f 1214/1214/1188 1319/1319/1293 1322/1322/1296
f 1214/1214/1188 1322/1322/1296 1204/1204/1178
f 1216/1216/1190 1339/1339/1313 1332/1332/1306
f 1216/1216/1190 1332/1332/1306 1198/1198/1172
f 1218/1218/1192 1340/1340/1314 1319/1319/1293
f 1218/1218/1192 1319/1319/1293 1214/1214/1188
f 1220/1220/1194 1341/1341/1315 1339/1339/1313
f 1220/1220/1194 1339/1339/1313 1216/1216/1190
f 1222/1222/1196 1342/1342/1316 1340/1340/1314
f 1222/1222/1196 1340/1340/1314 1218/1218/1192
f 1224/1224/1198 1343/1343/1317 1341/1341/1315
f 1224/1224/1198 1341/1341/1315 1220/1220/1194
f 1183/1183/1157 1326/1326/1300 1342/1342/1316
f 1183/1183/1157 1342/1342/1316 1222/1222/1196
f 1209/1209/1183 1337/1337/1311 1343/1343/1317
f 1209/1209/1183 1343/1343/1317 1224/1224/1198
f 1226/1226/1200 1344/1344/1318 1325/1325/1299
f 1226/1226/1200 1325/1325/1299 1182/1182/1156
f 1228/1228/1202 1345/1345/1319 1336/1336/1310
f 1228/1228/1202 1336/1336/1310 1208/1208/1182
f 1230/1230/1204 1346/1346/1320 1344/1344/1318
f 1230/1230/1204 1344/1344/1318 1226/1226/1200
f 1232/1232/1206 1347/1347/1321 1348/1348/1322
f 1232/1232/1206 1348/1348/1322 1233/1233/1207
f 1236/1236/1210 1349/1349/1323 1350/1350/1324
f 1236/1236/1210 1350/1350/1324 1237/1237/1211
f 1240/1240/1214 1351/1351/1325 1347/1347/1321
f 1240/1240/1214 1347/1347/1321 1232/1232/1206
f 1242/1242/1216 1352/1352/1326 1349/1349/1323
f 1242/1242/1216 1349/1349/1323 1236/1236/1210
f 1244/1244/1218 1353/1353/1327 1351/1351/1325
f 1244/1244/1218 1351/1351/1325 1240/1240/1214
f 1191/1191/1165 1329/1329/1303 1352/1352/1326
f 1191/1191/1165 1352/1352/1326 1242/1242/1216
f 1179/1179/1153 1324/1324/1298 1354/1354/1328
f 1179/1179/1153 1354/1354/1328 1245/1245/1219
f 1245/1245/1219 1354/1354/1328 1353/1353/1327
f 1245/1245/1219 1353/1353/1327 1244/1244/1218
f 1355/1355/1329 1356/1356/1330 1357/1357/1331
f 1355/1355/1329 1357/1357/1331 1358/1358/1332
f 1339/1339/1313 1359/1359/1333 1360/1360/1334
f 1339/1339/1313 1360/1360/1334 1332/1332/1306
f 1340/1340/1314 1361/1361/1335 1320/1320/1294
f 1340/1340/1314 1320/1320/1294 1319/1319/1293
f 1341/1341/1315 1362/1362/1336 1359/1359/1333
f 1341/1341/1315 1359/1359/1333 1339/1339/1313
f 1342/1342/1316 1363/1363/1337 1361/1361/1335
f 1342/1342/1316 1361/1361/1335 1340/1340/1314
f 1343/1343/1317 1364/1364/1338 1362/1362/1336
f 1343/1343/1317 1362/1362/1336 1341/1341/1315
f 1326/1326/1300 1365/1365/1339 1363/1363/1337
f 1326/1326/1300 1363/1363/1337 1342/1342/1316
f 1337/1337/1311 1366/1366/1340 1364/1364/1338
f 1337/1337/1311 1364/1364/1338 1343/1343/1317
f 1344/1344/1318 1367/1367/1341 1368/1368/1342
f 1344/1344/1318 1368/1368/1342 1325/1325/1299
f 1345/1345/1319 1369/1369/1343 1370/1370/1344
f 1345/1345/1319 1370/1370/1344 1336/1336/1310
f 1346/1346/1320 1371/1371/1345 1367/1367/1341
f 1346/1346/1320 1367/1367/1341 1344/1344/1318
f 1347/1347/1321 1372/1372/1346 1373/1373/1347
f 1347/1347/1321 1373/1373/1347 1348/1348/1322
f 1349/1349/1323 1374/1374/1348 1375/1375/1349
f 1349/1349/1323 1375/1375/1349 1350/1350/1324
f 1351/1351/1325 1376/1376/1350 1372/1372/1346
f 1351/1351/1325 1372/1372/1346 1347/1347/1321
f 1352/1352/1326 1377/1377/1351 1374/1374/1348
f 1352/1352/1326 1374/1374/1348 1349/1349/1323
f 1353/1353/1327 1378/1378/1352 1376/1376/1350
f 1353/1353/1327 1376/1376/1350 1351/1351/1325
f 1329/1329/1303 1379/1379/1353 1377/1377/1351
f 1329/1329/1303 1377/1377/1351 1352/1352/1326
f 1324/1324/1298 1380/1380/1354 1381/1381/1355
f 1324/1324/1298 1381/1381/1355 1354/1354/1328
f 1354/1354/1328 1381/1381/1355 1378/1378/1352
f 1354/1354/1328 1378/1378/1352 1353/1353/1327
f 1174/1174/1148 1382/1382/1356 1383/1383/1357
f 1174/1174/1148 1383/1383/1357 1175/1175/1149
f 1323/1323/1297 1384/1384/1358 1380/1380/1354
f 1323/1323/1297 1380/1380/1354 1324/1324/1298
f 1325/1325/1299 1368/1368/1342 1365/1365/1339
f 1325/1325/1299 1365/1365/1339 1326/1326/1300
f 1327/1327/1301 1385/1385/1359 1382/1382/1356
f 1327/1327/1301 1382/1382/1356 1174/1174/1148
f 1328/1328/1302 1386/1386/1360 1384/1384/1358
f 1328/1328/1302 1384/1384/1358 1323/1323/1297
f 1175/1175/1149 1383/1383/1357 1379/1379/1353
f 1175/1175/1149 1379/1379/1353 1329/1329/1303
f 1330/1330/1304 1387/1387/1361 1385/1385/1359
f 1330/1330/1304 1385/1385/1359 1327/1327/1301
f 1331/1331/1305 1388/1388/1362 1386/1386/1360
f 1331/1331/1305 1386/1386/1360 1328/1328/1302
f 1332/1332/1306 1360/1360/1334 1389/1389/1363
f 1332/1332/1306 1389/1389/1363 1333/1333/1307
f 1334/1334/1308 1390/1390/1364 1387/1387/1361
f 1334/1334/1308 1387/1387/1361 1330/1330/1304
f 1322/1322/1296 1321/1321/1295 1391/1391/1365
f 1322/1322/1296 1391/1391/1365 1335/1335/1309
f 1336/1336/1310 1370/1370/1344 1366/1366/1340
f 1336/1336/1310 1366/1366/1340 1337/1337/1311
f 1333/1333/1307 1389/1389/1363 1392/1392/1366
f 1333/1333/1307 1392/1392/1366 1338/1338/1312
f 1393/1393/1367 1394/1394/1368 1395/1395/1369
f 1393/1393/1367 1395/1395/1369 1396/1396/1370
f 1397/1397/1371 1398/1398/1372 1399/1399/1373
f 1397/1397/1371 1399/1399/1373 1400/1400/1374
f 1401/1401/1375 1402/1402/1376 1403/1403/1377
f 1401/1401/1375 1403/1403/1377 1404/1404/1378
f 1405/1405/1379 1406/1406/1380 1407/1407/1381
f 1405/1405/1379 1407/1407/1381 1408/1408/1382
f 1409/1409/1383 1410/1410/1384 1402/1402/1376
f 1409/1409/1383 1402/1402/1376 1401/1401/1375
f 1411/1411/1385 1412/1412/1386 1413/1413/1387
f 1411/1411/1385 1413/1413/1387 1414/1414/1388
f 1415/1415/1389 1416/1416/1390 1417/1417/1391
f 1415/1415/1389 1417/1417/1391 1418/1418/1392
f 1419/1419/1393 1420/1420/1394 1412/1412/1386
f 1419/1419/1393 1412/1412/1386 1411/1411/1385
f 1421/1421/1395 1422/1422/1396 1416/1416/1390
f 1421/1421/1395 1416/1416/1390 1415/1415/1389
f 1423/1423/1397 1424/1424/1398 1420/1420/1394
f 1423/1423/1397 1420/1420/1394 1419/1419/1393
f 1425/1425/1399 1426/1426/1400 1422/1422/1396
f 1425/1425/1399 1422/1422/1396 1421/1421/1395
f 1427/1427/1401 1428/1428/1402 1429/1429/1403
f 1427/1427/1401 1429/1429/1403 1430/1430/1404
f 1430/1430/1404 1429/1429/1403 1424/1424/1398
f 1430/1430/1404 1424/1424/1398 1423/1423/1397
f 1431/1431/1405 1432/1432/1406 1433/1433/1407
f 1431/1431/1405 1433/1433/1407 1434/1434/1408
f 1435/1435/1409 1436/1436/1410 1428/1428/1402
f 1435/1435/1409 1428/1428/1402 1427/1427/1401
f 1404/1404/1378 1403/1403/1377 1356/1356/1330
f 1404/1404/1378 1356/1356/1330 1355/1355/1329
f 1437/1437/1411 1438/1438/1412 1432/1432/1406
f 1437/1437/1411 1432/1432/1406 1431/1431/1405
f 1439/1439/1413 1440/1440/1414 1436/1436/1410
f 1439/1439/1413 1436/1436/1410 1435/1435/1409
f 1434/1434/1408 1433/1433/1407 1426/1426/1400
f 1434/1434/1408 1426/1426/1400 1425/1425/1399
f 1441/1441/1415 1442/1442/1416 1438/1438/1412
f 1441/1441/1415 1438/1438/1412 1437/1437/1411
f 1443/1443/1417 1444/1444/1418 1440/1440/1414
f 1443/1443/1417 1440/1440/1414 1439/1439/1413
f 1445/1445/1419 1446/1446/1420 1447/1447/1421
f 1445/1445/1419 1447/1447/1421 1448/1448/1422
f 1449/1449/1423 1450/1450/1424 1442/1442/1416
f 1449/1449/1423 1442/1442/1416 1441/1441/1415
f 1451/1451/1425 1452/1452/1426 1453/1453/1427
f 1451/1451/1425 1453/1453/1427 1454/1454/1428
f 1408/1408/1382 1407/1407/1381 1398/1398/1372
f 1408/1408/1382 1398/1398/1372 1397/1397/1371
f 1448/1448/1422 1447/1447/1421 1455/1455/1429
f 1448/1448/1422 1455/1455/1429 1456/1456/1430
f 1457/1457/1431 1458/1458/1432 1452/1452/1426
f 1457/1457/1431 1452/1452/1426 1451/1451/1425
f 1459/1459/1433 1460/1460/1434 1446/1446/1420
f 1459/1459/1433 1446/1446/1420 1445/1445/1419
f 1461/1461/1435 1462/1462/1436 1458/1458/1432
f 1461/1461/1435 1458/1458/1432 1457/1457/1431
f 1463/1463/1437 1464/1464/1438 1460/1460/1434
f 1463/1463/1437 1460/1460/1434 1459/1459/1433
f 1358/1358/1332 1357/1357/1331 1462/1462/1436
f 1358/1358/1332 1462/1462/1436 1461/1461/1435
f 1400/1400/1374 1399/1399/1373 1464/1464/1438
f 1400/1400/1374 1464/1464/1438 1463/1463/1437
f 1465/1465/1439 1466/1466/1440 1467/1467/1441
f 1465/1465/1439 1467/1467/1441 1468/1468/1442
f 1469/1469/1443 1470/1470/1444 1471/1471/1445
f 1469/1469/1443 1471/1471/1445 1472/1472/1446
f 1473/1473/1447 1474/1474/1448 1475/1475/1449
f 1473/1473/1447 1475/1475/1449 1476/1476/1450
f 1477/1477/1451 1478/1478/1452 1470/1470/1444
f 1477/1477/1451 1470/1470/1444 1469/1469/1443
f 1479/1479/1453 1480/1480/1454 1474/1474/1448
f 1479/1479/1453 1474/1474/1448 1473/1473/1447
f 1481/1481/1455 1482/1482/1456 1483/1483/1457
f 1481/1481/1455 1483/1483/1457 1484/1484/1458
f 1484/1484/1458 1483/1483/1457 1478/1478/1452
f 1484/1484/1458 1478/1478/1452 1477/1477/1451
f 1485/1485/1459 1486/1486/1460 1487/1487/1461
f 1485/1485/1459 1487/1487/1461 1488/1488/1462
f 1489/1489/1463 1490/1490/1464 1482/1482/1456
f 1489/1489/1463 1482/1482/1456 1481/1481/1455
f 1491/1491/1465 1492/1492/1466 1493/1493/1467
f 1491/1491/1465 1493/1493/1467 1494/1494/1468
f 1495/1495/1469 1496/1496/1470 1486/1486/1460
f 1495/1495/1469 1486/1486/1460 1485/1485/1459
f 1497/1497/1471 1498/1498/1472 1490/1490/1464
f 1497/1497/1471 1490/1490/1464 1489/1489/1463
f 1488/1488/1462 1487/1487/1461 1480/1480/1454
f 1488/1488/1462 1480/1480/1454 1479/1479/1453
f 1499/1499/1473 1500/1500/1474 1496/1496/1470
f 1499/1499/1473 1496/1496/1470 1495/1495/1469
f 1501/1501/1475 1502/1502/1476 1498/1498/1472
f 1501/1501/1475 1498/1498/1472 1497/1497/1471
f 1503/1503/1477 1504/1504/1478 1505/1505/1479
f 1503/1503/1477 1505/1505/1479 1506/1506/1480
f 1507/1507/1481 1508/1508/1482 1500/1500/1474
f 1507/1507/1481 1500/1500/1474 1499/1499/1473
f 1509/1509/1483 1510/1510/1484 1511/1511/1485
f 1509/1509/1483 1511/1511/1485 1512/1512/1486
f 1513/1513/1487 1514/1514/1488 1515/1515/1489
f 1513/1513/1487 1515/1515/1489 1516/1516/1490
f 1506/1506/1480 1505/1505/1479 1517/1517/1491
f 1506/1506/1480 1517/1517/1491 1518/1518/1492
f 1519/1519/1493 1520/1520/1494 1510/1510/1484
f 1519/1519/1493 1510/1510/1484 1509/1509/1483
f 1521/1521/1495 1522/1522/1496 1504/1504/1478
f 1521/1521/1495 1504/1504/1478 1503/1503/1477
f 1523/1523/1497 1524/1524/1498 1520/1520/1494
f 1523/1523/1497 1520/1520/1494 1519/1519/1493
f 1525/1525/1499 1526/1526/1500 1522/1522/1496
f 1525/1525/1499 1522/1522/1496 1521/1521/1495
f 1527/1527/1501 1528/1528/1502 1524/1524/1498
f 1527/1527/1501 1524/1524/1498 1523/1523/1497
f 1529/1529/1503 1530/1530/1504 1526/1526/1500
f 1529/1529/1503 1526/1526/1500 1525/1525/1499
f 1494/1494/1468 1493/1493/1467 1528/1528/1502
f 1494/1494/1468 1528/1528/1502 1527/1527/1501
f 1516/1516/1490 1515/1515/1489 1530/1530/1504
f 1516/1516/1490 1530/1530/1504 1529/1529/1503
f 1531/1531/1505 1532/1532/1506 1492/1492/1466
f 1531/1531/1505 1492/1492/1466 1491/1491/1465
f 1533/1533/1507 1534/1534/1508 1514/1514/1488
f 1533/1533/1507 1514/1514/1488 1513/1513/1487
f 1396/1396/1370 1395/1395/1369 1532/1532/1506
f 1396/1396/1370 1532/1532/1506 1531/1531/1505
f 1472/1472/1446 1471/1471/1445 1535/1535/1509
f 1472/1472/1446 1535/1535/1509 1536/1536/1510
f 1537/1537/1511 1538/1538/1512 1256/1256/1230
f 1537/1537/1511 1256/1256/1230 1284/1284/1258
f 1539/1539/1513 1540/1540/1514 1541/1541/1515
f 1539/1539/1513 1541/1541/1515 1542/1542/1516
f 1543/1543/1517 1544/1544/1518 1545/1545/1519
f 1543/1543/1517 1545/1545/1519 1546/1546/1520
f 1547/1547/1521 1548/1548/1522 1466/1466/1440
f 1547/1547/1521 1466/1466/1440 1465/1465/1439
f 1549/1549/1523 1550/1550/1524 1540/1540/1514
f 1549/1549/1523 1540/1540/1514 1539/1539/1513
f 1468/1468/1442 1467/1467/1441 1551/1551/1525
f 1468/1468/1442 1551/1551/1525 1552/1552/1526
f 1553/1553/1527 1554/1554/1528 1548/1548/1522
f 1553/1553/1527 1548/1548/1522 1547/1547/1521
f 1555/1555/1529 1556/1556/1530 1550/1550/1524
f 1555/1555/1529 1550/1550/1524 1549/1549/1523
f 1557/1557/1531 1558/1558/1532 1538/1538/1512
f 1557/1557/1531 1538/1538/1512 1559/1559/1533
f 1560/1560/1534 1561/1561/1535 1554/1554/1528
f 1560/1560/1534 1554/1554/1528 1553/1553/1527
f 1562/1562/1536 1563/1563/1537 1564/1564/1538
f 1562/1562/1536 1564/1564/1538 1565/1565/1539
f 1566/1566/1540 1567/1567/1541 1568/1568/1542
f 1566/1566/1540 1568/1568/1542 1569/1569/1543
f 1559/1559/1533 1538/1538/1512 1537/1537/1511
f 1559/1559/1533 1537/1537/1511 1570/1570/1544
f 1571/1571/1545 1572/1572/1546 1563/1563/1537
f 1571/1571/1545 1563/1563/1537 1562/1562/1536
f 1573/1573/1547 1574/1574/1548 1558/1558/1532
f 1573/1573/1547 1558/1558/1532 1557/1557/1531
f 1575/1575/1549 1576/1576/1550 1572/1572/1546
f 1575/1575/1549 1572/1572/1546 1571/1571/1545
f 1577/1577/1551 1578/1578/1552 1574/1574/1548
f 1577/1577/1551 1574/1574/1548 1573/1573/1547
f 1579/1579/1553 1580/1580/1554 1576/1576/1550
f 1579/1579/1553 1576/1576/1550 1575/1575/1549
f 1581/1581/1555 1582/1582/1556 1578/1578/1552
f 1581/1581/1555 1578/1578/1552 1577/1577/1551
f 1546/1546/1520 1545/1545/1519 1580/1580/1554
f 1546/1546/1520 1580/1580/1554 1579/1579/1553
f 1569/1569/1543 1568/1568/1542 1582/1582/1556
f 1569/1569/1543 1582/1582/1556 1581/1581/1555
f 1583/1583/1557 1584/1584/1558 1544/1544/1518
f 1583/1583/1557 1544/1544/1518 1543/1543/1517
f 1585/1585/1559 1586/1586/1560 1567/1567/1541
f 1585/1585/1559 1567/1567/1541 1566/1566/1540
f 1587/1587/1561 1588/1588/1562 1584/1584/1558
f 1587/1587/1561 1584/1584/1558 1583/1583/1557
f 1589/1589/1563 1590/1590/1564 1591/1591/1565
f 1589/1589/1563 1591/1591/1565 1592/1592/1566
f 1593/1593/1567 1594/1594/1568 1595/1595/1569
f 1593/1593/1567 1595/1595/1569 1596/1596/1570
f 1597/1597/1571 1598/1598/1572 1590/1590/1564
f 1597/1597/1571 1590/1590/1564 1589/1589/1563
f 1599/1599/1573 1600/1600/1574 1594/1594/1568
f 1599/1599/1573 1594/1594/1568 1593/1593/1567
f 1601/1601/1575 1602/1602/1576 1598/1598/1572
f 1601/1601/1575 1598/1598/1572 1597/1597/1571
f 1552/1552/1526 1551/1551/1525 1600/1600/1574
f 1552/1552/1526 1600/1600/1574 1599/1599/1573
f 1542/1542/1516 1541/1541/1515 1603/1603/1577
f 1542/1542/1516 1603/1603/1577 1604/1604/1578
f 1604/1604/1578 1603/1603/1577 1602/1602/1576
f 1604/1604/1578 1602/1602/1576 1601/1601/1575
f 1563/1563/1537 1572/1572/1546 1281/1281/1255
f 1563/1563/1537 1281/1281/1255 1280/1280/1254
f 1558/1558/1532 1574/1574/1548 1276/1276/1250
f 1558/1558/1532 1276/1276/1250 1257/1257/1231
f 1572/1572/1546 1576/1576/1550 1278/1278/1252
f 1572/1572/1546 1278/1278/1252 1281/1281/1255
f 1574/1574/1548 1578/1578/1552 1272/1272/1246
f 1574/1574/1548 1272/1272/1246 1276/1276/1250
f 1576/1576/1550 1580/1580/1554 1274/1274/1248
f 1576/1576/1550 1274/1274/1248 1278/1278/1252
f 1578/1578/1552 1582/1582/1556 1266/1266/1240
f 1578/1578/1552 1266/1266/1240 1272/1272/1246
f 1580/1580/1554 1545/1545/1519 1270/1270/1244
f 1580/1580/1554 1270/1270/1244 1274/1274/1248
f 1582/1582/1556 1568/1568/1542 1267/1267/1241
f 1582/1582/1556 1267/1267/1241 1266/1266/1240
f 1544/1544/1518 1584/1584/1558 1252/1252/1226
f 1544/1544/1518 1252/1252/1226 1264/1264/1238
f 1567/1567/1541 1586/1586/1560 1261/1261/1235
f 1567/1567/1541 1261/1261/1235 1260/1260/1234
f 1584/1584/1558 1588/1588/1562 1253/1253/1227
f 1584/1584/1558 1253/1253/1227 1252/1252/1226
f 1591/1591/1565 1590/1590/1564 1249/1249/1223
f 1591/1591/1565 1249/1249/1223 1248/1248/1222
f 1595/1595/1569 1594/1594/1568 1316/1316/1290
f 1595/1595/1569 1316/1316/1290 1318/1318/1292
f 1590/1590/1564 1598/1598/1572 1314/1314/1288
f 1590/1590/1564 1314/1314/1288 1249/1249/1223
f 1594/1594/1568 1600/1600/1574 1312/1312/1286
f 1594/1594/1568 1312/1312/1286 1316/1316/1290
f 1598/1598/1572 1602/1602/1576 1308/1308/1282
f 1598/1598/1572 1308/1308/1282 1314/1314/1288
f 1600/1600/1574 1551/1551/1525 1304/1304/1278
f 1600/1600/1574 1304/1304/1278 1312/1312/1286
f 1602/1602/1576 1603/1603/1577 1309/1309/1283
f 1602/1602/1576 1309/1309/1283 1308/1308/1282
f 1467/1467/1441 1466/1466/1440 1300/1300/1274
f 1467/1467/1441 1300/1300/1274 1305/1305/1279
f 1541/1541/1515 1540/1540/1514 1298/1298/1272
f 1541/1541/1515 1298/1298/1272 1302/1302/1276
f 1545/1545/1519 1544/1544/1518 1264/1264/1238
f 1545/1545/1519 1264/1264/1238 1270/1270/1244
f 1466/1466/1440 1548/1548/1522 1296/1296/1270
f 1466/1466/1440 1296/1296/1270 1300/1300/1274
f 1540/1540/1514 1550/1550/1524 1292/1292/1266
f 1540/1540/1514 1292/1292/1266 1298/1298/1272
f 1551/1551/1525 1467/1467/1441 1305/1305/1279
f 1551/1551/1525 1305/1305/1279 1304/1304/1278
f 1548/1548/1522 1554/1554/1528 1288/1288/1262
f 1548/1548/1522 1288/1288/1262 1296/1296/1270
f 1550/1550/1524 1556/1556/1530 1293/1293/1267
f 1550/1550/1524 1293/1293/1267 1292/1292/1266
f 1538/1538/1512 1558/1558/1532 1257/1257/1231
f 1538/1538/1512 1257/1257/1231 1256/1256/1230
f 1554/1554/1528 1561/1561/1535 1289/1289/1263
f 1554/1554/1528 1289/1289/1263 1288/1288/1262
f 1564/1564/1538 1563/1563/1537 1280/1280/1254
f 1564/1564/1538 1280/1280/1254 1286/1286/1260
f 1568/1568/1542 1567/1567/1541 1260/1260/1234
f 1568/1568/1542 1260/1260/1234 1267/1267/1241
f 1603/1603/1577 1541/1541/1515 1302/1302/1276
f 1603/1603/1577 1302/1302/1276 1309/1309/1283
f 1605/1605/1579 1606/1606/1580 1607/1607/1581
f 1605/1605/1579 1607/1607/1581 1608/1608/1582
f 1609/1609/1583 1610/1610/1584 1611/1611/1585
f 1609/1609/1583 1611/1611/1585 1612/1612/1586
f 1608/1608/1582 1607/1607/1581 1613/1613/1587
f 1608/1608/1582 1613/1613/1587 1614/1614/1588
f 1612/1612/1586 1611/1611/1585 1615/1615/1589
f 1612/1612/1586 1615/1615/1589 1616/1616/1590
f 1617/1617/1591 1618/1618/1592 1619/1619/1593
f 1617/1617/1591 1619/1619/1593 1620/1620/1594
f 1621/1621/1595 1622/1622/1596 1623/1623/1597
f 1621/1621/1595 1623/1623/1597 1624/1624/1598
f 1620/1620/1594 1619/1619/1593 1625/1625/1599
f 1620/1620/1594 1625/1625/1599 1626/1626/1600
f 1624/1624/1598 1623/1623/1597 1627/1627/1601
f 1624/1624/1598 1627/1627/1601 1628/1628/1602
f 1626/1626/1600 1625/1625/1599 1629/1629/1603
f 1626/1626/1600 1629/1629/1603 1630/1630/1604
f 1628/1628/1602 1627/1627/1601 1631/1631/1605
f 1628/1628/1602 1631/1631/1605 1632/1632/1606
f 1630/1630/1604 1629/1629/1603 1633/1633/1607
f 1630/1630/1604 1633/1633/1607 1634/1634/1608
f 1632/1632/1606 1631/1631/1605 1635/1635/1609
f 1632/1632/1606 1635/1635/1609 1636/1636/1610
f 1637/1637/1611 1638/1638/1612 1639/1639/1613
f 1637/1637/1611 1639/1639/1613 1640/1640/1614
f 1614/1614/1588 1613/1613/1587 1618/1618/1592
f 1614/1614/1588 1618/1618/1592 1617/1617/1591
f 1636/1636/1610 1635/1635/1609 1641/1641/1615
f 1636/1636/1610 1641/1641/1615 1642/1642/1616
f 1640/1640/1614 1639/1639/1613 1643/1643/1617
f 1640/1640/1614 1643/1643/1617 1644/1644/1618
f 1634/1634/1608 1633/1633/1607 1638/1638/1612
f 1634/1634/1608 1638/1638/1612 1637/1637/1611
f 1642/1642/1616 1641/1641/1615 1645/1645/1619
f 1642/1642/1616 1645/1645/1619 1646/1646/1620
f 1647/1647/1621 1648/1648/1622 1649/1649/1623
f 1647/1647/1621 1649/1649/1623 1650/1650/1624
f 1651/1651/1625 1652/1652/1626 1653/1653/1627
f 1651/1651/1625 1653/1653/1627 1654/1654/1628
f 1655/1655/1629 1656/1656/1630 1657/1657/1631
f 1655/1655/1629 1657/1657/1631 1658/1658/1632
f 1650/1650/1624 1649/1649/1623 1659/1659/1633
f 1650/1650/1624 1659/1659/1633 1660/1660/1634
f 1616/1616/1590 1615/1615/1589 1622/1622/1596
f 1616/1616/1590 1622/1622/1596 1621/1621/1595
f 1658/1658/1632 1657/1657/1631 1661/1661/1635
f 1658/1658/1632 1661/1661/1635 1662/1662/1636
f 1660/1660/1634 1659/1659/1633 1652/1652/1626
f 1660/1660/1634 1652/1652/1626 1651/1651/1625
f 1663/1663/1637 1664/1664/1638 1665/1665/1639
f 1663/1663/1637 1665/1665/1639 1666/1666/1640
f 1662/1662/1636 1661/1661/1635 1664/1664/1638
f 1662/1662/1636 1664/1664/1638 1663/1663/1637
f 1654/1654/1628 1653/1653/1627 1667/1667/1641
f 1654/1654/1628 1667/1667/1641 1668/1668/1642
f 1666/1666/1640 1665/1665/1639 1669/1669/1643
f 1666/1666/1640 1669/1669/1643 1670/1670/1644
f 1668/1668/1642 1667/1667/1641 1671/1671/1645
f 1668/1668/1642 1671/1671/1645 1672/1672/1646
f 1670/1670/1644 1669/1669/1643 1673/1673/1647
f 1670/1670/1644 1673/1673/1647 1674/1674/1648
f 1675/1675/1649 1676/1676/1650 1610/1610/1584
f 1675/1675/1649 1610/1610/1584 1609/1609/1583
f 1606/1606/1580 1677/1677/1651 1533/1533/1507
f 1606/1606/1580 1533/1533/1507 1607/1607/1581
f 1610/1610/1584 1396/1396/1370 1531/1531/1505
f 1610/1610/1584 1531/1531/1505 1611/1611/1585
f 1607/1607/1581 1533/1533/1507 1513/1513/1487
f 1607/1607/1581 1513/1513/1487 1613/1613/1587
f 1611/1611/1585 1531/1531/1505 1491/1491/1465
f 1611/1611/1585 1491/1491/1465 1615/1615/1589
f 1618/1618/1592 1516/1516/1490 1529/1529/1503
f 1618/1618/1592 1529/1529/1503 1619/1619/1593
f 1622/1622/1596 1494/1494/1468 1527/1527/1501
f 1622/1622/1596 1527/1527/1501 1623/1623/1597
f 1619/1619/1593 1529/1529/1503 1525/1525/1499
f 1619/1619/1593 1525/1525/1499 1625/1625/1599
f 1623/1623/1597 1527/1527/1501 1523/1523/1497
f 1623/1623/1597 1523/1523/1497 1627/1627/1601
f 1625/1625/1599 1525/1525/1499 1521/1521/1495
f 1625/1625/1599 1521/1521/1495 1629/1629/1603
f 1627/1627/1601 1523/1523/1497 1519/1519/1493
f 1627/1627/1601 1519/1519/1493 1631/1631/1605
f 1629/1629/1603 1521/1521/1495 1503/1503/1477
f 1629/1629/1603 1503/1503/1477 1633/1633/1607
f 1631/1631/1605 1519/1519/1493 1509/1509/1483
f 1631/1631/1605 1509/1509/1483 1635/1635/1609
f 1638/1638/1612 1506/1506/1480 1518/1518/1492
f 1638/1638/1612 1518/1518/1492 1639/1639/1613
f 1613/1613/1587 1513/1513/1487 1516/1516/1490
f 1613/1613/1587 1516/1516/1490 1618/1618/1592
f 1635/1635/1609 1509/1509/1483 1512/1512/1486
f 1635/1635/1609 1512/1512/1486 1641/1641/1615
f 1639/1639/1613 1518/1518/1492 1678/1678/1652
f 1639/1639/1613 1678/1678/1652 1643/1643/1617
f 1633/1633/1607 1503/1503/1477 1506/1506/1480
f 1633/1633/1607 1506/1506/1480 1638/1638/1612
f 1641/1641/1615 1512/1512/1486 1679/1679/1653
f 1641/1641/1615 1679/1679/1653 1645/1645/1619
f 1680/1680/1654 1499/1499/1473 1495/1495/1469
f 1680/1680/1654 1495/1495/1469 1681/1681/1655
f 1682/1682/1656 1488/1488/1462 1479/1479/1453
f 1682/1682/1656 1479/1479/1453 1683/1683/1657
f 1684/1684/1658 1497/1497/1471 1489/1489/1463
f 1684/1684/1658 1489/1489/1463 1685/1685/1659
f 1681/1681/1655 1495/1495/1469 1485/1485/1459
f 1681/1681/1655 1485/1485/1459 1686/1686/1660
f 1615/1615/1589 1491/1491/1465 1494/1494/1468
f 1615/1615/1589 1494/1494/1468 1622/1622/1596
f 1685/1685/1659 1489/1489/1463 1481/1481/1455
f 1685/1685/1659 1481/1481/1455 1687/1687/1661
f 1686/1686/1660 1485/1485/1459 1488/1488/1462
f 1686/1686/1660 1488/1488/1462 1682/1682/1656
f 1688/1688/1662 1484/1484/1458 1477/1477/1451
f 1688/1688/1662 1477/1477/1451 1689/1689/1663
f 1687/1687/1661 1481/1481/1455 1484/1484/1458
f 1687/1687/1661 1484/1484/1458 1688/1688/1662
f 1683/1683/1657 1479/1479/1453 1473/1473/1447
f 1683/1683/1657 1473/1473/1447 1690/1690/1664
f 1689/1689/1663 1477/1477/1451 1469/1469/1443
f 1689/1689/1663 1469/1469/1443 1691/1691/1665
f 1690/1690/1664 1473/1473/1447 1476/1476/1450
f 1690/1690/1664 1476/1476/1450 1692/1692/1666
f 1691/1691/1665 1469/1469/1443 1472/1472/1446
f 1691/1691/1665 1472/1472/1446 1693/1693/1667
f 1676/1676/1650 1393/1393/1367 1396/1396/1370
f 1676/1676/1650 1396/1396/1370 1610/1610/1584
f 1416/1416/1390 1672/1672/1646 1694/1694/1668
f 1416/1416/1390 1694/1694/1668 1417/1417/1391
f 1420/1420/1394 1670/1670/1644 1674/1674/1648
f 1420/1420/1394 1674/1674/1648 1412/1412/1386
f 1422/1422/1396 1668/1668/1642 1672/1672/1646
f 1422/1422/1396 1672/1672/1646 1416/1416/1390
f 1424/1424/1398 1666/1666/1640 1670/1670/1644
f 1424/1424/1398 1670/1670/1644 1420/1420/1394
f 1426/1426/1400 1654/1654/1628 1668/1668/1642
f 1426/1426/1400 1668/1668/1642 1422/1422/1396
f 1428/1428/1402 1662/1662/1636 1663/1663/1637
f 1428/1428/1402 1663/1663/1637 1429/1429/1403
f 1429/1429/1403 1663/1663/1637 1666/1666/1640
f 1429/1429/1403 1666/1666/1640 1424/1424/1398
f 1432/1432/1406 1660/1660/1634 1651/1651/1625
f 1432/1432/1406 1651/1651/1625 1433/1433/1407
f 1436/1436/1410 1658/1658/1632 1662/1662/1636
f 1436/1436/1410 1662/1662/1636 1428/1428/1402
f 1403/1403/1377 1616/1616/1590 1621/1621/1595
f 1403/1403/1377 1621/1621/1595 1356/1356/1330
f 1438/1438/1412 1650/1650/1624 1660/1660/1634
f 1438/1438/1412 1660/1660/1634 1432/1432/1406
f 1440/1440/1414 1655/1655/1629 1658/1658/1632
f 1440/1440/1414 1658/1658/1632 1436/1436/1410
f 1433/1433/1407 1651/1651/1625 1654/1654/1628
f 1433/1433/1407 1654/1654/1628 1426/1426/1400
f 1442/1442/1416 1647/1647/1621 1650/1650/1624
f 1442/1442/1416 1650/1650/1624 1438/1438/1412
f 1444/1444/1418 1695/1695/1669 1655/1655/1629
f 1444/1444/1418 1655/1655/1629 1440/1440/1414
f 1446/1446/1420 1634/1634/1608 1637/1637/1611
f 1446/1446/1420 1637/1637/1611 1447/1447/1421
f 1450/1450/1424 1696/1696/1670 1647/1647/1621
f 1450/1450/1424 1647/1647/1621 1442/1442/1416
f 1452/1452/1426 1636/1636/1610 1642/1642/1616
f 1452/1452/1426 1642/1642/1616 1453/1453/1427
f 1407/1407/1381 1614/1614/1588 1617/1617/1591
f 1407/1407/1381 1617/1617/1591 1398/1398/1372
f 1447/1447/1421 1637/1637/1611 1640/1640/1614
f 1447/1447/1421 1640/1640/1614 1455/1455/1429
f 1458/1458/1432 1632/1632/1606 1636/1636/1610
f 1458/1458/1432 1636/1636/1610 1452/1452/1426
f 1460/1460/1434 1630/1630/1604 1634/1634/1608
f 1460/1460/1434 1634/1634/1608 1446/1446/1420
f 1462/1462/1436 1628/1628/1602 1632/1632/1606
f 1462/1462/1436 1632/1632/1606 1458/1458/1432
f 1464/1464/1438 1626/1626/1600 1630/1630/1604
f 1464/1464/1438 1630/1630/1604 1460/1460/1434
f 1357/1357/1331 1624/1624/1598 1628/1628/1602
f 1357/1357/1331 1628/1628/1602 1462/1462/1436
f 1399/1399/1373 1620/1620/1594 1626/1626/1600
f 1399/1399/1373 1626/1626/1600 1464/1464/1438
f 1356/1356/1330 1621/1621/1595 1624/1624/1598
f 1356/1356/1330 1624/1624/1598 1357/1357/1331
f 1398/1398/1372 1617/1617/1591 1620/1620/1594
f 1398/1398/1372 1620/1620/1594 1399/1399/1373
f 1402/1402/1376 1612/1612/1586 1616/1616/1590
f 1402/1402/1376 1616/1616/1590 1403/1403/1377
f 1406/1406/1380 1608/1608/1582 1614/1614/1588
f 1406/1406/1380 1614/1614/1588 1407/1407/1381
f 1410/1410/1384 1609/1609/1583 1612/1612/1586
f 1410/1410/1384 1612/1612/1586 1402/1402/1376
f 1412/1412/1386 1674/1674/1648 1697/1697/1671
f 1412/1412/1386 1697/1697/1671 1413/1413/1387
f 1483/1483/1457 1604/1604/1578 1601/1601/1575
f 1483/1483/1457 1601/1601/1575 1478/1478/1452
f 1482/1482/1456 1542/1542/1516 1604/1604/1578
f 1482/1482/1456 1604/1604/1578 1483/1483/1457
f 1480/1480/1454 1552/1552/1526 1599/1599/1573
f 1480/1480/1454 1599/1599/1573 1474/1474/1448
f 1478/1478/1452 1601/1601/1575 1597/1597/1571
f 1478/1478/1452 1597/1597/1571 1470/1470/1444
f 1474/1474/1448 1599/1599/1573 1593/1593/1567
f 1474/1474/1448 1593/1593/1567 1475/1475/1449
f 1470/1470/1444 1597/1597/1571 1589/1589/1563
f 1470/1470/1444 1589/1589/1563 1471/1471/1445
f 1475/1475/1449 1593/1593/1567 1596/1596/1570
f 1475/1475/1449 1596/1596/1570 1698/1698/1672
f 1471/1471/1445 1589/1589/1563 1592/1592/1566
f 1471/1471/1445 1592/1592/1566 1535/1535/1509
f 1395/1395/1369 1587/1587/1561 1583/1583/1557
f 1395/1395/1369 1583/1583/1557 1532/1532/1506
f 1534/1534/1508 1585/1585/1559 1566/1566/1540
f 1534/1534/1508 1566/1566/1540 1514/1514/1488
f 1532/1532/1506 1583/1583/1557 1543/1543/1517
f 1532/1532/1506 1543/1543/1517 1492/1492/1466
f 1515/1515/1489 1569/1569/1543 1581/1581/1555
f 1515/1515/1489 1581/1581/1555 1530/1530/1504
f 1493/1493/1467 1546/1546/1520 1579/1579/1553
f 1493/1493/1467 1579/1579/1553 1528/1528/1502
f 1530/1530/1504 1581/1581/1555 1577/1577/1551
f 1530/1530/1504 1577/1577/1551 1526/1526/1500
f 1528/1528/1502 1579/1579/1553 1575/1575/1549
f 1528/1528/1502 1575/1575/1549 1524/1524/1498
f 1526/1526/1500 1577/1577/1551 1573/1573/1547
f 1526/1526/1500 1573/1573/1547 1522/1522/1496
f 1524/1524/1498 1575/1575/1549 1571/1571/1545
f 1524/1524/1498 1571/1571/1545 1520/1520/1494
f 1522/1522/1496 1573/1573/1547 1557/1557/1531
f 1522/1522/1496 1557/1557/1531 1504/1504/1478
f 1520/1520/1494 1571/1571/1545 1562/1562/1536
f 1520/1520/1494 1562/1562/1536 1510/1510/1484
f 1505/1505/1479 1559/1559/1533 1570/1570/1544
f 1505/1505/1479 1570/1570/1544 1517/1517/1491
f 1514/1514/1488 1566/1566/1540 1569/1569/1543
f 1514/1514/1488 1569/1569/1543 1515/1515/1489
f 1510/1510/1484 1562/1562/1536 1565/1565/1539
f 1510/1510/1484 1565/1565/1539 1511/1511/1485
f 1508/1508/1482 1560/1560/1534 1553/1553/1527
f 1508/1508/1482 1553/1553/1527 1500/1500/1474
f 1504/1504/1478 1557/1557/1531 1559/1559/1533
f 1504/1504/1478 1559/1559/1533 1505/1505/1479
f 1502/1502/1476 1555/1555/1529 1549/1549/1523
f 1502/1502/1476 1549/1549/1523 1498/1498/1472
f 1500/1500/1474 1553/1553/1527 1547/1547/1521
f 1500/1500/1474 1547/1547/1521 1496/1496/1470
f 1487/1487/1461 1468/1468/1442 1552/1552/1526
f 1487/1487/1461 1552/1552/1526 1480/1480/1454
f 1498/1498/1472 1549/1549/1523 1539/1539/1513
f 1498/1498/1472 1539/1539/1513 1490/1490/1464
f 1496/1496/1470 1547/1547/1521 1465/1465/1439
f 1496/1496/1470 1465/1465/1439 1486/1486/1460
f 1492/1492/1466 1543/1543/1517 1546/1546/1520
f 1492/1492/1466 1546/1546/1520 1493/1493/1467
f 1490/1490/1464 1539/1539/1513 1542/1542/1516
f 1490/1490/1464 1542/1542/1516 1482/1482/1456
f 1486/1486/1460 1465/1465/1439 1468/1468/1442
f 1486/1486/1460 1468/1468/1442 1487/1487/1461
f 1364/1364/1338 1400/1400/1374 1463/1463/1437
f 1364/1364/1338 1463/1463/1437 1362/1362/1336
f 1363/1363/1337 1358/1358/1332 1461/1461/1435
f 1363/1363/1337 1461/1461/1435 1361/1361/1335
f 1362/1362/1336 1463/1463/1437 1459/1459/1433
f 1362/1362/1336 1459/1459/1433 1359/1359/1333
f 1361/1361/1335 1461/1461/1435 1457/1457/1431
f 1361/1361/1335 1457/1457/1431 1320/1320/1294
f 1359/1359/1333 1459/1459/1433 1445/1445/1419
f 1359/1359/1333 1445/1445/1419 1360/1360/1334
f 1320/1320/1294 1457/1457/1431 1451/1451/1425
f 1320/1320/1294 1451/1451/1425 1321/1321/1295
f 1389/1389/1363 1448/1448/1422 1456/1456/1430
f 1389/1389/1363 1456/1456/1430 1392/1392/1366
f 1370/1370/1344 1408/1408/1382 1397/1397/1371
f 1370/1370/1344 1397/1397/1371 1366/1366/1340
f 1321/1321/1295 1451/1451/1425 1454/1454/1428
f 1321/1321/1295 1454/1454/1428 1391/1391/1365
f 1390/1390/1364 1449/1449/1423 1441/1441/1415
f 1390/1390/1364 1441/1441/1415 1387/1387/1361
f 1360/1360/1334 1445/1445/1419 1448/1448/1422
f 1360/1360/1334 1448/1448/1422 1389/1389/1363
f 1388/1388/1362 1443/1443/1417 1439/1439/1413
f 1388/1388/1362 1439/1439/1413 1386/1386/1360
f 1387/1387/1361 1441/1441/1415 1437/1437/1411
f 1387/1387/1361 1437/1437/1411 1385/1385/1359
f 1383/1383/1357 1434/1434/1408 1425/1425/1399
f 1383/1383/1357 1425/1425/1399 1379/1379/1353
f 1386/1386/1360 1439/1439/1413 1435/1435/1409
f 1386/1386/1360 1435/1435/1409 1384/1384/1358
f 1385/1385/1359 1437/1437/1411 1431/1431/1405
f 1385/1385/1359 1431/1431/1405 1382/1382/1356
f 1368/1368/1342 1404/1404/1378 1355/1355/1329
f 1368/1368/1342 1355/1355/1329 1365/1365/1339
f 1384/1384/1358 1435/1435/1409 1427/1427/1401
f 1384/1384/1358 1427/1427/1401 1380/1380/1354
f 1382/1382/1356 1431/1431/1405 1434/1434/1408
f 1382/1382/1356 1434/1434/1408 1383/1383/1357
f 1381/1381/1355 1430/1430/1404 1423/1423/1397
f 1381/1381/1355 1423/1423/1397 1378/1378/1352
f 1380/1380/1354 1427/1427/1401 1430/1430/1404
f 1380/1380/1354 1430/1430/1404 1381/1381/1355
f 1379/1379/1353 1425/1425/1399 1421/1421/1395
f 1379/1379/1353 1421/1421/1395 1377/1377/1351
f 1378/1378/1352 1423/1423/1397 1419/1419/1393
f 1378/1378/1352 1419/1419/1393 1376/1376/1350
f 1377/1377/1351 1421/1421/1395 1415/1415/1389
f 1377/1377/1351 1415/1415/1389 1374/1374/1348
f 1376/1376/1350 1419/1419/1393 1411/1411/1385
f 1376/1376/1350 1411/1411/1385 1372/1372/1346
f 1374/1374/1348 1415/1415/1389 1418/1418/1392
f 1374/1374/1348 1418/1418/1392 1375/1375/1349
f 1372/1372/1346 1411/1411/1385 1414/1414/1388
f 1372/1372/1346 1414/1414/1388 1373/1373/1347
f 1371/1371/1345 1409/1409/1383 1401/1401/1375
f 1371/1371/1345 1401/1401/1375 1367/1367/1341
f 1369/1369/1343 1405/1405/1379 1408/1408/1382
f 1369/1369/1343 1408/1408/1382 1370/1370/1344
f 1367/1367/1341 1401/1401/1375 1404/1404/1378
f 1367/1367/1341 1404/1404/1378 1368/1368/1342
f 1366/1366/1340 1397/1397/1371 1400/1400/1374
f 1366/1366/1340 1400/1400/1374 1364/1364/1338
f 1365/1365/1339 1355/1355/1329 1358/1358/1332
f 1365/1365/1339 1358/1358/1332 1363/1363/1337
f 1699/1699/1673 1700/1700/1674 1701/1701/1675
f 1699/1699/1673 1701/1701/1675 1702/1702/1676
f 1703/1703/1677 1704/1704/1677 1705/1705/1677
f 1703/1703/1146 1705/1705/1146 1706/1706/1146
f 1707/1707/1678 1169/1169/1678 1172/1172/1678
f 1707/1707/1146 1172/1172/1146 1708/1708/1146
f 1709/1709/1679 1703/1703/1679 1706/1706/1679
f 1709/1709/1146 1706/1706/1146 1710/1710/1146
f 1711/1711/1680 1712/1712/1680 1713/1713/1680
f 1711/1711/1681 1713/1713/1681 1714/1714/1681
f 1712/1712/1682 1707/1707/1682 1708/1708/1682
f 1712/1712/1683 1708/1708/1683 1713/1713/1683
f 1715/1715/1684 1716/1716/1684 1717/1717/1684
f 1715/1715/1146 1717/1717/1146 1718/1718/1146
f 1719/1719/1685 1711/1711/1685 1714/1714/1685
f 1719/1719/1686 1714/1714/1686 1720/1720/1686
f 1721/1721/1687 1722/1722/1687 1723/1723/1687
f 1721/1721/1146 1723/1723/1146 1724/1724/1146
f 1725/1725/1688 1715/1715/1688 1718/1718/1688
f 1725/1725/1689 1718/1718/1689 1726/1726/1689
f 1727/1727/1690 1719/1719/1690 1720/1720/1690
f 1727/1727/1691 1720/1720/1691 1728/1728/1691
f 1716/1716/1146 1709/1709/1146 1710/1710/1146
f 1716/1716/1692 1710/1710/1692 1717/1717/1692
f 1729/1729/1693 1725/1725/1693 1726/1726/1693
f 1729/1729/1694 1726/1726/1694 1730/1730/1694
f 1731/1731/1695 1727/1727/1695 1728/1728/1695
f 1731/1731/1696 1728/1728/1696 1732/1732/1696
f 1733/1733/1697 1734/1734/1697 1735/1735/1697
f 1733/1733/1698 1735/1735/1698 1736/1736/1698
f 1737/1737/1699 1729/1729/1699 1730/1730/1699
f 1737/1737/1700 1730/1730/1700 1738/1738/1700
f 1739/1739/1701 1731/1731/1701 1732/1732/1701
f 1739/1739/1146 1732/1732/1146 1740/1740/1146
f 1741/1741/1702 1742/1742/1702 1743/1743/1702
f 1741/1741/1703 1743/1743/1703 1744/1744/1703
f 1734/1734/1704 1737/1737/1704 1738/1738/1704
f 1734/1734/1705 1738/1738/1705 1735/1735/1705
f 1745/1745/1706 1739/1739/1706 1740/1740/1706
f 1745/1745/1707 1740/1740/1707 1746/1746/1707
f 1747/1747/1708 1748/1748/1708 1749/1749/1708
f 1747/1747/1709 1749/1749/1709 1750/1750/1709
f 1751/1751/1710 1752/1752/1710 1753/1753/1710
f 1751/1751/1711 1753/1753/1711 1754/1754/1711
f 1755/1755/1712 1747/1747/1712 1750/1750/1712
f 1755/1755/1713 1750/1750/1713 1756/1756/1713
f 1757/1757/1714 1751/1751/1714 1754/1754/1714
f 1757/1757/1146 1754/1754/1146 1758/1758/1146
f 1759/1759/1146 1760/1760/1146 1761/1761/1146
f 1759/1759/1146 1761/1761/1146 1762/1762/1146
f 1722/1722/1715 1757/1757/1715 1758/1758/1715
f 1722/1722/1716 1758/1758/1716 1723/1723/1716
f 1742/1742/1717 1759/1759/1717 1762/1762/1717
f 1742/1742/1718 1762/1762/1718 1743/1743/1718
f 1763/1763/1719 1721/1721/1719 1724/1724/1719
f 1763/1763/1720 1724/1724/1720 1764/1764/1720
f 1765/1765/1721 1766/1766/1721 1767/1767/1721
f 1765/1765/1722 1767/1767/1722 1768/1768/1722
f 1769/1769/1723 1763/1763/1723 1764/1764/1723
f 1769/1769/1724 1764/1764/1724 1770/1770/1724
f 1170/1170/1725 1765/1765/1725 1768/1768/1725
f 1170/1170/1146 1768/1768/1146 1171/1171/1146
f 1704/1704/1726 1771/1771/1726 1772/1772/1726
f 1704/1704/1146 1772/1772/1146 1705/1705/1146
f 1773/1773/1727 1774/1774/1727 1775/1775/1727
f 1773/1773/1727 1775/1775/1727 1776/1776/1727
f 1700/1700/1674 1777/1777/1728 1778/1778/1729
f 1700/1700/1674 1778/1778/1729 1701/1701/1675
f 1779/1779/1730 1780/1780/1731 1781/1781/1732
f 1779/1779/1730 1781/1781/1732 1782/1782/1733
f 1783/1783/1734 1699/1699/1673 1702/1702/1676
f 1783/1783/1734 1702/1702/1676 1784/1784/1735
f 1785/1785/1736 1786/1786/1737 1787/1787/1738
f 1785/1785/1736 1787/1787/1738 1788/1788/1739
f 1789/1789/1740 1779/1779/1730 1782/1782/1733
f 1789/1789/1740 1782/1782/1733 1790/1790/1741
f 1791/1791/1742 1783/1783/1734 1784/1784/1735
f 1791/1791/1742 1784/1784/1735 1792/1792/1743
f 1780/1780/1731 1793/1793/1744 1794/1794/1745
f 1780/1780/1731 1794/1794/1745 1781/1781/1732
f 1795/1795/1746 1789/1789/1740 1790/1790/1741
f 1795/1795/1746 1790/1790/1741 1796/1796/1747
f 1797/1797/1748 1791/1791/1742 1792/1792/1743
f 1797/1797/1748 1792/1792/1743 1798/1798/1749
f 1799/1799/1750 1800/1800/1751 1801/1801/1752
f 1799/1799/1750 1801/1801/1752 1802/1802/1753
f 1803/1803/1754 1795/1795/1746 1796/1796/1747
f 1803/1803/1754 1796/1796/1747 1804/1804/1755
f 1805/1805/1756 1806/1806/1757 1807/1807/1758
f 1805/1805/1756 1807/1807/1758 1808/1808/1759
f 1809/1809/1760 1810/1810/1761 1811/1811/1762
f 1809/1809/1760 1811/1811/1762 1812/1812/1763
f 1800/1800/1751 1813/1813/1764 1814/1814/1765
f 1800/1800/1751 1814/1814/1765 1801/1801/1752
f 1815/1815/1766 1805/1805/1756 1808/1808/1759
f 1815/1815/1766 1808/1808/1759 1816/1816/1767
f 1817/1817/1768 1799/1799/1750 1802/1802/1753
f 1817/1817/1768 1802/1802/1753 1818/1818/1769
f 1819/1819/1770 1815/1815/1766 1816/1816/1767
f 1819/1819/1770 1816/1816/1767 1820/1820/1771
f 1821/1821/1772 1817/1817/1768 1818/1818/1769
f 1821/1821/1772 1818/1818/1769 1822/1822/1773
f 1823/1823/1774 1819/1819/1770 1820/1820/1771
f 1823/1823/1774 1820/1820/1771 1824/1824/1775
f 1825/1825/1776 1821/1821/1772 1822/1822/1773
f 1825/1825/1776 1822/1822/1773 1826/1826/1777
f 1786/1786/1737 1823/1823/1774 1824/1824/1775
f 1786/1786/1737 1824/1824/1775 1787/1787/1738
f 1810/1810/1761 1825/1825/1776 1826/1826/1777
f 1810/1810/1761 1826/1826/1777 1811/1811/1762
f 1827/1827/1778 1785/1785/1736 1788/1788/1739
f 1827/1827/1778 1788/1788/1739 1828/1828/1779
f 1829/1829/1780 1809/1809/1760 1812/1812/1763
f 1829/1829/1780 1812/1812/1763 1830/1830/1781
f 1831/1831/1782 1827/1827/1778 1828/1828/1779
f 1831/1831/1782 1828/1828/1779 1832/1832/1782
f 1833/1833/1783 1834/1834/1784 1835/1835/1785
f 1833/1833/1783 1835/1835/1785 1836/1836/1786
f 1837/1837/1787 1838/1838/1788 1839/1839/1789
f 1837/1837/1787 1839/1839/1789 1840/1840/1790
f 1841/1841/1791 1833/1833/1783 1836/1836/1786
f 1841/1841/1791 1836/1836/1786 1842/1842/1792
f 1843/1843/1793 1837/1837/1787 1840/1840/1790
f 1843/1843/1793 1840/1840/1790 1844/1844/1794
f 1777/1777/1728 1841/1841/1791 1842/1842/1792
f 1777/1777/1728 1842/1842/1792 1778/1778/1729
f 1793/1793/1744 1843/1843/1793 1844/1844/1794
f 1793/1793/1744 1844/1844/1794 1794/1794/1745
f 1845/1845/1795 1846/1846/1796 1847/1847/1797
f 1845/1845/1795 1847/1847/1797 1848/1848/1798
f 1849/1849/1799 1850/1850/1799 1851/1851/1799
f 1849/1849/1800 1851/1851/1800 1852/1852/1800
f 1853/1853/1801 1854/1854/1801 1855/1855/1801
f 1853/1853/1802 1855/1855/1802 1856/1856/1802
f 1857/1857/1803 1773/1773/1803 1776/1776/1803
f 1857/1857/1727 1776/1776/1727 1858/1858/1727
f 1859/1859/1804 1860/1860/1804 1861/1861/1804
f 1859/1859/1805 1861/1861/1805 1862/1862/1805
f 1850/1850/1806 1853/1853/1806 1856/1856/1806
f 1850/1850/1727 1856/1856/1727 1851/1851/1727
f 1863/1863/1807 1857/1857/1807 1858/1858/1807
f 1863/1863/1808 1858/1858/1808 1864/1864/1808
f 1865/1865/1809 1849/1849/1809 1852/1852/1809
f 1865/1865/1810 1852/1852/1810 1866/1866/1810
f 1867/1867/1811 1863/1863/1811 1864/1864/1811
f 1867/1867/1812 1864/1864/1812 1868/1868/1812
f 1869/1869/1813 1865/1865/1813 1866/1866/1813
f 1869/1869/1814 1866/1866/1814 1870/1870/1814
f 1871/1871/1727 1867/1867/1727 1868/1868/1727
f 1871/1871/1815 1868/1868/1815 1872/1872/1815
f 1873/1873/1727 1869/1869/1727 1870/1870/1727
f 1873/1873/1727 1870/1870/1727 1874/1874/1727
f 1875/1875/1816 1871/1871/1816 1872/1872/1816
f 1875/1875/1817 1872/1872/1817 1876/1876/1817
f 1860/1860/1818 1873/1873/1818 1874/1874/1818
f 1860/1860/1819 1874/1874/1819 1861/1861/1819
f 1877/1877/1820 1878/1878/1820 1879/1879/1820
f 1877/1877/1821 1879/1879/1821 1880/1880/1821
f 1881/1881/1822 1859/1859/1822 1862/1862/1822
f 1881/1881/1727 1862/1862/1727 1882/1882/1727
f 1883/1883/1823 1877/1877/1823 1880/1880/1823
f 1883/1883/1824 1880/1880/1824 1884/1884/1824
f 1885/1885/1825 1886/1886/1825 1887/1887/1825
f 1885/1885/1727 1887/1887/1727 1888/1888/1727
f 1889/1889/1826 1890/1890/1826 1891/1891/1826
f 1889/1889/1727 1891/1891/1727 1892/1892/1727
f 1893/1893/1827 1885/1885/1827 1888/1888/1827
f 1893/1893/1727 1888/1888/1727 1894/1894/1727
f 1895/1895/1727 1889/1889/1727 1892/1892/1727
f 1895/1895/1727 1892/1892/1727 1896/1896/1727
f 1897/1897/1828 1893/1893/1828 1894/1894/1828
f 1897/1897/1829 1894/1894/1829 1898/1898/1829
f 1899/1899/1830 1895/1895/1830 1896/1896/1830
f 1899/1899/1727 1896/1896/1727 1900/1900/1727
f 1901/1901/1831 1902/1902/1831 1903/1903/1831
f 1901/1901/1832 1903/1903/1832 1904/1904/1832
f 1902/1902/1833 1905/1905/1833 1906/1906/1833
f 1902/1902/1727 1906/1906/1727 1903/1903/1727
f 1907/1907/1834 1908/1908/1834 1909/1909/1834
f 1907/1907/1727 1909/1909/1727 1910/1910/1727
f 1911/1911/1835 1912/1912/1835 1913/1913/1835
f 1911/1911/1836 1913/1913/1836 1914/1914/1836
f 1878/1878/1837 1875/1875/1837 1876/1876/1837
f 1878/1878/1838 1876/1876/1838 1879/1879/1838
f 1915/1915/1839 1916/1916/1839 1917/1917/1839
f 1915/1915/1840 1917/1917/1840 1918/1918/1840
f 1774/1774/1841 1911/1911/1841 1914/1914/1841
f 1774/1774/1842 1914/1914/1842 1775/1775/1842
f 1908/1908/1843 1899/1899/1843 1900/1900/1843
f 1908/1908/1844 1900/1900/1844 1909/1909/1844
f 1854/1854/1845 1915/1915/1845 1918/1918/1845
f 1854/1854/1846 1918/1918/1846 1855/1855/1846
f 1919/1919/1847 1920/1920/1848 1921/1921/1849
f 1919/1919/1847 1921/1921/1849 1922/1922/1850
f 1923/1923/1851 1845/1845/1795 1848/1848/1798
f 1923/1923/1851 1848/1848/1798 1924/1924/1852
f 1925/1925/1853 1919/1919/1847 1922/1922/1850
f 1925/1925/1853 1922/1922/1850 1926/1926/1854
f 1927/1927/1855 1923/1923/1851 1924/1924/1852
f 1927/1927/1855 1924/1924/1852 1928/1928/1856
f 1929/1929/1857 1925/1925/1853 1926/1926/1854
f 1929/1929/1857 1926/1926/1854 1930/1930/1858
f 1931/1931/1859 1932/1932/1860 1933/1933/1861
f 1931/1931/1859 1933/1933/1861 1934/1934/1862
f 1935/1935/1863 1936/1936/1864 1937/1937/1865
f 1935/1935/1863 1937/1937/1865 1938/1938/1866
f 1939/1939/1867 1931/1931/1859 1934/1934/1862
f 1939/1939/1867 1934/1934/1862 1940/1940/1868
f 1941/1941/1869 1942/1942/1870 1943/1943/1871
f 1941/1941/1869 1943/1943/1871 1944/1944/1872
f 1945/1945/1873 1946/1946/1874 1947/1947/1875
f 1945/1945/1873 1947/1947/1875 1948/1948/1876
f 1949/1949/1877 1941/1941/1869 1944/1944/1872
f 1949/1949/1877 1944/1944/1872 1950/1950/1878
f 1951/1951/1879 1945/1945/1873 1948/1948/1876
f 1951/1951/1879 1948/1948/1876 1952/1952/1880
f 1953/1953/1881 1949/1949/1877 1950/1950/1878
f 1953/1953/1881 1950/1950/1878 1954/1954/1882
f 1955/1955/1883 1951/1951/1879 1952/1952/1880
f 1955/1955/1883 1952/1952/1880 1956/1956/1884
f 1957/1957/1885 1958/1958/1886 1959/1959/1887
f 1957/1957/1885 1959/1959/1887 1960/1960/1888
f 1958/1958/1886 1953/1953/1881 1954/1954/1882
f 1958/1958/1886 1954/1954/1882 1959/1959/1887
f 1961/1961/1889 1962/1962/1890 1963/1963/1891
f 1961/1961/1889 1963/1963/1891 1964/1964/1892
f 1965/1965/1893 1957/1957/1885 1960/1960/1888
f 1965/1965/1893 1960/1960/1888 1966/1966/1894
f 1932/1932/1860 1927/1927/1855 1928/1928/1856
f 1932/1932/1860 1928/1928/1856 1933/1933/1861
f 1967/1967/1895 1961/1961/1889 1964/1964/1892
f 1967/1967/1895 1964/1964/1892 1968/1968/1896
f 1969/1969/1897 1965/1965/1893 1966/1966/1894
f 1969/1969/1897 1966/1966/1894 1970/1970/1898
f 1962/1962/1890 1955/1955/1883 1956/1956/1884
f 1962/1962/1890 1956/1956/1884 1963/1963/1891
f 1971/1971/1899 1967/1967/1895 1968/1968/1896
f 1971/1971/1899 1968/1968/1896 1972/1972/1900
f 1973/1973/1901 1969/1969/1897 1970/1970/1898
f 1973/1973/1901 1970/1970/1898 1974/1974/1902
f 1975/1975/1903 1976/1976/1904 1977/1977/1905
f 1975/1975/1903 1977/1977/1905 1978/1978/1906
f 1979/1979/1907 1971/1971/1899 1972/1972/1900
f 1979/1979/1907 1972/1972/1900 1980/1980/1908
f 1981/1981/1909 1982/1982/1910 1983/1983/1911
f 1981/1981/1909 1983/1983/1911 1984/1984/1912
f 1936/1936/1864 1929/1929/1857 1930/1930/1858
f 1936/1936/1864 1930/1930/1858 1937/1937/1865
f 1976/1976/1904 1985/1985/1913 1986/1986/1914
f 1976/1976/1904 1986/1986/1914 1977/1977/1905
f 1846/1846/1796 1981/1981/1909 1984/1984/1912
f 1846/1846/1796 1984/1984/1912 1847/1847/1797
f 1920/1920/1848 1975/1975/1903 1978/1978/1906
f 1920/1920/1848 1978/1978/1906 1921/1921/1849
f 681/681/1915 1987/1987/1915 1988/1988/1915
f 1988/1988/1916 1989/1989/1916 681/681/1916
f 1989/1989/1917 1990/1990/1917 1991/1991/1917
f 681/681/1918 1989/1989/1918 1991/1991/1918
f 1990/1990/1919 1992/1992/1919 1991/1991/1919
f 1991/1991/1920 1993/1993/1920 1994/1994/1920
f 1993/1993/1921 1995/1995/1921 1994/1994/1921
f 1994/1994/1922 1996/1996/1922 1997/1997/1922
f 681/681/1923 1994/1994/1923 1997/1997/1923
f 1996/1996/1924 1998/1998/1924 1999/1999/1924
f 1999/1999/1925 2000/2000/1925 1996/1996/1925
f 2000/2000/1926 2001/2001/1926 2002/2002/1926
f 2002/2002/1926 2003/2003/1926 2004/2004/1926
f 2004/2004/1927 2005/2005/1927 2002/2002/1927
f 2005/2005/1928 2006/2006/1928 2002/2002/1928
f 2006/2006/1929 2007/2007/1929 1997/1997/1929
f 2002/2002/1926 2006/2006/1926 1997/1997/1926
f 2007/2007/1930 2008/2008/1930 1997/1997/1930
f 1997/1997/1931 2009/2009/1931 2010/2010/1931
f 2009/2009/1932 2011/2011/1932 2010/2010/1932
f 2010/2010/1933 679/679/1933 681/681/1933
f 679/679/1934 2012/2012/1934 680/680/1934
f 680/680/1935 2013/2013/1935 681/681/1935
f 2013/2013/1936 2014/2014/1936 681/681/1936
f 2014/2014/1937 2015/2015/1937 681/681/1937
f 681/681/1938 1991/1991/1938 1994/1994/1938
f 2002/2002/1939 1996/1996/1939 2000/2000/1939
f 2002/2002/1940 1997/1997/1940 1996/1996/1940
f 2010/2010/1926 681/681/1926 1997/1997/1926
f 2016/2016/1941 2017/2017/1941 1167/1167/1941
f 1167/1167/1942 2018/2018/1942 2019/2019/1942
f 2019/2019/1942 2020/2020/1942 1167/1167/1942
f 2020/2020/1942 2021/2021/1942 1167/1167/1942
f 2021/2021/1943 2022/2022/1943 2023/2023/1943
f 2023/2023/1944 1168/1168/1944 1167/1167/1944
f 1168/1168/1945 2024/2024/1945 2025/2025/1945
f 2026/2026/1946 1168/1168/1946 2025/2025/1946
f 2026/2026/1947 2027/2027/1947 2028/2028/1947
f 2028/2028/1948 2029/2029/1948 2026/2026/1948
f 2029/2029/1949 2030/2030/1949 2031/2031/1949
f 2026/2026/1950 2029/2029/1950 2031/2031/1950
f 2030/2030/1951 2032/2032/1951 2031/2031/1951
f 2032/2032/1942 2033/2033/1942 2031/2031/1942
f 2031/2031/1942 2034/2034/1942 2035/2035/1942
f 2035/2035/1952 2036/2036/1952 2037/2037/1952
f 2036/2036/1953 2038/2038/1953 2037/2037/1953
f 2037/2037/1954 1166/1166/1954 1168/1168/1954
f 1166/1166/1955 2039/2039/1955 2040/2040/1955
f 2041/2041/1956 1166/1166/1956 2040/2040/1956
f 2041/2041/1957 2042/2042/1957 2043/2043/1957
f 2043/2043/1958 2044/2044/1958 2041/2041/1958
f 2044/2044/1959 2016/2016/1959 1167/1167/1959
f 2041/2041/1960 2044/2044/1960 1167/1167/1960
f 2023/2023/1961 1167/1167/1961 2021/2021/1961
f 1168/1168/1962 2026/2026/1962 2037/2037/1962
f 2037/2037/1963 2031/2031/1963 2035/2035/1963
f 1166/1166/1964 2041/2041/1964 1167/1167/1964
f 2037/2037/1965 2026/2026/1965 2031/2031/1965
f 2045/2045/1966 2046/2046/1966 2047/2047/1966
f 2048/2048/1967 2049/2049/1968 2050/2050/1969
f 2048/2048/1967 2050/2050/1969 2051/2051/1970
f 2052/2052/1971 2053/2053/1972 2054/2054/1973
f 2052/2052/1971 2054/2054/1973 2055/2055/1974
f 2056/2056/1975 2057/2057/1976 2058/2058/1977
f 2056/2056/1975 2058/2058/1977 2059/2059/1975
f 2057/2057/1976 2048/2048/1967 2051/2051/1970
f 2057/2057/1976 2051/2051/1970 2058/2058/1977
f 2060/2060/1978 2061/2061/1979 2062/2062/1980
f 2060/2060/1978 2062/2062/1980 2063/2063/1981
f 2064/2064/1982 2065/2065/1983 2066/2066/1984
f 2064/2064/1982 2066/2066/1984 2067/2067/1985
f 2068/2068/1986 2069/2069/1987 2070/2070/1987
f 2068/2068/1986 2070/2070/1987 2071/2071/1988
f 2072/2072/1989 2060/2060/1978 2063/2063/1981
f 2072/2072/1989 2063/2063/1981 2073/2073/1990
f 2074/2074/1991 2064/2064/1982 2067/2067/1985
f 2074/2074/1991 2067/2067/1985 2075/2075/1992
f 2076/2076/1993 2052/2052/1971 2055/2055/1974
f 2076/2076/1993 2055/2055/1974 2077/2077/1994
f 2078/2078/1995 2072/2072/1989 2073/2073/1990
f 2078/2078/1995 2073/2073/1990 2079/2079/1996
f 2080/2080/1997 2074/2074/1991 2075/2075/1992
f 2080/2080/1997 2075/2075/1992 2081/2081/1998
f 2082/2082/1999 2083/2083/2000 2084/2084/2001
f 2082/2082/1999 2084/2084/2001 2085/2085/2002
f 2086/2086/2003 2078/2078/1995 2079/2079/1996
f 2086/2086/2003 2079/2079/1996 2087/2087/2004
f 2088/2088/2005 2080/2080/1997 2081/2081/1998
f 2088/2088/2005 2081/2081/1998 2089/2089/2006
f 2090/2090/2007 2091/2091/2008 2092/2092/2009
f 2090/2090/2007 2092/2092/2009 2093/2093/2010
f 2083/2083/2000 2086/2086/2003 2087/2087/2004
f 2083/2083/2000 2087/2087/2004 2084/2084/2001
f 2094/2094/2011 2088/2088/2005 2089/2089/2006
f 2094/2094/2011 2089/2089/2006 2095/2095/2012
f 2096/2096/2013 2082/2082/1999 2085/2085/2002
f 2096/2096/2013 2085/2085/2002 2097/2097/2014
f 2098/2098/2015 2094/2094/2011 2095/2095/2012
f 2098/2098/2015 2095/2095/2012 2099/2099/2016
f 2100/2100/2017 2096/2096/2013 2097/2097/2014
f 2100/2100/2017 2097/2097/2014 2101/2101/2018
f 2102/2102/2019 2098/2098/2015 2099/2099/2016
f 2102/2102/2019 2099/2099/2016 2103/2103/2020
f 2104/2104/2021 2100/2100/2017 2101/2101/2018
f 2104/2104/2021 2101/2101/2018 2105/2105/2022
f 2106/2106/2023 2102/2102/2019 2103/2103/2020
f 2106/2106/2023 2103/2103/2020 2107/2107/2024
f 2091/2091/2008 2108/2108/2025 2109/2109/2025
f 2091/2091/2008 2109/2109/2025 2092/2092/2009
f 2110/2110/2026 2068/2068/1986 2071/2071/1988
f 2110/2110/2026 2071/2071/1988 2111/2111/2027
f 2112/2112/2028 2090/2090/2007 2093/2093/2010
f 2112/2112/2028 2093/2093/2010 2113/2113/2029
f 2114/2114/2030 2110/2110/2026 2111/2111/2027
f 2114/2114/2030 2111/2111/2027 2115/2115/2031
f 2116/2116/2032 2112/2112/2028 2113/2113/2029
f 2116/2116/2032 2113/2113/2029 2117/2117/2033
f 2118/2118/2034 2114/2114/2030 2115/2115/2031
f 2118/2118/2034 2115/2115/2031 2119/2119/2035
f 2049/2049/1968 2116/2116/2032 2117/2117/2033
f 2049/2049/1968 2117/2117/2033 2050/2050/1969
f 2053/2053/1972 2118/2118/2034 2119/2119/2035
f 2053/2053/1972 2119/2119/2035 2054/2054/1973
f 2120/2120/2036 2121/2121/2036 2046/2046/2036
f 2046/2046/1942 2122/2122/1942 2123/2123/1942
f 2123/2123/1942 2124/2124/1942 2046/2046/1942
f 2124/2124/1942 2125/2125/1942 2046/2046/1942
f 2125/2125/2037 2126/2126/2037 2127/2127/2037
f 2127/2127/2038 2047/2047/2038 2046/2046/2038
f 2047/2047/2039 2128/2128/2039 2129/2129/2039
f 2130/2130/2040 2047/2047/2040 2129/2129/2040
f 2130/2130/2041 2131/2131/2041 2132/2132/2041
f 2132/2132/2042 2133/2133/2042 2130/2130/2042
f 2133/2133/2043 2134/2134/2043 2135/2135/2043
f 2130/2130/2044 2133/2133/2044 2135/2135/2044
f 2134/2134/2045 2136/2136/2045 2135/2135/2045
f 2136/2136/1942 2137/2137/1942 2135/2135/1942
f 2135/2135/1942 2138/2138/1942 2139/2139/1942
f 2139/2139/2046 2140/2140/2046 2141/2141/2046
f 2140/2140/2047 2142/2142/2047 2141/2141/2047
f 2141/2141/2048 2045/2045/2048 2047/2047/2048
f 2045/2045/2049 2143/2143/2049 2144/2144/2049
f 2145/2145/2050 2045/2045/2050 2144/2144/2050
f 2145/2145/2051 2146/2146/2051 2147/2147/2051
f 2147/2147/2052 2148/2148/2052 2145/2145/2052
f 2148/2148/2053 2120/2120/2053 2046/2046/2053
f 2145/2145/2054 2148/2148/2054 2046/2046/2054
f 2127/2127/2055 2046/2046/2055 2125/2125/2055
f 2047/2047/2056 2130/2130/2056 2141/2141/2056
f 2141/2141/2057 2135/2135/2057 2139/2139/2057
f 2045/2045/2058 2145/2145/2058 2046/2046/2058
f 2141/2141/2059 2130/2130/2059 2135/2135/2059
f 2149/2149/2060 2150/2150/2060 2151/2151/2060
f 2152/2152/2061 2153/2153/2062 2154/2154/2063
f 2152/2152/2061 2154/2154/2063 2155/2155/2064
f 2156/2156/2065 2157/2157/2066 2158/2158/2067
f 2156/2156/2065 2158/2158/2067 2159/2159/2068
f 2160/2160/2069 2156/2156/2065 2159/2159/2068
f 2160/2160/2069 2159/2159/2068 2161/2161/2070
f 2162/2162/2071 2163/2163/2072 2164/2164/2073
f 2162/2162/2071 2164/2164/2073 2165/2165/2074
f 2157/2157/2066 2166/2166/2075 2167/2167/2076
f 2157/2157/2066 2167/2167/2076 2158/2158/2067
f 2163/2163/2072 2168/2168/2077 2169/2169/2078
f 2163/2163/2072 2169/2169/2078 2164/2164/2073
f 2166/2166/2075 2170/2170/2079 2171/2171/2080
f 2166/2166/2075 2171/2171/2080 2167/2167/2076
f 2168/2168/2077 2172/2172/2081 2173/2173/2081
f 2168/2168/2077 2173/2173/2081 2169/2169/2078
f 2170/2170/2079 2174/2174/2082 2175/2175/2083
f 2170/2170/2079 2175/2175/2083 2171/2171/2080
f 2176/2176/2084 2177/2177/2085 2178/2178/2086
f 2176/2176/2084 2178/2178/2086 2179/2179/2087
f 2180/2180/2088 2181/2181/2089 2182/2182/2090
f 2180/2180/2088 2182/2182/2090 2183/2183/2088
f 2177/2177/2085 2184/2184/2091 2185/2185/2092
f 2177/2177/2085 2185/2185/2092 2178/2178/2086
f 2186/2186/2093 2187/2187/2094 2188/2188/2095
f 2186/2186/2093 2188/2188/2095 2189/2189/2096
f 2190/2190/2097 2191/2191/2098 2192/2192/2099
f 2190/2190/2097 2192/2192/2099 2193/2193/2100
f 2187/2187/2094 2194/2194/2101 2195/2195/2102
f 2187/2187/2094 2195/2195/2102 2188/2188/2095
f 2191/2191/2098 2196/2196/2103 2197/2197/2104
f 2191/2191/2098 2197/2197/2104 2192/2192/2099
f 2194/2194/2101 2198/2198/2105 2199/2199/2106
f 2194/2194/2101 2199/2199/2106 2195/2195/2102
f 2196/2196/2103 2200/2200/2107 2201/2201/2108
f 2196/2196/2103 2201/2201/2108 2197/2197/2104
f 2198/2198/2105 2202/2202/2109 2203/2203/2110
f 2198/2198/2105 2203/2203/2110 2199/2199/2106
f 2200/2200/2107 2204/2204/2111 2205/2205/2112
f 2200/2200/2107 2205/2205/2112 2201/2201/2108
f 2206/2206/2113 2207/2207/2114 2208/2208/2115
f 2206/2206/2113 2208/2208/2115 2209/2209/2116
f 2181/2181/2089 2186/2186/2093 2189/2189/2096
f 2181/2181/2089 2189/2189/2096 2182/2182/2090
f 2204/2204/2111 2210/2210/2117 2211/2211/2118
f 2204/2204/2111 2211/2211/2118 2205/2205/2112
f 2212/2212/2119 2213/2213/2120 2214/2214/2121
f 2212/2212/2119 2214/2214/2121 2215/2215/2122
f 2202/2202/2109 2206/2206/2113 2209/2209/2116
f 2202/2202/2109 2209/2209/2116 2203/2203/2110
f 2216/2216/2123 2217/2217/2124 2218/2218/2125
f 2216/2216/2123 2218/2218/2125 2219/2219/2126
f 2213/2213/2120 2220/2220/2127 2221/2221/2128
f 2213/2213/2120 2221/2221/2128 2214/2214/2121
f 2153/2153/2062 2162/2162/2071 2165/2165/2074
f 2153/2153/2062 2165/2165/2074 2154/2154/2063
f 2217/2217/2124 2222/2222/2129 2223/2223/2130
f 2217/2217/2124 2223/2223/2130 2218/2218/2125
f 2220/2220/2127 2152/2152/2061 2155/2155/2064
f 2220/2220/2127 2155/2155/2064 2221/2221/2128
f 2184/2184/2091 2190/2190/2097 2193/2193/2100
f 2184/2184/2091 2193/2193/2100 2185/2185/2092
f 2222/2222/2129 2160/2160/2069 2161/2161/2070
f 2222/2222/2129 2161/2161/2070 2223/2223/2130
f 2151/2151/2131 2224/2224/2131 2225/2225/2131
f 2225/2225/2132 2226/2226/2132 2151/2151/2132
f 2226/2226/2133 2227/2227/2133 2228/2228/2133
f 2151/2151/2134 2226/2226/2134 2228/2228/2134
f 2227/2227/2135 2229/2229/2135 2228/2228/2135
f 2228/2228/2136 2230/2230/2136 2231/2231/2136
f 2230/2230/2137 2232/2232/2137 2231/2231/2137
f 2231/2231/2138 2233/2233/2138 2151/2151/2138
f 2228/2228/2139 2231/2231/2139 2151/2151/2139
f 2233/2233/2140 2234/2234/2140 2235/2235/2140
f 2235/2235/2141 2236/2236/2141 2233/2233/2141
f 2236/2236/1727 2237/2237/1727 2238/2238/1727
f 2151/2151/2142 2236/2236/2142 2238/2238/2142
f 2238/2238/1727 2239/2239/1727 2240/2240/1727
f 2151/2151/2143 2238/2238/2143 2241/2241/2143
f 2240/2240/2144 2242/2242/2144 2238/2238/2144
f 2242/2242/2145 2243/2243/2145 2238/2238/2145
f 2243/2243/2146 2244/2244/2146 2241/2241/2146
f 2238/2238/2147 2243/2243/2147 2241/2241/2147
f 2244/2244/2148 2245/2245/2148 2241/2241/2148
f 2241/2241/2149 2246/2246/2149 2149/2149/2149
f 2246/2246/2150 2247/2247/2150 2149/2149/2150
f 2149/2149/2151 2248/2248/2151 2150/2150/2151
f 2248/2248/2152 2249/2249/2152 2150/2150/2152
f 2150/2150/2153 2250/2250/2153 2151/2151/2153
f 2250/2250/2154 2251/2251/2154 2151/2151/2154
f 2251/2251/1727 2252/2252/1727 2151/2151/1727
f 2151/2151/2155 2233/2233/2155 2236/2236/2155
f 2151/2151/2156 2241/2241/2156 2149/2149/2156
# Vertices: 1652, normals: 1576, texture coordinates: 1652, faces: 2232

o obj4
v 0.01692368 0.0746245 0.826955
v 0.00539001 0.0763506 0.8238607
v 0.00185134 0.0762058 0.8318223
v 0.01187791 0.0752509 0.8341186
v -0.02229337 0.0723476 0.8419386
v -0.01463507 0.0746083 0.8357196
v -0.019518 0.0738564 0.8277885
v -0.03149798 0.0693369 0.8351476
v -0.02827905 0.0694074 0.8523306
v -0.0391548 0.0648102 0.8441036
v -0.02983109 0.0674561 0.8632619
v -0.04552624 0.0589207 0.8591774
v 0.02131517 0.0728863 0.8403813
v 0.02762355 0.0712917 0.8318703
v 0.02780898 0.0700349 0.8498412
v 0.03567428 0.0673869 0.838743
v 0.03035386 0.0677088 0.8615511
v 0.04290332 0.0622418 0.8503178
v 0.04776086 0.0564142 0.8662889
v 0.02827938 0.0667364 0.872884
v -0.02701328 0.0666594 0.874669
v -0.04848084 0.0536098 0.8738741
v -0.00634043 0.0762356 0.8240467
v -0.00634633 0.0759039 0.8325346
v 0.02216746 0.0667952 0.882525
v 0.03236122 0.0611952 0.8869436
v 0.01240529 0.067256 0.8894264
v 0.01313008 0.0631162 0.8995706
v -0.00117336 0.0674762 0.8920044
v -0.0009924 0.0633121 0.901866
v 0.04929258 0.0526945 0.8763491
v 0.03359021 0.0562562 0.8969762
v 0.01364334 0.0571611 0.9094163
v -0.00080317 0.0577126 0.9109621
v 0.0498379 0.0485204 0.8863324
v 0.04929258 0.0526945 0.8763491
v 0.03359021 0.0562562 0.8969762
v 0.03393836 0.0497704 0.9065604
v 0.03393836 0.0497704 0.9065604
v 0.01370968 0.0494513 0.9179329
v -0.00064923 0.0504999 0.9188556
v 0.04925151 0.0436549 0.8960016
v 0.03308273 0.0421249 0.914748
v 0.01370968 0.0494513 0.9179329
v 0.01331319 0.0406266 0.9243903
v 0.01331319 0.0406266 0.9243903
v 0.01370968 0.0494513 0.9179329
v -0.00064923 0.0504999 0.9188556
v -0.00050773 0.0418584 0.9251664
v 0.04743011 0.0379274 0.9050285
v 0.03126593 0.0337205 0.9212518
v 0.01261629 0.0311276 0.9291642
v 0.01261629 0.0311276 0.9291642
v -0.00034313 0.032262 0.9299114
v 0.04435069 0.0313567 0.913082
v 0.02863516 0.024883 0.926342
v 0.02863516 0.024883 0.926342
v 0.03126593 0.0337205 0.9212518
v 0.01163031 0.0213659 0.932573
v -0.00018018 0.0220857 0.9333438
v 0.04016091 0.0241308 0.9199916
v 0.02548648 0.0159641 0.930306
v 0.02548648 0.0159641 0.930306
v 0.01044114 0.0115279 0.9351038
v -2.262E-05 0.0116523 0.9357752
v 0.03508021 0.0165242 0.925725
v 0.04016091 0.0241308 0.9199916
v 0.02188702 0.0070004 0.9333869
v 0.00908984 0.0015943 0.9369385
v 0.00015437 0.0010508 0.9375237
v 0.02937992 0.0084751 0.9303824
v 0.01806976 -0.002043 0.9357516
v 0.00767018 -0.0083825 0.9382699
v 0.00035267 -0.0095975 0.9387437
v 0.02332981 0.0002872 0.9340129
v 0.0170898 -0.0081589 0.9367516
v 0.01061917 -0.0166888 0.9386848
v 0.00055893 -0.0202785 0.9396386
v -0.02981637 0.0096652 0.9297758
v -0.02342699 0.000982 0.9337446
v -0.01626543 -0.0086116 0.9368841
v -0.01702766 -0.0023614 0.9359961
v -0.00885342 -0.0179127 0.9389449
v -0.00680612 -0.0088047 0.9383487
v -0.03534922 0.0175145 0.9250599
v -0.02086155 0.0067053 0.9336196
v -0.00859771 0.0011625 0.9369884
v -0.03974071 0.0242191 0.9199633
v -0.02410571 0.0152832 0.9308146
v -0.01009659 0.0109508 0.9351759
v -0.04318282 0.0300688 0.9144843
v -0.02679328 0.023489 0.927468
v -0.01137255 0.02057 0.932823
v -0.0458363 0.035341 0.9084691
v -0.04318282 0.0300688 0.9144843
v -0.02679328 0.023489 0.927468
v -0.02912776 0.0315046 0.9232439
v -0.02912776 0.0315046 0.9232439
v -0.01250283 0.0300363 0.9295628
v -0.04778263 0.0402481 0.9016397
v -0.03101465 0.0393715 0.9178052
v -0.03101465 0.0393715 0.9178052
v -0.01344846 0.0392514 0.9250991
v -0.04899999 0.0449823 0.8935323
v -0.0322983 0.0469924 0.9106307
v -0.0322983 0.0469924 0.9106307
v -0.01430152 0.0480289 0.9188922
v -0.04928705 0.0493606 0.8843796
v -0.0327371 0.0537567 0.9016832
v -0.0327371 0.0537567 0.9016832
v -0.0322983 0.0469924 0.9106307
v -0.01430152 0.0480289 0.9188922
v -0.01469837 0.05582 0.9106938
v -0.04848084 0.0536098 0.8738741
v -0.03232083 0.0593806 0.8910986
v -0.03232083 0.0593806 0.8910986
v -0.01483254 0.0620547 0.9007018
v -0.02084498 0.066807 0.883369
v -0.0122063 0.0672279 0.8892927
v 0.004357 0.0754505 0.8183584
v 0.01770587 0.0734488 0.821422
v 0.01788093 0.0706884 0.816536
v 0.00315918 0.072795 0.8135594
v 0.03012074 0.0691369 0.8275275
v 0.03168602 0.0656757 0.8237145
v 0.03012074 0.0691369 0.8275275
v 0.03919829 0.0643425 0.8357557
v 0.04127164 0.0599222 0.8332226
v 0.03168602 0.0656757 0.8237145
v 0.04658968 0.0582786 0.8489739
v 0.04867835 0.0531247 0.847799
v 0.05057127 0.0523118 0.8642883
v 0.05227334 0.0476106 0.8623054
v 0.05199428 0.0483105 0.8748107
v 0.0535918 0.0434318 0.8731692
v 0.05244954 0.0441432 0.8846445
v 0.05382152 0.0393 0.8827205
v 0.05185856 0.0395543 0.8936951
v 0.05316354 0.0350794 0.8909658
v 0.04956366 0.0327684 0.904122
v 0.05041529 0.0273367 0.9026215
v 0.0465035 0.0264845 0.9115514
v 0.04750736 0.0214612 0.9093222
v 0.0423515 0.019473 0.9180466
v 0.04366023 0.0147932 0.9154343
v 0.03734769 0.0118078 0.9237666
v 0.03873922 0.0072406 0.9210969
v 0.03162624 0.003401 0.9287841
v 0.03359074 -0.0014824 0.9265487
v 0.02530785 -0.0056292 0.9330416
v 0.02599497 -0.0112879 0.9307138
v 0.01833208 -0.0152986 0.9361522
v 0.01839764 -0.0220568 0.9339557
v 0.01833208 -0.0152986 0.9361522
v 0.01101674 -0.0229514 0.9382011
v 0.01068796 -0.0286765 0.9354695
v 0.01839764 -0.0220568 0.9339557
v 0.00116326 -0.0260807 0.9392277
v 0.00165667 -0.03119071 0.9363154
v -0.00769905 -0.0244554 0.9386712
v -0.00592111 -0.03035809 0.9360349
v -0.01609747 -0.0173193 0.9367734
v -0.0147445 -0.025588 0.9345152
v -0.02340339 -0.0077223 0.9337597
v -0.02206681 -0.0161381 0.9319458
v -0.04540715 0.025373 0.9126424
v -0.04859725 0.0316606 0.9056137
v -0.05011389 0.0277487 0.9021206
v -0.04654536 0.0207124 0.910267
v -0.05037478 0.0360675 0.8994972
v -0.05159894 0.0315168 0.8968277
v -0.05164102 0.0408498 0.8913485
v -0.05290857 0.0362496 0.8887863
v -0.03644887 0.0110482 0.9241626
v -0.04104659 0.0180567 0.919137
v -0.04138717 0.0120304 0.9177679
v -0.03664949 0.0047753 0.922648
v -0.03049371 0.0023115 0.9292744
v -0.03005943 -0.0048069 0.9276725
v -0.03049371 0.0023115 0.9292744
v -0.03005943 -0.0048069 0.9276725
v -0.00787375 0.0750912 0.8188573
v -0.00910715 0.0722502 0.8143406
v -0.02134095 0.0722419 0.8229188
v -0.02248899 0.0692074 0.8186078
v -0.03364167 0.0672275 0.8306078
v -0.03470084 0.0638235 0.8265473
v -0.04221979 0.0619211 0.8406476
v -0.03364167 0.0672275 0.8306078
v -0.03470084 0.0638235 0.8265473
v -0.04362741 0.057615 0.8375235
v -0.04834095 0.0553233 0.8562698
v -0.04985639 0.0508941 0.8534398
v -0.05115548 0.0496484 0.8713793
v -0.05266163 0.0451109 0.8688195
v -0.05194828 0.0452924 0.882082
v -0.05332217 0.0406948 0.8795731
v 0.02020086 0.0698515 0.8709147
v 0.02214433 0.0704864 0.8630641
v 0.02110542 0.0717221 0.8551502
v -0.01875989 0.0727081 0.8477668
v -0.01836918 0.0729242 0.8485307
v -0.01240079 0.0745749 0.8427832
v -0.01261334 0.0744171 0.8419759
v -0.00466953 0.0756579 0.8394772
v -0.00484727 0.0755225 0.838689
v 0.00370689 0.0757596 0.8393753
v 0.00348141 0.0756544 0.8384765
v -0.02254561 0.070893 0.8556281
v -0.02187465 0.0712481 0.8560723
v -0.02322332 0.0695984 0.8642581
v -0.02244304 0.0700381 0.8644183
v -0.02071611 0.0690082 0.8726988
v -0.01996539 0.0694773 0.8724867
v -0.01539342 0.0689861 0.8795697
v -0.01473598 0.069438 0.8791369
v -0.00795947 0.0691802 0.8840098
v -0.00740961 0.0696242 0.8833491
v 0.00067608 0.0692552 0.8855201
v 0.00092752 0.0696692 0.8847596
v 0.0095125 0.0691602 0.883593
v 0.00917049 0.0695841 0.8829092
v 0.01686169 0.0689833 0.878668
v 0.01621987 0.0694331 0.8782237
v 0.02181084 0.0690843 0.8714266
v 0.02104278 0.0695538 0.8712807
v 0.02382965 0.0697771 0.8628812
v 0.02306099 0.070211 0.8630809
v 0.0225866 0.0711911 0.8542448
v 0.02194132 0.0715321 0.8548529
v 0.01843549 0.0729945 0.8465854
v 0.01811947 0.0731727 0.8474027
v 0.01157792 0.0747659 0.8415495
v 0.01153572 0.0748154 0.8425849
v -0.03990278 0.0234536 0.9198606
v -0.04345915 0.0294856 0.9142554
v -0.04932842 0.044469 0.893261
v -0.04961756 0.0488554 0.8840942
v -0.04881284 0.0531177 0.8735643
v -0.04587594 0.0584739 0.8588162
v -0.03953501 0.0644514 0.8436744
v -0.03953501 0.0644514 0.8436744
v -0.03176466 0.0690749 0.8345838
v -0.04221979 0.0619211 0.8406476
v -0.01974438 0.0736558 0.8271836
v -0.00653086 0.0760936 0.8234022
v 0.00526174 0.0762389 0.8231772
v -0.02342413 -9.91E-05 0.9337463
v -0.02990052 0.0087519 0.9297135
v -0.03548548 0.0167113 0.9249485
v -0.03644887 0.0110482 0.9241626
v -0.03548548 0.0167113 0.9249485
v -0.04810426 0.0397288 0.9013736
v -0.04617903 0.0348839 0.9081144
v -0.01624457 -0.0096931 0.9368702
v -0.00871007 -0.0187253 0.938911
v 0.000634 -0.0209991 0.9395877
v 0.01066883 -0.0174667 0.9386247
v 0.01724423 -0.0090457 0.9366771
v 0.02357556 -0.0004478 0.9338923
v 0.02530785 -0.0056292 0.9330416
v 0.02965886 0.0078449 0.9301839
v 0.02357556 -0.0004478 0.9338923
v 0.03536208 0.0159384 0.9254817
v 0.04043306 0.0235522 0.9197501
v 0.04461856 0.0307517 0.9128919
v 0.04769457 0.0372866 0.9049158
v 0.04957534 0.0431455 0.8957151
v 0.05016233 0.0479768 0.8861227
v 0.04962827 0.0521499 0.876158
v 0.04811002 0.0559047 0.8660405
v 0.04336144 0.0617496 0.850151
v 0.03611244 0.0670088 0.838372
v 0.02793379 0.0710241 0.8313309
v 0.03611244 0.0670088 0.838372
v 0.03919829 0.0643425 0.8357557
v 0.01702042 0.0744784 0.8262677
v 0.00090054 0.0699131 0.8838004
v 0.00880106 0.069846 0.882034
v 0.01557184 0.06972 0.87756
v 0.01741387 0.073317 0.8480449
v 0.01108361 0.0748222 0.8433912
v 0.0035301 0.0757123 0.8402991
v -0.00446145 0.0756249 0.8404373
v -0.00711099 0.0698512 0.8824952
v -0.01411823 0.0697191 0.8784336
v -0.01914952 0.0697774 0.872071
v -0.0215324 0.070325 0.8643431
v -0.02098517 0.0714764 0.8563426
v -0.0176066 0.0730607 0.84911
v -0.01186935 0.0746186 0.8436002
v 0.03567428 0.0673869 0.838743
v 0.04290332 0.0622418 0.8503178
v 0.04776086 0.0564142 0.8662889
v 0.03508021 0.0165242 0.925725
v 0.02937992 0.0084751 0.9303824
v 0.02332981 0.0002872 0.9340129
v -0.03534922 0.0175145 0.9250599
v -0.03974071 0.0242191 0.9199633
v -0.04552624 0.0589207 0.8591774
v -0.0391548 0.0648102 0.8441036
v 0.02020521 0.089889 0.04183048
v 0.01416047 0.0906395 0.03324872
v 0.00214894 0.0917835 0.03599917
v 0.0063882 0.0919569 0.04553753
v -0.02677582 0.0871614 0.02388054
v -0.03780278 0.0835546 0.03201586
v -0.02345095 0.0889688 0.0408321
v -0.01760195 0.0898696 0.0313307
v -0.03394696 0.0836391 0.01143074
v -0.04697505 0.0781318 0.0212869
v -0.03580531 0.0813014 -0.0016641
v -0.05460814 0.0710763 0.00322896
v 0.03302349 0.0858964 0.03594172
v 0.02546616 0.0878068 0.02574622
v 0.04266812 0.0812186 0.02770859
v 0.03324569 0.0843908 0.01441293
v 0.05132801 0.0750549 0.0138424
v 0.03629405 0.0816043 0.00038545
v 0.05714734 0.0680737 -0.00529051
v 0.03380932 0.0804393 -0.01319122
v -0.03242972 0.080347 -0.01532948
v -0.05814776 0.064714 -0.01437681
v -0.00766454 0.0918192 0.04531461
v -0.00767164 0.0914217 0.03514587
v 0.03869856 0.073801 -0.03003424
v 0.02648742 0.0805097 -0.02474087
v 0.01566054 0.0761024 -0.04516083
v 0.01479216 0.0810618 -0.03300863
v -0.00125776 0.076337 -0.04791069
v -0.00147454 0.0813255 -0.03609699
v 0.05898209 0.0636173 -0.01734215
v 0.04017134 0.0678843 -0.04205316
v 0.0162756 0.0689683 -0.05695599
v -0.00103102 0.069629 -0.05880779
v 0.05963571 0.058617 -0.02930212
v 0.04058839 0.0601144 -0.05353426
v 0.04017134 0.0678843 -0.04205316
v 0.05898209 0.0636173 -0.01734215
v 0.04058839 0.0601144 -0.05353426
v 0.01635547 0.0597323 -0.06715869
v -0.00084668 0.0609884 -0.06826412
v 0.05893321 0.0527881 -0.04088521
v 0.03956391 0.0509553 -0.06334322
v 0.01588024 0.0491604 -0.07489454
v 0.01635547 0.0597323 -0.06715869
v 0.01588024 0.0491604 -0.07489454
v -0.00067716 0.050636 -0.0758242
v -0.00084668 0.0609884 -0.06826412
v 0.01635547 0.0597323 -0.06715869
v 0.05675079 0.0459267 -0.05169934
v 0.03738696 0.0408872 -0.07113456
v 0.01504512 0.0377808 -0.08061343
v 0.01504512 0.0377808 -0.08061343
v -0.00047998 0.0391397 -0.08150863
v 0.05306269 0.0380554 -0.06134688
v 0.03423543 0.0302999 -0.07723259
v 0.03423543 0.0302999 -0.07723259
v 0.01386346 0.0260864 -0.08469712
v 0.03738696 0.0408872 -0.07113456
v -0.00028477 0.0269487 -0.08562046
v 0.04804279 0.0293988 -0.06962502
v 0.03046323 0.0196153 -0.0819813
v 0.03046323 0.0196153 -0.0819813
v 0.0124398 0.0143008 -0.08772897
v -9.601E-05 0.01445 -0.08853322
v 0.0419565 0.0202863 -0.07649338
v 0.02615143 0.0088771 -0.08567214
v 0.04804279 0.0293988 -0.06962502
v 0.01082046 0.0024006 -0.08992695
v 0.00011602 0.0017496 -0.09062802
v 0.03512837 0.0106437 -0.08207291
v 0.02157802 -0.0019568 -0.08850502
v 0.00911983 -0.0095513 -0.09152191
v 0.00035358 -0.0110068 -0.09208947
v 0.02787985 0.0008348 -0.0864222
v 0.02040787 -0.0092828 -0.08970296
v 0.01265283 -0.0195235 -0.0920242
v 0.00060067 -0.0238024 -0.0931617
v -0.03578821 0.0120695 -0.08134621
v -0.02046762 -0.0023381 -0.08879786
v -0.01955442 -0.0098258 -0.08986163
v -0.02813391 0.0016672 -0.08610063
v -0.00822244 -0.0100571 -0.09161633
v -0.01067463 -0.0209682 -0.09233063
v -0.04241601 0.0214726 -0.0756967
v -0.02506033 0.0085235 -0.08595097
v -0.01036851 0.0018834 -0.08998674
v -0.04767731 0.0295046 -0.06959104
v -0.02894692 0.0187997 -0.08259063
v -0.01216404 0.0136095 -0.0878154
v -0.05180088 0.0365124 -0.06302726
v -0.03216663 0.02863 -0.07858145
v -0.01369278 0.025133 -0.08499664
v -0.05497929 0.0428283 -0.05582118
v -0.03496322 0.0382324 -0.07352113
v -0.03216663 0.02863 -0.07858145
v -0.05180088 0.0365124 -0.06302726
v -0.03496322 0.0382324 -0.07352113
v -0.01504664 0.0364734 -0.08109104
v -0.05731127 0.0487069 -0.04763936
v -0.03722373 0.0476569 -0.06700581
v -0.03722373 0.0476569 -0.06700581
v -0.01617978 0.0475129 -0.07574373
v -0.05877027 0.0543784 -0.03792721
v -0.03876153 0.0567865 -0.05841094
v -0.03876153 0.0567865 -0.05841094
v -0.01720176 0.0580282 -0.06830775
v -0.05911305 0.0596235 -0.02696233
v -0.03928772 0.0648898 -0.04769194
v -0.03928772 0.0648898 -0.04769194
v -0.01767717 0.0673618 -0.0584864
v -0.01720176 0.0580282 -0.06830775
v -0.03876153 0.0567865 -0.05841094
v -0.05814776 0.064714 -0.01437681
v -0.03878853 0.0716272 -0.03501147
v -0.03878853 0.0716272 -0.03501147
v -0.01783852 0.0748308 -0.04651618
v -0.02504067 0.0805238 -0.02575165
v -0.01469217 0.0810281 -0.03284806
v 0.00515075 0.0908785 0.05212903
v 0.00371577 0.0876973 0.05787771
v 0.02135183 0.0851735 0.05431205
v 0.02114226 0.0884806 0.04845887
v 0.03789015 0.0791686 0.04571259
v 0.03601499 0.083315 0.04114449
v 0.03601499 0.083315 0.04114449
v 0.03789015 0.0791686 0.04571259
v 0.04937352 0.072276 0.03432208
v 0.04688944 0.0775714 0.03128755
v 0.05824639 0.0641327 0.01685971
v 0.05574496 0.0703071 0.01545244
v 0.06255366 0.0575269 -0.00051844
v 0.06051482 0.063159 -0.00289369
v 0.0641327 0.052521 -0.0135324
v 0.06221898 0.0583656 -0.01549935
v 0.06440813 0.0475711 -0.02497512
v 0.06276442 0.0533732 -0.02728009
v 0.06361974 0.042515 -0.0348528
v 0.06205614 0.0478758 -0.03812253
v 0.06032689 0.0332394 -0.04881608
v 0.05930711 0.0397464 -0.05061352
v 0.05684371 0.0262009 -0.05684316
v 0.05564119 0.0322186 -0.05951339
v 0.0522355 0.0182126 -0.06416541
v 0.0506673 0.023819 -0.06729495
v 0.04634012 0.0091647 -0.07094919
v 0.04467268 0.0146362 -0.07414728
v 0.04070623 -0.0015565 -0.07738435
v 0.03844072 0.0044349 -0.080343
v 0.03221573 -0.0127832 -0.0819745
v 0.03078176 -0.0061469 -0.08525854
v 0.02184601 -0.0270833 -0.08647304
v 0.02190484 -0.0181937 -0.08914965
v 0.02190484 -0.0181937 -0.08914965
v 0.02184601 -0.0270833 -0.08647304
v 0.01272519 -0.03391852 -0.08820509
v 0.01310815 -0.0271937 -0.09153592
v 0.00191571 -0.03687497 -0.08918046
v 0.00132455 -0.03075327 -0.0926693
v -0.00716225 -0.03587754 -0.08884441
v -0.00929217 -0.0288063 -0.0920028
v -0.01773242 -0.03016301 -0.08702403
v -0.01935331 -0.0202574 -0.08972918
v -0.02650438 -0.0188423 -0.08394575
v -0.02810566 -0.0087604 -0.08611869
v -0.05446598 0.0308869 -0.06082046
v -0.05582908 0.0253036 -0.05797511
v -0.06010362 0.0337329 -0.04821544
v -0.05828771 0.0384194 -0.05240041
v -0.06188354 0.038247 -0.04187518
v -0.06041697 0.0436987 -0.04507303
v -0.06345209 0.0439168 -0.03224182
v -0.06193355 0.0494277 -0.03531122
v -0.04373369 0.0137262 -0.07462185
v -0.04397467 0.0062114 -0.07280731
v -0.04964957 0.0149028 -0.06696099
v -0.04924127 0.0221222 -0.06860113
v -0.03659961 0.0032598 -0.08074551
v -0.03607932 -0.0052678 -0.07882654
v -0.03607932 -0.0052678 -0.07882654
v -0.03659961 0.0032598 -0.08074551
v -0.0095015 0.0904482 0.05153125
v -0.01097904 0.0870447 0.05694228
v -0.02563469 0.0870348 0.04666543
v -0.0270097 0.0833994 0.05183029
v -0.04037121 0.0810277 0.03745406
v -0.0416396 0.0769497 0.04231894
v -0.05064717 0.0746707 0.02542716
v -0.05233315 0.0695121 0.02916944
v -0.0416396 0.0769497 0.04231894
v -0.04037121 0.0810277 0.03745406
v -0.05798027 0.0667667 0.00671202
v -0.05979589 0.0614606 0.01010239
v -0.06135175 0.0599683 -0.01138854
v -0.06315628 0.0545325 -0.00832212
v -0.06230155 0.0547498 -0.02421015
v -0.06394771 0.0492421 -0.02120459
v 0.02413119 0.0841711 -0.01083207
v 0.02079244 0.0883226 0.01656538
v 0.02521438 0.0864122 0.00805336
v 0.02645947 0.0849317 -0.00142723
v -0.02254252 0.0875932 0.01689863
v -0.01517943 0.0896406 0.02383548
v -0.01492451 0.0898297 0.02286881
v -0.0220748 0.0878521 0.01598346
v -0.00587575 0.0909649 0.02777338
v -0.0056629 0.091127 0.02682924
v 0.00410171 0.0911229 0.02802795
v 0.00437196 0.0912489 0.02695125
v -0.02707861 0.0854188 0.0074808
v -0.0262746 0.0858442 0.00694859
v -0.02788989 0.0838678 -0.00285762
v -0.02695529 0.0843947 -0.00304943
v -0.02488629 0.0831608 -0.01296937
v -0.02398686 0.0837228 -0.01271528
v -0.01851044 0.0831343 -0.02120018
v -0.01772223 0.0836757 -0.02068161
v -0.00960414 0.083367 -0.02651971
v -0.00894562 0.0838988 -0.02572816
v 0.00074101 0.0834568 -0.02832895
v 0.00104224 0.0839527 -0.0274176
v 0.01132638 0.0833428 -0.02602005
v 0.01091708 0.0838508 -0.02520108
v 0.02013065 0.083131 -0.02012026
v 0.01936246 0.0836699 -0.01958793
v 0.02605994 0.0832519 -0.01144528
v 0.0251403 0.0838146 -0.01127058
v 0.02847834 0.0840819 -0.00120801
v 0.02755721 0.0846018 -0.00144726
v 0.02698983 0.085776 0.00913805
v 0.02621622 0.0861844 0.0084095
v 0.02201636 0.0879363 0.01831382
v 0.02163781 0.0881499 0.01733464
v 0.01380153 0.0900584 0.02434659
v 0.01375039 0.0901177 0.02310645
v -0.04788229 0.0285372 -0.06946134
v -0.0521501 0.0357753 -0.06273812
v -0.05918476 0.0537297 -0.03758448
v -0.0595313 0.0589849 -0.02660197
v -0.0585672 0.0640921 -0.01398563
v -0.05504987 0.0705116 0.00368536
v -0.04745605 0.0776783 0.02182942
v -0.04745605 0.0776783 0.02182942
v -0.05064717 0.0746707 0.02542716
v -0.03813979 0.0832235 0.03272861
v -0.02373717 0.0887154 0.04159653
v -0.00790529 0.0916396 0.04612869
v 0.00622602 0.0918156 0.04640126
v -0.0281298 0.0003008 -0.08610302
v -0.03589412 0.0109151 -0.08126753
v -0.04373369 0.0137262 -0.07462185
v -0.04258904 0.0204576 -0.07555586
v -0.04258904 0.0204576 -0.07555586
v -0.05771825 0.0480507 -0.04730314
v -0.05541316 0.0422506 -0.05537307
v -0.01952813 -0.0111927 -0.08984428
v -0.01049362 -0.0219953 -0.09228765
v 0.00069554 -0.0247132 -0.09309715
v 0.01271315 -0.0205309 -0.09195876
v 0.02061374 -0.0104013 -0.0896089
v 0.02819152 -9.38E-05 -0.08626973
v 0.03078176 -0.0061469 -0.08525854
v 0.03549178 0.0098472 -0.08182203
v 0.03844072 0.0044349 -0.080343
v 0.04231228 0.0195458 -0.076186
v 0.03549178 0.0098472 -0.08182203
v 0.04838653 0.0286676 -0.06931966
v 0.05340059 0.0372906 -0.06110692
v 0.05708558 0.045117 -0.05155718
v 0.0593424 0.0521443 -0.04052335
v 0.06004519 0.0579299 -0.02903676
v 0.05940665 0.0629292 -0.01710087
v 0.05758871 0.0674297 -0.00497651
v 0.05190684 0.0744328 0.0140534
v 0.04322143 0.0807407 0.02817744
v 0.03341551 0.0855581 0.03662389
v 0.04688944 0.0775714 0.03128755
v 0.04322143 0.0807407 0.02817744
v 0.020328 0.0897045 0.04269886
v 0.00100991 0.0842448 -0.02626878
v 0.01047434 0.0841645 -0.02415215
v 0.01858635 0.0840136 -0.01879251
v 0.01320918 0.090126 0.0221405
v 0.00416006 0.0911922 0.02584463
v -0.00541351 0.0910876 0.02567917
v -0.00858776 0.0841707 -0.02470517
v -0.01698242 0.0840124 -0.01983958
v -0.02300958 0.0840822 -0.01221728
v -0.02586381 0.0847384 -0.00295931
v -0.02520875 0.0861177 0.00662506
v -0.02116148 0.0880158 0.015289
v -0.01428811 0.089882 0.02188992
v 0.04266812 0.0812186 0.02770859
v 0.05132801 0.0750549 0.0138424
v 0.05714734 0.0680737 -0.00529051
v 0.0419565 0.0202863 -0.07649338
v 0.03512837 0.0106437 -0.08207291
v 0.02819152 -9.38E-05 -0.08626973
v 0.02787985 0.0008348 -0.0864222
v -0.04241601 0.0214726 -0.0756967
v -0.04767731 0.0295046 -0.06959104
v -0.05460814 0.0710763 0.00322896
v -0.04697505 0.0781318 0.0212869
vn 0.24539 0.96798 -0.05293
vn 0.09151 0.99311 -0.0732
vn 0.02016 0.99877 0.04528
vn 0.14685 0.98843 0.03808
vn -0.28514 0.95598 0.06921
vn -0.18035 0.98179 0.05972
vn -0.29009 0.95333 -0.08373
vn -0.45914 0.88692 -0.05064
vn -0.37095 0.92389 0.09394
vn -0.51844 0.85492 0.01818
vn -0.42031 0.89597 0.14346
vn -0.50679 0.84632 0.16403
vn 0.27016 0.9613 0.05398
vn 0.39038 0.9185 -0.06288
vn 0.36743 0.92629 0.08358
vn 0.46787 0.88354 -0.02127
vn 0.41788 0.89876 0.13266
vn 0.4785 0.86958 0.12197
vn 0.51229 0.83822 0.18691
vn 0.42705 0.87505 0.22783
vn -0.40298 0.89393 0.19622
vn -0.51434 0.83394 0.19999
vn -0.09344 0.99212 -0.08345
vn -0.08 0.99523 0.0559
vn 0.31933 0.91042 0.26299
vn 0.44809 0.85179 0.27144
vn 0.18343 0.93217 0.31211
vn 0.20859 0.87826 0.43029
vn -0.01653 0.94155 0.33647
vn -0.01728 0.88739 0.46069
vn 0.54943 0.80193 0.2346
vn 0.40099 0.81544 0.41745
vn 0.22112 0.78534 0.57822
vn -0.0122 0.79822 0.60225
vn 0.74133 0.61041 0.27899
vn 0.81147 0.56559 0.14709
vn 0.59614 0.69206 0.40703
vn 0.5456 0.62792 0.555
vn 0.3535 0.75994 0.54546
vn 0.20579 0.72569 0.65652
vn -0.01431 0.7347 0.67824
vn 0.73964 0.54112 0.40016
vn 0.47708 0.54606 0.68863
vn 0.34076 0.5791 0.74063
vn 0.32384 0.48424 0.8128
vn 0.09295 0.51619 0.85141
vn 0.09448 0.58512 0.80543
vn -0.00049 0.58909 0.80807
vn -0.00433 0.52098 0.85356
vn 0.72473 0.45404 0.51829
vn 0.46993 0.41883 0.77701
vn 0.30758 0.40917 0.85906
vn 0.16285 0.36276 0.91754
vn -0.00288 0.38489 0.92296
vn 0.67911 0.35721 0.64126
vn 0.49525 0.26288 0.82802
vn 0.29132 0.35478 0.8884
vn 0.30913 0.40389 0.86099
vn 0.17019 0.27312 0.9468
vn -0.00235 0.27706 0.96085
vn 0.63674 0.25077 0.72916
vn 0.4824 0.20789 0.85093
vn 0.32685 0.23004 0.91665
vn 0.14647 0.19885 0.96902
vn -0.00488 0.19695 0.9804
vn 0.38091 0.33665 0.86115
vn 0.38013 0.38127 0.84269
vn 0.28981 0.16361 0.943
vn 0.12408 0.14295 0.98192
vn -0.00407 0.1404 0.99009
vn 0.30474 0.27255 0.91261
vn 0.22176 0.1373 0.96539
vn 0.09809 0.10169 0.98997
vn 0.00274 0.09725 0.99526
vn 0.25642 0.18997 0.94771
vn 0.27978 0.05655 0.9584
vn 0.19868 0.00288 0.98006
vn 0.00744 -0.00753 0.99994
vn -0.2599 0.33366 0.90616
vn 0.23876 0.52608 0.81623
vn -0.2738 0.05515 0.9602
vn -0.22736 0.14802 0.9625
vn -0.21011 -0.01856 0.9775
vn -0.09868 0.10782 0.98926
vn -0.20872 0.46079 0.86262
vn -0.33072 0.13987 0.93331
vn -0.14081 0.13388 0.98094
vn -0.1999 0.58294 0.78754
vn -0.37524 0.19775 0.90559
vn -0.16447 0.18526 0.96883
vn -0.3688 0.43274 0.82263
vn -0.3911 0.26858 0.88029
vn -0.1875 0.2558 0.94837
vn -0.64574 0.47385 0.59874
vn -0.61432 0.40978 0.6743
vn -0.56874 0.30846 0.76249
vn -0.61651 0.27178 0.73895
vn -0.26868 0.45181 0.85069
vn -0.21081 0.35329 0.91146
vn -0.68577 0.53918 0.48888
vn -0.64403 0.38526 0.66091
vn -0.29812 0.56792 0.7672
vn -0.233 0.47729 0.84729
vn -0.71141 0.59439 0.37496
vn -0.65359 0.51426 0.5553
vn -0.327 0.5874 0.7403
vn -0.25817 0.54467 0.79792
vn -0.72026 0.64091 0.26545
vn -0.6368 0.63961 0.43056
vn -0.32666 0.79862 0.50548
vn -0.3108 0.7508 0.58284
vn -0.24077 0.70895 0.66289
vn -0.25552 0.7589 0.59898
vn -0.79178 0.59373 0.14343
vn -0.62174 0.70152 0.34828
vn -0.39946 0.8555 0.32948
vn -0.24702 0.85812 0.45012
vn -0.30105 0.91499 0.26862
vn -0.17862 0.93214 0.31497
vn 0.09196 0.93111 -0.35295
vn 0.33632 0.8866 -0.31754
vn 0.35435 0.81666 -0.45553
vn 0.06341 0.86231 -0.50239
vn 0.48144 0.83279 -0.27327
vn 0.48842 0.74391 -0.45612
vn 0.69594 0.63543 -0.33451
vn 0.74364 0.62618 -0.23431
vn 0.78469 0.54999 -0.28594
vn 0.69445 0.65122 -0.30605
vn 0.82735 0.55086 -0.10973
vn 0.89779 0.41139 -0.15729
vn 0.88804 0.45975 -0.00394
vn 0.9336 0.35634 -0.03764
vn 0.91444 0.39725 0.07735
vn 0.95283 0.29928 0.05051
vn 0.92709 0.33649 0.16519
vn 0.96487 0.22941 0.12805
vn 0.92447 0.25872 0.28002
vn 0.9628 0.14741 0.22648
vn 0.89981 0.16553 0.40365
vn 0.93156 0.0501 0.36011
vn 0.85282 0.08298 0.51556
vn 0.88997 -0.02014 0.45558
vn 0.79746 0.00941 0.6033
vn 0.83475 -0.07292 0.54578
vn 0.7403 -0.03283 0.67147
vn 0.80364 -0.09885 0.58685
vn 0.63253 -0.04123 0.77343
vn 0.65188 -0.10042 0.75164
vn 0.65626 -0.1474 0.74
vn 0.65066 -0.20738 0.7305
vn 0.64468 -0.23063 0.72884
vn 0.64162 -0.22916 0.73199
vn 0.3691 -0.09158 0.92487
vn 0.35364 -0.26375 0.89743
vn 0.31924 -0.40463 0.85695
vn 0.40961 -0.27838 0.86875
vn 0.04605 -0.30572 0.95101
vn 0.07267 -0.48167 0.87334
vn -0.25103 -0.27775 0.92727
vn -0.20969 -0.46872 0.8581
vn -0.46918 -0.17142 0.86631
vn -0.48235 -0.3472 0.80423
vn -0.5746 -0.12579 0.80871
vn -0.65357 -0.26732 0.70809
vn -0.84881 0.06301 0.52493
vn -0.88977 0.13892 0.43475
vn -0.93138 0.0421 0.36159
vn -0.88242 -0.02653 0.46972
vn -0.91469 0.21526 0.34206
vn -0.95607 0.09769 0.27638
vn -0.92692 0.2883 0.24022
vn -0.96954 0.16343 0.18243
vn -0.76893 -0.08236 0.63401
vn -0.79206 -0.00554 0.61041
vn -0.81583 -0.08982 0.57127
vn -0.76465 -0.13884 0.62931
vn -0.75288 -0.1738 0.6348
vn -0.75345 -0.18777 0.63013
vn -0.59797 -0.04132 0.80046
vn -0.7084 -0.21112 0.67349
vn -0.16384 0.92449 -0.34419
vn -0.20685 0.8494 -0.48552
vn -0.40207 0.85957 -0.3154
vn -0.44932 0.77817 -0.43881
vn -0.55056 0.79895 -0.242
vn -0.58266 0.69121 -0.42747
vn -0.81138 0.55446 -0.18504
vn -0.73625 0.60073 -0.31155
vn -0.74928 0.57902 -0.32143
vn -0.84312 0.46782 -0.26513
vn -0.86665 0.49616 -0.05232
vn -0.91607 0.38464 -0.11346
vn -0.90701 0.41858 0.04604
vn -0.95007 0.31205 -0.00147
vn -0.92396 0.35598 0.13993
vn -0.96748 0.23642 0.08997
vn 0.15451 0.98003 0.12515
vn 0.19331 0.97294 0.12654
vn 0.17222 0.97655 0.12922
vn -0.31467 0.94898 0.0205
vn -0.33558 0.94196 0.00967
vn -0.22973 0.9725 -0.03834
vn -0.20881 0.9779 -0.01031
vn -0.08485 0.99452 -0.06111
vn -0.08298 0.99629 -0.02261
vn 0.07755 0.99544 -0.05553
vn 0.04727 0.99875 -0.01638
vn -0.38616 0.91978 0.06985
vn -0.39691 0.91522 0.06954
vn -0.40505 0.9038 0.13816
vn -0.41332 0.89829 0.14913
vn -0.36455 0.90587 0.21565
vn -0.36873 0.89978 0.23331
vn -0.27709 0.91705 0.28679
vn -0.27307 0.90971 0.31284
vn -0.14725 0.92995 0.33691
vn -0.12972 0.92558 0.35563
vn 0.00907 0.93118 0.36445
vn 0.02429 0.92354 0.38274
vn 0.16637 0.92586 0.33926
vn 0.16375 0.92076 0.3541
vn 0.29216 0.91372 0.2824
vn 0.28922 0.90922 0.29945
vn 0.37818 0.90151 0.21039
vn 0.37913 0.89816 0.22263
vn 0.40745 0.90382 0.13075
vn 0.41544 0.89933 0.13642
vn 0.37426 0.92532 0.06092
vn 0.38651 0.92027 0.06102
vn 0.28272 0.95898 0.02073
vn 0.32801 0.94466 -0.00515
vn 0.16578 0.98599 0.01867
vn 0.18016 0.9836 0.00823
vn -0.752 0.07461 0.65493
vn -0.80163 0.15401 0.57764
vn -0.86837 0.40166 0.29087
vn -0.86679 0.46316 0.1848
vn -0.84882 0.52152 0.08673
vn -0.78503 0.61945 0.00247
vn -0.686 0.7276 -0.00249
vn -0.60767 0.78613 -0.1129
vn -0.5236 0.84042 -0.13974
vn -0.61301 0.78234 -0.11027
vn -0.33769 0.92468 -0.17587
vn -0.12262 0.97671 -0.17607
vn 0.08933 0.98023 -0.17654
vn -0.46856 -0.00072 0.88343
vn -0.59161 -0.00072 0.80622
vn -0.64566 0.00379 0.76362
vn -0.64563 0.00481 0.76363
vn -0.72323 0.03377 0.68978
vn -0.85682 0.3277 0.39809
vn -0.83475 0.24319 0.49402
vn -0.34761 -0.01718 0.93748
vn -0.19736 -0.06814 0.97796
vn 0.01561 -0.06681 0.99764
vn 0.2333 -0.05916 0.9706
vn 0.3612 -0.01676 0.93234
vn 0.41495 -0.00985 0.90979
vn 0.41802 -0.00937 0.90839
vn 0.58075 0.00434 0.81407
vn 0.49632 0.02216 0.86786
vn 0.67941 0.02535 0.73332
vn 0.75404 0.08362 0.65148
vn 0.80704 0.17801 0.56302
vn 0.85248 0.27135 0.44682
vn 0.87108 0.3678 0.32548
vn 0.87344 0.4411 0.20622
vn 0.86319 0.49328 0.10762
vn 0.83065 0.55636 0.02196
vn 0.72745 0.68478 -0.04339
vn 0.64462 0.76356 -0.03786
vn 0.45937 0.87139 -0.1722
vn 0.55114 0.8152 -0.17801
vn 0.54889 0.82086 -0.15782
vn 0.28439 0.94434 -0.16535
vn 0.00861 0.96905 0.24672
vn 0.11643 0.96371 0.24022
vn 0.2074 0.95516 0.21131
vn 0.26284 0.94996 0.16882
vn 0.28232 0.95041 0.13047
vn 0.25483 0.96181 0.09988
vn 0.24355 0.96839 0.05382
vn 0.13465 0.98856 0.06799
vn 0.03892 0.99755 0.05811
vn -0.06241 0.99696 0.04672
vn -0.09292 0.96979 0.22555
vn -0.19238 0.9581 0.21222
vn -0.25901 0.94986 0.17516
vn -0.28714 0.94831 0.13511
vn -0.27637 0.95572 0.10107
vn -0.23196 0.96981 0.07527
vn -0.16089 0.98566 0.05079
vn 0.63384 0.77212 -0.04556
vn 0.72043 0.69046 -0.06522
vn 0.8291 0.55884 0.01716
vn 0.68363 0.02714 0.72932
vn 0.58588 0.00558 0.81038
vn 0.4926 0.02189 0.86998
vn -0.73383 0.03151 0.67861
vn -0.77047 0.07934 0.63251
vn -0.78582 0.61846 -0.00145
vn -0.6839 0.72957 -0.00399
vn -0.05358 0.99 0.13047
vn 0.00373 0.99143 0.13057
vn 0.02159 0.99058 0.13524
vn -0.03693 0.9902 0.13467
vn -0.10796 0.98568 0.12955
vn -0.0945 0.98659 0.13305
vn -0.15494 0.97958 0.12815
vn -0.14673 0.98054 0.1304
vn -0.18688 0.97417 0.12679
vn -0.18364 0.97466 0.12771
vn 0.06144 0.98969 0.12934
vn 0.08461 0.98725 0.13485
vn 0.11337 0.98545 0.12664
vn 0.13994 0.9812 0.13294
vn 0.24541 0.96798 0.05283
vn 0.14685 0.98843 -0.03808
vn 0.02015 0.99877 -0.04527
vn 0.0915 0.9931 0.07329
vn -0.28514 0.95598 -0.06921
vn -0.45916 0.88691 0.05056
vn -0.29011 0.95334 0.0836
vn -0.18035 0.98179 -0.05971
vn -0.37096 0.92388 -0.09395
vn -0.51839 0.85495 -0.01831
vn -0.42031 0.89596 -0.14347
vn -0.50678 0.84633 -0.16404
vn 0.39047 0.91847 0.06288
vn 0.27015 0.9613 -0.05398
vn 0.46794 0.8835 0.02139
vn 0.36744 0.92628 -0.08358
vn 0.4785 0.86957 -0.12197
vn 0.41788 0.89877 -0.13266
vn 0.5123 0.83822 -0.18692
vn 0.42705 0.87506 -0.22783
vn -0.40298 0.89393 -0.19622
vn -0.51433 0.83395 -0.19999
vn -0.0935 0.99211 0.08355
vn -0.08 0.99523 -0.0559
vn 0.44809 0.85178 -0.27144
vn 0.31933 0.91042 -0.26299
vn 0.20859 0.87826 -0.43029
vn 0.18343 0.93217 -0.31211
vn -0.01728 0.8874 -0.46069
vn -0.01654 0.94155 -0.33648
vn 0.54943 0.80192 -0.23462
vn 0.40099 0.81544 -0.41744
vn 0.22112 0.78535 -0.57821
vn -0.01219 0.79822 -0.60224
vn 0.74154 0.6102 -0.27889
vn 0.5456 0.62793 -0.55499
vn 0.59614 0.69205 -0.40703
vn 0.81129 0.56581 -0.14723
vn 0.35351 0.75993 -0.54547
vn 0.2058 0.7257 -0.65651
vn -0.01431 0.73471 -0.67823
vn 0.73964 0.5411 -0.40018
vn 0.47709 0.54606 -0.68862
vn 0.32384 0.48423 -0.81281
vn 0.34076 0.5791 -0.74063
vn 0.09295 0.51618 -0.85142
vn -0.00433 0.52098 -0.85356
vn -0.00049 0.58908 -0.80807
vn 0.09448 0.58511 -0.80543
vn 0.72449 0.45425 -0.51843
vn 0.46994 0.41883 -0.77701
vn 0.30758 0.40915 -0.85906
vn 0.16284 0.36276 -0.91754
vn -0.00288 0.38488 -0.92296
vn 0.67929 0.35705 -0.64116
vn 0.49526 0.26287 -0.82802
vn 0.29131 0.35478 -0.88841
vn 0.17019 0.27313 -0.9468
vn 0.30913 0.40389 -0.86099
vn -0.00235 0.27706 -0.96085
vn 0.63684 0.25067 -0.72911
vn 0.48241 0.20787 -0.85092
vn 0.32684 0.23005 -0.91666
vn 0.14647 0.19886 -0.96902
vn -0.00488 0.19696 -0.9804
vn 0.38089 0.33666 -0.86115
vn 0.28981 0.16361 -0.943
vn 0.38012 0.38128 -0.8427
vn 0.12408 0.14295 -0.98192
vn -0.00406 0.1404 -0.99009
vn 0.30471 0.27259 -0.91261
vn 0.22172 0.13737 -0.96539
vn 0.09808 0.10186 -0.98995
vn 0.0027 0.09729 -0.99525
vn 0.25636 0.19011 -0.9477
vn 0.27792 0.05817 -0.95884
vn 0.19366 0.00872 -0.98103
vn 0.00728 -0.00762 -0.99994
vn -0.25997 0.33361 -0.90616
vn -0.22736 0.14801 -0.9625
vn -0.27368 0.05523 -0.96023
vn 0.23912 0.52596 -0.8162
vn -0.09868 0.10782 -0.98926
vn -0.20985 -0.0185 -0.97756
vn -0.20869 0.46079 -0.86262
vn -0.33072 0.13986 -0.93331
vn -0.14081 0.13388 -0.98094
vn -0.19988 0.58295 -0.78754
vn -0.37524 0.19775 -0.90559
vn -0.16446 0.18526 -0.96883
vn -0.36879 0.43275 -0.82263
vn -0.3911 0.26858 -0.88029
vn -0.1875 0.2558 -0.94837
vn -0.64548 0.47409 -0.59883
vn -0.61652 0.27177 -0.73894
vn -0.56875 0.30847 -0.76248
vn -0.61426 0.40982 -0.67434
vn -0.26868 0.4518 -0.8507
vn -0.2108 0.35328 -0.91146
vn -0.68559 0.53932 -0.48897
vn -0.64405 0.38524 -0.6609
vn -0.29812 0.56791 -0.7672
vn -0.233 0.47729 -0.84729
vn -0.71157 0.59424 -0.37489
vn -0.65359 0.51426 -0.55529
vn -0.32699 0.5874 -0.74029
vn -0.25817 0.54468 -0.79792
vn -0.72008 0.64109 -0.26551
vn -0.63682 0.63959 -0.43056
vn -0.32665 0.79862 -0.50547
vn -0.25552 0.7589 -0.59898
vn -0.24077 0.70894 -0.6629
vn -0.31079 0.7508 -0.58284
vn -0.79181 0.59369 -0.14345
vn -0.62173 0.70154 -0.34827
vn -0.39946 0.8555 -0.32947
vn -0.24703 0.85812 -0.45011
vn -0.30106 0.91499 -0.26862
vn -0.17863 0.93214 -0.31497
vn 0.09194 0.93112 0.35293
vn 0.06342 0.8623 0.50241
vn 0.35434 0.81664 0.45557
vn 0.33631 0.88659 0.31757
vn 0.48842 0.74392 0.45611
vn 0.48148 0.83277 0.27327
vn 0.69594 0.63544 0.33451
vn 0.69444 0.65122 0.30604
vn 0.78469 0.55001 0.28592
vn 0.74363 0.62618 0.23431
vn 0.89781 0.41132 0.15735
vn 0.82737 0.55083 0.10973
vn 0.93361 0.3563 0.03765
vn 0.88806 0.4597 0.0039
vn 0.95283 0.29926 -0.05051
vn 0.91445 0.39723 -0.07737
vn 0.96487 0.22942 -0.12806
vn 0.92707 0.33652 -0.16523
vn 0.96279 0.14743 -0.22651
vn 0.92447 0.25873 -0.28004
vn 0.93158 0.05007 -0.36007
vn 0.89983 0.16549 -0.40364
vn 0.88998 -0.02013 -0.45556
vn 0.85282 0.08297 -0.51556
vn 0.83475 -0.07289 -0.54578
vn 0.79744 0.00943 -0.60333
vn 0.81306 -0.08916 -0.57532
vn 0.75222 -0.02331 -0.6585
vn 0.67876 -0.11493 -0.72531
vn 0.67842 -0.04855 -0.73307
vn 0.64933 -0.20977 -0.731
vn 0.67848 -0.20258 -0.70613
vn 0.63348 -0.22747 -0.73957
vn 0.63271 -0.2271 -0.74034
vn 0.34499 -0.07754 -0.9354
vn 0.37105 -0.26998 -0.8885
vn 0.31402 -0.41146 -0.85562
vn 0.34486 -0.26528 -0.90039
vn 0.06795 -0.48438 -0.87221
vn 0.04106 -0.30464 -0.95158
vn -0.20968 -0.46874 -0.85809
vn -0.25101 -0.27773 -0.92729
vn -0.48235 -0.34721 -0.80423
vn -0.46907 -0.17136 -0.86638
vn -0.65357 -0.26732 -0.70809
vn -0.57457 -0.12577 -0.80873
vn -0.84879 0.063 -0.52496
vn -0.88242 -0.02655 -0.46971
vn -0.9314 0.04195 -0.36156
vn -0.88978 0.13888 -0.43474
vn -0.95607 0.09767 -0.27638
vn -0.91469 0.21527 -0.34205
vn -0.96954 0.16344 -0.18243
vn -0.92692 0.28831 -0.24022
vn -0.76894 -0.08233 -0.634
vn -0.76464 -0.1388 -0.62933
vn -0.81583 -0.08978 -0.57128
vn -0.79205 -0.00554 -0.61044
vn -0.75286 -0.17379 -0.63482
vn -0.75342 -0.18778 -0.63015
vn -0.7084 -0.21112 -0.67349
vn -0.59798 -0.04132 -0.80044
vn -0.16386 0.92451 0.34415
vn -0.20685 0.8494 0.48552
vn -0.40208 0.85957 0.31538
vn -0.44932 0.77817 0.43882
vn -0.55056 0.79896 0.24197
vn -0.58265 0.6912 0.4275
vn -0.8114 0.55444 0.18499
vn -0.84313 0.46778 0.26515
vn -0.7493 0.57898 0.32145
vn -0.73627 0.60069 0.31157
vn -0.86664 0.49619 0.05229
vn -0.91606 0.38465 0.11346
vn -0.90701 0.41859 -0.04605
vn -0.95006 0.31207 0.00145
vn -0.92395 0.35599 -0.13993
vn -0.96747 0.23646 -0.08998
vn 0.16142 0.97845 -0.12877
vn 0.14568 0.981 -0.12811
vn 0.17988 0.97557 -0.12609
vn 0.19333 0.97294 -0.12655
vn -0.3147 0.94897 -0.02046
vn -0.20883 0.9779 0.01032
vn -0.22973 0.9725 0.03835
vn -0.3357 0.94192 -0.00956
vn -0.08297 0.9963 0.02257
vn -0.08485 0.99452 0.0611
vn 0.04727 0.99875 0.01639
vn 0.07756 0.99544 0.05551
vn -0.38615 0.91979 -0.06987
vn -0.39686 0.91524 -0.06957
vn -0.40513 0.90376 -0.13818
vn -0.41335 0.89827 -0.14914
vn -0.36455 0.90587 -0.21565
vn -0.36869 0.8998 -0.23331
vn -0.27705 0.91707 -0.28673
vn -0.27304 0.90973 -0.3128
vn -0.14725 0.92996 -0.3369
vn -0.12971 0.92559 -0.3556
vn 0.00908 0.93121 -0.36436
vn 0.02429 0.92358 -0.38264
vn 0.1664 0.92582 -0.33936
vn 0.16378 0.92072 -0.35418
vn 0.29222 0.91368 -0.28249
vn 0.2893 0.90916 -0.29955
vn 0.37832 0.90143 -0.21045
vn 0.37924 0.89811 -0.22267
vn 0.40743 0.90383 -0.13075
vn 0.41543 0.89934 -0.1364
vn 0.37415 0.92536 -0.06097
vn 0.38638 0.92032 -0.06106
vn 0.28274 0.95897 -0.02069
vn 0.32802 0.94466 0.00515
vn 0.16578 0.98599 -0.01869
vn 0.18015 0.9836 -0.00822
vn -0.75192 0.07459 -0.65502
vn -0.80159 0.15397 -0.57771
vn -0.86849 0.40145 -0.2908
vn -0.86668 0.46335 -0.18488
vn -0.84885 0.52146 -0.08677
vn -0.78516 0.61929 -0.00251
vn -0.68603 0.72757 0.00233
vn -0.60765 0.78616 0.11275
vn -0.61303 0.78233 0.11027
vn -0.52367 0.84039 0.13969
vn -0.33779 0.92466 0.17581
vn -0.12276 0.97667 0.1762
vn 0.08928 0.98022 0.17665
vn -0.46855 -0.00072 -0.88344
vn -0.59165 -0.00076 -0.80619
vn -0.64563 0.00479 -0.76364
vn -0.64547 0.00405 -0.76378
vn -0.7231 0.03382 -0.68992
vn -0.85669 0.32791 -0.3982
vn -0.83458 0.24343 -0.49419
vn -0.34751 -0.01716 -0.93752
vn -0.19728 -0.06824 -0.97797
vn 0.01509 -0.06683 -0.99765
vn 0.22438 -0.04896 -0.97327
vn 0.35118 -0.0074 -0.93628
vn 0.42964 0.01843 -0.90281
vn 0.42071 0.02476 -0.90686
vn 0.49218 0.04188 -0.86949
vn 0.50237 0.03766 -0.86383
vn 0.68041 0.03235 -0.73212
vn 0.56646 0.0295 -0.82356
vn 0.75408 0.08354 -0.65145
vn 0.80709 0.17783 -0.56301
vn 0.85225 0.27162 -0.4471
vn 0.87106 0.36779 -0.32554
vn 0.87357 0.44089 -0.20614
vn 0.86307 0.49345 -0.10779
vn 0.83062 0.5564 -0.02213
vn 0.72746 0.68479 0.04315
vn 0.64477 0.76345 0.03774
vn 0.45948 0.87137 0.17205
vn 0.54902 0.82078 0.1578
vn 0.55125 0.81514 0.17795
vn 0.28443 0.94436 0.16521
vn 0.00861 0.96904 -0.24673
vn 0.11638 0.96375 -0.24008
vn 0.20737 0.95516 -0.21134
vn 0.26266 0.95002 -0.16872
vn 0.28241 0.95038 -0.13047
vn 0.25488 0.9618 -0.09987
vn 0.24344 0.96842 -0.05393
vn 0.13475 0.98855 -0.06788
vn 0.0389 0.99755 -0.05815
vn -0.06241 0.99696 -0.04661
vn -0.09289 0.9698 -0.22552
vn -0.19243 0.95808 -0.21225
vn -0.25897 0.94987 -0.17517
vn -0.28702 0.94835 -0.13511
vn -0.27627 0.95575 -0.1011
vn -0.23211 0.96978 -0.07516
vn -0.16091 0.98566 -0.05081
vn 0.6343 0.77174 0.04566
vn 0.72061 0.69026 0.06525
vn 0.82911 0.55882 -0.01722
vn 0.68383 0.02724 -0.72913
vn 0.58116 0.01035 -0.81372
vn 0.49493 0.0198 -0.86871
vn 0.49206 0.02226 -0.87028
vn -0.73333 0.03198 -0.67912
vn -0.77025 0.07951 -0.63277
vn -0.78595 0.61829 0.00142
vn -0.68365 0.7298 0.00382
vn -0.14706 0.98143 -0.12319
vn -0.18881 0.97374 -0.12723
vn -0.17383 0.97601 -0.13108
vn 0.0589 0.98979 -0.1298
vn 0.00336 0.99195 -0.1266
vn -0.03625 0.98964 -0.13895
vn 0.01904 0.99041 -0.13681
vn -0.05183 0.99075 -0.12541
vn -0.09154 0.98625 -0.1376
vn -0.10314 0.98692 -0.12391
vn -0.14005 0.9809 -0.13498
vn 0.08673 0.98764 -0.13057
vn 0.11893 0.98408 -0.13206
vt 0.89133 0.06929
vt 0.8835 0.07403
vt 0.87931 0.06891
vt 0.88621 0.06513
vt 0.85939 0.066
vt 0.86634 0.06922
vt 0.86429 0.07592
vt 0.85387 0.07252
vt 0.85283 0.05933
vt 0.84631 0.06709
vt 0.84946 0.05147
vt 0.83844 0.05679
vt 0.89184 0.05843
vt 0.89813 0.06323
vt 0.89466 0.04994
vt 0.90257 0.05622
vt 0.89414 0.04066
vt 0.90544 0.04582
vt 0.90567 0.03262
vt 0.89033 0.0327
vt 0.84924 0.0425
vt 0.83318 0.04614
vt 0.87482 0.07624
vt 0.87312 0.07001
vt 0.88392 0.02689
vt 0.89037 0.02108
vt 0.87537 0.02386
vt 0.87376 0.01591
vt 0.86486 0.02472
vt 0.86291 0.01709
vt 0.90468 0.02461
vt 0.88913 0.01304
vt 0.872 0.00804
vt 0.86107 0.00987
vt 0.3788 0.54668
vt 0.38014 0.55449
vt 0.36508 0.54211
vt 0.36517 0.53343
vt 0.88728 0.00535
vt 0.87012 0.00107
vt 0.85939 0.00338
vt 0.37763 0.5386
vt 0.36609 0.52491
vt 0.35454 0.52422
vt 0.35696 0.51623
vt 0.13414 0.92511
vt 0.13774 0.92992
vt 0.1304 0.93782
vt 0.12716 0.93284
vt 0.37682 0.53036
vt 0.36781 0.51692
vt 0.36034 0.50888
vt 0.12977 0.92006
vt 0.12322 0.9273
vt 0.37648 0.52216
vt 0.37007 0.50948
vt 0.13517 0.90836
vt 0.14024 0.91204
vt 0.1249 0.91501
vt 0.11879 0.92143
vt 0.37661 0.51421
vt 0.37266 0.5026
vt 0.12959 0.90489
vt 0.11974 0.91002
vt 0.11407 0.91541
vt 0.13451 0.90032
vt 0.14024 0.90205
vt 0.12361 0.90162
vt 0.11433 0.90505
vt 0.10917 0.90929
vt 0.12806 0.89864
vt 0.11735 0.89841
vt 0.10879 0.90009
vt 0.10417 0.90312
vt 0.12117 0.89706
vt 0.11392 0.89543
vt 0.10637 0.89386
vt 0.09912 0.89693
vt 0.09551 0.92941
vt 0.09538 0.92122
vt 0.0951 0.91213
vt 0.09764 0.91607
vt 0.09493 0.90307
vt 0.10051 0.90721
vt 0.09559 0.93668
vt 0.09964 0.92318
vt 0.10425 0.9138
vt 0.09568 0.94272
vt 0.10166 0.92971
vt 0.108 0.92013
vt 0.09582 0.94778
vt 0.10371 0.93574
vt 0.1117 0.92625
vt 0.92046 0.06463
vt 0.92058 0.0708
vt 0.91459 0.08268
vt 0.9121 0.07653
vt 0.10574 0.94148
vt 0.11527 0.93221
vt 0.92063 0.05813
vt 0.90999 0.06969
vt 0.10775 0.94691
vt 0.11863 0.93793
vt 0.92113 0.05092
vt 0.90846 0.06187
vt 0.10971 0.95188
vt 0.12155 0.94335
vt 0.92192 0.04325
vt 0.90781 0.05333
vt 0.83926 0.02268
vt 0.8376 0.01541
vt 0.84925 0.00586
vt 0.85083 0.01267
vt 0.92293 0.03482
vt 0.90816 0.04425
vt 0.84184 0.03087
vt 0.8529 0.0206
vt 0.85206 0.03492
vt 0.85727 0.0289
vt 0.8838 0.07817
vt 0.89296 0.07306
vt 0.89398 0.07633
vt 0.88379 0.08166
vt 0.90076 0.06569
vt 0.90256 0.06783
vt 0.38377 0.58894
vt 0.38616 0.58286
vt 0.39034 0.58254
vt 0.38774 0.58977
vt 0.3868 0.57303
vt 0.39088 0.57156
vt 0.38548 0.56161
vt 0.3895 0.56079
vt 0.38411 0.55366
vt 0.38806 0.55254
vt 0.3828 0.54593
vt 0.38677 0.54497
vt 0.38171 0.53835
vt 0.38577 0.53804
vt 0.38081 0.52874
vt 0.38479 0.52719
vt 0.38056 0.52105
vt 0.38464 0.52014
vt 0.38074 0.51345
vt 0.38487 0.51296
vt 0.38134 0.5059
vt 0.38545 0.50552
vt 0.38241 0.49835
vt 0.38672 0.49762
vt 0.38396 0.49089
vt 0.38834 0.48971
vt 0.38611 0.48373
vt 0.39088 0.48189
vt 0.11097 0.89073
vt 0.1034 0.89009
vt 0.09994 0.88699
vt 0.1073 0.88684
vt 0.0965 0.89332
vt 0.09378 0.89015
vt 0.09228 0.89875
vt 0.08993 0.89448
vt 0.09084 0.90708
vt 0.08714 0.90167
vt 0.09107 0.91625
vt 0.08735 0.91077
vt 0.92473 0.07146
vt 0.92455 0.0642
vt 0.92861 0.06351
vt 0.92872 0.07182
vt 0.9247 0.05837
vt 0.92876 0.05849
vt 0.92521 0.05111
vt 0.92926 0.05132
vt 0.92623 0.08524
vt 0.92535 0.07888
vt 0.92952 0.08049
vt 0.93056 0.08686
vt 0.92768 0.09244
vt 0.93234 0.0944
vt 0.0914 0.92556
vt 0.08785 0.92128
vt 0.87468 0.08023
vt 0.87458 0.0835
vt 0.86387 0.07969
vt 0.86378 0.08278
vt 0.85312 0.07607
vt 0.85304 0.07892
vt 0.92798 0.01047
vt 0.92572 0.00231
vt 0.92954 0.00107
vt 0.93211 0.0102
vt 0.92821 0.02287
vt 0.93234 0.02283
vt 0.92703 0.03473
vt 0.93112 0.0349
vt 0.92601 0.04333
vt 0.93008 0.04357
vt 0.88487 0.03606
vt 0.88788 0.04147
vt 0.88872 0.04757
vt 0.86085 0.06107
vt 0.86099 0.06045
vt 0.86658 0.06361
vt 0.86658 0.06423
vt 0.87297 0.06458
vt 0.87299 0.06517
vt 0.87916 0.06298
vt 0.87917 0.06367
vt 0.85644 0.05591
vt 0.85686 0.05549
vt 0.85419 0.04962
vt 0.85475 0.04939
vt 0.85435 0.0429
vt 0.85496 0.04295
vt 0.8569 0.03681
vt 0.85749 0.03703
vt 0.8615 0.03209
vt 0.86205 0.0325
vt 0.86757 0.02926
vt 0.86792 0.0298
vt 0.87446 0.02888
vt 0.87435 0.02949
vt 0.88084 0.03099
vt 0.88047 0.03148
vt 0.88593 0.03529
vt 0.88541 0.0356
vt 0.88913 0.04119
vt 0.88854 0.04124
vt 0.88998 0.04789
vt 0.88939 0.04761
vt 0.88849 0.05449
vt 0.8881 0.05397
vt 0.8845 0.05971
vt 0.88426 0.05897
vt 0.92152 0.07715
vt 0.92109 0.07088
vt 0.92163 0.05095
vt 0.92243 0.04326
vt 0.92344 0.0348
vt 0.92464 0.02332
vt 0.92453 0.01149
vt 0.8461 0.06744
vt 0.85377 0.07296
vt 0.84464 0.06995
vt 0.86424 0.07639
vt 0.8748 0.07673
vt 0.88354 0.07454
vt 0.09484 0.92061
vt 0.095 0.92893
vt 0.0951 0.93629
vt 0.09163 0.93355
vt 0.92228 0.08343
vt 0.92113 0.05816
vt 0.92097 0.06458
vt 0.09457 0.9115
vt 0.0946 0.90253
vt 0.09879 0.89649
vt 0.106 0.89339
vt 0.11355 0.89484
vt 0.12093 0.89652
vt 0.11919 0.89268
vt 0.37869 0.49936
vt 0.3801 0.4926
vt 0.37767 0.50658
vt 0.37713 0.51412
vt 0.37699 0.52203
vt 0.37732 0.53016
vt 0.37814 0.53857
vt 0.3793 0.54658
vt 0.38063 0.55438
vt 0.38196 0.56197
vt 0.38332 0.57358
vt 0.38263 0.5822
vt 0.89846 0.06353
vt 0.90296 0.05637
vt 0.90567 0.0574
vt 0.89153 0.06976
vt 0.86809 0.03053
vt 0.87426 0.03023
vt 0.88014 0.03213
vt 0.88746 0.05366
vt 0.88377 0.05847
vt 0.87885 0.06233
vt 0.87293 0.06383
vt 0.86245 0.03309
vt 0.85809 0.03745
vt 0.85565 0.04311
vt 0.85544 0.04929
vt 0.85747 0.05513
vt 0.86144 0.05989
vt 0.86681 0.06291
vt 0.38213 0.5821
vt 0.38283 0.57366
vt 0.38146 0.56202
vt 0.37715 0.50668
vt 0.37816 0.49951
vt 0.37955 0.49284
vt 0.92172 0.08318
vt 0.92098 0.07691
vt 0.92413 0.02338
vt 0.92405 0.01164
vt 0.28537 0.80611
vt 0.27924 0.8111
vt 0.27097 0.80657
vt 0.27599 0.80044
vt 0.24711 0.81006
vt 0.24048 0.80225
vt 0.25298 0.79817
vt 0.25543 0.8062
vt 0.23925 0.81805
vt 0.23142 0.80876
vt 0.23521 0.82747
vt 0.22199 0.82109
vt 0.29351 0.81337
vt 0.28599 0.81912
vt 0.29883 0.82176
vt 0.28936 0.82928
vt 0.30226 0.83422
vt 0.28874 0.84041
vt 0.30253 0.85003
vt 0.28418 0.84994
vt 0.23496 0.83822
vt 0.21569 0.83385
vt 0.26559 0.79779
vt 0.26356 0.80526
vt 0.28423 0.86386
vt 0.2765 0.8569
vt 0.26434 0.87007
vt 0.26627 0.86054
vt 0.25134 0.86866
vt 0.25368 0.85951
vt 0.30135 0.85962
vt 0.28274 0.8735
vt 0.26222 0.87948
vt 0.24912 0.8773
vt 0.56503 0.66397
vt 0.54861 0.67974
vt 0.54857 0.66934
vt 0.56668 0.65462
vt 0.28052 0.88271
vt 0.25995 0.88783
vt 0.2471 0.88507
vt 0.56357 0.67364
vt 0.54966 0.68995
vt 0.53869 0.70028
vt 0.53584 0.69068
vt 0.53363 0.89938
vt 0.52527 0.89012
vt 0.52914 0.88415
vt 0.53794 0.89361
vt 0.56254 0.6835
vt 0.55167 0.69953
vt 0.54269 0.70909
vt 0.5284 0.90543
vt 0.52055 0.89677
vt 0.56208 0.69332
vt 0.55434 0.70846
vt 0.53486 0.91945
vt 0.52257 0.91149
vt 0.54093 0.91503
vt 0.51524 0.90381
vt 0.5622 0.70284
vt 0.5574 0.71671
vt 0.52819 0.92362
vt 0.51639 0.91748
vt 0.50959 0.91102
vt 0.53408 0.92908
vt 0.52102 0.92754
vt 0.54093 0.927
vt 0.50991 0.92343
vt 0.50372 0.91836
vt 0.52635 0.9311
vt 0.51353 0.93138
vt 0.50327 0.92937
vt 0.49774 0.92575
vt 0.51811 0.933
vt 0.50942 0.93496
vt 0.50037 0.93685
vt 0.49169 0.93316
vt 0.48737 0.89425
vt 0.48992 0.91023
vt 0.48687 0.91496
vt 0.48721 0.90406
vt 0.49336 0.92085
vt 0.48668 0.92582
vt 0.48746 0.88554
vt 0.49231 0.90172
vt 0.49784 0.91296
vt 0.48756 0.8783
vt 0.49472 0.89389
vt 0.50233 0.90537
vt 0.48771 0.87222
vt 0.49719 0.88666
vt 0.50676 0.89803
vt 0.37664 0.62757
vt 0.36662 0.61332
vt 0.36961 0.60596
vt 0.37678 0.62018
vt 0.49961 0.87978
vt 0.51103 0.89088
vt 0.37684 0.63536
vt 0.3641 0.62152
vt 0.50201 0.87327
vt 0.51505 0.88403
vt 0.37744 0.64399
vt 0.36227 0.63088
vt 0.50435 0.8673
vt 0.51854 0.87753
vt 0.37839 0.65319
vt 0.36149 0.64112
vt 0.22299 0.86196
vt 0.23685 0.87394
vt 0.23495 0.8821
vt 0.22099 0.87066
vt 0.3796 0.66329
vt 0.36191 0.65199
vt 0.22609 0.85215
vt 0.23935 0.86445
vt 0.23834 0.8473
vt 0.24458 0.85451
vt 0.27635 0.79548
vt 0.27633 0.79129
vt 0.28853 0.79767
vt 0.28732 0.80159
vt 0.29881 0.80785
vt 0.29666 0.81041
vt 0.57129 0.61332
vt 0.57606 0.61235
vt 0.57911 0.62105
vt 0.5741 0.62064
vt 0.57967 0.63422
vt 0.57479 0.63243
vt 0.57794 0.64712
vt 0.57314 0.64611
vt 0.57616 0.657
vt 0.57144 0.65563
vt 0.57457 0.66606
vt 0.56981 0.66489
vt 0.57331 0.67437
vt 0.56846 0.67396
vt 0.57208 0.68735
vt 0.56732 0.68548
vt 0.57184 0.6958
vt 0.56696 0.69469
vt 0.57208 0.70439
vt 0.56714 0.70379
vt 0.57273 0.71331
vt 0.56781 0.71282
vt 0.57456 0.72278
vt 0.56925 0.72197
vt 0.57651 0.73171
vt 0.57096 0.7307
vt 0.57967 0.74224
vt 0.57354 0.73965
vt 0.50574 0.9408
vt 0.50087 0.94584
vt 0.49265 0.9451
vt 0.49673 0.94146
vt 0.4853 0.94129
vt 0.48856 0.9375
vt 0.48068 0.93611
vt 0.4835 0.93099
vt 0.47734 0.92749
vt 0.48178 0.92101
vt 0.47759 0.91658
vt 0.48204 0.91002
vt 0.38176 0.61939
vt 0.38653 0.61896
vt 0.38641 0.62892
vt 0.38154 0.6281
vt 0.38658 0.63493
vt 0.38173 0.63508
vt 0.38719 0.64352
vt 0.38233 0.64377
vt 0.38356 0.60289
vt 0.38875 0.60094
vt 0.3875 0.60858
vt 0.3825 0.61051
vt 0.38529 0.59426
vt 0.39088 0.59192
vt 0.47819 0.90399
vt 0.48244 0.89886
vt 0.26542 0.79301
vt 0.26529 0.78909
vt 0.25246 0.79366
vt 0.25235 0.78995
vt 0.23958 0.798
vt 0.23948 0.79458
vt 0.38565 0.69245
vt 0.3906 0.69279
vt 0.38752 0.70372
vt 0.38295 0.70224
vt 0.38593 0.6776
vt 0.39088 0.67765
vt 0.38451 0.66339
vt 0.38942 0.66319
vt 0.38329 0.65309
vt 0.38816 0.6528
vt 0.27764 0.84592
vt 0.28074 0.82484
vt 0.28225 0.83213
vt 0.28124 0.83944
vt 0.24886 0.81597
vt 0.25573 0.81218
vt 0.25573 0.81292
vt 0.24903 0.81671
vt 0.2634 0.81105
vt 0.26338 0.81177
vt 0.27081 0.81285
vt 0.2708 0.81368
vt 0.24358 0.82215
vt 0.24408 0.82266
vt 0.24089 0.82968
vt 0.24155 0.82996
vt 0.24107 0.83774
vt 0.2418 0.83768
vt 0.24414 0.84504
vt 0.24484 0.84476
vt 0.24965 0.85069
vt 0.25031 0.85019
vt 0.25692 0.85408
vt 0.25734 0.85342
vt 0.26517 0.85452
vt 0.26505 0.85379
vt 0.27282 0.852
vt 0.27238 0.85141
vt 0.27891 0.84684
vt 0.27829 0.84648
vt 0.28275 0.83977
vt 0.28204 0.83971
vt 0.28375 0.83175
vt 0.28305 0.83209
vt 0.28198 0.82384
vt 0.28151 0.82446
vt 0.27719 0.81759
vt 0.27691 0.81848
vt 0.37795 0.61256
vt 0.37743 0.62008
vt 0.37808 0.64397
vt 0.37903 0.65318
vt 0.38024 0.66331
vt 0.38168 0.67707
vt 0.38156 0.69124
vt 0.23116 0.80831
vt 0.22942 0.80533
vt 0.24036 0.80169
vt 0.25291 0.79758
vt 0.26557 0.79717
vt 0.27604 0.79979
vt 0.48653 0.90484
vt 0.48672 0.89486
vt 0.4827 0.88928
vt 0.48683 0.88603
vt 0.37886 0.60503
vt 0.37748 0.63532
vt 0.37728 0.62764
vt 0.48621 0.91576
vt 0.48626 0.9265
vt 0.49128 0.93373
vt 0.49989 0.93746
vt 0.50896 0.9357
vt 0.5178 0.93369
vt 0.51607 0.93845
vt 0.52612 0.93174
vt 0.52484 0.93632
vt 0.56345 0.71199
vt 0.56464 0.72064
vt 0.56284 0.70297
vt 0.56272 0.6935
vt 0.56317 0.68376
vt 0.56421 0.67368
vt 0.56566 0.66409
vt 0.56731 0.65475
vt 0.56895 0.64567
vt 0.57067 0.63175
vt 0.5699 0.6214
vt 0.29392 0.81298
vt 0.30253 0.82034
vt 0.29932 0.82158
vt 0.28562 0.80552
vt 0.25755 0.85255
vt 0.26494 0.85291
vt 0.27197 0.85064
vt 0.27632 0.81907
vt 0.27042 0.81445
vt 0.26333 0.81266
vt 0.25079 0.84949
vt 0.24556 0.84426
vt 0.24264 0.83748
vt 0.24239 0.83008
vt 0.24481 0.82308
vt 0.24957 0.81738
vt 0.25601 0.81376
vt 0.56927 0.62151
vt 0.57005 0.63165
vt 0.56831 0.6456
vt 0.56279 0.71186
vt 0.56397 0.72045
vt 0.56628 0.72875
vt 0.56559 0.72844
vt 0.37815 0.60536
vt 0.37726 0.61287
vt 0.38104 0.67699
vt 0.38094 0.69106
usemtl mat0
f 2253/2253/2157 2254/2254/2158 2255/2255/2159
f 2253/2253/2157 2255/2255/2159 2256/2256/2160
f 2257/2257/2161 2258/2258/2162 2259/2259/2163
f 2257/2257/2161 2259/2259/2163 2260/2260/2164
f 2261/2261/2165 2257/2257/2161 2260/2260/2164
f 2261/2261/2165 2260/2260/2164 2262/2262/2166
f 2263/2263/2167 2261/2261/2165 2262/2262/2166
f 2263/2263/2167 2262/2262/2166 2264/2264/2168
f 2256/2256/2160 2265/2265/2169 2266/2266/2170
f 2256/2256/2160 2266/2266/2170 2253/2253/2157
f 2265/2265/2169 2267/2267/2171 2268/2268/2172
f 2265/2265/2169 2268/2268/2172 2266/2266/2170
f 2267/2267/2171 2269/2269/2173 2270/2270/2174
f 2267/2267/2171 2270/2270/2174 2268/2268/2172
f 2271/2271/2175 2270/2270/2174 2269/2269/2173
f 2271/2271/2175 2269/2269/2173 2272/2272/2176
f 2273/2273/2177 2263/2263/2167 2264/2264/2168
f 2273/2273/2177 2264/2264/2168 2274/2274/2178
f 2275/2275/2179 2259/2259/2163 2258/2258/2162
f 2275/2275/2179 2258/2258/2162 2276/2276/2180
f 2276/2276/2180 2255/2255/2159 2254/2254/2158
f 2276/2276/2180 2254/2254/2158 2275/2275/2179
f 2271/2271/2175 2272/2272/2176 2277/2277/2181
f 2271/2271/2175 2277/2277/2181 2278/2278/2182
f 2278/2278/2182 2277/2277/2181 2279/2279/2183
f 2278/2278/2182 2279/2279/2183 2280/2280/2184
f 2280/2280/2184 2279/2279/2183 2281/2281/2185
f 2280/2280/2184 2281/2281/2185 2282/2282/2186
f 2283/2283/2187 2271/2271/2175 2278/2278/2182
f 2283/2283/2187 2278/2278/2182 2284/2284/2188
f 2284/2284/2188 2278/2278/2182 2280/2280/2184
f 2284/2284/2188 2280/2280/2184 2285/2285/2189
f 2285/2285/2189 2280/2280/2184 2282/2282/2186
f 2285/2285/2189 2282/2282/2186 2286/2286/2190
f 2287/2287/2191 2288/2288/2192 2289/2289/2193
f 2287/2287/2191 2289/2289/2193 2290/2290/2194
f 2291/2291/2195 2284/2284/2188 2285/2285/2189
f 2291/2291/2195 2285/2285/2189 2292/2292/2196
f 2292/2292/2196 2285/2285/2189 2286/2286/2190
f 2292/2292/2196 2286/2286/2190 2293/2293/2197
f 2294/2294/2198 2287/2287/2191 2290/2290/2194
f 2294/2294/2198 2290/2290/2194 2295/2295/2199
f 2295/2295/2199 2290/2290/2194 2296/2296/2200
f 2295/2295/2199 2296/2296/2200 2297/2297/2201
f 2298/2298/2202 2299/2299/2203 2300/2300/2204
f 2298/2298/2202 2300/2300/2204 2301/2301/2205
f 2302/2302/2206 2294/2294/2198 2295/2295/2199
f 2302/2302/2206 2295/2295/2199 2303/2303/2207
f 2303/2303/2207 2295/2295/2199 2297/2297/2201
f 2303/2303/2207 2297/2297/2201 2304/2304/2208
f 2305/2305/2209 2298/2298/2202 2301/2301/2205
f 2305/2305/2209 2301/2301/2205 2306/2306/2210
f 2307/2307/2211 2302/2302/2206 2303/2303/2207
f 2307/2307/2211 2303/2303/2207 2308/2308/2212
f 2309/2309/2213 2310/2310/2214 2305/2305/2209
f 2309/2309/2213 2305/2305/2209 2311/2311/2215
f 2311/2311/2215 2305/2305/2209 2306/2306/2210
f 2311/2311/2215 2306/2306/2210 2312/2312/2216
f 2313/2313/2217 2307/2307/2211 2308/2308/2212
f 2313/2313/2217 2308/2308/2212 2314/2314/2218
f 2315/2315/2219 2309/2309/2213 2311/2311/2215
f 2315/2315/2219 2311/2311/2215 2316/2316/2220
f 2316/2316/2220 2311/2311/2215 2312/2312/2216
f 2316/2316/2220 2312/2312/2216 2317/2317/2221
f 2318/2318/2222 2319/2319/2223 2315/2315/2219
f 2318/2318/2222 2315/2315/2219 2320/2320/2224
f 2320/2320/2224 2315/2315/2219 2316/2316/2220
f 2320/2320/2224 2316/2316/2220 2321/2321/2225
f 2321/2321/2225 2316/2316/2220 2317/2317/2221
f 2321/2321/2225 2317/2317/2221 2322/2322/2226
f 2323/2323/2227 2318/2318/2222 2320/2320/2224
f 2323/2323/2227 2320/2320/2224 2324/2324/2228
f 2324/2324/2228 2320/2320/2224 2321/2321/2225
f 2324/2324/2228 2321/2321/2225 2325/2325/2229
f 2325/2325/2229 2321/2321/2225 2322/2322/2226
f 2325/2325/2229 2322/2322/2226 2326/2326/2230
f 2327/2327/2231 2323/2323/2227 2324/2324/2228
f 2327/2327/2231 2324/2324/2228 2328/2328/2232
f 2328/2328/2232 2324/2324/2228 2325/2325/2229
f 2328/2328/2232 2325/2325/2229 2329/2329/2233
f 2329/2329/2233 2325/2325/2229 2326/2326/2230
f 2329/2329/2233 2326/2326/2230 2330/2330/2234
f 2331/2331/2235 2332/2332/2236 2333/2333/2237
f 2331/2331/2235 2333/2333/2237 2334/2334/2238
f 2334/2334/2238 2333/2333/2237 2335/2335/2239
f 2334/2334/2238 2335/2335/2239 2336/2336/2240
f 2336/2336/2240 2335/2335/2239 2330/2330/2234
f 2336/2336/2240 2330/2330/2234 2326/2326/2230
f 2337/2337/2241 2331/2331/2235 2334/2334/2238
f 2337/2337/2241 2334/2334/2238 2338/2338/2242
f 2338/2338/2242 2334/2334/2238 2336/2336/2240
f 2338/2338/2242 2336/2336/2240 2339/2339/2243
f 2339/2339/2243 2336/2336/2240 2326/2326/2230
f 2339/2339/2243 2326/2326/2230 2322/2322/2226
f 2340/2340/2244 2337/2337/2241 2338/2338/2242
f 2340/2340/2244 2338/2338/2242 2341/2341/2245
f 2341/2341/2245 2338/2338/2242 2339/2339/2243
f 2341/2341/2245 2339/2339/2243 2342/2342/2246
f 2342/2342/2246 2339/2339/2243 2322/2322/2226
f 2342/2342/2246 2322/2322/2226 2317/2317/2221
f 2343/2343/2247 2340/2340/2244 2341/2341/2245
f 2343/2343/2247 2341/2341/2245 2344/2344/2248
f 2344/2344/2248 2341/2341/2245 2342/2342/2246
f 2344/2344/2248 2342/2342/2246 2345/2345/2249
f 2345/2345/2249 2342/2342/2246 2317/2317/2221
f 2345/2345/2249 2317/2317/2221 2312/2312/2216
f 2346/2346/2250 2347/2347/2251 2348/2348/2252
f 2346/2346/2250 2348/2348/2252 2349/2349/2253
f 2350/2350/2254 2344/2344/2248 2345/2345/2249
f 2350/2350/2254 2345/2345/2249 2351/2351/2255
f 2351/2351/2255 2345/2345/2249 2312/2312/2216
f 2351/2351/2255 2312/2312/2216 2306/2306/2210
f 2352/2352/2256 2346/2346/2250 2349/2349/2253
f 2352/2352/2256 2349/2349/2253 2353/2353/2257
f 2354/2354/2258 2350/2350/2254 2351/2351/2255
f 2354/2354/2258 2351/2351/2255 2355/2355/2259
f 2355/2355/2259 2351/2351/2255 2306/2306/2210
f 2355/2355/2259 2306/2306/2210 2301/2301/2205
f 2356/2356/2260 2352/2352/2256 2353/2353/2257
f 2356/2356/2260 2353/2353/2257 2357/2357/2261
f 2358/2358/2262 2354/2354/2258 2355/2355/2259
f 2358/2358/2262 2355/2355/2259 2359/2359/2263
f 2359/2359/2263 2355/2355/2259 2301/2301/2205
f 2359/2359/2263 2301/2301/2205 2300/2300/2204
f 2360/2360/2264 2356/2356/2260 2357/2357/2261
f 2360/2360/2264 2357/2357/2261 2361/2361/2265
f 2362/2362/2266 2363/2363/2267 2364/2364/2268
f 2362/2362/2266 2364/2364/2268 2365/2365/2269
f 2365/2365/2269 2364/2364/2268 2293/2293/2197
f 2365/2365/2269 2293/2293/2197 2286/2286/2190
f 2366/2366/2270 2360/2360/2264 2361/2361/2265
f 2366/2366/2270 2361/2361/2265 2367/2367/2271
f 2368/2368/2272 2362/2362/2266 2365/2365/2269
f 2368/2368/2272 2365/2365/2269 2369/2369/2273
f 2369/2369/2273 2365/2365/2269 2286/2286/2190
f 2369/2369/2273 2286/2286/2190 2282/2282/2186
f 2273/2273/2177 2274/2274/2178 2368/2368/2272
f 2273/2273/2177 2368/2368/2272 2370/2370/2274
f 2370/2370/2274 2368/2368/2272 2369/2369/2273
f 2370/2370/2274 2369/2369/2273 2371/2371/2275
f 2371/2371/2275 2369/2369/2273 2282/2282/2186
f 2371/2371/2275 2282/2282/2186 2281/2281/2185
f 2372/2372/2276 2373/2373/2277 2374/2374/2278
f 2372/2372/2276 2374/2374/2278 2375/2375/2279
f 2373/2373/2277 2376/2376/2280 2377/2377/2281
f 2373/2373/2277 2377/2377/2281 2374/2374/2278
f 2378/2378/2282 2379/2379/2283 2380/2380/2284
f 2378/2378/2282 2380/2380/2284 2381/2381/2285
f 2379/2379/2283 2382/2382/2286 2383/2383/2287
f 2379/2379/2283 2383/2383/2287 2380/2380/2284
f 2382/2382/2286 2384/2384/2288 2385/2385/2289
f 2382/2382/2286 2385/2385/2289 2383/2383/2287
f 2384/2384/2288 2386/2386/2290 2387/2387/2291
f 2384/2384/2288 2387/2387/2291 2385/2385/2289
f 2386/2386/2290 2388/2388/2292 2389/2389/2293
f 2386/2386/2290 2389/2389/2293 2387/2387/2291
f 2388/2388/2292 2390/2390/2294 2391/2391/2295
f 2388/2388/2292 2391/2391/2295 2389/2389/2293
f 2390/2390/2294 2392/2392/2296 2393/2393/2297
f 2390/2390/2294 2393/2393/2297 2391/2391/2295
f 2392/2392/2296 2394/2394/2298 2395/2395/2299
f 2392/2392/2296 2395/2395/2299 2393/2393/2297
f 2394/2394/2298 2396/2396/2300 2397/2397/2301
f 2394/2394/2298 2397/2397/2301 2395/2395/2299
f 2396/2396/2300 2398/2398/2302 2399/2399/2303
f 2396/2396/2300 2399/2399/2303 2397/2397/2301
f 2398/2398/2302 2400/2400/2304 2401/2401/2305
f 2398/2398/2302 2401/2401/2305 2399/2399/2303
f 2400/2400/2304 2402/2402/2306 2403/2403/2307
f 2400/2400/2304 2403/2403/2307 2401/2401/2305
f 2402/2402/2306 2404/2404/2308 2405/2405/2309
f 2402/2402/2306 2405/2405/2309 2403/2403/2307
f 2406/2406/2310 2407/2407/2311 2408/2408/2312
f 2406/2406/2310 2408/2408/2312 2409/2409/2313
f 2407/2407/2311 2410/2410/2314 2411/2411/2315
f 2407/2407/2311 2411/2411/2315 2408/2408/2312
f 2410/2410/2314 2412/2412/2316 2413/2413/2317
f 2410/2410/2314 2413/2413/2317 2411/2411/2315
f 2412/2412/2316 2414/2414/2318 2415/2415/2319
f 2412/2412/2316 2415/2415/2319 2413/2413/2317
f 2414/2414/2318 2416/2416/2320 2417/2417/2321
f 2414/2414/2318 2417/2417/2321 2415/2415/2319
f 2418/2418/2322 2419/2419/2323 2420/2420/2324
f 2418/2418/2322 2420/2420/2324 2421/2421/2325
f 2419/2419/2323 2422/2422/2326 2423/2423/2327
f 2419/2419/2323 2423/2423/2327 2420/2420/2324
f 2422/2422/2326 2424/2424/2328 2425/2425/2329
f 2422/2422/2326 2425/2425/2329 2423/2423/2327
f 2426/2426/2330 2427/2427/2331 2428/2428/2332
f 2426/2426/2330 2428/2428/2332 2429/2429/2333
f 2430/2430/2334 2426/2426/2330 2429/2429/2333
f 2430/2430/2334 2429/2429/2333 2431/2431/2335
f 2416/2416/2320 2432/2432/2336 2433/2433/2337
f 2416/2416/2320 2433/2433/2337 2417/2417/2321
f 2434/2434/2338 2372/2372/2276 2375/2375/2279
f 2434/2434/2338 2375/2375/2279 2435/2435/2339
f 2436/2436/2340 2434/2434/2338 2435/2435/2339
f 2436/2436/2340 2435/2435/2339 2437/2437/2341
f 2438/2438/2342 2436/2436/2340 2437/2437/2341
f 2438/2438/2342 2437/2437/2341 2439/2439/2343
f 2440/2440/2344 2441/2441/2345 2442/2442/2346
f 2440/2440/2344 2442/2442/2346 2443/2443/2347
f 2444/2444/2348 2440/2440/2344 2443/2443/2347
f 2444/2444/2348 2443/2443/2347 2445/2445/2349
f 2446/2446/2350 2444/2444/2348 2445/2445/2349
f 2446/2446/2350 2445/2445/2349 2447/2447/2351
f 2448/2448/2352 2446/2446/2350 2447/2447/2351
f 2448/2448/2352 2447/2447/2351 2449/2449/2353
f 2424/2424/2328 2448/2448/2352 2449/2449/2353
f 2424/2424/2328 2449/2449/2353 2425/2425/2329
f 2427/2427/2331 2418/2418/2322 2421/2421/2325
f 2427/2427/2331 2421/2421/2325 2428/2428/2332
f 2450/2450/2354 2451/2451/2355 2452/2452/2356
f 2453/2453/2357 2454/2454/2358 2455/2455/2359
f 2453/2453/2357 2455/2455/2359 2456/2456/2360
f 2456/2456/2360 2455/2455/2359 2457/2457/2361
f 2456/2456/2360 2457/2457/2361 2458/2458/2362
f 2458/2458/2362 2457/2457/2361 2459/2459/2363
f 2458/2458/2362 2459/2459/2363 2460/2460/2364
f 2461/2461/2365 2462/2462/2366 2454/2454/2358
f 2461/2461/2365 2454/2454/2358 2453/2453/2357
f 2463/2463/2367 2464/2464/2368 2462/2462/2366
f 2463/2463/2367 2462/2462/2366 2461/2461/2365
f 2465/2465/2369 2466/2466/2370 2464/2464/2368
f 2465/2465/2369 2464/2464/2368 2463/2463/2367
f 2467/2467/2371 2468/2468/2372 2466/2466/2370
f 2467/2467/2371 2466/2466/2370 2465/2465/2369
f 2469/2469/2373 2470/2470/2374 2468/2468/2372
f 2469/2469/2373 2468/2468/2372 2467/2467/2371
f 2471/2471/2375 2472/2472/2376 2470/2470/2374
f 2471/2471/2375 2470/2470/2374 2469/2469/2373
f 2473/2473/2377 2474/2474/2378 2472/2472/2376
f 2473/2473/2377 2472/2472/2376 2471/2471/2375
f 2475/2475/2379 2476/2476/2380 2474/2474/2378
f 2475/2475/2379 2474/2474/2378 2473/2473/2377
f 2477/2477/2381 2478/2478/2382 2476/2476/2380
f 2477/2477/2381 2476/2476/2380 2475/2475/2379
f 2479/2479/2383 2480/2480/2384 2478/2478/2382
f 2479/2479/2383 2478/2478/2382 2477/2477/2381
f 2481/2481/2385 2482/2482/2386 2480/2480/2384
f 2481/2481/2385 2480/2480/2384 2479/2479/2383
f 2483/2483/2387 2484/2484/2388 2482/2482/2386
f 2483/2483/2387 2482/2482/2386 2481/2481/2385
f 2485/2485/2389 2486/2486/2390 2484/2484/2388
f 2485/2485/2389 2484/2484/2388 2483/2483/2387
f 2460/2460/2364 2459/2459/2363 2486/2486/2390
f 2460/2460/2364 2486/2486/2390 2485/2485/2389
f 2487/2487/2391 2488/2488/2392 2418/2418/2322
f 2487/2487/2391 2418/2418/2322 2427/2427/2331
f 2489/2489/2393 2490/2490/2394 2448/2448/2352
f 2489/2489/2393 2448/2448/2352 2424/2424/2328
f 2490/2490/2394 2491/2491/2395 2446/2446/2350
f 2490/2490/2394 2446/2446/2350 2448/2448/2352
f 2491/2491/2395 2492/2492/2396 2444/2444/2348
f 2491/2491/2395 2444/2444/2348 2446/2446/2350
f 2492/2492/2396 2493/2493/2397 2440/2440/2344
f 2492/2492/2396 2440/2440/2344 2444/2444/2348
f 2494/2494/2398 2495/2495/2399 2438/2438/2342
f 2494/2494/2398 2438/2438/2342 2496/2496/2400
f 2495/2495/2399 2497/2497/2401 2436/2436/2340
f 2495/2495/2399 2436/2436/2340 2438/2438/2342
f 2497/2497/2401 2498/2498/2402 2434/2434/2338
f 2497/2497/2401 2434/2434/2338 2436/2436/2340
f 2498/2498/2402 2499/2499/2403 2372/2372/2276
f 2498/2498/2402 2372/2372/2276 2434/2434/2338
f 2500/2500/2404 2501/2501/2405 2432/2432/2336
f 2500/2500/2404 2432/2432/2336 2416/2416/2320
f 2501/2501/2405 2502/2502/2406 2503/2503/2407
f 2501/2501/2405 2503/2503/2407 2432/2432/2336
f 2504/2504/2408 2487/2487/2391 2427/2427/2331
f 2504/2504/2408 2427/2427/2331 2426/2426/2330
f 2505/2505/2409 2489/2489/2393 2424/2424/2328
f 2505/2505/2409 2424/2424/2328 2422/2422/2326
f 2506/2506/2410 2505/2505/2409 2422/2422/2326
f 2506/2506/2410 2422/2422/2326 2419/2419/2323
f 2488/2488/2392 2506/2506/2410 2419/2419/2323
f 2488/2488/2392 2419/2419/2323 2418/2418/2322
f 2507/2507/2411 2500/2500/2404 2416/2416/2320
f 2507/2507/2411 2416/2416/2320 2414/2414/2318
f 2508/2508/2412 2507/2507/2411 2414/2414/2318
f 2508/2508/2412 2414/2414/2318 2412/2412/2316
f 2509/2509/2413 2508/2508/2412 2412/2412/2316
f 2509/2509/2413 2412/2412/2316 2410/2410/2314
f 2510/2510/2414 2509/2509/2413 2410/2410/2314
f 2510/2510/2414 2410/2410/2314 2407/2407/2311
f 2511/2511/2415 2510/2510/2414 2407/2407/2311
f 2511/2511/2415 2407/2407/2311 2406/2406/2310
f 2512/2512/2416 2511/2511/2415 2406/2406/2310
f 2512/2512/2416 2406/2406/2310 2513/2513/2417
f 2514/2514/2418 2515/2515/2419 2402/2402/2306
f 2514/2514/2418 2402/2402/2306 2400/2400/2304
f 2516/2516/2420 2514/2514/2418 2400/2400/2304
f 2516/2516/2420 2400/2400/2304 2398/2398/2302
f 2517/2517/2421 2516/2516/2420 2398/2398/2302
f 2517/2517/2421 2398/2398/2302 2396/2396/2300
f 2518/2518/2422 2517/2517/2421 2396/2396/2300
f 2518/2518/2422 2396/2396/2300 2394/2394/2298
f 2519/2519/2423 2518/2518/2422 2394/2394/2298
f 2519/2519/2423 2394/2394/2298 2392/2392/2296
f 2520/2520/2424 2519/2519/2423 2392/2392/2296
f 2520/2520/2424 2392/2392/2296 2390/2390/2294
f 2521/2521/2425 2520/2520/2424 2390/2390/2294
f 2521/2521/2425 2390/2390/2294 2388/2388/2292
f 2522/2522/2426 2521/2521/2425 2388/2388/2292
f 2522/2522/2426 2388/2388/2292 2386/2386/2290
f 2523/2523/2427 2522/2522/2426 2386/2386/2290
f 2523/2523/2427 2386/2386/2290 2384/2384/2288
f 2524/2524/2428 2523/2523/2427 2384/2384/2288
f 2524/2524/2428 2384/2384/2288 2382/2382/2286
f 2525/2525/2429 2524/2524/2428 2382/2382/2286
f 2525/2525/2429 2382/2382/2286 2379/2379/2283
f 2526/2526/2430 2527/2527/2431 2528/2528/2432
f 2526/2526/2430 2528/2528/2432 2376/2376/2280
f 2529/2529/2433 2526/2526/2430 2376/2376/2280
f 2529/2529/2433 2376/2376/2280 2373/2373/2277
f 2499/2499/2403 2529/2529/2433 2373/2373/2277
f 2499/2499/2403 2373/2373/2277 2372/2372/2276
f 2255/2255/2159 2460/2460/2364 2485/2485/2389
f 2255/2255/2159 2485/2485/2389 2256/2256/2160
f 2256/2256/2160 2485/2485/2389 2483/2483/2387
f 2256/2256/2160 2483/2483/2387 2265/2265/2169
f 2265/2265/2169 2483/2483/2387 2481/2481/2385
f 2265/2265/2169 2481/2481/2385 2267/2267/2171
f 2267/2267/2171 2481/2481/2385 2479/2479/2383
f 2267/2267/2171 2479/2479/2383 2269/2269/2173
f 2269/2269/2173 2479/2479/2383 2477/2477/2381
f 2269/2269/2173 2477/2477/2381 2272/2272/2176
f 2272/2272/2176 2477/2477/2381 2475/2475/2379
f 2272/2272/2176 2475/2475/2379 2277/2277/2181
f 2277/2277/2181 2475/2475/2379 2473/2473/2377
f 2277/2277/2181 2473/2473/2377 2279/2279/2183
f 2279/2279/2183 2473/2473/2377 2471/2471/2375
f 2279/2279/2183 2471/2471/2375 2281/2281/2185
f 2281/2281/2185 2471/2471/2375 2469/2469/2373
f 2281/2281/2185 2469/2469/2373 2371/2371/2275
f 2371/2371/2275 2469/2469/2373 2467/2467/2371
f 2371/2371/2275 2467/2467/2371 2370/2370/2274
f 2370/2370/2274 2467/2467/2371 2465/2465/2369
f 2370/2370/2274 2465/2465/2369 2273/2273/2177
f 2273/2273/2177 2465/2465/2369 2463/2463/2367
f 2273/2273/2177 2463/2463/2367 2263/2263/2167
f 2263/2263/2167 2463/2463/2367 2461/2461/2365
f 2263/2263/2167 2461/2461/2365 2261/2261/2165
f 2261/2261/2165 2461/2461/2365 2453/2453/2357
f 2261/2261/2165 2453/2453/2357 2257/2257/2161
f 2276/2276/2180 2458/2458/2362 2460/2460/2364
f 2276/2276/2180 2460/2460/2364 2255/2255/2159
f 2258/2258/2162 2456/2456/2360 2458/2458/2362
f 2258/2258/2162 2458/2458/2362 2276/2276/2180
f 2257/2257/2161 2453/2453/2357 2456/2456/2360
f 2257/2257/2161 2456/2456/2360 2258/2258/2162
f 2530/2530/2434 2472/2472/2376 2474/2474/2378
f 2530/2530/2434 2474/2474/2378 2531/2531/2435
f 2531/2531/2435 2474/2474/2378 2476/2476/2380
f 2531/2531/2435 2476/2476/2380 2532/2532/2436
f 2532/2532/2436 2476/2476/2380 2478/2478/2382
f 2532/2532/2436 2478/2478/2382 2450/2450/2437
f 2450/2450/2437 2478/2478/2382 2480/2480/2384
f 2450/2450/2437 2480/2480/2384 2451/2451/2438
f 2451/2451/2438 2480/2480/2384 2482/2482/2386
f 2451/2451/2438 2482/2482/2386 2452/2452/2439
f 2452/2452/2439 2482/2482/2386 2484/2484/2388
f 2452/2452/2439 2484/2484/2388 2533/2533/2440
f 2534/2534/2441 2486/2486/2390 2459/2459/2363
f 2534/2534/2441 2459/2459/2363 2535/2535/2442
f 2535/2535/2442 2459/2459/2363 2457/2457/2361
f 2535/2535/2442 2457/2457/2361 2536/2536/2443
f 2537/2537/2444 2470/2470/2374 2472/2472/2376
f 2537/2537/2444 2472/2472/2376 2530/2530/2434
f 2538/2538/2445 2468/2468/2372 2470/2470/2374
f 2538/2538/2445 2470/2470/2374 2537/2537/2444
f 2539/2539/2446 2466/2466/2370 2468/2468/2372
f 2539/2539/2446 2468/2468/2372 2538/2538/2445
f 2540/2540/2447 2464/2464/2368 2466/2466/2370
f 2540/2540/2447 2466/2466/2370 2539/2539/2446
f 2541/2541/2448 2462/2462/2366 2464/2464/2368
f 2541/2541/2448 2464/2464/2368 2540/2540/2447
f 2542/2542/2449 2454/2454/2358 2462/2462/2366
f 2542/2542/2449 2462/2462/2366 2541/2541/2448
f 2536/2536/2443 2457/2457/2361 2455/2455/2359
f 2536/2536/2443 2455/2455/2359 2543/2543/2450
f 2543/2543/2450 2455/2455/2359 2454/2454/2358
f 2543/2543/2450 2454/2454/2358 2542/2542/2449
f 2533/2533/2440 2484/2484/2388 2486/2486/2390
f 2533/2533/2440 2486/2486/2390 2534/2534/2441
f 2254/2254/2158 2253/2253/2157 2529/2529/2433
f 2254/2254/2158 2529/2529/2433 2499/2499/2403
f 2253/2253/2157 2266/2266/2170 2526/2526/2430
f 2253/2253/2157 2526/2526/2430 2529/2529/2433
f 2266/2266/2170 2268/2268/2172 2527/2527/2431
f 2266/2266/2170 2527/2527/2431 2526/2526/2430
f 2544/2544/2451 2545/2545/2452 2524/2524/2428
f 2544/2544/2451 2524/2524/2428 2525/2525/2429
f 2545/2545/2452 2546/2546/2453 2523/2523/2427
f 2545/2545/2452 2523/2523/2427 2524/2524/2428
f 2546/2546/2453 2288/2288/2192 2522/2522/2426
f 2546/2546/2453 2522/2522/2426 2523/2523/2427
f 2288/2288/2192 2287/2287/2191 2521/2521/2425
f 2288/2288/2192 2521/2521/2425 2522/2522/2426
f 2287/2287/2191 2294/2294/2198 2520/2520/2424
f 2287/2287/2191 2520/2520/2424 2521/2521/2425
f 2294/2294/2198 2302/2302/2206 2519/2519/2423
f 2294/2294/2198 2519/2519/2423 2520/2520/2424
f 2302/2302/2206 2307/2307/2211 2518/2518/2422
f 2302/2302/2206 2518/2518/2422 2519/2519/2423
f 2307/2307/2211 2313/2313/2217 2517/2517/2421
f 2307/2307/2211 2517/2517/2421 2518/2518/2422
f 2313/2313/2217 2547/2547/2454 2516/2516/2420
f 2313/2313/2217 2516/2516/2420 2517/2517/2421
f 2547/2547/2454 2548/2548/2455 2514/2514/2418
f 2547/2547/2454 2514/2514/2418 2516/2516/2420
f 2548/2548/2455 2549/2549/2456 2515/2515/2419
f 2548/2548/2455 2515/2515/2419 2514/2514/2418
f 2327/2327/2231 2328/2328/2232 2511/2511/2415
f 2327/2327/2231 2511/2511/2415 2512/2512/2416
f 2328/2328/2232 2329/2329/2233 2510/2510/2414
f 2328/2328/2232 2510/2510/2414 2511/2511/2415
f 2329/2329/2233 2330/2330/2234 2509/2509/2413
f 2329/2329/2233 2509/2509/2413 2510/2510/2414
f 2330/2330/2234 2335/2335/2239 2508/2508/2412
f 2330/2330/2234 2508/2508/2412 2509/2509/2413
f 2335/2335/2239 2333/2333/2237 2507/2507/2411
f 2335/2335/2239 2507/2507/2411 2508/2508/2412
f 2333/2333/2237 2332/2332/2236 2500/2500/2404
f 2333/2333/2237 2500/2500/2404 2507/2507/2411
f 2347/2347/2251 2346/2346/2250 2506/2506/2410
f 2347/2347/2251 2506/2506/2410 2488/2488/2392
f 2346/2346/2250 2352/2352/2256 2505/2505/2409
f 2346/2346/2250 2505/2505/2409 2506/2506/2410
f 2352/2352/2256 2356/2356/2260 2489/2489/2393
f 2352/2352/2256 2489/2489/2393 2505/2505/2409
f 2550/2550/2457 2551/2551/2458 2487/2487/2391
f 2550/2550/2457 2487/2487/2391 2504/2504/2408
f 2331/2331/2235 2337/2337/2241 2502/2502/2406
f 2331/2331/2235 2502/2502/2406 2501/2501/2405
f 2332/2332/2236 2331/2331/2235 2501/2501/2405
f 2332/2332/2236 2501/2501/2405 2500/2500/2404
f 2275/2275/2179 2254/2254/2158 2499/2499/2403
f 2275/2275/2179 2499/2499/2403 2498/2498/2402
f 2259/2259/2163 2275/2275/2179 2498/2498/2402
f 2259/2259/2163 2498/2498/2402 2497/2497/2401
f 2260/2260/2164 2259/2259/2163 2497/2497/2401
f 2260/2260/2164 2497/2497/2401 2495/2495/2399
f 2262/2262/2166 2260/2260/2164 2495/2495/2399
f 2262/2262/2166 2495/2495/2399 2494/2494/2398
f 2552/2552/2459 2553/2553/2460 2493/2493/2397
f 2552/2552/2459 2493/2493/2397 2492/2492/2396
f 2366/2366/2270 2552/2552/2459 2492/2492/2396
f 2366/2366/2270 2492/2492/2396 2491/2491/2395
f 2360/2360/2264 2366/2366/2270 2491/2491/2395
f 2360/2360/2264 2491/2491/2395 2490/2490/2394
f 2356/2356/2260 2360/2360/2264 2490/2490/2394
f 2356/2356/2260 2490/2490/2394 2489/2489/2393
f 2551/2551/2458 2347/2347/2251 2488/2488/2392
f 2551/2551/2458 2488/2488/2392 2487/2487/2391
f 2537/2537/2461 2530/2530/2462 2535/2535/2463
f 2537/2537/2461 2535/2535/2463 2536/2536/2464
f 2538/2538/2465 2537/2537/2461 2536/2536/2464
f 2538/2538/2465 2536/2536/2464 2543/2543/2466
f 2539/2539/2467 2538/2538/2465 2543/2543/2466
f 2539/2539/2467 2543/2543/2466 2542/2542/2468
f 2540/2540/2469 2539/2539/2467 2542/2542/2468
f 2540/2540/2469 2542/2542/2468 2541/2541/2470
f 2530/2530/2462 2531/2531/2471 2534/2534/2472
f 2530/2530/2462 2534/2534/2472 2535/2535/2463
f 2531/2531/2471 2532/2532/2473 2533/2533/2474
f 2531/2531/2471 2533/2533/2474 2534/2534/2472
f 2532/2532/2473 2450/2450/2354 2452/2452/2356
f 2532/2532/2473 2452/2452/2356 2533/2533/2474
f 2554/2554/2475 2555/2555/2476 2556/2556/2477
f 2554/2554/2475 2556/2556/2477 2557/2557/2478
f 2558/2558/2479 2559/2559/2480 2560/2560/2481
f 2558/2558/2479 2560/2560/2481 2561/2561/2482
f 2562/2562/2483 2563/2563/2484 2559/2559/2480
f 2562/2562/2483 2559/2559/2480 2558/2558/2479
f 2564/2564/2485 2565/2565/2486 2563/2563/2484
f 2564/2564/2485 2563/2563/2484 2562/2562/2483
f 2555/2555/2476 2554/2554/2475 2566/2566/2487
f 2555/2555/2476 2566/2566/2487 2567/2567/2488
f 2567/2567/2488 2566/2566/2487 2568/2568/2489
f 2567/2567/2488 2568/2568/2489 2569/2569/2490
f 2569/2569/2490 2568/2568/2489 2570/2570/2491
f 2569/2569/2490 2570/2570/2491 2571/2571/2492
f 2572/2572/2493 2573/2573/2494 2571/2571/2492
f 2572/2572/2493 2571/2571/2492 2570/2570/2491
f 2574/2574/2495 2575/2575/2496 2565/2565/2486
f 2574/2574/2495 2565/2565/2486 2564/2564/2485
f 2576/2576/2497 2577/2577/2498 2561/2561/2482
f 2576/2576/2497 2561/2561/2482 2560/2560/2481
f 2577/2577/2498 2576/2576/2497 2557/2557/2478
f 2577/2577/2498 2557/2557/2478 2556/2556/2477
f 2572/2572/2493 2578/2578/2499 2579/2579/2500
f 2572/2572/2493 2579/2579/2500 2573/2573/2494
f 2578/2578/2499 2580/2580/2501 2581/2581/2502
f 2578/2578/2499 2581/2581/2502 2579/2579/2500
f 2580/2580/2501 2582/2582/2503 2583/2583/2504
f 2580/2580/2501 2583/2583/2504 2581/2581/2502
f 2584/2584/2505 2585/2585/2506 2578/2578/2499
f 2584/2584/2505 2578/2578/2499 2572/2572/2493
f 2585/2585/2506 2586/2586/2507 2580/2580/2501
f 2585/2585/2506 2580/2580/2501 2578/2578/2499
f 2586/2586/2507 2587/2587/2508 2582/2582/2503
f 2586/2586/2507 2582/2582/2503 2580/2580/2501
f 2588/2588/2509 2589/2589/2510 2590/2590/2511
f 2588/2588/2509 2590/2590/2511 2591/2591/2512
f 2592/2592/2513 2593/2593/2514 2586/2586/2507
f 2592/2592/2513 2586/2586/2507 2585/2585/2506
f 2593/2593/2514 2594/2594/2515 2587/2587/2508
f 2593/2593/2514 2587/2587/2508 2586/2586/2507
f 2595/2595/2516 2596/2596/2517 2589/2589/2510
f 2595/2595/2516 2589/2589/2510 2588/2588/2509
f 2596/2596/2517 2597/2597/2518 2598/2598/2519
f 2596/2596/2517 2598/2598/2519 2589/2589/2510
f 2599/2599/2520 2600/2600/2521 2601/2601/2522
f 2599/2599/2520 2601/2601/2522 2602/2602/2523
f 2603/2603/2524 2604/2604/2525 2596/2596/2517
f 2603/2603/2524 2596/2596/2517 2595/2595/2516
f 2604/2604/2525 2605/2605/2526 2597/2597/2518
f 2604/2604/2525 2597/2597/2518 2596/2596/2517
f 2606/2606/2527 2607/2607/2528 2600/2600/2521
f 2606/2606/2527 2600/2600/2521 2599/2599/2520
f 2608/2608/2529 2609/2609/2530 2604/2604/2525
f 2608/2608/2529 2604/2604/2525 2603/2603/2524
f 2610/2610/2531 2611/2611/2532 2606/2606/2527
f 2610/2610/2531 2606/2606/2527 2612/2612/2533
f 2611/2611/2532 2613/2613/2534 2607/2607/2528
f 2611/2611/2532 2607/2607/2528 2606/2606/2527
f 2614/2614/2535 2615/2615/2536 2609/2609/2530
f 2614/2614/2535 2609/2609/2530 2608/2608/2529
f 2616/2616/2537 2617/2617/2538 2611/2611/2532
f 2616/2616/2537 2611/2611/2532 2610/2610/2531
f 2617/2617/2538 2618/2618/2539 2613/2613/2534
f 2617/2617/2538 2613/2613/2534 2611/2611/2532
f 2619/2619/2540 2620/2620/2541 2616/2616/2537
f 2619/2619/2540 2616/2616/2537 2621/2621/2542
f 2620/2620/2541 2622/2622/2543 2617/2617/2538
f 2620/2620/2541 2617/2617/2538 2616/2616/2537
f 2622/2622/2543 2623/2623/2544 2618/2618/2539
f 2622/2622/2543 2618/2618/2539 2617/2617/2538
f 2624/2624/2545 2625/2625/2546 2620/2620/2541
f 2624/2624/2545 2620/2620/2541 2619/2619/2540
f 2625/2625/2546 2626/2626/2547 2622/2622/2543
f 2625/2625/2546 2622/2622/2543 2620/2620/2541
f 2626/2626/2547 2627/2627/2548 2623/2623/2544
f 2626/2626/2547 2623/2623/2544 2622/2622/2543
f 2628/2628/2549 2629/2629/2550 2625/2625/2546
f 2628/2628/2549 2625/2625/2546 2624/2624/2545
f 2629/2629/2550 2630/2630/2551 2626/2626/2547
f 2629/2629/2550 2626/2626/2547 2625/2625/2546
f 2630/2630/2551 2631/2631/2552 2627/2627/2548
f 2630/2630/2551 2627/2627/2548 2626/2626/2547
f 2632/2632/2553 2633/2633/2554 2634/2634/2555
f 2632/2632/2553 2634/2634/2555 2635/2635/2556
f 2633/2633/2554 2636/2636/2557 2637/2637/2558
f 2633/2633/2554 2637/2637/2558 2634/2634/2555
f 2636/2636/2557 2627/2627/2548 2631/2631/2552
f 2636/2636/2557 2631/2631/2552 2637/2637/2558
f 2638/2638/2559 2639/2639/2560 2633/2633/2554
f 2638/2638/2559 2633/2633/2554 2632/2632/2553
f 2639/2639/2560 2640/2640/2561 2636/2636/2557
f 2639/2639/2560 2636/2636/2557 2633/2633/2554
f 2640/2640/2561 2623/2623/2544 2627/2627/2548
f 2640/2640/2561 2627/2627/2548 2636/2636/2557
f 2641/2641/2562 2642/2642/2563 2639/2639/2560
f 2641/2641/2562 2639/2639/2560 2638/2638/2559
f 2642/2642/2563 2643/2643/2564 2640/2640/2561
f 2642/2642/2563 2640/2640/2561 2639/2639/2560
f 2643/2643/2564 2618/2618/2539 2623/2623/2544
f 2643/2643/2564 2623/2623/2544 2640/2640/2561
f 2644/2644/2565 2645/2645/2566 2642/2642/2563
f 2644/2644/2565 2642/2642/2563 2641/2641/2562
f 2645/2645/2566 2646/2646/2567 2643/2643/2564
f 2645/2645/2566 2643/2643/2564 2642/2642/2563
f 2646/2646/2567 2613/2613/2534 2618/2618/2539
f 2646/2646/2567 2618/2618/2539 2643/2643/2564
f 2647/2647/2568 2648/2648/2569 2649/2649/2570
f 2647/2647/2568 2649/2649/2570 2650/2650/2571
f 2651/2651/2572 2652/2652/2573 2646/2646/2567
f 2651/2651/2572 2646/2646/2567 2645/2645/2566
f 2652/2652/2573 2607/2607/2528 2613/2613/2534
f 2652/2652/2573 2613/2613/2534 2646/2646/2567
f 2653/2653/2574 2654/2654/2575 2648/2648/2569
f 2653/2653/2574 2648/2648/2569 2647/2647/2568
f 2655/2655/2576 2656/2656/2577 2652/2652/2573
f 2655/2655/2576 2652/2652/2573 2651/2651/2572
f 2656/2656/2577 2600/2600/2521 2607/2607/2528
f 2656/2656/2577 2607/2607/2528 2652/2652/2573
f 2657/2657/2578 2658/2658/2579 2654/2654/2575
f 2657/2657/2578 2654/2654/2575 2653/2653/2574
f 2659/2659/2580 2660/2660/2581 2656/2656/2577
f 2659/2659/2580 2656/2656/2577 2655/2655/2576
f 2660/2660/2581 2601/2601/2522 2600/2600/2521
f 2660/2660/2581 2600/2600/2521 2656/2656/2577
f 2661/2661/2582 2662/2662/2583 2658/2658/2579
f 2661/2661/2582 2658/2658/2579 2657/2657/2578
f 2663/2663/2584 2664/2664/2585 2665/2665/2586
f 2663/2663/2584 2665/2665/2586 2666/2666/2587
f 2664/2664/2585 2587/2587/2508 2594/2594/2515
f 2664/2664/2585 2594/2594/2515 2665/2665/2586
f 2667/2667/2588 2668/2668/2589 2662/2662/2583
f 2667/2667/2588 2662/2662/2583 2661/2661/2582
f 2669/2669/2590 2670/2670/2591 2664/2664/2585
f 2669/2669/2590 2664/2664/2585 2663/2663/2584
f 2670/2670/2591 2582/2582/2503 2587/2587/2508
f 2670/2670/2591 2587/2587/2508 2664/2664/2585
f 2574/2574/2495 2671/2671/2592 2669/2669/2590
f 2574/2574/2495 2669/2669/2590 2575/2575/2496
f 2671/2671/2592 2672/2672/2593 2670/2670/2591
f 2671/2671/2592 2670/2670/2591 2669/2669/2590
f 2672/2672/2593 2583/2583/2504 2582/2582/2503
f 2672/2672/2593 2582/2582/2503 2670/2670/2591
f 2673/2673/2594 2674/2674/2595 2675/2675/2596
f 2673/2673/2594 2675/2675/2596 2676/2676/2597
f 2676/2676/2597 2675/2675/2596 2677/2677/2598
f 2676/2676/2597 2677/2677/2598 2678/2678/2599
f 2679/2679/2600 2680/2680/2601 2681/2681/2602
f 2679/2679/2600 2681/2681/2602 2682/2682/2603
f 2682/2682/2603 2681/2681/2602 2683/2683/2604
f 2682/2682/2603 2683/2683/2604 2684/2684/2605
f 2684/2684/2605 2683/2683/2604 2685/2685/2606
f 2684/2684/2605 2685/2685/2606 2686/2686/2607
f 2686/2686/2607 2685/2685/2606 2687/2687/2608
f 2686/2686/2607 2687/2687/2608 2688/2688/2609
f 2688/2688/2609 2687/2687/2608 2689/2689/2610
f 2688/2688/2609 2689/2689/2610 2690/2690/2611
f 2690/2690/2611 2689/2689/2610 2691/2691/2612
f 2690/2690/2611 2691/2691/2612 2692/2692/2613
f 2692/2692/2613 2691/2691/2612 2693/2693/2614
f 2692/2692/2613 2693/2693/2614 2694/2694/2615
f 2694/2694/2615 2693/2693/2614 2695/2695/2616
f 2694/2694/2615 2695/2695/2616 2696/2696/2617
f 2696/2696/2617 2695/2695/2616 2697/2697/2618
f 2696/2696/2617 2697/2697/2618 2698/2698/2619
f 2698/2698/2619 2697/2697/2618 2699/2699/2620
f 2698/2698/2619 2699/2699/2620 2700/2700/2621
f 2700/2700/2621 2699/2699/2620 2701/2701/2622
f 2700/2700/2621 2701/2701/2622 2702/2702/2623
f 2702/2702/2623 2701/2701/2622 2703/2703/2624
f 2702/2702/2623 2703/2703/2624 2704/2704/2625
f 2704/2704/2625 2703/2703/2624 2705/2705/2626
f 2704/2704/2625 2705/2705/2626 2706/2706/2627
f 2707/2707/2628 2708/2708/2629 2709/2709/2630
f 2707/2707/2628 2709/2709/2630 2710/2710/2631
f 2710/2710/2631 2709/2709/2630 2711/2711/2632
f 2710/2710/2631 2711/2711/2632 2712/2712/2633
f 2712/2712/2633 2711/2711/2632 2713/2713/2634
f 2712/2712/2633 2713/2713/2634 2714/2714/2635
f 2714/2714/2635 2713/2713/2634 2715/2715/2636
f 2714/2714/2635 2715/2715/2636 2716/2716/2637
f 2716/2716/2637 2715/2715/2636 2717/2717/2638
f 2716/2716/2637 2717/2717/2638 2718/2718/2639
f 2719/2719/2640 2720/2720/2641 2721/2721/2642
f 2719/2719/2640 2721/2721/2642 2722/2722/2643
f 2722/2722/2643 2721/2721/2642 2723/2723/2644
f 2722/2722/2643 2723/2723/2644 2724/2724/2645
f 2724/2724/2645 2723/2723/2644 2725/2725/2646
f 2724/2724/2645 2725/2725/2646 2726/2726/2647
f 2727/2727/2648 2728/2728/2649 2729/2729/2650
f 2727/2727/2648 2729/2729/2650 2730/2730/2651
f 2731/2731/2652 2732/2732/2653 2728/2728/2649
f 2731/2731/2652 2728/2728/2649 2727/2727/2648
f 2718/2718/2639 2717/2717/2638 2733/2733/2654
f 2718/2718/2639 2733/2733/2654 2734/2734/2655
f 2735/2735/2656 2736/2736/2657 2674/2674/2595
f 2735/2735/2656 2674/2674/2595 2673/2673/2594
f 2737/2737/2658 2738/2738/2659 2736/2736/2657
f 2737/2737/2658 2736/2736/2657 2735/2735/2656
f 2739/2739/2660 2740/2740/2661 2738/2738/2659
f 2739/2739/2660 2738/2738/2659 2737/2737/2658
f 2741/2741/2662 2742/2742/2663 2743/2743/2664
f 2741/2741/2662 2743/2743/2664 2744/2744/2665
f 2745/2745/2666 2746/2746/2667 2742/2742/2663
f 2745/2745/2666 2742/2742/2663 2741/2741/2662
f 2747/2747/2668 2748/2748/2669 2746/2746/2667
f 2747/2747/2668 2746/2746/2667 2745/2745/2666
f 2749/2749/2670 2750/2750/2671 2748/2748/2669
f 2749/2749/2670 2748/2748/2669 2747/2747/2668
f 2726/2726/2647 2725/2725/2646 2750/2750/2671
f 2726/2726/2647 2750/2750/2671 2749/2749/2670
f 2730/2730/2651 2729/2729/2650 2720/2720/2641
f 2730/2730/2651 2720/2720/2641 2719/2719/2640
f 2751/2751/2672 2752/2752/2673 2753/2753/2674
f 2751/2751/2672 2753/2753/2674 2754/2754/2675
f 2755/2755/2676 2756/2756/2677 2757/2757/2678
f 2755/2755/2676 2757/2757/2678 2758/2758/2679
f 2756/2756/2677 2759/2759/2680 2760/2760/2681
f 2756/2756/2677 2760/2760/2681 2757/2757/2678
f 2759/2759/2680 2761/2761/2682 2762/2762/2683
f 2759/2759/2680 2762/2762/2683 2760/2760/2681
f 2763/2763/2684 2755/2755/2676 2758/2758/2679
f 2763/2763/2684 2758/2758/2679 2764/2764/2685
f 2765/2765/2686 2763/2763/2684 2764/2764/2685
f 2765/2765/2686 2764/2764/2685 2766/2766/2687
f 2767/2767/2688 2765/2765/2686 2766/2766/2687
f 2767/2767/2688 2766/2766/2687 2768/2768/2689
f 2769/2769/2690 2767/2767/2688 2768/2768/2689
f 2769/2769/2690 2768/2768/2689 2770/2770/2691
f 2771/2771/2692 2769/2769/2690 2770/2770/2691
f 2771/2771/2692 2770/2770/2691 2772/2772/2693
f 2773/2773/2694 2771/2771/2692 2772/2772/2693
f 2773/2773/2694 2772/2772/2693 2774/2774/2695
f 2775/2775/2696 2773/2773/2694 2774/2774/2695
f 2775/2775/2696 2774/2774/2695 2776/2776/2697
f 2777/2777/2698 2775/2775/2696 2776/2776/2697
f 2777/2777/2698 2776/2776/2697 2778/2778/2699
f 2779/2779/2700 2777/2777/2698 2778/2778/2699
f 2779/2779/2700 2778/2778/2699 2780/2780/2701
f 2781/2781/2702 2779/2779/2700 2780/2780/2701
f 2781/2781/2702 2780/2780/2701 2782/2782/2703
f 2783/2783/2704 2781/2781/2702 2782/2782/2703
f 2783/2783/2704 2782/2782/2703 2784/2784/2705
f 2785/2785/2706 2783/2783/2704 2784/2784/2705
f 2785/2785/2706 2784/2784/2705 2786/2786/2707
f 2787/2787/2708 2785/2785/2706 2786/2786/2707
f 2787/2787/2708 2786/2786/2707 2788/2788/2709
f 2761/2761/2682 2787/2787/2708 2788/2788/2709
f 2761/2761/2682 2788/2788/2709 2762/2762/2683
f 2789/2789/2710 2730/2730/2651 2719/2719/2640
f 2789/2789/2710 2719/2719/2640 2790/2790/2711
f 2791/2791/2712 2726/2726/2647 2749/2749/2670
f 2791/2791/2712 2749/2749/2670 2792/2792/2713
f 2792/2792/2713 2749/2749/2670 2747/2747/2668
f 2792/2792/2713 2747/2747/2668 2793/2793/2714
f 2793/2793/2714 2747/2747/2668 2745/2745/2666
f 2793/2793/2714 2745/2745/2666 2794/2794/2715
f 2794/2794/2715 2745/2745/2666 2741/2741/2662
f 2794/2794/2715 2741/2741/2662 2795/2795/2716
f 2796/2796/2717 2797/2797/2718 2739/2739/2660
f 2796/2796/2717 2739/2739/2660 2798/2798/2719
f 2798/2798/2719 2739/2739/2660 2737/2737/2658
f 2798/2798/2719 2737/2737/2658 2799/2799/2720
f 2799/2799/2720 2737/2737/2658 2735/2735/2656
f 2799/2799/2720 2735/2735/2656 2800/2800/2721
f 2800/2800/2721 2735/2735/2656 2673/2673/2594
f 2800/2800/2721 2673/2673/2594 2801/2801/2722
f 2802/2802/2723 2718/2718/2639 2734/2734/2655
f 2802/2802/2723 2734/2734/2655 2803/2803/2724
f 2803/2803/2724 2734/2734/2655 2804/2804/2725
f 2803/2803/2724 2804/2804/2725 2805/2805/2726
f 2806/2806/2727 2727/2727/2648 2730/2730/2651
f 2806/2806/2727 2730/2730/2651 2789/2789/2710
f 2807/2807/2728 2724/2724/2645 2726/2726/2647
f 2807/2807/2728 2726/2726/2647 2791/2791/2712
f 2808/2808/2729 2722/2722/2643 2724/2724/2645
f 2808/2808/2729 2724/2724/2645 2807/2807/2728
f 2790/2790/2711 2719/2719/2640 2722/2722/2643
f 2790/2790/2711 2722/2722/2643 2808/2808/2729
f 2809/2809/2730 2716/2716/2637 2718/2718/2639
f 2809/2809/2730 2718/2718/2639 2802/2802/2723
f 2810/2810/2731 2714/2714/2635 2716/2716/2637
f 2810/2810/2731 2716/2716/2637 2809/2809/2730
f 2811/2811/2732 2712/2712/2633 2714/2714/2635
f 2811/2811/2732 2714/2714/2635 2810/2810/2731
f 2812/2812/2733 2710/2710/2631 2712/2712/2633
f 2812/2812/2733 2712/2712/2633 2811/2811/2732
f 2813/2813/2734 2707/2707/2628 2710/2710/2631
f 2813/2813/2734 2710/2710/2631 2812/2812/2733
f 2814/2814/2735 2815/2815/2736 2707/2707/2628
f 2814/2814/2735 2707/2707/2628 2813/2813/2734
f 2816/2816/2737 2817/2817/2738 2815/2815/2736
f 2816/2816/2737 2815/2815/2736 2814/2814/2735
f 2818/2818/2739 2700/2700/2621 2702/2702/2623
f 2818/2818/2739 2702/2702/2623 2819/2819/2740
f 2820/2820/2741 2698/2698/2619 2700/2700/2621
f 2820/2820/2741 2700/2700/2621 2818/2818/2739
f 2821/2821/2742 2696/2696/2617 2698/2698/2619
f 2821/2821/2742 2698/2698/2619 2820/2820/2741
f 2822/2822/2743 2694/2694/2615 2696/2696/2617
f 2822/2822/2743 2696/2696/2617 2821/2821/2742
f 2823/2823/2744 2692/2692/2613 2694/2694/2615
f 2823/2823/2744 2694/2694/2615 2822/2822/2743
f 2824/2824/2745 2690/2690/2611 2692/2692/2613
f 2824/2824/2745 2692/2692/2613 2823/2823/2744
f 2825/2825/2746 2688/2688/2609 2690/2690/2611
f 2825/2825/2746 2690/2690/2611 2824/2824/2745
f 2826/2826/2747 2686/2686/2607 2688/2688/2609
f 2826/2826/2747 2688/2688/2609 2825/2825/2746
f 2827/2827/2748 2684/2684/2605 2686/2686/2607
f 2827/2827/2748 2686/2686/2607 2826/2826/2747
f 2828/2828/2749 2682/2682/2603 2684/2684/2605
f 2828/2828/2749 2684/2684/2605 2827/2827/2748
f 2829/2829/2750 2678/2678/2599 2830/2830/2751
f 2829/2829/2750 2830/2830/2751 2831/2831/2752
f 2832/2832/2753 2676/2676/2597 2678/2678/2599
f 2832/2832/2753 2678/2678/2599 2829/2829/2750
f 2801/2801/2722 2673/2673/2594 2676/2676/2597
f 2801/2801/2722 2676/2676/2597 2832/2832/2753
f 2556/2556/2477 2555/2555/2476 2787/2787/2708
f 2556/2556/2477 2787/2787/2708 2761/2761/2682
f 2555/2555/2476 2567/2567/2488 2785/2785/2706
f 2555/2555/2476 2785/2785/2706 2787/2787/2708
f 2567/2567/2488 2569/2569/2490 2783/2783/2704
f 2567/2567/2488 2783/2783/2704 2785/2785/2706
f 2569/2569/2490 2571/2571/2492 2781/2781/2702
f 2569/2569/2490 2781/2781/2702 2783/2783/2704
f 2571/2571/2492 2573/2573/2494 2779/2779/2700
f 2571/2571/2492 2779/2779/2700 2781/2781/2702
f 2573/2573/2494 2579/2579/2500 2777/2777/2698
f 2573/2573/2494 2777/2777/2698 2779/2779/2700
f 2579/2579/2500 2581/2581/2502 2775/2775/2696
f 2579/2579/2500 2775/2775/2696 2777/2777/2698
f 2581/2581/2502 2583/2583/2504 2773/2773/2694
f 2581/2581/2502 2773/2773/2694 2775/2775/2696
f 2583/2583/2504 2672/2672/2593 2771/2771/2692
f 2583/2583/2504 2771/2771/2692 2773/2773/2694
f 2672/2672/2593 2671/2671/2592 2769/2769/2690
f 2672/2672/2593 2769/2769/2690 2771/2771/2692
f 2671/2671/2592 2574/2574/2495 2767/2767/2688
f 2671/2671/2592 2767/2767/2688 2769/2769/2690
f 2574/2574/2495 2564/2564/2485 2765/2765/2686
f 2574/2574/2495 2765/2765/2686 2767/2767/2688
f 2564/2564/2485 2562/2562/2483 2763/2763/2684
f 2564/2564/2485 2763/2763/2684 2765/2765/2686
f 2562/2562/2483 2558/2558/2479 2755/2755/2676
f 2562/2562/2483 2755/2755/2676 2763/2763/2684
f 2577/2577/2498 2556/2556/2477 2761/2761/2682
f 2577/2577/2498 2761/2761/2682 2759/2759/2680
f 2561/2561/2482 2577/2577/2498 2759/2759/2680
f 2561/2561/2482 2759/2759/2680 2756/2756/2677
f 2558/2558/2479 2561/2561/2482 2756/2756/2677
f 2558/2558/2479 2756/2756/2677 2755/2755/2676
f 2833/2833/2754 2834/2834/2755 2776/2776/2697
f 2833/2833/2754 2776/2776/2697 2774/2774/2695
f 2834/2834/2755 2835/2835/2756 2778/2778/2699
f 2834/2834/2755 2778/2778/2699 2776/2776/2697
f 2835/2835/2756 2751/2751/2757 2780/2780/2701
f 2835/2835/2756 2780/2780/2701 2778/2778/2699
f 2751/2751/2757 2754/2754/2758 2782/2782/2703
f 2751/2751/2757 2782/2782/2703 2780/2780/2701
f 2754/2754/2758 2753/2753/2759 2784/2784/2705
f 2754/2754/2758 2784/2784/2705 2782/2782/2703
f 2753/2753/2759 2752/2752/2760 2786/2786/2707
f 2753/2753/2759 2786/2786/2707 2784/2784/2705
f 2836/2836/2761 2837/2837/2762 2762/2762/2683
f 2836/2836/2761 2762/2762/2683 2788/2788/2709
f 2837/2837/2762 2838/2838/2763 2760/2760/2681
f 2837/2837/2762 2760/2760/2681 2762/2762/2683
f 2839/2839/2764 2833/2833/2754 2774/2774/2695
f 2839/2839/2764 2774/2774/2695 2772/2772/2693
f 2840/2840/2765 2839/2839/2764 2772/2772/2693
f 2840/2840/2765 2772/2772/2693 2770/2770/2691
f 2841/2841/2766 2840/2840/2765 2770/2770/2691
f 2841/2841/2766 2770/2770/2691 2768/2768/2689
f 2842/2842/2767 2841/2841/2766 2768/2768/2689
f 2842/2842/2767 2768/2768/2689 2766/2766/2687
f 2843/2843/2768 2842/2842/2767 2766/2766/2687
f 2843/2843/2768 2766/2766/2687 2764/2764/2685
f 2844/2844/2769 2843/2843/2768 2764/2764/2685
f 2844/2844/2769 2764/2764/2685 2758/2758/2679
f 2838/2838/2763 2845/2845/2770 2757/2757/2678
f 2838/2838/2763 2757/2757/2678 2760/2760/2681
f 2845/2845/2770 2844/2844/2769 2758/2758/2679
f 2845/2845/2770 2758/2758/2679 2757/2757/2678
f 2752/2752/2760 2836/2836/2761 2788/2788/2709
f 2752/2752/2760 2788/2788/2709 2786/2786/2707
f 2557/2557/2478 2801/2801/2722 2832/2832/2753
f 2557/2557/2478 2832/2832/2753 2554/2554/2475
f 2554/2554/2475 2832/2832/2753 2829/2829/2750
f 2554/2554/2475 2829/2829/2750 2566/2566/2487
f 2566/2566/2487 2829/2829/2750 2831/2831/2752
f 2566/2566/2487 2831/2831/2752 2568/2568/2489
f 2846/2846/2771 2828/2828/2749 2827/2827/2748
f 2846/2846/2771 2827/2827/2748 2847/2847/2772
f 2847/2847/2772 2827/2827/2748 2826/2826/2747
f 2847/2847/2772 2826/2826/2747 2848/2848/2773
f 2848/2848/2773 2826/2826/2747 2825/2825/2746
f 2848/2848/2773 2825/2825/2746 2591/2591/2512
f 2591/2591/2512 2825/2825/2746 2824/2824/2745
f 2591/2591/2512 2824/2824/2745 2588/2588/2509
f 2588/2588/2509 2824/2824/2745 2823/2823/2744
f 2588/2588/2509 2823/2823/2744 2595/2595/2516
f 2595/2595/2516 2823/2823/2744 2822/2822/2743
f 2595/2595/2516 2822/2822/2743 2603/2603/2524
f 2603/2603/2524 2822/2822/2743 2821/2821/2742
f 2603/2603/2524 2821/2821/2742 2608/2608/2529
f 2608/2608/2529 2821/2821/2742 2820/2820/2741
f 2608/2608/2529 2820/2820/2741 2614/2614/2535
f 2614/2614/2535 2820/2820/2741 2818/2818/2739
f 2614/2614/2535 2818/2818/2739 2849/2849/2774
f 2849/2849/2774 2818/2818/2739 2819/2819/2740
f 2849/2849/2774 2819/2819/2740 2850/2850/2775
f 2850/2850/2775 2819/2819/2740 2851/2851/2776
f 2850/2850/2775 2851/2851/2776 2852/2852/2777
f 2628/2628/2549 2814/2814/2735 2813/2813/2734
f 2628/2628/2549 2813/2813/2734 2629/2629/2550
f 2629/2629/2550 2813/2813/2734 2812/2812/2733
f 2629/2629/2550 2812/2812/2733 2630/2630/2551
f 2630/2630/2551 2812/2812/2733 2811/2811/2732
f 2630/2630/2551 2811/2811/2732 2631/2631/2552
f 2631/2631/2552 2811/2811/2732 2810/2810/2731
f 2631/2631/2552 2810/2810/2731 2637/2637/2558
f 2637/2637/2558 2810/2810/2731 2809/2809/2730
f 2637/2637/2558 2809/2809/2730 2634/2634/2555
f 2634/2634/2555 2809/2809/2730 2802/2802/2723
f 2634/2634/2555 2802/2802/2723 2635/2635/2556
f 2650/2650/2571 2790/2790/2711 2808/2808/2729
f 2650/2650/2571 2808/2808/2729 2647/2647/2568
f 2647/2647/2568 2808/2808/2729 2807/2807/2728
f 2647/2647/2568 2807/2807/2728 2653/2653/2574
f 2653/2653/2574 2807/2807/2728 2791/2791/2712
f 2653/2653/2574 2791/2791/2712 2657/2657/2578
f 2853/2853/2778 2806/2806/2727 2789/2789/2710
f 2853/2853/2778 2789/2789/2710 2854/2854/2779
f 2632/2632/2553 2803/2803/2724 2805/2805/2726
f 2632/2632/2553 2805/2805/2726 2638/2638/2559
f 2635/2635/2556 2802/2802/2723 2803/2803/2724
f 2635/2635/2556 2803/2803/2724 2632/2632/2553
f 2576/2576/2497 2800/2800/2721 2801/2801/2722
f 2576/2576/2497 2801/2801/2722 2557/2557/2478
f 2560/2560/2481 2799/2799/2720 2800/2800/2721
f 2560/2560/2481 2800/2800/2721 2576/2576/2497
f 2559/2559/2480 2798/2798/2719 2799/2799/2720
f 2559/2559/2480 2799/2799/2720 2560/2560/2481
f 2563/2563/2484 2796/2796/2717 2798/2798/2719
f 2563/2563/2484 2798/2798/2719 2559/2559/2480
f 2855/2855/2780 2794/2794/2715 2795/2795/2716
f 2855/2855/2780 2795/2795/2716 2856/2856/2781
f 2667/2667/2588 2793/2793/2714 2794/2794/2715
f 2667/2667/2588 2794/2794/2715 2855/2855/2780
f 2661/2661/2582 2792/2792/2713 2793/2793/2714
f 2661/2661/2582 2793/2793/2714 2667/2667/2588
f 2657/2657/2578 2791/2791/2712 2792/2792/2713
f 2657/2657/2578 2792/2792/2713 2661/2661/2582
f 2854/2854/2779 2789/2789/2710 2790/2790/2711
f 2854/2854/2779 2790/2790/2711 2650/2650/2571
f 2841/2841/2782 2842/2842/2783 2843/2843/2784
f 2834/2834/2785 2833/2833/2786 2838/2838/2787
f 2834/2834/2785 2838/2838/2787 2837/2837/2788
f 2833/2833/2786 2839/2839/2789 2845/2845/2790
f 2833/2833/2786 2845/2845/2790 2838/2838/2787
f 2839/2839/2789 2840/2840/2791 2844/2844/2792
f 2839/2839/2789 2844/2844/2792 2845/2845/2790
f 2834/2834/2785 2837/2837/2788 2836/2836/2793
f 2834/2834/2785 2836/2836/2793 2835/2835/2794
f 2835/2835/2794 2836/2836/2793 2752/2752/2673
f 2835/2835/2794 2752/2752/2673 2751/2751/2672
f 2840/2840/2791 2841/2841/2782 2843/2843/2784
f 2840/2840/2791 2843/2843/2784 2844/2844/2792
# Vertices: 604, normals: 638, texture coordinates: 604, faces: 938

