# File generated by ImageToStl.com - Free Image and 3D model conversion tools

mtllib wrist3.mtl

o obj1
v 0.04325265 -0.00025001 -0.02510903
v 0.03820456 -0.00025 -0.03224525
v 0.03809864 -0.00025 -0.03215603
v 0.04313296 -0.00025001 -0.02503941
v 0.03814832 -0.00025 0.03183693
v 0.04326074 -0.00025001 0.0248307
v 0.04337738 -5E-08 0.02489806
v 0.03825132 -5E-08 0.03192318
v -0.03201724 -0.00024994 0.03840551
v -0.02488453 -0.00024995 0.0433856
v -0.02481545 -0.00024995 0.04326544
v -0.03192843 -0.00024994 0.03829918
v -0.0001395 -0.00024995 -0.05000602
v -0.0088195 -0.00024997 -0.04920875
v -0.00879506 -0.00024997 -0.04907237
v -0.00013912 -0.00024995 -0.04986738
v 0.03203697 -0.00024999 -0.03838704
v 0.03194798 -0.00024999 -0.03828082
v -0.01695849 -0.00024996 0.04704127
v -0.01691122 -0.00024996 0.0469111
v -0.01723281 -0.00024996 -0.04693102
v -0.01718501 -0.00024996 -0.04680109
v 0.02488482 -0.00024998 -0.04337726
v 0.02481604 -0.00024998 -0.04325697
v -0.00853844 -0.00024997 0.04927383
v -0.00851478 -0.00024997 0.04913746
v -0.02512625 -0.00024995 -0.04323405
v -0.02505664 -0.00024995 -0.0431143
v 0.01697041 -0.00024997 -0.04702661
v 0.01692308 -0.00024997 -0.04689608
v 0.00015121 -0.00024995 0.04995833
v 0.00881616 -0.00024996 0.04922377
v 0.00879172 -0.00024996 0.04908739
v 0.00015079 -0.00024995 0.04981981
v -0.02512625 -0.00024995 -0.04323405
v -0.03224496 -0.00024994 -0.03820347
v -0.03215585 -0.00024994 -0.03809762
v -0.02505664 -0.00024995 -0.0431143
v 0.0085453 -0.00024999 -0.04926096
v 0.00852163 -0.00024999 -0.04912435
v 0.01724855 -0.00025 0.04694116
v 0.01720044 -0.00025 0.04681122
v -0.03839246 -0.00024993 -0.03202487
v -0.03828601 -0.00024993 -0.03193594
v 0.0085453 -0.00024999 -0.04926096
v 0.00852163 -0.00024999 -0.04912435
v 0.02511696 -0.00024998 0.04324162
v 0.0250474 -0.00024998 0.04312145
v -0.04338019 -0.00024993 -0.02487577
v -0.04325972 -0.00024993 -0.02480698
v -0.04692929 -0.00025004 0.01725647
v -0.04303527 -0.00024993 0.02502212
v -0.04291595 -0.00024993 0.02495274
v -0.04679948 -0.00025004 0.01720891
v 0.03226409 -0.00024999 0.03820621
v 0.03217438 -0.00024999 0.0381006
v -0.04702978 -0.00024992 -0.01696051
v -0.04689918 -0.00024992 -0.01691342
v 0.00015121 -0.00024995 0.04995833
v 0.00015079 -0.00024995 0.04981981
v 0.03825436 -0.00025 0.03192544
v 0.03814832 -0.00025 0.03183693
v -0.04926412 -0.00024992 -0.0085354
v -0.04912733 -0.00024992 -0.00851168
v 0.04338072 -0.00025001 0.02489985
v 0.04326074 -0.00025001 0.0248307
v 0.04338072 -0.00025001 0.02489985
v 0.04703794 -0.00025001 0.01696885
v 0.04690777 -0.00025001 0.01692164
v 0.04326074 -0.00025001 0.0248307
v -0.04926412 -0.00024992 -0.0085354
v -0.05000913 -0.00024992 0.0001509
v -0.04987049 -0.00024992 0.00015054
v -0.04912733 -0.00024992 -0.00851168
v 0.04676687 -0.00025001 -0.01717243
v 0.04663723 -0.00025001 -0.01712487
v 0.04927061 -0.00025001 0.00854852
v 0.04913424 -0.00025001 0.00852479
v -0.0492106 -0.00024992 0.0088229
v -0.04907441 -0.00024992 0.00879846
v 0.05000876 -0.00025001 -0.00013183
v 0.04987012 -0.00025001 -0.00013147
v 0.04921662 -0.00025007 -0.00882659
v 0.04908037 -0.00025007 -0.00880215
v -0.03821785 -0.00024993 0.03224215
v -0.03811163 -0.00024993 0.03215299
v 0.0248831 -3E-08 -0.04337404
v 0.0169691 -2E-08 -0.04702268
v 0.01696911 0.01330004 -0.04702268
v 0.02488312 0.01330003 -0.04337404
v 0.04690777 -0.00025001 0.01692164
v 0.04703455 -6E-08 0.01696754
v -0.04912733 -0.00024992 -0.00851168
v -0.04987049 -0.00024992 0.00015054
v -0.05000501 6E-08 0.0001509
v -0.04926006 6E-08 -0.00853469
v 0.04663723 -0.00025001 -0.01712487
v 0.04313296 -0.00025001 -0.02503941
v 0.04324925 -5E-08 -0.025107
v 0.04676342 -6E-08 -0.01717112
v 0.04913424 -0.00025001 0.00852479
v 0.04926698 -6E-08 0.0085478
v -0.04907441 -0.00024992 0.00879846
v -0.04920703 6E-08 0.00882218
v 0.04987012 -0.00025001 -0.00013147
v 0.05000478 -6E-08 -0.00013183
v -0.04679948 -0.00025004 0.01720891
v -0.0469259 6E-08 0.0172554
v 0.04908037 -0.00025007 -0.00880215
v 0.04921305 -6E-08 -0.00882588
v -0.04291595 -0.00024993 0.02495274
v -0.03811163 -0.00024993 0.03215299
v -0.03821487 5E-08 0.03223989
v -0.04303206 5E-08 0.02502046
v -0.03811163 -0.00024993 0.03215299
v -0.03192843 -0.00024994 0.03829918
v -0.03201455 4E-08 0.03840241
v -0.03821487 5E-08 0.03223989
v 0.04313296 -0.00025001 -0.02503941
v 0.03809864 -0.00025 -0.03215603
v 0.03820158 -5E-08 -0.03224299
v 0.04324925 -5E-08 -0.025107
v -0.02481545 -0.00024995 0.04326544
v -0.02488262 3E-08 0.04338202
v -0.00013912 -0.00024995 -0.04986738
v -0.00879506 -0.00024997 -0.04907237
v -0.00881879 1E-08 -0.04920505
v -0.00013949 0 -0.05000184
v 0.03194798 -0.00024999 -0.03828082
v 0.03203434 -4E-08 -0.03838405
v -0.01691122 -0.00024996 0.0469111
v -0.01695718 2E-08 0.04703776
v -0.01718501 -0.00024996 -0.04680109
v -0.01723144 2E-08 -0.04692769
v 0.02481604 -0.00024998 -0.04325697
v -0.00851478 -0.00024997 0.04913746
v -0.00853779 1E-08 0.04927026
v -0.01718501 -0.00024996 -0.04680109
v -0.02505664 -0.00024995 -0.0431143
v -0.02512447 3E-08 -0.04323077
v -0.01723144 2E-08 -0.04692769
v 0.01692308 -0.00024997 -0.04689608
v 0.00015079 -0.00024995 0.04981981
v 0.00879172 -0.00024996 0.04908739
v 0.00881551 -1E-08 0.04921971
v 0.0001512 -0 0.04995476
v -0.03215585 -0.00024994 -0.03809762
v -0.03224269 4E-08 -0.03820049
v 0.00852163 -0.00024999 -0.04912435
v 0.00854464 -1E-08 -0.04925703
v 0.01720044 -0.00025 0.04681122
v 0.01724718 -2E-08 0.04693758
v -0.03828601 -0.00024993 -0.03193594
v -0.03838948 5E-08 -0.03202212
v 0.01720044 -0.00025 0.04681122
v 0.0250474 -0.00024998 0.04312145
v 0.02511505 -3E-08 0.04323804
v 0.01724718 -2E-08 0.04693758
v -0.04325972 -0.00024993 -0.02480698
v -0.04337685 5E-08 -0.02487398
v 0.03217438 -0.00024999 0.0381006
v 0.03226159 -4E-08 0.03820335
v -0.04689918 -0.00024992 -0.01691342
v -0.0470259 6E-08 -0.0169592
v 0.05000479 0.0133 -0.00013183
v 0.04921306 0.01329994 -0.00882588
v 0.04908915 0.01354986 -0.0088037
v 0.04987908 0.01354992 -0.00013147
v 0.00881552 0.01330005 0.04921971
v 0.00015122 0.01330006 0.04995476
v -0.03224268 0.0133001 -0.03820049
v -0.02512445 0.01330009 -0.04323077
v 0.00854466 0.01330005 -0.04925703
v 0.0172472 0.01330004 0.04693758
v -0.03838947 0.01330004 -0.03202212
v -0.00013947 0.01330006 -0.05000184
v 0.02511505 -3E-08 0.04323804
v 0.02511507 0.01330003 0.04323828
v -0.04337683 0.01330011 -0.02487398
v -0.04303204 0.01330011 0.02502046
v -0.04692589 0.0133 0.0172554
v 0.03226161 0.01330002 0.03820335
v 0.02511507 0.01330003 0.04323828
v -0.04702588 0.01330012 -0.0169592
v -0.00853777 0.01330007 0.04927026
v 0.03825134 0.01330001 0.03192318
v -0.04926005 0.01330012 -0.00853469
v 0.04337739 0.0133 0.02489806
v 0.04703457 0.0133 0.01696754
v -0.05000499 0.01330012 0.0001509
v 0.04676342 -6E-08 -0.01717112
v 0.04324926 0.0133 -0.025107
v 0.04676344 0.0133 -0.01717112
v 0.049267 0.0133 0.0085478
v -0.04920701 0.01330012 0.00882218
v -0.04303206 5E-08 0.02502046
v -0.03821485 0.0133001 0.03223989
v -0.04303204 0.01330011 0.02502046
v 0.04676344 0.0133 -0.01717112
v -0.03201454 0.0133001 0.03840241
v 0.03820159 0.01330001 -0.03224299
v -0.02488261 0.01330009 0.04338202
v -0.00881877 0.01330007 -0.04920505
v 0.03203436 0.01330002 -0.03838405
v -0.01695716 0.01330008 0.04703776
v -0.01723142 0.01330008 -0.04692769
v -0.02512447 3E-08 -0.04323077
v -0.02512445 0.01330009 -0.04323077
v -0.03811865 0.01355002 0.03215871
v -0.04292361 0.01355003 0.02495716
v 0.04921306 0.01329994 -0.00882588
v 0.04664578 0.01354992 -0.01712797
v 0.04908915 0.01354986 -0.0088037
v -0.03193419 0.01355002 0.03830585
v 0.03810521 0.01354993 -0.03216181
v 0.04314061 0.01354992 -0.02504382
v -0.02481997 0.01355001 0.04327307
v -0.0087966 0.01354999 -0.04908095
v -0.00013912 0.01354998 -0.0498762
v 0.03195396 0.01354994 -0.03828756
v -0.01691424 0.01355 0.04691944
v -0.01718809 0.01355 -0.04680955
v 0.02482023 0.01354995 -0.0432646
v -0.00851631 0.01354999 0.04914628
v -0.02506115 0.01355001 -0.04312205
v 0.01692613 0.01354996 -0.04690454
v 0.00879329 0.01354997 0.04909597
v 0.00015084 0.01354998 0.04982863
v -0.03224268 0.0133001 -0.03820049
v -0.03216156 0.01355002 -0.03810465
v 0.00852314 0.01354997 -0.04913305
v 0.01720356 0.01354996 0.04681932
v -0.03829279 0.01354996 -0.03194178
v -0.03216156 0.01355002 -0.03810465
v 0.02505189 0.01354995 0.04312932
v -0.04326739 0.01355003 -0.02481115
v -0.04692589 0.0133 0.0172554
v -0.04680751 0.01354992 0.01721189
v 0.03226161 0.01330002 0.03820335
v 0.03218019 0.01354994 0.03810703
v -0.04690775 0.01355004 -0.01691652
v 0.0381549 0.01354993 0.03184259
v 0.03218019 0.01354994 0.03810703
v -0.04913626 0.01355004 -0.00851323
v 0.04326844 0.01354992 0.02483523
v 0.04691589 0.01354992 0.01692462
v -0.04987935 0.01355004 0.00015054
v 0.04914278 0.01354992 0.00852622
v -0.04908315 0.01355004 0.00880001
v -0.04680751 0.01354992 0.01721189
v -0.04292361 0.01355003 0.02495716
v 0.0381549 0.01354993 0.03184259
v 0.04664578 0.01354992 -0.01712797
v -0.00013912 0.01354998 -0.0498762
v -0.0087966 0.01354999 -0.04908095
v 0.00852314 0.01354997 -0.04913305
v -0.01718809 0.01355 -0.04680955
v -0.02506115 0.01355001 -0.04312205
v -0.03216156 0.01355002 -0.03810465
v -0.03829279 0.01354996 -0.03194178
v -0.04326739 0.01355003 -0.02481115
v -0.04690775 0.01355004 -0.01691652
v -0.04913626 0.01355004 -0.00851323
v -0.04987935 0.01355004 0.00015054
v -0.04908315 0.01355004 0.00880001
v -0.04680751 0.01354992 0.01721189
v -0.03811865 0.01355002 0.03215871
v -0.03193419 0.01355002 0.03830585
v -0.02481997 0.01355001 0.04327307
v -0.01691424 0.01355 0.04691944
v -0.00851631 0.01354999 0.04914628
v 0.00015084 0.01354998 0.04982863
v 0.00879329 0.01354997 0.04909597
v 0.01720356 0.01354996 0.04681932
v 0.02505189 0.01354995 0.04312932
v 0.03218019 0.01354994 0.03810703
v 0.04326844 0.01354992 0.02483523
v 0.04691589 0.01354992 0.01692462
v 0.04914278 0.01354992 0.00852622
v 0.04987908 0.01354992 -0.00013147
v 0.04908915 0.01354986 -0.0088037
v 0.04314061 0.01354992 -0.02504382
v 0.03810521 0.01354993 -0.03216181
v 0.03195396 0.01354994 -0.03828756
v 0.02482023 0.01354995 -0.0432646
v 0.01692613 0.01354996 -0.04690454
vn 0 1 0
vn 0.67598 -0.47333 0.5648
vn 0.75887 -0.47443 0.44614
vn 0.75908 -0.47443 0.44577
vn 0.67597 -0.47332 0.56482
vn -0 1 0
vn -0 1 0
vn 0 1 -0
vn 0 1 -0
vn 0 1 0
vn 0 1 -0
vn 0 1 -0
vn -0 1 -0
vn -0 1 -0
vn 0 1 -0
vn 0 1 -0
vn 0 1 -0
vn 0 1 0
vn -0 1 0
vn -0 1 0
vn -1E-05 1 -1E-05
vn -0 1 -1E-05
vn -0 1 0
vn -0 1 -0
vn 0 1 -0
vn 0 1 1E-05
vn 0 1 1E-05
vn -0 1 -1E-05
vn 0 1 -1E-05
vn 0 1 0
vn 0 1 1E-05
vn 0 1 1E-05
vn 0 1 -0
vn 0.49741 0 -0.86752
vn 0.33876 0 -0.94087
vn 0.8281 -0.47472 0.29814
vn 0.82808 -0.47473 0.2982
vn -0.86718 -0.47455 -0.15101
vn -0.88051 -0.47402 0.00272
vn -0.88051 -0.47402 0.00269
vn -0.86719 -0.47454 -0.15098
vn 0.82707 -0.47342 -0.30303
vn 0.80622 -0.47179 -0.35695
vn 0.8673 -0.47445 0.15064
vn -0.86639 -0.47443 0.15586
vn -0.8664 -0.47442 0.15583
vn 0.88038 -0.47426 -0.00262
vn -0.82249 -0.47414 0.31416
vn -0.82272 -0.47415 0.31356
vn 0.86465 -0.47452 -0.16496
vn 0.86476 -0.47451 -0.16438
vn -0.76152 -0.47339 0.44271
vn -0.73308 -0.47259 0.48914
vn -0.76151 -0.47338 0.44274
vn -0.62095 -0.47342 0.62474
vn -0.56458 -0.47387 0.67579
vn -0.56455 -0.47387 0.67582
vn -0.62094 -0.47344 0.62473
vn 0.7195 -0.47254 -0.50895
vn 0.67233 -0.47454 -0.56814
vn 0.67234 -0.47455 -0.56812
vn 0.71952 -0.47253 -0.50894
vn -0.4381 -0.47409 0.76375
vn -0.43816 -0.47408 0.76371
vn -0.00262 -0.4739 -0.88057
vn -0.15583 -0.47457 -0.86631
vn -0.1558 -0.47457 -0.86632
vn 0.56464 -0.47424 -0.67548
vn -0.29823 -0.47441 0.82825
vn -0.2983 -0.47439 0.82823
vn -0.23018 -0.47335 -0.85027
vn 0.43774 -0.47485 -0.76348
vn -0.1479 -0.47458 0.8677
vn -0.14802 -0.47457 0.86768
vn -0.37362 -0.47335 -0.79771
vn -0.44241 -0.47451 -0.761
vn -0.37361 -0.47338 -0.7977
vn 0.29817 -0.47448 -0.82823
vn 0.29826 -0.47448 -0.8282
vn 0.00266 -0.4749 0.88004
vn 0.15275 -0.47384 0.86726
vn 0.1529 -0.47387 0.86722
vn 0.00266 -0.47491 0.88003
vn -0.56826 -0.47417 -0.67249
vn -0.56823 -0.47417 -0.67251
vn 0.15104 -0.47423 -0.86735
vn 0.15101 -0.47424 -0.86735
vn 0.23021 -0.4729 0.85051
vn -0.67555 -0.47436 -0.56446
vn -0.67559 -0.47435 -0.56441
vn 0.3749 -0.47302 0.79731
vn 0.44244 -0.47452 0.76097
vn 0.44241 -0.47451 0.761
vn -0.76347 -0.47488 -0.43774
vn -0.76348 -0.47488 -0.43771
vn 0.57485 -0.4746 0.66656
vn 0.57452 -0.4746 0.66684
vn -0.82823 -0.47445 -0.2982
vn -0.82822 -0.47445 -0.29823
vn 0.89334 0.44937 -0.00269
vn 0.89008 0.44854 -0.08106
vn 0.89009 0.44851 -0.08106
vn 0.00299 0 1
vn 0.17359 0 0.98482
vn -0.57712 0 -0.81666
vn -0.64542 0 -0.76383
vn 0.17155 0 -0.98518
vn 0.34471 0 0.93871
vn 0.34469 0 0.93872
vn -0.76741 0 -0.64115
vn -0.00299 0 -1
vn 0.4255 0 0.90496
vn -0.86752 0 -0.49739
vn -0.93431 0 0.35646
vn -0.89391 0 0.44824
vn 0.57592 0 0.81751
vn 0.65289 0 0.75745
vn 0.57593 0 0.8175
vn -0.94087 0 -0.33876
vn -0.1681 0 0.98577
vn 0.76739 0 0.64119
vn -0.98518 0 -0.17152
vn 0.86219 0 0.50658
vn 0.94086 0 0.33879
vn -1 0 0.00308
vn 0.91436 0 -0.4049
vn 0.86968 0 -0.49362
vn 0.98525 0 0.17112
vn -0.98421 0 0.17701
vn 1 0 -0.00299
vn 0.98235 0 -0.18705
vn -0.83183 0 0.55502
vn -0.77225 0 0.63531
vn 0.95952 0 -0.28163
vn -0.64111 0 0.76745
vn 0.76383 0 -0.64542
vn -0.49762 0 0.86739
vn -0.17701 0 -0.98421
vn 0.64135 0 -0.76724
vn -0.33883 0 0.94085
vn -0.34402 0 -0.93896
vn -0.42415 0 -0.90559
vn -0.7726 0.4487 0.44918
vn -0.68953 0.4498 0.56766
vn -0.68995 0.4498 0.56714
vn -0.77262 0.44872 0.44912
vn 0.85797 0.44775 -0.25182
vn 0.83936 0.44823 -0.30751
vn -0.57275 0.44918 0.6857
vn -0.57282 0.44918 0.68565
vn 0.77676 0.44943 -0.44119
vn 0.6821 0.4501 -0.57632
vn 0.68207 0.4501 -0.57636
vn 0.77703 0.44943 -0.44073
vn -0.44455 0.4494 0.77486
vn -0.44451 0.4494 0.77489
vn -0.00269 0.44933 -0.89336
vn -0.15803 0.45019 -0.87884
vn -0.15809 0.45019 -0.87883
vn 0.57294 0.44927 -0.68549
vn 0.57297 0.44927 -0.68546
vn -0.30266 0.44973 0.84032
vn -0.3026 0.44973 0.84034
vn -0.30727 0.4497 -0.83866
vn 0.44408 0.45058 -0.77445
vn 0.44406 0.45059 -0.77446
vn -0.15018 0.44967 0.88048
vn -0.15006 0.44967 0.8805
vn -0.44894 0.44961 -0.7722
vn -0.4489 0.44963 -0.77222
vn 0.30269 0.44943 -0.84047
vn 0.30257 0.44946 -0.8405
vn 0.00266 0.45037 0.89284
vn 0.15516 0.4494 0.87975
vn 0.15501 0.4494 0.87978
vn -0.51603 0.44772 -0.73025
vn 0.15321 0.44971 -0.87994
vn 0.15324 0.4497 -0.87993
vn 0.30781 0.45012 0.83824
vn 0.30776 0.4501 0.83827
vn -0.63389 0.44775 -0.63063
vn -0.68556 0.44946 -0.5727
vn -0.68549 0.44946 -0.57279
vn 0.44882 0.45004 0.77202
vn 0.44888 0.45004 0.77199
vn -0.77449 0.4505 -0.44409
vn -0.79915 0.44809 0.40072
vn 0.51459 0.44915 0.73039
vn 0.51458 0.44912 0.73041
vn -0.84059 0.44921 -0.30269
vn -0.8406 0.44922 -0.30263
vn 0.6468 0.44845 0.61689
vn 0.68565 0.44906 0.57291
vn -0.88014 0.4493 -0.15324
vn -0.88014 0.4493 -0.15327
vn 0.77026 0.44959 0.4523
vn 0.77003 0.44958 0.45269
vn 0.83996 0.45053 0.30248
vn 0.83998 0.45052 0.30244
vn -0.89336 0.44933 0.00278
vn 0.87975 0.45022 0.15281
vn 0.87973 0.45024 0.15281
vn -0.87907 0.4497 0.15812
vn -0.87907 0.4497 0.15815
vn -0.86253 0.449 0.23332
vn -0.86254 0.44897 0.23332
vn 0 1 -0
vn 0 1 -0
vn -1E-05 1 -0
vn 4E-05 1 2E-05
vn 1E-05 1 -0
vn -0.00013 1 5E-05
vn 0 1 0
vn 0 1 -0
vn 0 1 -0
vn 0 1 0
vn 7E-05 1 -1E-05
vn 0 1 0
vn 0 1 -0
vn 0 1 0
vt 0.22706 0.97839
vt 0.23251 0.98038
vt 0.23247 0.98047
vt 0.22703 0.97848
vt 0.7966 0.93532
vt 0.79594 0.9418
vt 0.79573 0.94179
vt 0.79639 0.93529
vt 0.03646 0.97209
vt 0.03203 0.96838
vt 0.03209 0.96832
vt 0.03651 0.97201
vt 0.31274 0.96545
vt 0.31374 0.97115
vt 0.31364 0.97116
vt 0.31265 0.96547
vt 0.23751 0.98327
vt 0.23746 0.98335
vt 0.02831 0.96394
vt 0.02839 0.96389
vt 0.31374 0.97693
vt 0.31364 0.97693
vt 0.24195 0.98699
vt 0.24188 0.98705
vt 0.02542 0.95893
vt 0.0255 0.95889
vt 0.31274 0.98263
vt 0.31265 0.98261
vt 0.24566 0.99143
vt 0.24559 0.99148
vt 0.12967 0.99181
vt 0.12864 0.98613
vt 0.12873 0.98612
vt 0.12976 0.99179
vt 0.35168 0.96965
vt 0.3497 0.97509
vt 0.34961 0.97505
vt 0.3516 0.96963
vt 0.24856 0.99644
vt 0.24847 0.99648
vt 0.12864 0.98033
vt 0.12873 0.98034
vt 0.3468 0.9801
vt 0.34673 0.98004
vt 0.31076 0.96001
vt 0.31067 0.96005
vt 0.12965 0.97464
vt 0.12974 0.97467
vt 0.34309 0.98453
vt 0.34302 0.98447
vt 0.0526 0.97798
vt 0.04695 0.97683
vt 0.04697 0.97674
vt 0.05261 0.97789
vt 0.13164 0.96919
vt 0.13172 0.96923
vt 0.33865 0.98825
vt 0.33859 0.98817
vt 0.02347 0.95348
vt 0.02356 0.95346
vt 0.13462 0.96426
vt 0.1347 0.96432
vt 0.33364 0.99114
vt 0.3336 0.99106
vt 0.13823 0.95976
vt 0.1383 0.95982
vt 0.19499 0.98698
vt 0.19943 0.98326
vt 0.19949 0.98334
vt 0.19505 0.98705
vt 0.06953 0.975
vt 0.06409 0.97698
vt 0.06407 0.97689
vt 0.06949 0.97492
vt 0.22136 0.97751
vt 0.22135 0.9776
vt 0.20444 0.98037
vt 0.20448 0.98045
vt 0.0584 0.97798
vt 0.05839 0.97788
vt 0.20988 0.97839
vt 0.2099 0.97848
vt 0.21559 0.97739
vt 0.2156 0.97748
vt 0.04148 0.97499
vt 0.04152 0.97491
vt 0.94749 0.54687
vt 0.94745 0.54022
vt 0.95759 0.54017
vt 0.95762 0.54682
vt 0.79574 0.94845
vt 0.79553 0.94845
vt 0.59165 0.945
vt 0.59206 0.95162
vt 0.59185 0.95164
vt 0.59144 0.945
vt 0.79894 0.97204
vt 0.80056 0.97644
vt 0.80036 0.97652
vt 0.79873 0.97211
vt 0.79595 0.95499
vt 0.79573 0.95501
vt 0.59288 0.95811
vt 0.59267 0.95815
vt 0.79656 0.96124
vt 0.79634 0.96128
vt 0.59407 0.96431
vt 0.59386 0.96436
vt 0.79755 0.96702
vt 0.79734 0.96708
vt 0.59564 0.96987
vt 0.59742 0.97495
vt 0.59722 0.97503
vt 0.59544 0.96994
vt 0.71868 0.97553
vt 0.71848 0.96977
vt 0.71867 0.96981
vt 0.71887 0.97559
vt 0.94781 0.5654
vt 0.94758 0.55963
vt 0.94777 0.55967
vt 0.948 0.56546
vt 0.71834 0.96355
vt 0.71853 0.96358
vt 0.94741 0.52745
vt 0.94758 0.52171
vt 0.94777 0.52165
vt 0.94759 0.52741
vt 0.94741 0.5534
vt 0.94759 0.55343
vt 0.71827 0.957
vt 0.71846 0.95701
vt 0.94781 0.51662
vt 0.948 0.51655
vt 0.9473 0.54687
vt 0.71827 0.95037
vt 0.71846 0.95036
vt 0.59742 0.91343
vt 0.5956 0.91685
vt 0.59539 0.91678
vt 0.59722 0.91335
vt 0.94727 0.54023
vt 0.71835 0.94384
vt 0.71848 0.93761
vt 0.71867 0.93756
vt 0.71853 0.94381
vt 0.59407 0.92122
vt 0.59386 0.92116
vt 0.9473 0.53369
vt 0.94749 0.53367
vt 0.71868 0.93184
vt 0.71887 0.93178
vt 0.59288 0.92638
vt 0.59267 0.92633
vt 0.80056 0.91832
vt 0.7989 0.92336
vt 0.79869 0.92329
vt 0.80036 0.91824
vt 0.59206 0.93218
vt 0.59185 0.93215
vt 0.79755 0.92909
vt 0.79734 0.92904
vt 0.59165 0.93845
vt 0.59144 0.93844
vt 0.78685 0.96098
vt 0.78785 0.96677
vt 0.7877 0.96671
vt 0.7867 0.96093
vt 0.7288 0.93756
vt 0.72867 0.94381
vt 0.58438 0.92176
vt 0.58591 0.91738
vt 0.95763 0.53361
vt 0.729 0.93178
vt 0.58319 0.92693
vt 0.95773 0.52735
vt 0.71913 0.9267
vt 0.72926 0.9267
vt 0.58237 0.93275
vt 0.58596 0.97054
vt 0.58438 0.96496
vt 0.78784 0.92874
vt 0.7892 0.92299
vt 0.58196 0.93904
vt 0.72859 0.95036
vt 0.78689 0.93499
vt 0.58196 0.9456
vt 0.78623 0.94149
vt 0.78603 0.94815
vt 0.58237 0.95224
vt 0.94829 0.57044
vt 0.95813 0.5654
vt 0.95843 0.57038
vt 0.78624 0.95471
vt 0.58319 0.95875
vt 0.71914 0.98056
vt 0.72901 0.97559
vt 0.72927 0.98056
vt 0.78924 0.97181
vt 0.7288 0.96981
vt 0.9579 0.55962
vt 0.72866 0.96358
vt 0.9579 0.52159
vt 0.95773 0.55337
vt 0.72859 0.95701
vt 0.95813 0.51649
vt 0.94828 0.51226
vt 0.95842 0.51221
vt 0.7292 0.97554
vt 0.72947 0.98049
vt 0.95875 0.57475
vt 0.95862 0.57031
vt 0.95895 0.57467
vt 0.729 0.96977
vt 0.9581 0.55958
vt 0.95833 0.56535
vt 0.72886 0.96355
vt 0.9581 0.52165
vt 0.95793 0.52739
vt 0.95793 0.55335
vt 0.72879 0.957
vt 0.95833 0.51656
vt 0.95782 0.54681
vt 0.72879 0.95037
vt 0.95861 0.51229
vt 0.95779 0.54017
vt 0.729 0.9376
vt 0.72886 0.94384
vt 0.95875 0.50889
vt 0.95895 0.50897
vt 0.95782 0.53364
vt 0.7292 0.93184
vt 0.58304 0.92699
vt 0.58423 0.92184
vt 0.72946 0.92677
vt 0.58222 0.9328
vt 0.72957 0.98495
vt 0.72977 0.98487
vt 0.72957 0.9224
vt 0.72977 0.92248
vt 0.58181 0.93907
vt 0.78675 0.93501
vt 0.78769 0.92877
vt 0.58181 0.94562
vt 0.78609 0.94149
vt 0.78589 0.94814
vt 0.58222 0.95224
vt 0.78609 0.95468
vt 0.58304 0.95874
vt 0.58423 0.96493
vt 0.81824 0.57611
vt 0.81784 0.57564
vt 0.81811 0.57537
vt 0.81852 0.57552
vt 0.81855 0.57557
vt 0.81847 0.57547
vt 0.81857 0.57564
vt 0.81858 0.5757
vt 0.81858 0.57577
vt 0.81857 0.57583
vt 0.81855 0.5759
vt 0.81852 0.57595
vt 0.81847 0.576
vt 0.81842 0.57605
vt 0.81836 0.57608
vt 0.8183 0.5761
vt 0.81817 0.57611
vt 0.8181 0.5761
vt 0.81804 0.57608
vt 0.81799 0.57605
vt 0.81793 0.576
vt 0.81789 0.57595
vt 0.81786 0.5759
vt 0.81784 0.57583
vt 0.81782 0.57577
vt 0.81782 0.5757
vt 0.81786 0.57557
vt 0.81789 0.57552
vt 0.81793 0.57547
vt 0.81799 0.57542
vt 0.81804 0.57539
vt 0.81817 0.57536
vt 0.81824 0.57536
vt 0.8183 0.57537
vt 0.81836 0.57539
vt 0.81842 0.57542
usemtl mat0
f 1/1/1 2/2/1 3/3/1
f 1/1/1 3/3/1 4/4/1
f 5/5/2 6/6/3 7/7/4
f 5/5/2 7/7/4 8/8/5
f 9/9/1 10/10/1 11/11/1
f 9/9/1 11/11/1 12/12/1
f 13/13/6 14/14/6 15/15/6
f 13/13/7 15/15/7 16/16/7
f 2/2/1 17/17/1 18/18/1
f 2/2/1 18/18/1 3/3/1
f 10/10/1 19/19/1 20/20/1
f 10/10/1 20/20/1 11/11/1
f 14/14/1 21/21/1 22/22/1
f 14/14/1 22/22/1 15/15/1
f 17/17/1 23/23/1 24/24/1
f 17/17/8 24/24/8 18/18/8
f 19/19/1 25/25/1 26/26/1
f 19/19/1 26/26/1 20/20/1
f 21/21/9 27/27/9 28/28/9
f 21/21/1 28/28/1 22/22/1
f 23/23/10 29/29/10 30/30/10
f 23/23/11 30/30/11 24/24/11
f 31/31/12 32/32/12 33/33/12
f 31/31/1 33/33/1 34/34/1
f 35/35/1 36/36/1 37/37/1
f 35/35/1 37/37/1 38/38/1
f 29/29/13 39/39/13 40/40/13
f 29/29/14 40/40/14 30/30/14
f 32/32/15 41/41/15 42/42/15
f 32/32/16 42/42/16 33/33/16
f 36/36/1 43/43/1 44/44/1
f 36/36/1 44/44/1 37/37/1
f 45/45/17 13/13/17 16/16/17
f 45/45/18 16/16/18 46/46/18
f 41/41/19 47/47/19 48/48/19
f 41/41/20 48/48/20 42/42/20
f 43/43/1 49/49/1 50/50/1
f 43/43/1 50/50/1 44/44/1
f 51/51/21 52/52/21 53/53/21
f 51/51/22 53/53/22 54/54/22
f 47/47/1 55/55/1 56/56/1
f 47/47/1 56/56/1 48/48/1
f 49/49/1 57/57/1 58/58/1
f 49/49/1 58/58/1 50/50/1
f 25/25/23 59/59/23 60/60/23
f 25/25/24 60/60/24 26/26/24
f 55/55/1 61/61/1 62/62/1
f 55/55/1 62/62/1 56/56/1
f 57/57/1 63/63/1 64/64/1
f 57/57/1 64/64/1 58/58/1
f 61/61/1 65/65/1 66/66/1
f 61/61/25 66/66/25 62/62/25
f 67/67/1 68/68/1 69/69/1
f 67/67/1 69/69/1 70/70/1
f 71/71/1 72/72/1 73/73/1
f 71/71/1 73/73/1 74/74/1
f 75/75/1 1/1/1 4/4/1
f 75/75/1 4/4/1 76/76/1
f 68/68/1 77/77/1 78/78/1
f 68/68/1 78/78/1 69/69/1
f 72/72/1 79/79/1 80/80/1
f 72/72/1 80/80/1 73/73/1
f 77/77/1 81/81/1 82/82/1
f 77/77/1 82/82/1 78/78/1
f 79/79/26 51/51/26 54/54/26
f 79/79/27 54/54/27 80/80/27
f 81/81/28 83/83/28 84/84/28
f 81/81/29 84/84/29 82/82/29
f 52/52/1 85/85/1 86/86/1
f 52/52/30 86/86/30 53/53/30
f 83/83/31 75/75/31 76/76/31
f 83/83/32 76/76/32 84/84/32
f 85/85/1 9/9/1 12/12/1
f 85/85/33 12/12/33 86/86/33
f 87/87/34 88/88/35 89/89/35
f 87/87/34 89/89/35 90/90/34
f 6/6/3 91/91/36 92/92/37
f 6/6/3 92/92/37 7/7/4
f 93/93/38 94/94/39 95/95/40
f 93/93/38 95/95/40 96/96/41
f 97/97/42 98/98/43 99/99/43
f 97/97/42 99/99/43 100/100/42
f 91/91/36 101/101/44 102/102/44
f 91/91/36 102/102/44 92/92/37
f 94/94/39 103/103/45 104/104/46
f 94/94/39 104/104/46 95/95/40
f 101/101/44 105/105/47 106/106/47
f 101/101/44 106/106/47 102/102/44
f 103/103/45 107/107/48 108/108/49
f 103/103/45 108/108/49 104/104/46
f 105/105/47 109/109/50 110/110/51
f 105/105/47 110/110/51 106/106/47
f 111/111/52 112/112/53 113/113/53
f 111/111/52 113/113/53 114/114/54
f 109/109/50 97/97/42 100/100/42
f 109/109/50 100/100/42 110/110/51
f 115/115/55 116/116/56 117/117/57
f 115/115/55 117/117/57 118/118/58
f 119/119/59 120/120/60 121/121/61
f 119/119/59 121/121/61 122/122/62
f 116/116/56 123/123/63 124/124/64
f 116/116/56 124/124/64 117/117/57
f 125/125/65 126/126/66 127/127/67
f 125/125/65 127/127/67 128/128/65
f 120/120/60 129/129/68 130/130/68
f 120/120/60 130/130/68 121/121/61
f 123/123/63 131/131/69 132/132/70
f 123/123/63 132/132/70 124/124/64
f 126/126/66 133/133/71 134/134/71
f 126/126/66 134/134/71 127/127/67
f 129/129/68 135/135/72 87/87/72
f 129/129/68 87/87/72 130/130/68
f 131/131/69 136/136/73 137/137/74
f 131/131/69 137/137/74 132/132/70
f 138/138/75 139/139/76 140/140/76
f 138/138/75 140/140/76 141/141/77
f 135/135/72 142/142/78 88/88/79
f 135/135/72 88/88/79 87/87/72
f 143/143/80 144/144/81 145/145/82
f 143/143/80 145/145/82 146/146/83
f 139/139/76 147/147/84 148/148/85
f 139/139/76 148/148/85 140/140/76
f 142/142/78 149/149/86 150/150/87
f 142/142/78 150/150/87 88/88/79
f 144/144/81 151/151/88 152/152/88
f 144/144/81 152/152/88 145/145/82
f 147/147/84 153/153/89 154/154/90
f 147/147/84 154/154/90 148/148/85
f 149/149/86 125/125/65 128/128/65
f 149/149/86 128/128/65 150/150/87
f 155/155/91 156/156/92 157/157/93
f 155/155/91 157/157/93 158/158/91
f 153/153/89 159/159/94 160/160/95
f 153/153/89 160/160/95 154/154/90
f 107/107/48 111/111/52 114/114/54
f 107/107/48 114/114/54 108/108/49
f 156/156/92 161/161/96 162/162/97
f 156/156/92 162/162/97 157/157/93
f 159/159/94 163/163/98 164/164/99
f 159/159/94 164/164/99 160/160/95
f 136/136/73 143/143/80 146/146/83
f 136/136/73 146/146/83 137/137/74
f 161/161/96 5/5/2 8/8/5
f 161/161/96 8/8/5 162/162/97
f 163/163/98 93/93/38 96/96/41
f 163/163/98 96/96/41 164/164/99
f 165/165/100 166/166/101 167/167/102
f 165/165/100 167/167/102 168/168/100
f 146/146/103 145/145/104 169/169/104
f 146/146/103 169/169/104 170/170/103
f 140/140/105 148/148/106 171/171/106
f 140/140/105 171/171/106 172/172/105
f 88/88/35 150/150/107 173/173/107
f 88/88/35 173/173/107 89/89/35
f 145/145/104 152/152/108 174/174/109
f 145/145/104 174/174/109 169/169/104
f 148/148/106 154/154/110 175/175/110
f 148/148/106 175/175/110 171/171/106
f 150/150/107 128/128/111 176/176/111
f 150/150/107 176/176/111 173/173/107
f 152/152/108 177/177/112 178/178/112
f 152/152/108 178/178/112 174/174/109
f 154/154/110 160/160/113 179/179/113
f 154/154/110 179/179/113 175/175/110
f 108/108/114 114/114/115 180/180/115
f 108/108/114 180/180/115 181/181/114
f 157/157/116 162/162/117 182/182/117
f 157/157/116 182/182/117 183/183/118
f 160/160/113 164/164/119 184/184/119
f 160/160/113 184/184/119 179/179/113
f 137/137/120 146/146/103 170/170/103
f 137/137/120 170/170/103 185/185/120
f 162/162/117 8/8/121 186/186/121
f 162/162/117 186/186/121 182/182/117
f 164/164/119 96/96/122 187/187/122
f 164/164/119 187/187/122 184/184/119
f 8/8/121 7/7/123 188/188/123
f 8/8/121 188/188/123 186/186/121
f 7/7/123 92/92/124 189/189/124
f 7/7/123 189/189/124 188/188/123
f 96/96/122 95/95/125 190/190/125
f 96/96/122 190/190/125 187/187/122
f 191/191/126 122/122/127 192/192/127
f 191/191/126 192/192/127 193/193/126
f 92/92/124 102/102/128 194/194/128
f 92/92/124 194/194/128 189/189/124
f 95/95/125 104/104/129 195/195/129
f 95/95/125 195/195/129 190/190/125
f 102/102/128 106/106/130 165/165/130
f 102/102/128 165/165/130 194/194/128
f 104/104/129 108/108/114 181/181/114
f 104/104/129 181/181/114 195/195/129
f 106/106/130 110/110/131 166/166/131
f 106/106/130 166/166/131 165/165/130
f 196/196/132 118/118/133 197/197/133
f 196/196/132 197/197/133 198/198/132
f 110/110/131 100/100/134 199/199/134
f 110/110/131 199/199/134 166/166/131
f 118/118/133 117/117/135 200/200/135
f 118/118/133 200/200/135 197/197/133
f 122/122/127 121/121/136 201/201/136
f 122/122/127 201/201/136 192/192/127
f 117/117/135 124/124/137 202/202/137
f 117/117/135 202/202/137 200/200/135
f 128/128/111 127/127/138 203/203/138
f 128/128/111 203/203/138 176/176/111
f 121/121/136 130/130/139 204/204/139
f 121/121/136 204/204/139 201/201/136
f 124/124/137 132/132/140 205/205/140
f 124/124/137 205/205/140 202/202/137
f 127/127/138 134/134/141 206/206/141
f 127/127/138 206/206/141 203/203/138
f 130/130/139 87/87/34 90/90/34
f 130/130/139 90/90/34 204/204/139
f 132/132/140 137/137/120 185/185/120
f 132/132/140 185/185/120 205/205/140
f 134/134/141 207/207/142 208/208/142
f 134/134/141 208/208/142 206/206/141
f 198/198/143 197/197/144 209/209/145
f 198/198/143 209/209/145 210/210/146
f 211/211/147 193/193/148 212/212/148
f 211/211/147 212/212/148 213/213/147
f 197/197/144 200/200/149 214/214/150
f 197/197/144 214/214/150 209/209/145
f 192/192/151 201/201/152 215/215/153
f 192/192/151 215/215/153 216/216/154
f 200/200/149 202/202/155 217/217/156
f 200/200/149 217/217/156 214/214/150
f 176/176/157 203/203/158 218/218/159
f 176/176/157 218/218/159 219/219/157
f 201/201/152 204/204/160 220/220/161
f 201/201/152 220/220/161 215/215/153
f 202/202/155 205/205/162 221/221/163
f 202/202/155 221/221/163 217/217/156
f 203/203/158 206/206/164 222/222/164
f 203/203/158 222/222/164 218/218/159
f 204/204/160 90/90/165 223/223/166
f 204/204/160 223/223/166 220/220/161
f 205/205/162 185/185/167 224/224/168
f 205/205/162 224/224/168 221/221/163
f 206/206/164 208/208/169 225/225/170
f 206/206/164 225/225/170 222/222/164
f 90/90/165 89/89/171 226/226/172
f 90/90/165 226/226/172 223/223/166
f 170/170/173 169/169/174 227/227/175
f 170/170/173 227/227/175 228/228/173
f 208/208/169 229/229/176 230/230/176
f 208/208/169 230/230/176 225/225/170
f 89/89/171 173/173/177 231/231/178
f 89/89/171 231/231/178 226/226/172
f 169/169/174 174/174/179 232/232/180
f 169/169/174 232/232/180 227/227/175
f 171/171/181 175/175/182 233/233/183
f 171/171/181 233/233/183 234/234/181
f 173/173/177 176/176/157 219/219/157
f 173/173/177 219/219/157 231/231/178
f 174/174/179 178/178/184 235/235/185
f 174/174/179 235/235/185 232/232/180
f 175/175/182 179/179/186 236/236/186
f 175/175/182 236/236/186 233/233/183
f 237/237/187 198/198/143 210/210/146
f 237/237/187 210/210/146 238/238/187
f 178/178/184 239/239/188 240/240/189
f 178/178/184 240/240/189 235/235/185
f 179/179/186 184/184/190 241/241/191
f 179/179/186 241/241/191 236/236/186
f 185/185/167 170/170/173 228/228/173
f 185/185/167 228/228/173 224/224/168
f 182/182/192 186/186/193 242/242/193
f 182/182/192 242/242/193 243/243/192
f 184/184/190 187/187/194 244/244/195
f 184/184/190 244/244/195 241/241/191
f 186/186/193 188/188/196 245/245/197
f 186/186/193 245/245/197 242/242/193
f 188/188/196 189/189/198 246/246/199
f 188/188/196 246/246/199 245/245/197
f 187/187/194 190/190/200 247/247/200
f 187/187/194 247/247/200 244/244/195
f 193/193/148 192/192/151 216/216/154
f 193/193/148 216/216/154 212/212/148
f 189/189/198 194/194/201 248/248/202
f 189/189/198 248/248/202 246/246/199
f 190/190/200 195/195/203 249/249/204
f 190/190/200 249/249/204 247/247/200
f 194/194/201 165/165/100 168/168/100
f 194/194/201 168/168/100 248/248/202
f 195/195/203 181/181/205 250/250/206
f 195/195/203 250/250/206 249/249/204
f 251/251/1 252/252/1 253/253/1
f 254/254/207 255/255/207 256/256/207
f 255/255/208 257/257/208 253/253/208
f 257/257/1 258/258/1 259/259/1
f 259/259/209 260/260/209 251/251/209
f 260/260/210 261/261/210 262/262/210
f 251/251/211 260/260/211 262/262/211
f 262/262/1 263/263/1 251/251/1
f 263/263/1 264/264/1 251/251/1
f 264/264/1 265/265/1 251/251/1
f 265/265/212 266/266/212 251/251/212
f 251/251/1 267/267/1 268/268/1
f 268/268/1 269/269/1 251/251/1
f 269/269/1 270/270/1 251/251/1
f 270/270/213 271/271/213 272/272/213
f 272/272/214 273/273/214 274/274/214
f 274/274/1 275/275/1 252/252/1
f 275/275/215 276/276/215 252/252/215
f 252/252/1 277/277/1 278/278/1
f 274/274/1 252/252/1 272/272/1
f 278/278/1 279/279/1 252/252/1
f 279/279/216 280/280/216 253/253/216
f 280/280/217 281/281/217 253/253/217
f 253/253/218 282/282/218 283/283/218
f 284/284/219 253/253/219 283/283/219
f 284/284/220 285/285/220 286/286/220
f 286/286/1 256/256/1 253/253/1
f 253/253/1 256/256/1 255/255/1
f 257/257/1 259/259/1 251/251/1
f 270/270/1 272/272/1 251/251/1
f 253/253/1 284/284/1 286/286/1
f 257/257/1 251/251/1 253/253/1
f 253/253/1 252/252/1 279/279/1
f 272/272/1 252/252/1 251/251/1
# Vertices: 286, normals: 220, texture coordinates: 286, faces: 322

o obj2
v -0.04302417 0.01355003 0.02499995
v -0.0172282 0.01355 -0.04693472
v 0.04675461 0.01354992 -0.01718376
v 0.04675461 0.01354992 -0.01718376
v 0.04324158 0.01354992 -0.02511821
v 0.04324162 0.04565 -0.02511821
v 0.04675465 0.04564999 -0.01718376
v -0.03223672 0.01355002 -0.03820931
v -0.03838232 0.01354996 -0.03203214
v -0.03838228 0.0456498 -0.03203214
v -0.03223668 0.04564979 -0.03820931
v 0.00854311 0.01354997 -0.04926382
v -0.00013942 0.01354998 -0.05000864
v -0.00013938 0.04564975 -0.05000864
v 0.00854315 0.04564974 -0.04926382
v 0.01563119 0.01354996 0.04745995
v 0.02511048 0.01354995 0.04321444
v 0.02511052 0.04565002 0.04321444
v 0.01563123 0.04564973 0.04745995
v -0.04336854 0.01355003 -0.02488494
v -0.0433685 0.0456498 -0.02488494
v -0.04691719 0.01354992 0.01723645
v -0.04302417 0.01355003 0.02499995
v -0.04302413 0.0456498 0.02499995
v -0.04691715 0.04564969 0.01723645
v 0.03225553 0.01354994 0.03818053
v 0.03225557 0.04565001 0.03818053
v -0.04701742 0.01355004 -0.01697159
v -0.04701738 0.04564981 -0.01697159
v -0.00853616 0.01354999 0.04924522
v 0.00015122 0.01354998 0.04992948
v 0.00015126 0.04315142 0.04992948
v -0.00853612 0.04389297 0.04922043
v 0.03824412 0.01354993 0.03190125
v 0.03824416 0.04565 0.03190125
v -0.04701742 0.01355004 -0.01697159
v -0.04925094 0.01355004 -0.00854899
v -0.0492509 0.04564981 -0.00854899
v -0.04701738 0.04564981 -0.01697159
v 0.04336965 0.01354992 0.02487743
v 0.04336969 0.04565 0.02487743
v 0.04336965 0.01354992 0.02487743
v 0.04702575 0.01354992 0.01694865
v 0.04702579 0.04564969 0.01694865
v 0.04336969 0.04565 0.02487743
v -0.0499957 0.01355004 0.00013504
v -0.04999566 0.04564981 0.00013516
v 0.04925794 0.01354992 0.0085304
v 0.04925798 0.04564999 0.0085304
v -0.04919789 0.01355004 0.00880478
v -0.04919785 0.04564981 0.00880478
v -0.00013937 0.05764996 -0.05000864
v -0.0088171 0.05764997 -0.04921173
v -0.00881709 0.06854999 -0.04921173
v -0.00013935 0.06854998 -0.05000864
v 0.04999573 0.01354992 -0.00014756
v 0.04999577 0.04564999 -0.00014756
v 0.04920395 0.01354986 -0.00884006
v 0.04920398 0.04564963 -0.00884006
v -0.03820764 0.01355002 0.03221795
v -0.0382076 0.0456498 0.03221795
v -0.03200857 0.01355002 0.03837952
v -0.03200854 0.04564979 0.03837952
v 0.03819432 0.01354993 -0.03225253
v 0.03819435 0.04565 -0.03225253
v -0.02487796 0.01355001 0.04335842
v -0.02487792 0.04564978 0.04335842
v 0.0320287 0.01354994 -0.038393
v 0.03202874 0.04565001 -0.038393
v -0.01559329 0.01355 0.04745993
v -0.01559325 0.04564977 0.04745993
v -0.00881716 0.01354999 -0.04921173
v -0.0172282 0.01355 -0.04693472
v -0.01722816 0.04564977 -0.04693472
v -0.00881712 0.04564976 -0.04921173
v 0.02487859 0.01354995 -0.04338179
v 0.02487863 0.04565002 -0.04338179
v -0.01559329 0.01355 0.04745993
v -0.01559325 0.04564977 0.04745993
v -0.02511986 0.01355001 -0.04323858
v -0.02511982 0.04564978 -0.04323858
v 0.01696601 0.01354996 -0.04703007
v 0.01696605 0.04564973 -0.04703007
v 0.00881391 0.01354997 0.04919516
v 0.00881395 0.04389295 0.04922043
v 0.01696601 0.01354996 -0.04703007
v 0.01696605 0.04564973 -0.04703007
v 0.01696607 0.05764994 -0.04703007
v 0.02487865 0.05764993 -0.04338179
v 0.049204 0.0576499 -0.00884006
v 0.04675466 0.0576499 -0.01718376
v 0.04675474 0.06854992 -0.01718376
v 0.04920401 0.06854986 -0.00884006
v -0.03223666 0.05765 -0.03820931
v -0.02511981 0.05764999 -0.04323858
v 0.00854316 0.05764995 -0.04926382
v 0.01696607 0.05764994 -0.04703007
v -0.03838226 0.05765001 -0.03203214
v 0.02511053 0.05764993 0.04321444
v 0.01563124 0.05764994 0.04745995
v -0.04336848 0.05765001 -0.02488494
v -0.04302411 0.05765001 0.02499995
v -0.04691713 0.05764996 0.01723645
v 0.03225558 0.05764992 0.03818053
v -0.04701737 0.05765002 -0.01697159
v 0.03824418 0.05764991 0.03190125
v -0.04925088 0.05765002 -0.00854899
v -0.04701737 0.05765002 -0.01697159
v 0.04336971 0.0576499 0.02487743
v 0.0470258 0.0576499 0.01694865
v 0.04336971 0.0576499 0.02487743
v -0.04999564 0.05765002 0.00013516
v 0.04324164 0.05764991 -0.02511821
v 0.04925799 0.0576499 0.0085304
v -0.04919784 0.05765002 0.00880478
v 0.04999579 0.0576499 -0.00014756
v -0.03820759 0.05765001 0.03221795
v -0.03200852 0.05765 0.03837952
v 0.03819437 0.05764991 -0.03225253
v -0.0248779 0.05764999 0.04335842
v 0.03202875 0.05764992 -0.038393
v -0.01559324 0.05764998 0.04745993
v -0.01722815 0.05764998 -0.04693472
v 0.03824419 0.06854993 0.03190125
v 0.0322556 0.06854994 0.03818053
v -0.03200851 0.06855002 0.03837952
v -0.03820757 0.06855002 0.03221795
v 0.03819438 0.06854993 -0.03225253
v 0.04324165 0.06854992 -0.02511821
v -0.02487789 0.06855001 0.04335842
v 0.03202877 0.06854994 -0.038393
v -0.01559322 0.06854994 0.04745993
v -0.01722814 0.06855 -0.04693472
v 0.02487866 0.06854995 -0.04338179
v -0.01559324 0.05764998 0.04745993
v -0.0085361 0.05943244 0.04922043
v -0.00853609 0.06854993 0.04924522
v -0.01559322 0.06854994 0.04745993
v -0.0251198 0.06854995 -0.04323858
v 0.01696608 0.06854996 -0.04703007
v 0.00015128 0.06014805 0.04992948
v 0.00881397 0.05943242 0.04922043
v 0.00881398 0.06854997 0.04919516
v 0.00015129 0.06854998 0.04992948
v -0.03223665 0.06855002 -0.03820931
v 0.00854318 0.06854997 -0.04926382
v 0.01696608 0.06854996 -0.04703007
v 0.01563125 0.06854996 0.04745995
v -0.03838225 0.06854996 -0.03203214
v 0.02511055 0.06854995 0.04321444
v -0.04336847 0.06855003 -0.02488494
v -0.0430241 0.06855003 0.02499995
v -0.04691712 0.06854991 0.01723645
v -0.04701735 0.06855003 -0.01697159
v -0.04925087 0.06855004 -0.00854899
v -0.04701735 0.06855003 -0.01697159
v 0.04336972 0.06854992 0.02487743
v 0.04702581 0.06854992 0.01694865
v 0.04336972 0.06854992 0.02487743
v -0.04999563 0.06855004 0.00013516
v 0.04925801 0.06854992 0.0085304
v -0.04919782 0.06855004 0.00880478
v 0.0499958 0.06854991 -0.00014756
v -0.01559322 0.06854994 0.04745993
v -0.01526032 0.06964999 0.04644618
v -0.02434657 0.06965001 0.0424324
v -0.02487789 0.06855001 0.04335842
v -0.02564826 0.06965001 0.00456869
v -0.02606323 0.06965001 6.055E-05
v -0.02606324 0.06345005 6.055E-05
v -0.02564827 0.06345005 0.00456869
v -0.01686037 0.06965 -0.045933
v -0.00862886 0.06964999 -0.04816125
v 0.02487866 0.06854995 -0.04338179
v 0.02434752 0.06964995 -0.04245613
v 0.03134505 0.06964994 -0.03757379
v 0.03202877 0.06854994 -0.038393
v -0.00853609 0.06854993 0.04924522
v -0.00835388 0.06964993 0.0481938
v -0.02458335 0.06965001 -0.0423159
v 0.01696608 0.06854996 -0.04703007
v 0.01660362 0.06964996 -0.0460262
v 0.00862581 0.06964997 0.04814444
v 0.00014806 0.06964998 0.04886352
v -0.0315484 0.06965002 -0.03739392
v 0.00854318 0.06854997 -0.04926382
v 0.00836085 0.06964997 -0.04821227
v 0.01529778 0.06964996 0.04644668
v -0.03838225 0.06854996 -0.03203214
v -0.03756268 0.06964996 -0.03134871
v -0.0315484 0.06965002 -0.03739392
v -0.03223665 0.06855002 -0.03820931
v -0.00013935 0.06854998 -0.05000864
v -0.00013638 0.06964998 -0.04894148
v 0.02457429 0.06964995 0.04229152
v -0.04336847 0.06855003 -0.02488494
v -0.04244269 0.06965003 -0.02435411
v -0.04210565 0.06965003 0.02446577
v -0.04591558 0.06964991 0.01686809
v 0.0322556 0.06854994 0.03818053
v 0.03156692 0.06964994 0.03736507
v 0.02457429 0.06964995 0.04229152
v 0.02511055 0.06854995 0.04321444
v -0.04701735 0.06855003 -0.01697159
v -0.04601367 0.06965003 -0.01660967
v 0.00015129 0.06854998 0.04992948
v 0.00014806 0.06964998 0.04886352
v 0.03824419 0.06854993 0.03190125
v 0.03742803 0.06964993 0.03121985
v -0.04925087 0.06855004 -0.00854899
v -0.04819968 0.06965004 -0.00836684
v 0.04336972 0.06854992 0.02487743
v 0.04244388 0.06964992 0.02434624
v 0.04702581 0.06854992 0.01694865
v 0.04602183 0.06964992 0.01658655
v -0.04999563 0.06855004 0.00013516
v -0.0489284 0.06965004 0.00013183
v 0.04231855 0.06964992 -0.02458236
v 0.04575666 0.06964992 -0.01681731
v 0.04925801 0.06854992 0.0085304
v 0.04820629 0.06964992 0.008348
v -0.04919782 0.06855004 0.00880478
v -0.04814734 0.06965004 0.00861643
v 0.0499958 0.06854991 -0.00014756
v 0.04892846 0.06964992 -0.0001447
v -0.04814734 0.06965004 0.00861643
v 0.04920401 0.06854986 -0.00884006
v 0.04815354 0.06964986 -0.00865171
v -0.03739194 0.06965002 0.03153
v 0.04815354 0.06964986 -0.00865171
v -0.03200851 0.06855002 0.03837952
v -0.03132527 0.06965001 0.03756008
v -0.03739194 0.06965002 0.03153
v -0.03820757 0.06855002 0.03221795
v 0.03737929 0.06964993 -0.03156469
v -0.00881709 0.06854999 -0.04921173
v -0.00862886 0.06964999 -0.04816125
v 0.03737929 0.06964993 -0.03156469
v 0.03819438 0.06854993 -0.03225253
v -0.03759475 0.06965002 -0.01357854
v -0.03962632 0.06965003 -0.00725527
v -0.00011135 0.06964998 -0.04062735
v -0.00715698 0.06964998 -0.03998052
v -0.02593024 0.06965001 -0.0311324
v -0.03069599 0.06964995 -0.02561117
v -0.03467859 0.06965002 -0.01990271
v 0.00712443 0.06964997 0.03918324
v 0.00862581 0.06964997 0.04814444
v 0.01529778 0.06964996 0.04644668
v 0.01387549 0.06964996 0.03735584
v -0.03958329 0.06965002 0.00668834
v -0.04591558 0.06964991 0.01686809
v -0.03720156 0.0696499 0.0135384
v -0.03406576 0.06965002 0.01979194
v -0.04210565 0.06965003 0.02446577
v -0.03018532 0.06965001 0.0256072
v 0.03050209 0.06964994 0.02543283
v 0.03464253 0.06964993 0.01975835
v 0.03754112 0.06964993 -0.01380763
v 0.04575666 0.06964992 -0.01681731
v 0.04231855 0.06964992 -0.02458236
v 0.03468629 0.06964993 -0.02025435
v 0.0258444 0.06964994 0.0304054
v 0.03751721 0.06964993 0.01352442
v 0.0069345 0.06964997 -0.04002295
v 0.03959872 0.06964987 -0.00736348
v 0.03068623 0.06964994 -0.02590868
v -0.01686037 0.06965 -0.045933
v -0.01386978 0.06964999 -0.03814435
v 0.01365701 0.06964996 -0.03822146
v -0.02574364 0.06965001 0.03049872
v 0.03963079 0.06964993 0.00647248
v 0.02575932 0.06964994 -0.03128276
v 0.00899483 0.06964996 0.02444934
v 0.01308318 0.06964996 0.02252697
v 0.01257856 0.06855002 0.02165806
v 0.00864799 0.06855003 0.0235064
v 0.02606501 0.06964994 -7.557E-05
v 0.02568151 0.06964994 0.00443495
v 0.0256815 0.06344999 0.00443495
v 0.02606501 0.06344999 -7.557E-05
v -0.02453151 0.06964989 0.00869726
v -0.02453152 0.06344993 0.00869726
v 0.02567467 0.06964988 -0.0043609
v 0.02567466 0.06344993 -0.0043609
v -0.01970682 0.06965 0.01699601
v -0.02237598 0.06965 0.01299565
v -0.02237598 0.06345004 0.01299565
v -0.01970683 0.06345004 0.01699601
v 0.02432313 0.06964995 -0.00896536
v 0.02432312 0.06344999 -0.00896536
v -0.01666818 0.06965 0.0200163
v -0.01666819 0.06345004 0.0200163
v 0.01991865 0.06964995 -0.01680981
v 0.02240768 0.06964995 -0.01329117
v 0.02240767 0.06344999 -0.01329117
v 0.01991864 0.06344999 -0.01680981
v -0.01296851 0.06964999 0.02259921
v -0.01296852 0.06345003 0.02259921
v -0.00458094 0.06964998 -0.02566146
v -6.756E-05 0.06964998 -0.02607594
v -6.756E-05 0.06345002 -0.02607594
v -0.00458095 0.06345002 -0.02566146
v 0.01668188 0.06964996 -0.02003311
v 0.01668187 0.06345 -0.02003311
v -0.0088462 0.06964999 0.02450059
v -0.00884621 0.06345003 0.02450059
v -0.00899603 0.06964999 -0.02446651
v -0.00899604 0.06345003 -0.02446651
v 0.01297441 0.06964996 -0.02261983
v 0.01297441 0.06345 -0.02261983
v -0.00451223 0.06964992 0.02564989
v -0.0088462 0.06964999 0.02450059
v -0.00884621 0.06345003 0.02450059
v -0.00451224 0.06345002 0.02564989
v -0.01309146 0.06964999 -0.02254807
v -0.01309141 0.06345003 -0.02254807
v 0.00885961 0.06964997 -0.02451693
v 0.0088596 0.06345001 -0.02451693
v 0.00465871 0.06964997 0.02562332
v 7.979E-05 0.06964998 0.02601157
v 7.979E-05 0.06345002 0.02601157
v 0.00465871 0.06345001 0.02562332
v -0.01679309 0.06965 -0.01993238
v -0.0167931 0.06345004 -0.01993238
v 0.0044382 0.06964997 -0.02568959
v 0.00885961 0.06964997 -0.02451693
v 0.0088596 0.06345001 -0.02451693
v 0.00443819 0.06345001 -0.02568959
v 0.00899483 0.06964996 0.02444934
v 0.00899483 0.06345001 0.02444934
v -0.0200189 0.06964994 -0.01669013
v -0.0200189 0.06344998 -0.01669013
v 0.01308318 0.06964996 0.02252697
v 0.01308317 0.06345 0.02252697
v -0.0226067 0.06965 -0.01298082
v -0.0226067 0.06345005 -0.01298082
v 0.01661809 0.06964996 0.02003693
v 0.01661808 0.06345 0.02003693
v -0.02450439 0.06965001 -0.00886524
v -0.0245044 0.06345005 -0.00886524
v 0.01991178 0.06964995 0.01658356
v 0.01991177 0.06344999 0.01658356
v -0.02567687 0.06965001 -0.00444413
v -0.02450439 0.06965001 -0.00886524
v -0.0245044 0.06345005 -0.00886524
v -0.02567688 0.06345005 -0.00444413
v 0.02271403 0.06964995 0.01274264
v 0.02271402 0.06344999 0.01274264
v 0.02451272 0.06964995 0.00884224
v 0.02271403 0.06964995 0.01274264
v 0.02271402 0.06344999 0.01274264
v 0.02451271 0.06344999 0.00884224
v -0.0200189 0.06964994 -0.01669013
v -0.0226067 0.06965 -0.01298082
v -0.02173528 0.06855006 -0.01248134
v -0.01924726 0.06855 -0.01604723
v -0.02453151 0.06964989 0.00869726
v -0.02237598 0.06965 0.01299565
v -0.0215135 0.06855006 0.01249395
v -0.02358589 0.06854995 0.00836121
v 0.01661809 0.06964996 0.02003693
v 0.0159774 0.06855002 0.01926386
v -0.02450439 0.06965001 -0.00886524
v -0.02355965 0.06855007 -0.00852419
v -0.00451223 0.06964992 0.02564989
v 7.979E-05 0.06964998 0.02601157
v 7.665E-05 0.06855004 0.0250082
v -0.00433837 0.06854998 0.02466016
v 0.01991178 0.06964995 0.01658356
v 0.01914389 0.06855001 0.01594328
v -0.02567687 0.06965001 -0.00444413
v -0.02468714 0.06855007 -0.00427366
v 0.01991178 0.06964995 0.01658356
v 0.02271403 0.06964995 0.01274264
v 0.02183862 0.06855001 0.01225091
v 0.01914389 0.06855001 0.01594328
v 0.02451272 0.06964995 0.00884224
v 0.02356793 0.06855001 0.0085007
v -0.02606323 0.06965001 6.055E-05
v -0.02505835 0.06855007 5.757E-05
v 0.02432313 0.06964995 -0.00896536
v 0.02240768 0.06964995 -0.01329117
v 0.02154383 0.06855001 -0.01277958
v 0.02338543 0.06855001 -0.00862049
v 0.02568151 0.06964994 0.00443495
v 0.02469148 0.06855001 0.00426323
v -0.02564826 0.06965001 0.00456869
v -0.0246596 0.06855007 0.00439178
v -0.02505835 0.06855007 5.757E-05
v -0.02606323 0.06965001 6.055E-05
v 0.02606501 0.06964994 -7.557E-05
v 0.02505989 0.06855001 -7.33E-05
v 0.02606501 0.06964994 -7.557E-05
v 0.02567467 0.06964988 -0.0043609
v 0.02468462 0.06854995 -0.00419353
v 0.02505989 0.06855001 -7.33E-05
v -0.01970682 0.06965 0.01699601
v -0.01894722 0.06855006 0.01633988
v -0.01666818 0.06965 0.0200163
v -0.01602582 0.06855006 0.01924394
v 0.01991865 0.06964995 -0.01680981
v 0.01915076 0.06855001 -0.0161625
v -0.01666818 0.06965 0.0200163
v -0.01296851 0.06964999 0.02259921
v -0.01246885 0.06855005 0.02172731
v -0.01602582 0.06855006 0.01924394
v -6.756E-05 0.06964998 -0.02607594
v -0.00458094 0.06964998 -0.02566146
v -0.00440451 0.06855004 -0.02467322
v -6.502E-05 0.06855004 -0.02507174
v 0.01668188 0.06964996 -0.02003311
v 0.01603874 0.06855002 -0.01926135
v -0.0088462 0.06964999 0.02450059
v -0.00850527 0.06855005 0.02355538
v -0.00899603 0.06964999 -0.02446651
v -0.00864931 0.06855005 -0.02352404
v 0.01668188 0.06964996 -0.02003311
v 0.01297441 0.06964996 -0.02261983
v 0.01247415 0.06855002 -0.02174865
v 0.01603874 0.06855002 -0.01926135
v -0.01309146 0.06964999 -0.02254807
v -0.01258686 0.06855005 -0.02167963
v 0.00885961 0.06964997 -0.02451693
v 0.00851801 0.06855003 -0.02357267
v 7.979E-05 0.06964998 0.02601157
v 0.00465871 0.06964997 0.02562332
v 0.00447907 0.06855003 0.02463459
v 7.665E-05 0.06855004 0.0250082
v -0.01679309 0.06965 -0.01993238
v -0.01614579 0.06855006 -0.01916486
v 0.0044382 0.06964997 -0.02568959
v 0.00426707 0.06855003 -0.02470003
v -0.01679309 0.06965 -0.01993238
v -0.01614579 0.06855006 -0.01916486
v 0.0044382 0.06964997 -0.02568959
v 0.00426707 0.06855003 -0.02470003
v -0.02468714 0.06855007 -0.00427366
v -0.02505836 0.06345005 5.757E-05
v -0.02468715 0.06345005 -0.00427366
v 0.02154382 0.06344999 -0.01277958
v 0.02338542 0.06344999 -0.00862049
v 0.02356793 0.06855001 0.0085007
v 0.02469148 0.06855001 0.00426323
v 0.02469147 0.06344999 0.00426323
v 0.02356792 0.06344999 0.0085007
v -0.02465961 0.06345005 0.00439178
v 0.02505989 0.06344999 -7.33E-05
v -0.02358595 0.06344993 0.00836121
v 0.02468462 0.06344993 -0.00419353
v -0.01894723 0.06345004 0.01633988
v -0.0215135 0.06345004 0.01249395
v -0.01602583 0.06345004 0.01924394
v 0.01915075 0.06344999 -0.0161625
v -0.01246885 0.06855005 0.02172731
v -0.01246886 0.06345003 0.02172731
v -0.00440452 0.06345002 -0.02467322
v -6.503E-05 0.06345002 -0.02507174
v 0.01603873 0.06345 -0.01926135
v -0.00850527 0.06855005 0.02355538
v -0.00850527 0.06345003 0.02355538
v -0.00864932 0.06345003 -0.02352404
v 0.01247415 0.06855002 -0.02174865
v 0.01247415 0.06345 -0.02174865
v -0.00850527 0.06855005 0.02355538
v -0.00433837 0.06854998 0.02466016
v -0.00433837 0.06345002 0.02466016
v -0.00850527 0.06345003 0.02355538
v -0.01258686 0.06345003 -0.02167963
v 0.00851801 0.06855003 -0.02357267
v 0.00851801 0.06345001 -0.02357267
v 0.00447906 0.06345007 0.02463459
v 7.665E-05 0.06345008 0.0250082
v -0.01614579 0.06345004 -0.01916486
v 0.00851801 0.06855003 -0.02357267
v 0.00426706 0.06345001 -0.02470003
v 0.00851801 0.06345001 -0.02357267
v 0.00864799 0.06345001 0.0235064
v -0.01924726 0.06855 -0.01604723
v -0.01924726 0.06345004 -0.01604723
v 0.01257855 0.06345006 0.02165806
v -0.02173528 0.06855006 -0.01248134
v -0.02173528 0.06345004 -0.01248134
v 0.01597739 0.06345006 0.01926386
v -0.02173528 0.06855006 -0.01248134
v -0.02355965 0.06855007 -0.00852419
v -0.02355966 0.06345005 -0.00852419
v -0.02173528 0.06345004 -0.01248134
v 0.01914388 0.06345005 0.01594328
v 0.02183862 0.06855001 0.01225091
v 0.02183855 0.06345005 0.01225091
v 0.02356793 0.06855001 0.0085007
v 0.02356792 0.06344999 0.0085007
v -0.0215135 0.06345004 0.01249395
v 0.01914388 0.06345005 0.01594328
v 0.02338542 0.06344999 -0.00862049
v -0.01868565 0.06964994 -0.03957092
v -0.02458335 0.06965001 -0.0423159
v -0.02252562 0.06964994 -0.03905308
v -0.02487476 0.06964995 -0.03597152
v -0.04356887 0.06964997 -0.0036207
v -0.04504159 0.06964997 -3.709E-05
v -0.04354873 0.06964997 0.00353805
v -0.02489547 0.06965001 0.03594772
v -0.02252345 0.06965 0.03901122
v -0.01867996 0.06965 0.03949968
v 4.235E-05 0.06964998 0.04417811
v 0.00305415 0.06964997 0.04292355
v 0.01869566 0.06964995 0.03943955
v 0.02253157 0.06964995 0.03892862
v 0.02488316 0.06964995 0.03585517
v 0.04358693 0.06964992 0.00352843
v 0.04506786 0.06964992 -4.683E-05
v 0.04358693 0.06964986 -0.00362216
v 0.02490065 0.06964995 -0.0360348
v 0.02253268 0.06964995 -0.03910164
v 0.01868961 0.06964995 -0.03959606
v -0.00297426 0.06964998 0.04293554
v -0.01743521 0.06964994 -0.03030049
v -0.01309146 0.06964999 -0.02254807
v -0.00899603 0.06964999 -0.02446651
v -0.01508625 0.06964993 -0.03338205
v -0.02127512 0.06964994 -0.02978265
v -0.03491744 0.06965002 -6.594E-05
v -0.03641024 0.06965002 -0.00364102
v -0.03638961 0.06965002 0.00351767
v -0.02564826 0.06965001 0.00456869
v -0.0175002 0.06965 0.03022085
v -0.02134344 0.06965 0.02973197
v -0.01512776 0.06964999 0.03328405
v 0.00304241 0.06964997 0.0368949
v 0.00465871 0.06964997 0.02562332
v 2.57E-05 0.06964998 0.03565226
v 0.01746232 0.06964995 0.03017818
v 0.01308318 0.06964996 0.02252697
v 0.00899483 0.06964996 0.02444934
v 0.01511092 0.06964996 0.03325212
v 0.02129824 0.06964995 0.02966761
v 0.01661809 0.06964996 0.02003693
v 0.03495564 0.06964993 -4.684E-05
v 0.03643633 0.06964993 0.00352843
v 0.03643633 0.06964987 -0.00362216
v 0.02567467 0.06964988 -0.0043609
v 0.01749608 0.06964995 -0.03031801
v 0.02133921 0.06964995 -0.02982377
v 0.01512835 0.06964996 -0.03338473
v -0.00298618 0.06964998 0.03690682
v -0.01560409 0.06964994 -0.03722202
v -0.02435674 0.06964995 -0.03213167
v -0.03999391 0.06965003 -0.00511356
v -0.03996506 0.06964997 0.00501053
v -0.02440677 0.06965001 0.03210447
v -0.0156167 0.06965 0.0371276
v -0.0136454 0.06964999 0.03743587
v -0.00422888 0.06964998 0.03992353
v -0.00690209 0.06964992 0.03922378
v 0.00429691 0.06964997 0.03990684
v 0.01562185 0.06964996 0.03708851
v 0.02437229 0.06964995 0.03201884
v 0.0400119 0.06964993 0.00500937
v 0.0400119 0.06964987 -0.00510309
v 0.02440641 0.06964995 -0.03219173
v 0.01562241 0.06964996 -0.03722785
v 0.02240768 0.06964995 -0.01329117
v 0.01991865 0.06964995 -0.01680981
v 0.02432313 0.06964995 -0.00896536
v -6.756E-05 0.06964998 -0.02607594
v -0.00458094 0.06964998 -0.02566146
v -0.02453151 0.06964989 0.00869726
v -0.02237598 0.06965 0.01299565
v -0.01970682 0.06965 0.01699601
v -0.01884906 0.06906403 0.03887997
v -0.02220438 0.06906403 0.0384532
v -0.02117447 0.06906403 0.03035222
v -0.01781884 0.06906403 0.03077887
v -0.03996691 0.069064 0.00436781
v -0.04309537 0.069064 0.00308226
v -0.00422888 0.06964998 0.03992353
v -0.00422877 0.06164972 0.03992353
v -0.00298607 0.06164972 0.03690682
v -0.00298618 0.06964998 0.03690682
v -0.02427565 0.06906404 0.03577886
v -0.03999206 0.06906406 -0.00447096
v -0.03686311 0.06906405 -0.0031854
v 0.0400119 0.06906396 0.00436754
v 0.03689022 0.06906396 0.0030746
v 4.238E-05 0.06164978 0.04417811
v 3.406E-05 0.05924653 0.03991543
v -0.00297427 0.06164972 0.04293554
v 0.00305415 0.06964997 0.04292355
v 0.00305414 0.06164977 0.04292355
v 4.238E-05 0.06164978 0.04417811
v 4.235E-05 0.06964998 0.04417811
v 0.00304241 0.06964997 0.0368949
v 0.0030424 0.06164977 0.0368949
v 0.0042969 0.06164977 0.03990684
v 0.00429691 0.06964997 0.03990684
v 0.00429691 0.06964997 0.03990684
v 0.0042969 0.06164977 0.03990684
v 4.235E-05 0.06964998 0.04417811
v 4.238E-05 0.06164978 0.04417811
v -0.00297427 0.06164972 0.04293554
v -0.00297426 0.06964998 0.04293554
v 2.57E-05 0.06964998 0.03565226
v 2.573E-05 0.06164978 0.03565226
v 0.0030424 0.06164977 0.0368949
v 0.00304241 0.06964997 0.0368949
v -0.00298618 0.06964998 0.03690682
v -0.00298607 0.06164972 0.03690682
v -0.03684553 0.06906405 0.00306462
v -0.03684553 0.06840005 0.00306462
v -0.03996691 0.0684 0.00436781
v -0.03996691 0.069064 0.00436781
v -0.00422877 0.06164972 0.03992353
v -0.00298607 0.06164972 0.03690682
v 2.573E-05 0.06164978 0.03565226
v 0.0030424 0.06164977 0.0368949
v 0.00305414 0.06164977 0.04292355
v 0.0042969 0.06164977 0.03990684
v -0.04439899 0.069064 -3.9E-05
v -0.04439899 0.0684 -3.9E-05
v -0.04311338 0.0684 -0.00316764
v -0.04311338 0.069064 -0.00316764
v 0.01781574 0.06906398 -0.03087555
v 0.01781573 0.06839998 -0.03087555
v 0.01574866 0.06839999 -0.03355311
v 0.01574866 0.06906399 -0.03355311
v -0.03556004 0.06906405 -6.415E-05
v -0.03556004 0.06840005 -6.415E-05
v -0.01574795 0.06906403 0.03345333
v -0.01574795 0.06840003 0.03345333
v -0.0161746 0.06840003 0.03680859
v -0.0161746 0.06906403 0.03680859
v -0.04309537 0.069064 0.00308226
v -0.04309537 0.0684 0.00308226
v -0.02384899 0.06906404 0.03242299
v -0.01574795 0.06906403 0.03345333
v -0.0161746 0.06906403 0.03680859
v 0.02221007 0.06906398 0.03837347
v 0.01886064 0.06906398 0.03881967
v -0.01615985 0.06906397 -0.03689903
v -0.01570751 0.06906397 -0.03354644
v 0.01573122 0.06906399 0.03341758
v 0.01778395 0.06906398 0.03073382
v 0.02426291 0.06906398 0.03568989
v 0.016177 0.06906399 0.0367664
v 0.01574866 0.06906399 -0.03355311
v 0.0161799 0.06906399 -0.03690813
v 0.02113325 0.06906398 0.03028786
v 0.04442628 0.06906395 -4.683E-05
v 0.04313316 0.06906395 0.0030746
v 0.03559752 0.06906396 -4.684E-05
v 0.04313316 0.06906389 -0.00316821
v 0.02381689 0.06906398 0.0323404
v 0.03689022 0.0690639 -0.00316821
v 0.02221302 0.06906398 -0.03854403
v 0.02428035 0.06906398 -0.03586635
v 0.02117124 0.06906398 -0.03044401
v 0.01781574 0.06906398 -0.03087555
v 0.0400119 0.0690639 -0.00446115
v 0.01885757 0.06906398 -0.03897545
v 0.02384887 0.06906398 -0.03251133
v -0.02220263 0.06906397 -0.03849732
v -0.01884998 0.06906397 -0.03894972
v -0.01775815 0.06906397 -0.03085625
v -0.02425332 0.06906398 -0.03580725
v -0.03684553 0.06906405 0.00306462
v -0.02111079 0.06906397 -0.03040397
v -0.04439899 0.069064 -3.9E-05
v -0.04311338 0.069064 -0.00316764
v -0.02380092 0.06906398 -0.03245455
v -0.03556004 0.06906405 -6.415E-05
v 0.01781573 0.06839998 -0.03087555
v 0.01788345 0.06839998 -0.03099357
v 0.01587985 0.06839999 -0.03358851
v 0.01574866 0.06839999 -0.03355311
v -0.01574795 0.06840003 0.03345333
v -0.01587926 0.06840003 0.03348885
v -0.01629274 0.06840003 0.03674112
v -0.0161746 0.06840003 0.03680859
v 0.02221302 0.06839998 -0.03854403
v 0.02214537 0.06839998 -0.03842614
v 0.0241491 0.06839998 -0.03583095
v 0.02428035 0.06839998 -0.03586635
v 0.02117124 0.06839998 -0.03044401
v 0.02113542 0.06839998 -0.03057526
v 0.0161799 0.06839999 -0.03690813
v 0.01629821 0.06839999 -0.03684042
v 0.0188934 0.06839998 -0.0388442
v 0.01885757 0.06839998 -0.03897545
v -0.03686311 0.06906405 -0.0031854
v -0.03686311 0.06840005 -0.0031854
v -0.03556004 0.06840005 -6.415E-05
v -0.03556004 0.06906405 -6.415E-05
v -0.01884998 0.06906397 -0.03894972
v -0.01884998 0.06840003 -0.03894972
v -0.01615985 0.06840003 -0.03689903
v -0.01615985 0.06906397 -0.03689903
v -0.02425332 0.06906398 -0.03580725
v -0.02425332 0.06839998 -0.03580725
v -0.02220263 0.06840003 -0.03849732
v -0.02220263 0.06906397 -0.03849732
v -0.02384899 0.06906404 0.03242299
v -0.023849 0.06840004 0.03242299
v -0.02117448 0.06840003 0.03035222
v -0.02117447 0.06906403 0.03035222
v -0.01775815 0.06906397 -0.03085625
v -0.01775815 0.06840003 -0.03085625
v -0.02111079 0.06840003 -0.03040397
v -0.02111079 0.06906397 -0.03040397
v -0.02380092 0.06906398 -0.03245455
v -0.02380092 0.06839998 -0.03245455
v -0.02425332 0.06839998 -0.03580725
v -0.02425332 0.06906398 -0.03580725
v -0.01884998 0.06840003 -0.03894972
v -0.01884998 0.06906397 -0.03894972
v 0.016177 0.06906399 0.0367664
v 0.016177 0.06839999 0.0367664
v 0.01573122 0.06839999 0.03341758
v 0.01573122 0.06906399 0.03341758
v -0.01570751 0.06906397 -0.03354644
v -0.01570751 0.06840003 -0.03354644
v -0.04311338 0.069064 -0.00316764
v -0.04311338 0.0684 -0.00316764
v -0.03999206 0.06840006 -0.00447096
v -0.03999206 0.06906406 -0.00447096
v 0.02113325 0.06906398 0.03028786
v 0.02113325 0.06839998 0.03028786
v 0.02381689 0.06839998 0.0323404
v 0.02381689 0.06906398 0.0323404
v 0.01885757 0.06906398 -0.03897545
v 0.01885757 0.06839998 -0.03897545
v 0.02221302 0.06839998 -0.03854403
v 0.02221302 0.06906398 -0.03854403
v -0.04309537 0.0684 0.00308226
v -0.04309537 0.069064 0.00308226
v 0.0400119 0.06906396 0.00436754
v 0.0400119 0.06839996 0.00436754
v 0.03689022 0.06839996 0.0030746
v 0.03689022 0.06906396 0.0030746
v 0.02221302 0.06906398 -0.03854403
v 0.02221302 0.06839998 -0.03854403
v 0.02428035 0.06839998 -0.03586635
v 0.02428035 0.06906398 -0.03586635
v -0.02427565 0.06906404 0.03577886
v -0.02427565 0.06840004 0.03577886
v -0.023849 0.06840004 0.03242299
v -0.02384899 0.06906404 0.03242299
v 0.03689022 0.0690639 -0.00316821
v 0.03689022 0.0683999 -0.00316821
v 0.0400119 0.0683999 -0.00446115
v 0.0400119 0.0690639 -0.00446115
v 0.04313316 0.06906389 -0.00316821
v 0.04313316 0.06839989 -0.00316821
v 0.04442628 0.06839995 -4.683E-05
v 0.04442628 0.06906395 -4.683E-05
v -0.0161746 0.06906403 0.03680859
v -0.0161746 0.06840003 0.03680859
v -0.01884906 0.06840003 0.03887997
v -0.01884906 0.06906403 0.03887997
v 0.02384887 0.06906398 -0.03251133
v 0.02384886 0.06839998 -0.03251133
v 0.02117124 0.06839998 -0.03044401
v 0.02117124 0.06906398 -0.03044401
v 0.04442628 0.06906395 -4.683E-05
v 0.04442628 0.06839995 -4.683E-05
v 0.04313316 0.06839995 0.0030746
v 0.04313316 0.06906395 0.0030746
v 0.01886064 0.06906398 0.03881967
v 0.01886064 0.06839998 0.03881967
v -0.01570751 0.06840003 -0.03354644
v -0.01570751 0.06906397 -0.03354644
v 0.02426291 0.06906398 0.03568989
v 0.02426291 0.06839998 0.03568989
v 0.02221007 0.06839998 0.03837347
v 0.02221007 0.06906398 0.03837347
v 0.02426291 0.06839998 0.03568989
v 0.02426291 0.06906398 0.03568989
v 0.0161799 0.06839999 -0.03690813
v 0.0161799 0.06906399 -0.03690813
v 0.01886064 0.06839998 0.03881967
v 0.01886064 0.06906398 0.03881967
v 0.0400119 0.06839996 0.00436754
v 0.0400119 0.06906396 0.00436754
v 0.01778395 0.06906398 0.03073382
v 0.01778395 0.06839998 0.03073382
v 0.02113325 0.06839998 0.03028786
v 0.02113325 0.06906398 0.03028786
v -0.02111079 0.06906397 -0.03040397
v -0.02111079 0.06840003 -0.03040397
v 0.04313316 0.06839989 -0.00316821
v 0.04313316 0.06906389 -0.00316821
v 0.01573122 0.06906399 0.03341758
v 0.01573122 0.06839999 0.03341758
v 0.03559752 0.06839996 -4.684E-05
v 0.03559752 0.06906396 -4.684E-05
v -0.03686311 0.06840005 -0.0031854
v -0.03686311 0.06906405 -0.0031854
v -0.02220438 0.06840003 0.0384532
v -0.02220438 0.06906403 0.0384532
v 0.02384886 0.06839998 -0.03251133
v 0.02384887 0.06906398 -0.03251133
v -0.01781884 0.06906403 0.03077887
v -0.01781885 0.06840003 0.03077887
v 0.03689022 0.0683999 -0.00316821
v 0.03689022 0.0690639 -0.00316821
v -0.02220438 0.06906403 0.0384532
v -0.02220438 0.06840003 0.0384532
v 0.0161799 0.06906399 -0.03690813
v 0.0161799 0.06839999 -0.03690813
v -0.01781885 0.06840003 0.03077887
v -0.01781884 0.06906403 0.03077887
v 0.01781573 0.06839998 -0.03087555
v 0.01781574 0.06906398 -0.03087555
v -0.02373098 0.06840004 0.03249071
v -0.02312796 0.06777503 0.03283534
v -0.0209559 0.06777502 0.03115343
v -0.02113883 0.06840003 0.03048347
v 0.04429038 0.06839995 -4.683E-05
v 0.04359646 0.06777494 -4.683E-05
v 0.04254665 0.06777494 0.00248803
v 0.04303701 0.06839995 0.00297858
v -0.01888503 0.06840003 -0.03881824
v -0.01906241 0.06777502 -0.03814685
v -0.01687773 0.06777502 -0.03648144
v -0.01627745 0.06840003 -0.03683078
v -0.03694203 0.06840005 0.00296859
v -0.03743424 0.06777504 0.00247906
v -0.03996929 0.06777499 0.0035374
v -0.03996708 0.0684 0.00423185
v 0.04303701 0.06839989 -0.00307201
v 0.04254665 0.06777488 -0.00258158
v 0.01822891 0.06777497 -0.03159605
v 0.01655034 0.06777498 -0.03377055
v 0.04313316 0.06839989 -0.00316821
v 0.04442628 0.06839995 -4.683E-05
v -0.03684553 0.06840005 0.00306462
v -0.03996691 0.0684 0.00436781
v -0.01884998 0.06840003 -0.03894972
v -0.01615985 0.06840003 -0.03689903
v 0.04313316 0.06839995 0.0030746
v -0.023849 0.06840004 0.03242299
v -0.02117448 0.06840003 0.03035222
v -0.02380092 0.06839998 -0.03245455
v -0.02368332 0.06839998 -0.03252315
v -0.02412184 0.06839998 -0.03577244
v -0.02425332 0.06839998 -0.03580725
v 0.02426291 0.06839998 0.03568989
v 0.02413136 0.06839998 0.0356549
v 0.02214194 0.06839998 0.03825587
v 0.02221007 0.06839998 0.03837347
v 0.016177 0.06839999 0.0367664
v 0.0162946 0.06839999 0.03669852
v 0.01586253 0.06839999 0.03345239
v 0.01573122 0.06839999 0.03341758
v -0.04311338 0.0684 -0.00316764
v -0.04301688 0.0684 -0.00307162
v -0.03999146 0.06840006 -0.00433488
v -0.03999206 0.06840006 -0.00447096
v 0.01889587 0.06839998 0.0386883
v 0.01886064 0.06839998 0.03881967
v 0.02113325 0.06839998 0.03028786
v 0.02109802 0.06839998 0.03041923
v 0.02369929 0.06839998 0.03240883
v 0.02381689 0.06839998 0.0323404
v 0.01778395 0.06839998 0.03073382
v 0.01785195 0.06839998 0.03085148
v -0.04299971 0.0684 0.00298594
v -0.04309537 0.0684 0.00308226
v -0.01884906 0.06840003 0.03887997
v -0.01888458 0.06840003 0.0387486
v -0.02213715 0.06840003 0.03833518
v -0.02220438 0.06840003 0.0384532
v 0.0400119 0.06839996 0.00436754
v 0.0400119 0.06839996 0.00423171
v 0.03698655 0.06839996 0.00297858
v 0.03689022 0.06839996 0.0030746
v -0.02427565 0.06840004 0.03577886
v -0.02414446 0.06840004 0.03574285
v 0.03689022 0.0683999 -0.00316821
v 0.03698655 0.0683999 -0.00307201
v 0.0400119 0.0683999 -0.00432525
v 0.0400119 0.0683999 -0.00446115
v -0.01781885 0.06840003 0.03077887
v -0.01788633 0.06840003 0.03089701
v -0.04426291 0.0684 -3.936E-05
v -0.04439899 0.0684 -3.9E-05
v 0.02384886 0.06839998 -0.03251133
v 0.02373084 0.06839998 -0.03257904
v -0.01583894 0.06840003 -0.03358149
v -0.01570751 0.06840003 -0.03354644
v -0.03556004 0.06840005 -6.415E-05
v -0.03569588 0.06840005 -6.367E-05
v -0.02213432 0.06840003 -0.03837978
v -0.02220263 0.06840003 -0.03849732
v -0.03686311 0.06840005 -0.0031854
v -0.03695926 0.06840005 -0.00308896
v -0.02111079 0.06840003 -0.03040397
v -0.02107598 0.06840003 -0.03053534
v -0.01775815 0.06840003 -0.03085625
v -0.01782669 0.06840003 -0.03097391
v 0.03573342 0.06839996 -4.684E-05
v 0.03559752 0.06839996 -4.684E-05
v -0.0165491 0.06777502 0.03367148
v -0.01654911 0.0578 0.03367148
v -0.01689577 0.0578 0.03639685
v -0.01689576 0.06777502 0.03639685
v 0.02179984 0.06777497 -0.03782341
v 0.02179982 0.05779995 -0.03782341
v 0.02347846 0.05779995 -0.03564916
v 0.02347848 0.06777497 -0.03564916
v 0.02095386 0.06777497 -0.03124546
v 0.02095385 0.05779995 -0.03124546
v 0.0182289 0.05779996 -0.03159605
v 0.01822891 0.06777497 -0.03159605
v 0.01690052 0.06777498 -0.03649496
v 0.0169005 0.05779996 -0.03649496
v 0.01907517 0.05779995 -0.03817402
v 0.01907519 0.06777497 -0.03817402
v 0.02179982 0.05779995 -0.03782341
v 0.02179984 0.06777497 -0.03782341
v 0.0364271 0.06777495 -4.684E-05
v 0.03642709 0.05779993 -4.684E-05
v 0.03747678 0.05779993 -0.00258158
v 0.03747679 0.06777489 -0.00258158
v -0.02308305 0.06777496 -0.0328722
v -0.02345045 0.06777497 -0.03559482
v 0.02346123 0.06777497 0.03547608
v 0.02179421 0.06777497 0.03765571
v 0.01689506 0.06777498 0.0363506
v 0.01653266 0.06777498 0.03363072
v -0.04252424 0.06777499 -0.00258209
v -0.03998956 0.06777505 -0.00364043
v 0.01907439 0.06777497 0.03801769
v 0.02091975 0.06777497 0.03108954
v 0.02309901 0.06777497 0.03275632
v 0.01819993 0.06777497 0.0314517
v -0.04251 0.06777499 0.00249342
v -0.01906757 0.06777502 0.03807841
v -0.02179258 0.06777502 0.03773222
v 0.0400119 0.06777495 0.00353791
v 0.03747679 0.06777495 0.00248803
v -0.02347444 0.06777503 0.03556023
v 0.03747679 0.06777489 -0.00258158
v 0.0400119 0.06777489 -0.00363152
v -0.01823114 0.06777502 0.03149997
v -0.0165491 0.06777502 0.03367148
v -0.01689576 0.06777502 0.03639685
v -0.0435684 0.06777499 -4.126E-05
v 0.0231283 0.06777497 -0.03292451
v 0.02095386 0.06777497 -0.03124546
v -0.01651056 0.06777502 -0.03375887
v -0.03639057 0.06777504 -6.176E-05
v -0.02178504 0.06777502 -0.03777951
v 0.01690052 0.06777498 -0.03649496
v -0.03744897 0.06777504 -0.00259639
v -0.02089836 0.06777502 -0.03120696
v -0.01817574 0.06777502 -0.03157413
v 0.0364271 0.06777495 -4.684E-05
v 0.02347848 0.06777497 -0.03564916
v 0.01907519 0.06777497 -0.03817402
v 0.02179984 0.06777497 -0.03782341
v -0.02308306 0.05780001 -0.0328722
v -0.02374491 0.05780001 -0.03248739
v -0.02419057 0.05780001 -0.03579056
v -0.02345046 0.05780001 -0.03559482
v -0.02312797 0.05780001 0.03283534
v -0.02379262 0.05780001 0.03245554
v -0.02115756 0.0578 0.03041475
v -0.02095591 0.0578 0.03115343
v 0.04359645 0.05779992 -4.683E-05
v 0.0443613 0.05779992 -4.683E-05
v 0.04308737 0.05779993 0.00302865
v 0.04254664 0.05779993 0.00248803
v -0.01906242 0.0578 -0.03814685
v -0.01886686 0.0578 -0.03888702
v -0.01621589 0.0578 -0.03686618
v -0.01687774 0.0578 -0.03648144
v -0.03743426 0.05780002 0.00247906
v -0.03689145 0.05780002 0.00301866
v -0.03996699 0.05780003 0.00430284
v -0.03996931 0.05780003 0.0035374
v 0.04254664 0.05779993 -0.00258158
v 0.04308737 0.05779993 -0.00312225
v 0.01822891 0.06777497 -0.03159605
v 0.0182289 0.05779996 -0.03159605
v 0.01655032 0.05779996 -0.03377055
v 0.01655034 0.06777498 -0.03377055
v 0.04254665 0.06777488 -0.00258158
v 0.04254664 0.05779993 -0.00258158
v 0.04359645 0.05779992 -4.683E-05
v 0.04359646 0.06777494 -4.683E-05
v -0.03743424 0.06777504 0.00247906
v -0.03743426 0.05780002 0.00247906
v -0.03996931 0.05780003 0.0035374
v -0.03996929 0.06777499 0.0035374
v -0.01906241 0.06777502 -0.03814685
v -0.01906242 0.0578 -0.03814685
v -0.01687774 0.0578 -0.03648144
v -0.01687773 0.06777502 -0.03648144
v 0.04359646 0.06777494 -4.683E-05
v 0.04359645 0.05779992 -4.683E-05
v 0.04254664 0.05779993 0.00248803
v 0.04254665 0.06777494 0.00248803
v -0.02312796 0.06777503 0.03283534
v -0.02312797 0.05780001 0.03283534
v -0.02095591 0.0578 0.03115343
v -0.0209559 0.06777502 0.03115343
v -0.02308305 0.06777496 -0.0328722
v -0.02308306 0.05780001 -0.0328722
v -0.02345046 0.05780001 -0.03559482
v -0.02345045 0.06777497 -0.03559482
v 0.02346123 0.06777497 0.03547608
v 0.02346122 0.05780001 0.03547608
v 0.02179419 0.05780001 0.03765571
v 0.02179421 0.06777497 0.03765571
v 0.01689506 0.06777498 0.0363506
v 0.01689505 0.05779996 0.0363506
v 0.01653265 0.05780002 0.03363072
v 0.01653266 0.06777498 0.03363072
v -0.04252424 0.06777499 -0.00258209
v -0.04252425 0.05780003 -0.00258209
v -0.03998957 0.05780003 -0.00364043
v -0.03998956 0.06777505 -0.00364043
v 0.01907437 0.05780001 0.03801769
v 0.01907439 0.06777497 0.03801769
v 0.02091975 0.06777497 0.03108954
v 0.02091974 0.05780001 0.03108954
v 0.023099 0.05780001 0.03275632
v 0.02309901 0.06777497 0.03275632
v 0.01819993 0.06777497 0.0314517
v 0.01819992 0.05780002 0.0314517
v 0.02091974 0.05780001 0.03108954
v 0.02091975 0.06777497 0.03108954
v -0.04251002 0.05780003 0.00249342
v -0.04251 0.06777499 0.00249342
v -0.01906757 0.06777502 0.03807841
v -0.01906758 0.0578 0.03807841
v -0.02179259 0.05780001 0.03773222
v -0.02179258 0.06777502 0.03773222
v 0.0400119 0.06777495 0.00353791
v 0.04001189 0.05779993 0.00353791
v 0.03747678 0.05779993 0.00248803
v 0.03747679 0.06777495 0.00248803
v 0.01653266 0.06777498 0.03363072
v 0.01653265 0.05780002 0.03363072
v -0.02347444 0.06777503 0.03556023
v -0.02347445 0.05780001 0.03556023
v -0.02312797 0.05780001 0.03283534
v -0.02312796 0.06777503 0.03283534
v -0.02179258 0.06777502 0.03773222
v -0.02179259 0.05780001 0.03773222
v 0.03747679 0.06777489 -0.00258158
v 0.03747678 0.05779993 -0.00258158
v 0.04001189 0.05779993 -0.00363152
v 0.0400119 0.06777489 -0.00363152
v -0.01823114 0.06777502 0.03149997
v -0.01823115 0.0578 0.03149997
v -0.01689576 0.06777502 0.03639685
v -0.01689577 0.0578 0.03639685
v -0.04251 0.06777499 0.00249342
v -0.04251002 0.05780003 0.00249342
v -0.04356841 0.05780003 -4.126E-05
v -0.0435684 0.06777499 -4.126E-05
v 0.0231283 0.06777497 -0.03292451
v 0.02312829 0.05779995 -0.03292451
v -0.01823115 0.0578 0.03149997
v -0.01823114 0.06777502 0.03149997
v 0.01907439 0.06777497 0.03801769
v 0.01907437 0.05780001 0.03801769
v -0.04252425 0.05780003 -0.00258209
v -0.04252424 0.06777499 -0.00258209
v -0.01651057 0.0578 -0.03375887
v -0.01651056 0.06777502 -0.03375887
v -0.03639057 0.06777504 -6.176E-05
v -0.03639058 0.05780002 -6.176E-05
v 0.02346122 0.05780001 0.03547608
v 0.02346123 0.06777497 0.03547608
v -0.02345045 0.06777497 -0.03559482
v -0.02345046 0.05780001 -0.03559482
v -0.02178505 0.05780001 -0.03777951
v -0.02178504 0.06777502 -0.03777951
v 0.0169005 0.05779996 -0.03649496
v 0.01690052 0.06777498 -0.03649496
v -0.03744897 0.06777504 -0.00259639
v -0.03744898 0.05780002 -0.00259639
v -0.03639058 0.05780002 -6.176E-05
v -0.03639057 0.06777504 -6.176E-05
v 0.04001189 0.05779993 0.00353791
v 0.0400119 0.06777495 0.00353791
v -0.01906242 0.0578 -0.03814685
v -0.01906241 0.06777502 -0.03814685
v -0.02089836 0.06777502 -0.03120696
v -0.02089837 0.0578 -0.03120696
v -0.01817574 0.06777502 -0.03157413
v -0.01817575 0.0578 -0.03157413
v -0.02089837 0.0578 -0.03120696
v -0.02089836 0.06777502 -0.03120696
v 0.04254664 0.05779993 -0.00258158
v 0.04254665 0.06777488 -0.00258158
v -0.03744898 0.05780002 -0.00259639
v -0.03744897 0.06777504 -0.00259639
v -0.01651056 0.06777502 -0.03375887
v -0.01651057 0.0578 -0.03375887
v 0.02312829 0.05779995 -0.03292451
v 0.0231283 0.06777497 -0.03292451
v 0.01784833 0.05779996 -0.03093188
v 0.01784832 0.05164971 -0.03093188
v 0.0158114 0.05164971 -0.03357016
v 0.0158114 0.05779996 -0.03357016
v -0.01581048 0.0578 0.03347026
v -0.01581049 0.05164975 0.03347026
v -0.01623101 0.05164975 0.03677665
v -0.016231 0.0578 0.03677665
v 0.02218039 0.05779995 -0.03848777
v 0.02218039 0.0516497 -0.03848777
v 0.02421762 0.0516497 -0.03584955
v 0.02421762 0.05779995 -0.03584955
v 0.02115418 0.05779995 -0.03050672
v 0.02115417 0.0516497 -0.03050672
v 0.01784832 0.05164971 -0.03093188
v 0.01784833 0.05779996 -0.03093188
v 0.01623656 0.05779996 -0.03687607
v 0.01623656 0.05164971 -0.03687607
v 0.01887478 0.05164971 -0.03891299
v 0.01887478 0.05779996 -0.03891299
v 0.02218039 0.0516497 -0.03848777
v 0.02218039 0.05779995 -0.03848777
v 0.02346122 0.05780001 0.03547608
v 0.02420014 0.05780001 0.03567326
v 0.0221772 0.05780001 0.03831732
v 0.02179419 0.05780001 0.03765571
v 0.01689505 0.05779996 0.0363506
v 0.01623344 0.05779996 0.03673422
v 0.01579386 0.05780002 0.03343427
v 0.01653265 0.05780002 0.03363072
v -0.04252425 0.05780003 -0.00258209
v -0.04306707 0.05780003 -0.00312169
v -0.03999189 0.05780003 -0.00440599
v -0.03998957 0.05780003 -0.00364043
v 0.01887755 0.05780002 0.03875648
v 0.01907437 0.05780001 0.03801769
v 0.02091974 0.05780001 0.03108954
v 0.02111655 0.05780001 0.03035068
v 0.02376043 0.05780001 0.03237313
v 0.023099 0.05780001 0.03275632
v 0.01819992 0.05780002 0.0314517
v 0.0178166 0.05780002 0.03079009
v -0.0430498 0.05780003 0.00303618
v -0.04251002 0.05780003 0.00249342
v -0.01906758 0.0578 0.03807841
v -0.01886618 0.0578 0.03881702
v -0.02217239 0.05780001 0.03839645
v -0.02179259 0.05780001 0.03773222
v 0.04001189 0.05779993 0.00353791
v 0.04001189 0.05779993 0.00430258
v 0.03693635 0.05779993 0.00302864
v 0.03747678 0.05779993 0.00248803
v -0.02347445 0.05780001 0.03556023
v -0.02421295 0.05780001 0.03576169
v 0.03747678 0.05779993 -0.00258158
v 0.03693635 0.05779993 -0.00312226
v 0.04001189 0.05779993 -0.00439618
v 0.04001189 0.05779993 -0.00363152
v -0.01823115 0.0578 0.03149997
v -0.01785135 0.0578 0.03083526
v -0.01581048 0.0578 0.03347026
v -0.01654911 0.0578 0.03367148
v -0.01689577 0.0578 0.03639685
v -0.016231 0.0578 0.03677665
v -0.04433391 0.05780003 -3.912E-05
v -0.04356841 0.05780003 -4.126E-05
v 0.02312829 0.05779995 -0.03292451
v 0.02379216 0.05779995 -0.03254352
v 0.02115418 0.05779995 -0.03050672
v 0.02095385 0.05779995 -0.03124546
v -0.01577046 0.0578 -0.03356301
v -0.01651057 0.0578 -0.03375887
v -0.03639058 0.05780002 -6.176E-05
v -0.03562502 0.05780002 -6.391E-05
v -0.02216979 0.05780001 -0.0384413
v -0.02178505 0.05780001 -0.03777951
v 0.01655032 0.05779996 -0.03377055
v 0.0158114 0.05779996 -0.03357016
v 0.01623656 0.05779996 -0.03687607
v 0.0169005 0.05779996 -0.03649496
v -0.03744898 0.05780002 -0.00259639
v -0.0369092 0.05780002 -0.00313933
v -0.02089837 0.0578 -0.03120696
v -0.02109417 0.0578 -0.03046691
v -0.01817575 0.0578 -0.03157413
v -0.017791 0.0578 -0.03091228
v 0.03566248 0.05779993 -4.684E-05
v 0.03642709 0.05779993 -4.684E-05
v 0.02347846 0.05779995 -0.03564916
v 0.02421762 0.05779995 -0.03584955
v 0.01907517 0.05779995 -0.03817402
v 0.01887478 0.05779996 -0.03891299
v 0.02218039 0.05779995 -0.03848777
v 0.02179982 0.05779995 -0.03782341
v 0.01784833 0.05779996 -0.03093188
v 0.0182289 0.05779996 -0.03159605
v -0.01581049 0.05164975 0.03347026
v -0.02001185 0.04971481 0.0346161
v -0.01623101 0.05164975 0.03677665
v 0.02218039 0.0516497 -0.03848777
v 0.02001447 0.04971477 -0.03470992
v 0.02421762 0.0516497 -0.03584955
v 0.02115417 0.0516497 -0.03050672
v 0.01784832 0.05164971 -0.03093188
v 0.01623656 0.05164971 -0.03687607
v 0.01887478 0.05164971 -0.03891299
v 0.03566247 0.05164969 -4.684E-05
v 0.04001188 0.04971474 -4.683E-05
v 0.03693634 0.05164968 -0.00312226
v 0.04308737 0.05779993 -0.00312225
v 0.04308736 0.05164968 -0.00312225
v 0.04436129 0.05164967 -4.683E-05
v 0.0443613 0.05779992 -4.683E-05
v -0.03689145 0.05780002 0.00301866
v -0.03689145 0.05164978 0.00301866
v -0.03996699 0.05164978 0.00430284
v -0.03996699 0.05780003 0.00430284
v -0.01886686 0.0578 -0.03888702
v -0.01886687 0.05164975 -0.03888702
v -0.0162159 0.05164975 -0.03686618
v -0.01621589 0.0578 -0.03686618
v 0.0443613 0.05779992 -4.683E-05
v 0.04436129 0.05164967 -4.683E-05
v 0.04308736 0.05164968 0.00302865
v 0.04308737 0.05779993 0.00302865
v -0.02379262 0.05780001 0.03245554
v -0.02379263 0.05164976 0.03245554
v -0.02115757 0.05164976 0.03041475
v -0.02115756 0.0578 0.03041475
v -0.02374491 0.05780001 -0.03248739
v -0.02374492 0.05164976 -0.03248739
v -0.02419058 0.05164976 -0.03579056
v -0.02419057 0.05780001 -0.03579056
v 0.02420014 0.05780001 0.03567326
v 0.02420013 0.05164976 0.03567326
v 0.0221772 0.05164976 0.03831732
v 0.0221772 0.05780001 0.03831732
v 0.01623344 0.05779996 0.03673422
v 0.01623343 0.05164971 0.03673422
v 0.01579385 0.05164977 0.03343427
v 0.01579386 0.05780002 0.03343427
v -0.04306707 0.05780003 -0.00312169
v -0.04306708 0.05164978 -0.00312169
v -0.0399919 0.05164978 -0.00440599
v -0.03999189 0.05780003 -0.00440599
v 0.01887755 0.05164977 0.03875648
v 0.01887755 0.05780002 0.03875648
v 0.02111655 0.05780001 0.03035068
v 0.02111654 0.05164976 0.03035068
v 0.02376042 0.05164976 0.03237313
v 0.02376043 0.05780001 0.03237313
v 0.0178166 0.05780002 0.03079009
v 0.01781659 0.05164977 0.03079009
v 0.02111654 0.05164976 0.03035068
v 0.02111655 0.05780001 0.03035068
v -0.0430498 0.05164978 0.00303618
v -0.0430498 0.05780003 0.00303618
v -0.01886618 0.0578 0.03881702
v -0.01886619 0.05164975 0.03881702
v -0.0221724 0.05164976 0.03839645
v -0.02217239 0.05780001 0.03839645
v 0.04001189 0.05779993 0.00430258
v 0.04001188 0.05164968 0.00430258
v 0.0369364 0.05164968 0.00302864
v 0.03693635 0.05779993 0.00302864
v 0.01579386 0.05780002 0.03343427
v 0.01579385 0.05164977 0.03343427
v -0.02421295 0.05780001 0.03576169
v -0.02421296 0.05164976 0.03576169
v -0.02379263 0.05164976 0.03245554
v -0.02379262 0.05780001 0.03245554
v -0.02217239 0.05780001 0.03839645
v -0.0221724 0.05164976 0.03839645
v 0.03693635 0.05779993 -0.00312226
v 0.03693634 0.05164968 -0.00312226
v 0.04001188 0.05164968 -0.00439618
v 0.04001189 0.05779993 -0.00439618
v -0.01785135 0.0578 0.03083526
v -0.01785136 0.05164975 0.03083526
v -0.016231 0.0578 0.03677665
v -0.01623101 0.05164975 0.03677665
v -0.0430498 0.05780003 0.00303618
v -0.0430498 0.05164978 0.00303618
v -0.04433392 0.05164978 -3.912E-05
v -0.04433391 0.05780003 -3.912E-05
v 0.02379216 0.05779995 -0.03254352
v 0.02379215 0.0516497 -0.03254352
v -0.01785136 0.05164975 0.03083526
v -0.01785135 0.0578 0.03083526
v 0.01887755 0.05780002 0.03875648
v 0.01887755 0.05164977 0.03875648
v -0.04306708 0.05164978 -0.00312169
v -0.04306707 0.05780003 -0.00312169
v -0.01577047 0.05164975 -0.03356301
v -0.01577046 0.0578 -0.03356301
v -0.03562502 0.05780002 -6.391E-05
v -0.03562503 0.05164977 -6.391E-05
v 0.02420013 0.05164976 0.03567326
v 0.02420014 0.05780001 0.03567326
v -0.02419057 0.05780001 -0.03579056
v -0.02419058 0.05164976 -0.03579056
v -0.0221698 0.05164976 -0.0384413
v -0.02216979 0.05780001 -0.0384413
v 0.01623656 0.05164971 -0.03687607
v 0.01623656 0.05779996 -0.03687607
v -0.0369092 0.05780002 -0.00313933
v -0.03690921 0.05164978 -0.00313933
v -0.03562503 0.05164977 -6.391E-05
v -0.03562502 0.05780002 -6.391E-05
v 0.04001188 0.05164968 0.00430258
v 0.04001189 0.05779993 0.00430258
v -0.01886687 0.05164975 -0.03888702
v -0.01886686 0.0578 -0.03888702
v -0.02109417 0.0578 -0.03046691
v -0.02109418 0.05164976 -0.03046691
v -0.017791 0.0578 -0.03091228
v -0.01779101 0.05164975 -0.03091228
v -0.02109418 0.05164976 -0.03046691
v -0.02109417 0.0578 -0.03046691
v 0.04308736 0.05164968 -0.00312225
v 0.04308737 0.05779993 -0.00312225
v 0.03566247 0.05164969 -4.684E-05
v 0.03566248 0.05779993 -4.684E-05
v -0.03690921 0.05164978 -0.00313933
v -0.0369092 0.05780002 -0.00313933
v -0.01577046 0.0578 -0.03356301
v -0.01577047 0.05164975 -0.03356301
v 0.02379215 0.0516497 -0.03254352
v 0.02379216 0.05779995 -0.03254352
v 0.03693634 0.05164968 -0.00312226
v 0.03693635 0.05779993 -0.00312226
v 0.0158114 0.05164971 -0.03357016
v 0.04308736 0.05164968 -0.00312225
v 0.04436129 0.05164967 -4.683E-05
v -0.03689145 0.05164978 0.00301866
v -0.03997926 0.04971484 -5.151E-05
v -0.03996699 0.05164978 0.00430284
v -0.01886687 0.05164975 -0.03888702
v -0.01998041 0.04971481 -0.03467679
v -0.0162159 0.05164975 -0.03686618
v 0.04308736 0.05164968 0.00302865
v -0.02379263 0.05164976 0.03245554
v -0.02115757 0.05164976 0.03041475
v -0.02374492 0.05164976 -0.03248739
v -0.02419058 0.05164976 -0.03579056
v 0.02420013 0.05164976 0.03567326
v 0.01999705 0.04971483 0.0345534
v 0.0221772 0.05164976 0.03831732
v 0.01623343 0.05164971 0.03673422
v 0.01579385 0.05164977 0.03343427
v -0.04306708 0.05164978 -0.00312169
v -0.0399919 0.05164978 -0.00440599
v 0.01887755 0.05164977 0.03875648
v 0.02111654 0.05164976 0.03035068
v 0.02376042 0.05164976 0.03237313
v 0.01781659 0.05164977 0.03079009
v -0.0430498 0.05164978 0.00303618
v -0.01886619 0.05164975 0.03881702
v -0.0221724 0.05164976 0.03839645
v 0.04001188 0.05164968 0.00430258
v 0.0369364 0.05164968 0.00302864
v -0.02421296 0.05164976 0.03576169
v 0.04001188 0.05164968 -0.00439618
v -0.01785136 0.05164975 0.03083526
v -0.04433392 0.05164978 -3.912E-05
v 0.02379215 0.0516497 -0.03254352
v -0.01577047 0.05164975 -0.03356301
v -0.03562503 0.05164977 -6.391E-05
v -0.0221698 0.05164976 -0.0384413
v -0.03690921 0.05164978 -0.00313933
v -0.02109418 0.05164976 -0.03046691
v -0.01779101 0.05164975 -0.03091228
v -0.00778725 0.04564976 0.04745994
v -0.00778723 0.05764997 0.04745994
v 0.00881395 0.04389295 0.04922043
v 0.01563123 0.04564973 0.04745995
v 0.00782517 0.04564974 0.04745994
v 0.00881397 0.05943242 0.04922043
v 0.00782519 0.05764995 0.04745994
v 0.01563124 0.05764994 0.04745995
v 0.00782519 0.05764995 0.04745994
v 0.00782517 0.04564974 0.04745994
v 1.9E-05 0.05764996 0.04745994
v 1.898E-05 0.04564975 0.04745994
v 0.00015126 0.04315142 0.04992948
v 1.898E-05 0.04564975 0.04745994
v -0.00853612 0.04389297 0.04922043
v -0.00778725 0.04564976 0.04745994
v -0.01559325 0.04564977 0.04745993
v -0.01559324 0.05764998 0.04745993
v -0.00778723 0.05764997 0.04745994
v -0.0085361 0.05943244 0.04922043
v 1.9E-05 0.05764996 0.04745994
v 0.00015128 0.06014805 0.04992948
v -0.00428428 0.04916524 0.04745994
v -0.00428428 0.04916524 0.05275981
v -0.00495 0.0516498 0.05275981
v -0.00495 0.0516498 0.04745994
v 0.00250356 0.05595337 0.04745994
v 0.00250356 0.05595337 0.05275981
v 0.0043224 0.05413434 0.05275981
v 0.0043224 0.05413434 0.04745994
v -0.00246532 0.05595337 0.04745994
v -0.00246532 0.05595337 0.05275981
v 1.905E-05 0.05661885 0.05275981
v 1.905E-05 0.05661885 0.04745994
v 0.00432239 0.04916522 0.04745994
v 0.00432239 0.04916522 0.05275981
v 0.00250355 0.0473467 0.05275981
v 0.00250355 0.0473467 0.04745994
v -0.00246533 0.0473467 0.04745994
v -0.00246533 0.0473467 0.05275981
v -0.00428428 0.04916524 0.05275981
v -0.00428428 0.04916524 0.04745994
v -0.00428427 0.05413435 0.04745994
v -0.00428427 0.05413435 0.05275981
v 0.00498812 0.05164978 0.04745994
v 0.00498812 0.05164978 0.05275981
v 0.00432239 0.04916522 0.05275981
v 0.00432239 0.04916522 0.04745994
v 1.904E-05 0.04668067 0.04745994
v 1.904E-05 0.04668067 0.05275981
v -0.00428427 0.05413435 0.05275981
v -0.00428427 0.05413435 0.04745994
v 0.0043224 0.05413434 0.04745994
v 0.0043224 0.05413434 0.05275981
v 0.00498812 0.05164978 0.05275981
v 0.00476889 0.05164978 0.05295978
v 0.00413243 0.04927509 0.05295978
v 0.00432239 0.04916522 0.05275981
v 1.904E-05 0.0469002 0.05295978
v -0.00235572 0.04753654 0.05295978
v -0.00473078 0.0516498 0.05295978
v -0.00409443 0.05402492 0.05295978
v 0.0043224 0.05413434 0.05275981
v 0.00413244 0.05402491 0.05295978
v 0.00250355 0.0473467 0.05275981
v 0.00239394 0.04753654 0.05295978
v 1.904E-05 0.0469002 0.05295978
v 1.904E-05 0.04668067 0.05275981
v -0.00409444 0.0492751 0.05295978
v 0.00250356 0.05595337 0.05275981
v 0.00239395 0.05576353 0.05295978
v -0.00235571 0.05576353 0.05295978
v 1.905E-05 0.05639987 0.05295978
v -0.00246533 0.0473467 0.05275981
v -0.00235572 0.04753654 0.05295978
v 1.905E-05 0.05661885 0.05275981
v 1.905E-05 0.05639987 0.05295978
v -0.00235571 0.05576353 0.05295978
v -0.00246532 0.05595337 0.05275981
v -0.00409443 0.05402492 0.05295978
v -0.00392122 0.05392478 0.05295978
v -0.00225593 0.05559044 0.05295978
v -0.00235571 0.05576353 0.05295978
v 0.00456898 0.05164978 0.05295978
v 0.00395934 0.0493748 0.05295978
v 1.904E-05 0.04709981 0.05295978
v -0.00225594 0.04770963 0.05295978
v -0.00235572 0.04753654 0.05295978
v -0.00473078 0.0516498 0.05295978
v -0.0045308 0.0516498 0.05295978
v 0.00395934 0.05392477 0.05295978
v 0.00229398 0.04770963 0.05295978
v -0.00409444 0.0492751 0.05295978
v -0.00392123 0.0493748 0.05295978
v 0.00229399 0.05559044 0.05295978
v 1.905E-05 0.05619977 0.05295978
v 1.904E-05 0.04710262 0.05424009
v -0.00058089 0.04815666 0.05485116
v -0.00172945 0.04862098 0.05485116
v -0.00225594 0.04770963 0.05423985
v -0.00392122 0.05392478 0.05295978
v -0.00392122 0.05392478 0.05423985
v -0.00225593 0.05559044 0.05423985
v -0.00225593 0.05559044 0.05295978
v 0.00456898 0.05164978 0.05295978
v 0.00456898 0.05164978 0.05423985
v 0.00395934 0.0493748 0.05423985
v 0.00395934 0.0493748 0.05295978
v 0.00229398 0.04770963 0.05423985
v 0.00176767 0.04862104 0.05485116
v 0.00061897 0.04815666 0.05485116
v -0.0045308 0.0516498 0.05295978
v -0.0045308 0.0516498 0.05423985
v -0.00392122 0.05392478 0.05423985
v -0.00392122 0.05392478 0.05295978
v 0.00395934 0.05392477 0.05295978
v 0.00395934 0.05392477 0.05423985
v 1.904E-05 0.04709981 0.05295978
v 1.904E-05 0.04710262 0.05424009
v -0.00225594 0.04770963 0.05423985
v -0.00225594 0.04770963 0.05295978
v -0.00392123 0.0493748 0.05295978
v -0.00392123 0.0493748 0.05423985
v 0.00229399 0.05559044 0.05295978
v 0.00229399 0.05559044 0.05423985
v 0.00395934 0.05392477 0.05423985
v 0.00395934 0.05392477 0.05295978
v 1.905E-05 0.05619697 0.05424009
v 0.00061899 0.05514292 0.05485116
v 0.00176768 0.0546786 0.05485116
v 0.00229399 0.05559044 0.05423985
v 0.00395934 0.0493748 0.05295978
v 0.00395934 0.0493748 0.05423985
v 0.00229398 0.04770963 0.05423985
v 0.00229398 0.04770963 0.05295978
v -0.00392123 0.0493748 0.05423985
v -0.00392123 0.0493748 0.05295978
v -0.00300958 0.04990111 0.05485116
v -0.00392123 0.0493748 0.05423985
v 1.905E-05 0.05619977 0.05295978
v 1.905E-05 0.05619697 0.05424009
v -0.00392122 0.05392478 0.05423985
v -0.00300957 0.05339847 0.05485116
v -0.00172944 0.0546786 0.05485116
v -0.00225593 0.05559044 0.05423985
v 0.00456898 0.05164978 0.05423985
v 0.00351636 0.05164979 0.05485116
v 0.0030478 0.04990111 0.05485116
v 0.00395934 0.0493748 0.05423985
v -0.00347819 0.05164979 0.05485116
v -0.00300957 0.05339847 0.05485116
v 0.00395934 0.05392477 0.05423985
v 0.00304781 0.05339847 0.05485116
v -0.00300958 0.04990111 0.05485116
v -0.00058088 0.05514292 0.05485116
v 0.00061897 0.04990344 0.05485116
v -0.0005809 0.04990344 0.05485116
v -0.0005809 0.04990344 0.05485116
v -0.0005809 0.04986851 0.05544244
v -0.00058089 0.04815666 0.05485116
v 0.00061898 0.05339657 0.05485116
v 0.00061898 0.05343156 0.05544244
v 0.00061899 0.05514292 0.05485116
v 0.00061897 0.04990344 0.05485116
v 0.00061898 0.04986851 0.05544244
v 0.00061898 0.05164979 0.05565177
v 0.00061898 0.05164979 0.05485116
v -0.00058089 0.05339657 0.05485116
v -0.00058089 0.05343156 0.05544244
v -0.0005809 0.05164979 0.05565177
v -0.0005809 0.05164979 0.05485116
v 0.00061898 0.05339657 0.05485116
v -0.00058089 0.05339657 0.05485116
v -0.0005809 0.05164979 0.05485116
v 0.00061898 0.05164979 0.05485116
v 0.00061897 0.04815666 0.05485116
v -0.00058088 0.05514292 0.05485116
v -0.00183697 0.05290543 0.05531941
v -0.00223001 0.05164979 0.05532919
v -0.0005809 0.05164979 0.05565177
v -0.00058089 0.05343156 0.05544244
v 0.00187503 0.05290543 0.05531941
v 0.00061898 0.05343156 0.05544244
v 0.00061898 0.05164979 0.05565177
v 0.00226806 0.05164979 0.05532919
v -0.00347819 0.05164979 0.05485116
v -0.00183697 0.05039416 0.05531941
v -0.0005809 0.04986851 0.05544244
v 0.00187502 0.05039416 0.05531941
v 0.00061898 0.04986851 0.05544244
v -0.00881716 0.01354999 -0.04921173
v -0.00013942 0.01354998 -0.05000864
v 0.00854311 0.01354997 -0.04926382
v 0.01696601 0.01354996 -0.04703007
v 0.02487859 0.01354995 -0.04338179
v 0.0320287 0.01354994 -0.038393
v 0.03819432 0.01354993 -0.03225253
v 0.04324158 0.01354992 -0.02511821
v 0.04920395 0.01354986 -0.00884006
v 0.04999573 0.01354992 -0.00014756
v 0.04925794 0.01354992 0.0085304
v 0.04702575 0.01354992 0.01694865
v 0.03824412 0.01354993 0.03190125
v 0.04336965 0.01354992 0.02487743
v 0.03225553 0.01354994 0.03818053
v 0.02511048 0.01354995 0.04321444
v 0.01563119 0.01354996 0.04745995
v 0.00881391 0.01354997 0.04919516
v 0.00015122 0.01354998 0.04992948
v -0.00853616 0.01354999 0.04924522
v -0.01559329 0.01355 0.04745993
v -0.02487796 0.01355001 0.04335842
v -0.03200857 0.01355002 0.03837952
v -0.03820764 0.01355002 0.03221795
v -0.04691719 0.01354992 0.01723645
v -0.04919789 0.01355004 0.00880478
v -0.0499957 0.01355004 0.00013504
v -0.04925094 0.01355004 -0.00854899
v -0.04701742 0.01355004 -0.01697159
v -0.04336854 0.01355003 -0.02488494
v -0.03838232 0.01354996 -0.03203214
v -0.03223672 0.01355002 -0.03820931
v -0.02511986 0.01355001 -0.04323858
v -6.503E-05 0.06345002 -0.02507174
v -0.00440452 0.06345002 -0.02467322
v 0.00426706 0.06345001 -0.02470003
v -0.00864932 0.06345003 -0.02352404
v -0.01258686 0.06345003 -0.02167963
v -0.01614579 0.06345004 -0.01916486
v -0.01924726 0.06345004 -0.01604723
v -0.02173528 0.06345004 -0.01248134
v -0.02355966 0.06345005 -0.00852419
v -0.02468715 0.06345005 -0.00427366
v -0.02505836 0.06345005 5.757E-05
v -0.02465961 0.06345005 0.00439178
v -0.02358595 0.06344993 0.00836121
v -0.01894723 0.06345004 0.01633988
v -0.01602583 0.06345004 0.01924394
v -0.01246886 0.06345003 0.02172731
v -0.00850527 0.06345003 0.02355538
v -0.00433837 0.06345002 0.02466016
v 7.665E-05 0.06345008 0.0250082
v 0.00447906 0.06345007 0.02463459
v 0.00864799 0.06345001 0.0235064
v 0.01257855 0.06345006 0.02165806
v 0.01597739 0.06345006 0.01926386
v 0.02183855 0.06345005 0.01225091
v 0.02356792 0.06344999 0.0085007
v 0.02469147 0.06344999 0.00426323
v 0.02505989 0.06344999 -7.33E-05
v 0.02468462 0.06344993 -0.00419353
v 0.02154382 0.06344999 -0.01277958
v 0.01915075 0.06344999 -0.0161625
v 0.01603873 0.06345 -0.01926135
v 0.01247415 0.06345 -0.02174865
v 0.00851801 0.06345001 -0.02357267
vn 0 -1 0
vn 0.93898 0 -0.34398
vn 0.86968 0 -0.49362
vn -0.64542 0 -0.76383
vn -0.76741 0 -0.64115
vn 0.17155 0 -0.98518
vn -0.00299 0 -1
vn 0.32891 0 0.94436
vn 0.49465 0 0.86909
vn 0.27165 -0.00012 0.9624
vn -0.86752 0 -0.49739
vn -0.93431 0 0.35646
vn -0.86451 0 0.50262
vn 0.65291 0 0.75744
vn -0.90812 0 -0.41872
vn -0.1627 0.00046 0.98668
vn 0.00272 -0.00034 1
vn 0.00037 0.00034 1
vn -0.1703 0.0004 0.98539
vn 0.76737 0 0.6412
vn -0.9666 0 -0.2563
vn -0.98518 0 -0.17152
vn 0.80778 0 0.58948
vn 0.90811 0 0.41873
vn 0.94087 0 0.33876
vn -1 0 0.00308
vn 0.98524 0 0.17115
vn -0.98421 0 0.17701
vn -0.17704 0 -0.9842
vn 1 0 -0.00299
vn 0.98235 0 -0.18705
vn -0.77225 0 0.63531
vn -0.64112 0 0.76744
vn 0.76383 0 -0.64542
vn -0.49057 0 0.8714
vn -0.49056 0 0.87141
vn 0.64135 0 -0.76724
vn -0.40408 0 0.91473
vn -0.34402 0 -0.93896
vn 0.49741 0 -0.86752
vn -0.24476 0.00067 0.96958
vn -0.24202 0 0.97027
vn -0.50259 0 -0.86452
vn 0.41869 0 -0.90813
vn 0.16636 -0.00046 0.98607
vn 0.17518 -0.00049 0.98454
vn 0.25633 0 -0.96659
vn 0.27174 0 0.96237
vn -0.11231 -0.00067 0.99367
vn -0.16911 -0.00208 0.9856
vn -0.16169 -0.00183 0.98684
vn -0.24525 0 0.96946
vn 0.00085 0.0007 1
vn 0.17423 0.00177 0.9847
vn 0.16547 0.00204 0.98621
vn 0.00229 -0.00067 1
vn 0.32961 0.00076 0.94412
vn 0.94086 0 0.33879
vn -0.2335 0.69623 0.67878
vn -0.23427 0.69621 0.67854
vn -0.3518 0.69643 0.62547
vn -0.35226 0.69643 0.62522
vn -0.9842 0 0.17704
vn -1 0 0.00311
vn -0.24693 0.69627 -0.67396
vn -0.2469 0.69626 -0.67399
vn -0.18788 0.69496 -0.69407
vn 0.35702 0.69633 -0.62263
vn 0.35699 0.69634 -0.62263
vn 0.46036 0.69628 -0.5507
vn 0.46033 0.69627 -0.55073
vn -0.11683 0.6963 0.70818
vn -0.11637 0.6963 0.70826
vn -0.36071 0.69633 -0.62049
vn 0.24315 0.69633 -0.67528
vn 0.24312 0.69632 -0.6753
vn 0.11948 0.69636 0.70768
vn 0.11893 0.69636 0.70777
vn 0.06073 0.69474 0.71669
vn -0.41496 0.69494 -0.58724
vn -0.41497 0.69496 -0.58722
vn 0.12308 0.69632 -0.7071
vn 0.12314 0.69632 -0.70709
vn 0.2357 0.69614 0.67811
vn 0.23658 0.69614 0.6778
vn -0.55084 0.69629 -0.46017
vn -0.55081 0.69629 -0.4602
vn -0.50979 0.69491 -0.50716
vn -0.00214 0.69633 -0.71772
vn 0.29414 0.69439 0.65673
vn 0.29415 0.69441 0.65672
vn -0.62263 0.69634 -0.35699
vn -0.62265 0.69632 -0.35698
vn -0.62182 0.69473 0.3615
vn -0.67048 0.69627 0.25624
vn -0.67074 0.69629 0.2555
vn 0.46838 0.69633 0.54382
vn 0.46886 0.69632 0.54342
vn 0.41409 0.69502 0.58777
vn -0.67536 0.69624 -0.24318
vn -0.05646 0.69474 0.71705
vn 0.55175 0.69501 0.46102
vn 0.55174 0.695 0.46104
vn -0.7072 0.69621 -0.12312
vn -0.7072 0.69621 -0.12315
vn 0.61892 0.69638 0.3633
vn 0.61859 0.69639 0.36385
vn 0.67528 0.69633 0.24315
vn 0.67527 0.69636 0.24312
vn -0.71772 0.69633 0.00223
vn 0.62401 0.69637 -0.35452
vn 0.62433 0.69635 -0.35399
vn 0.67515 0.69499 -0.24733
vn 0.70707 0.69639 0.12281
vn 0.70707 0.69639 0.12284
vn -0.71599 0.69499 0.06589
vn 0.71766 0.69639 -0.00214
vn 0.71768 0.69637 -0.00217
vn -0.6941 0.69496 0.18776
vn 0.71607 0.69498 -0.06522
vn 0.71605 0.69499 -0.06522
vn -0.59888 0.69401 0.39962
vn 0.69062 0.69422 -0.20271
vn -0.46017 0.69627 0.55087
vn -0.4602 0.69627 0.55084
vn -0.50695 0.69489 0.51003
vn 0.58713 0.69483 -0.41531
vn 0.58712 0.69483 -0.41533
vn -0.06577 0.69498 -0.71601
vn 0.5075 0.6948 -0.50961
vn 0.50751 0.69478 -0.50962
vn 0 1 0
vn 0 1 0
vn 0 1 0
vn -1E-05 1 0
vn -1E-05 1 1E-05
vn 0 1 -0
vn 0 1 -1E-05
vn 0 1 -0
vn 0 1 0
vn 0 1 -0
vn 0 1 1E-05
vn 1E-05 1 2E-05
vn 0 1 0
vn -1E-05 1 -1E-05
vn -1E-05 1 -2E-05
vn 0 1 0
vn 0 1 -0
vn 0 1 -0
vn 0 1 1E-05
vn 0 1 1E-05
vn 0 1 -0
vn 0 1 0
vn 0 1 -0
vn 0 1 -0
vn 0 1 0
vn 0 1 0
vn -0.25453 0.67445 -0.69306
vn -0.37105 0.67448 -0.63828
vn -0.37108 0.67447 -0.63827
vn -0.2545 0.67445 -0.69307
vn -0.86452 0 0.50259
vn -0.64109 0 0.76747
vn -0.49758 0 0.86742
vn -0.17701 0 -0.98421
vn 0.64134 0 -0.76726
vn -0.41884 0 0.90806
vn 0.49739 0 -0.86752
vn -0.1681 0 0.98577
vn -0.2563 0 0.9666
vn -0.50262 0 -0.86451
vn 0.17359 0 0.98482
vn 0.00299 0 1
vn -0.6454 0 -0.76385
vn 0.25636 0 -0.96658
vn 0.34474 0 0.9387
vn 0.50259 0 0.86452
vn 0.65288 0 0.75747
vn 0.7674 0 0.64117
vn -0.96659 0 -0.25633
vn 0.80785 0 0.58939
vn 0.9081 0 0.41875
vn 0.56674 0.67429 0.47344
vn 0.64061 0.67433 0.36728
vn 0.56668 0.67429 0.4735
vn 0.69052 0.67392 -0.26271
vn 0.6403 0.67189 -0.37228
vn 0.64032 0.67187 -0.37227
vn 0.69001 0.6739 -0.26408
vn -0.48181 0.67414 -0.55982
vn -0.48273 0.67411 -0.55906
vn 0.69478 0.6743 0.2502
vn 0.6948 0.67429 0.25017
vn 0.12424 0.67448 -0.72777
vn 0.05808 0.67271 -0.73762
vn 0.05808 0.67273 -0.73761
vn 0.12397 0.67447 -0.72782
vn -0.53603 0.67178 -0.51125
vn -0.53607 0.67175 -0.51125
vn 0.72754 0.67428 0.12659
vn 0.72751 0.67429 0.12672
vn -0.59836 0.67179 -0.43664
vn -0.63709 0.67417 -0.37365
vn -0.63648 0.67417 -0.37468
vn -0.59833 0.67182 -0.43664
vn -0.69468 0.67442 -0.25017
vn -0.69471 0.67441 -0.2501
vn 0.73692 0.67302 0.06321
vn 0.73694 0.673 0.06317
vn -0.69504 0.67236 0.25465
vn -0.6421 0.67411 0.36507
vn -0.6427 0.67407 0.36409
vn -0.69505 0.67237 0.25459
vn -0.72742 0.67447 -0.12635
vn -0.72743 0.67445 -0.12635
vn 0.7268 0.6743 -0.13069
vn 0.72679 0.6743 -0.13075
vn 0.73652 0.67301 -0.06778
vn -0.73685 0.67315 -0.06262
vn -0.73686 0.67314 -0.06263
vn -0.7365 0.67311 0.06705
vn -0.72571 0.67411 0.13755
vn -0.7255 0.67408 0.1388
vn 0.57007 0.67395 -0.4699
vn 0.57106 0.67394 -0.46872
vn 0.52146 0.67293 -0.52464
vn 0.52145 0.67295 -0.52462
vn -0.56409 0.67429 0.47659
vn -0.56403 0.6743 0.47665
vn 0.42336 0.67307 -0.60642
vn 0.36733 0.67451 -0.64039
vn 0.36737 0.67452 -0.64037
vn 0.0022 0.67425 0.7385
vn 0.13071 0.67414 0.72694
vn 0.1308 0.67414 0.72693
vn 0.00223 0.67427 0.73848
vn -0.52197 0.67292 0.52414
vn 0.25017 0.67448 -0.69462
vn 0.25014 0.67445 -0.69466
vn 0.25407 0.67424 0.69343
vn 0.25401 0.67423 0.69346
vn -0.42324 0.67301 0.60657
vn -0.36727 0.67438 0.64057
vn -0.36724 0.67439 0.64057
vn 0.37114 0.67432 0.6384
vn -0.25023 0.67423 0.69483
vn -0.25014 0.67423 0.69487
vn -0.06253 0.67274 -0.73723
vn -0.12827 0.67446 -0.72708
vn -0.12797 0.67448 -0.72712
vn -0.06253 0.67271 -0.73726
vn 0.4269 0.67286 0.60416
vn -0.18965 0.67283 0.71507
vn -0.18964 0.67282 0.71509
vn 0.52448 0.6728 0.52179
vn -0.06321 0.67289 0.73704
vn -0.06324 0.67289 0.73704
vn 0.98518 0 0.17152
vn 1 0 -0.00311
vn -0.93898 0 0.34398
vn -0.86968 0 0.49362
vn -0.96661 0 -0.25627
vn -0.98525 0 -0.17112
vn 0.98421 0 -0.17701
vn -1 0 0.00302
vn 0.93431 0 -0.35646
vn -0.98236 0 0.18702
vn 0.86451 0 -0.50262
vn 0.77225 0 -0.63531
vn 0.64112 0 -0.76744
vn -0.76382 0 0.64543
vn 0.49758 0 -0.86742
vn 0.17704 0 0.9842
vn -0.64135 0 0.76724
vn 0.41882 0 -0.90807
vn 0.34404 0 0.93895
vn -0.49741 0 0.86752
vn 0.25627 0 -0.96661
vn 0.1681 0 -0.98577
vn -0.41869 0 0.90813
vn -0.17359 0 -0.98482
vn 0.64542 0 0.76383
vn -0.25633 0 0.96659
vn -0.17155 0 0.98518
vn -0.34471 0 -0.93871
vn 0.76741 0 0.64115
vn 0.82011 0 0.5722
vn -0.65289 0 -0.75745
vn 0.90813 0 0.41869
vn -0.76739 0 -0.64119
vn -0.86217 0 -0.50662
vn -0.9081 0 -0.41875
vn -0 1 -0
vn 1E-05 1 1E-05
vn 0 1 2E-05
vn 1E-05 1 1E-05
vn 1E-05 1 1E-05
vn 1E-05 1 0
vn 2E-05 1 0
vn 2E-05 1 -0
vn 1E-05 1 -0
vn 0 1 0
vn 0 1 0
vn 0 1 -0
vn 0 1 -0
vn 0 1 -0
vn 0 1 0
vn -0 1 -1E-05
vn -1E-05 1 -1E-05
vn 0 1 -0
vn -1E-05 1 0
vn 0 1 0
vn -0 1 -1E-05
vn -0 1 -0
vn -0 1 -0
vn -0 1 -1E-05
vn 0 1 0
vn 0 1 0
vn 0 1 -0
vn 0 1 0
vn 0 1 -0
vn 0 1 -0
vn 0 1 0
vn 0 1 -1E-05
vn 0 1 -1E-05
vn 0 1 0
vn 0 1 0
vn 0 1 -0
vn -1E-05 1 0
vn -0 1 -0
vn -3E-05 1 1E-05
vn -1E-05 1 1E-05
vn 2E-05 1 -2E-05
vn 1E-05 1 -1E-05
vn -1E-05 1 2E-05
vn -1E-05 1 -4E-05
vn -0 1 4E-05
vn 0 1 0
vn 0 1 -0
vn -2E-05 1 -0
vn -1E-05 1 0
vn 0 1 0
vn 0 1 0
vn 0 1 -1E-05
vn 0 1 -0
vn 0 1 0
vn -2E-05 1 -0
vn -2E-05 1 -1E-05
vn 0 1 0
vn 0 1 0
vn -0 1 -1E-05
vn 2E-05 1 -4E-05
vn 0 1 0
vn 0 1 -0
vn 0 1 -0
vn 0 1 -0
vn 0 1 0
vn 0 1 0
vn 0 1 0
vn 0 1 0
vn 0 1 -0
vn -2E-05 1 1E-05
vn -3E-05 1 0
vn 0 1 0
vn 1E-05 1 -1E-05
vn 3E-05 1 -0
vn 1E-05 1 0
vn 1E-05 1 0
vn 0 1 0
vn 0 1 1E-05
vn 0 1 1E-05
vn 0 1 -0
vn 0 1 -0
vn 0 1 0
vn 1E-05 1 -1E-05
vn 1E-05 1 -1E-05
vn -1E-05 1 1E-05
vn -1E-05 1 1E-05
vn 0 1 0
vn -1E-05 1 -2E-05
vn -1E-05 1 -2E-05
vn 0 1 0
vn 0 1 2E-05
vn 1E-05 1 3E-05
vn 0 1 -0
vn 1E-05 1 0
vn 1E-05 1 0
vn 0 1 0
vn 0 1 -0
vn 0 1 0
vn 0 1 0
vn 0 1 -0
vn 0 1 0
vn -0.17729 0.73882 -0.65016
vn -0.17726 0.73881 -0.65018
vn 0.33419 0.739 -0.58497
vn 0.33424 0.73899 -0.58496
vn 0.17723 0.73903 0.64994
vn 0.17729 0.73902 0.64994
vn -0.33434 0.73894 0.58497
vn -0.33428 0.73894 0.585
vn -0.00189 0.73899 -0.67371
vn -0.00189 0.73898 -0.67373
vn 0.47497 0.73902 -0.47775
vn 0.475 0.73902 -0.47772
vn 1 0 -0.00195
vn 0.92463 0 0.38087
vn 0.65011 0.73886 -0.17731
vn 0.65015 0.73884 -0.17726
vn 0.00192 0.7389 0.67381
vn -0.47519 0.73885 0.47781
vn -0.47516 0.73885 0.47784
vn 0 0.73851 -0.67424
vn 0 0.7385 -0.67426
vn 0.47674 0.73854 -0.47674
vn -0.00098 0.8711 -0.49111
vn 0.34657 0.8711 -0.34795
vn -0.70849 0 -0.70572
vn -0.38451 0 -0.92312
vn -0.92313 0 0.38449
vn -0.92313 0 0.38449
vn -0.92461 0 -0.38091
vn 0.38087 0 -0.92463
vn 0.70573 0 -0.70848
vn 0.70572 0 -0.70849
vn 0.00195 0 1
vn -0.38087 0 0.92463
vn 0.38451 0 0.92312
vn -0.70912 0 -0.70509
vn -0.7091 0 -0.7051
vn -0.00281 0 -1
vn 0.49109 0.87111 -0.00095
vn 0.34792 0.87111 0.34658
vn 0.00095 0.87111 0.49109
vn -0.34658 0.87111 0.34792
vn -0.34796 0.8711 -0.34658
vn -0.49111 0.8711 0.00095
vn 1 0 -0.00284
vn 0.92497 0 0.38005
vn 0.79156 0 -0.61109
vn 0.96515 0 -0.2617
vn -0.92498 0 -0.38003
vn -0.96478 0 0.26308
vn -0.99201 0 -0.12613
vn 0.92276 0 -0.38537
vn 0.58508 0.73881 0.33443
vn 0.58509 0.73884 0.33434
vn -0.64994 0.73903 0.17726
vn -0.64996 0.73901 0.17722
vn -0.58501 0.73895 -0.33425
vn -0.58499 0.73893 -0.33431
vn -0.33803 0.73839 -0.58353
vn -0.33806 0.73841 -0.58349
vn 0.17359 0.73837 -0.65167
vn 0.17356 0.73838 -0.65167
vn -0.58237 0.739 0.33871
vn -0.58233 0.73902 0.33873
vn -0.65136 0.73895 -0.17228
vn -0.65137 0.73893 -0.17231
vn 0.65144 0.7386 0.1735
vn 0.65146 0.73859 0.17344
vn 0.33797 0.73859 0.58331
vn 0.33791 0.73857 0.58338
vn -0.6515 0.73854 -0.17353
vn -0.65149 0.73856 -0.1735
vn 0.58335 0.73854 -0.33803
vn 0.58345 0.73852 -0.33791
vn 0.65022 0.739 -0.17634
vn 0.65024 0.73899 -0.17628
vn 0.5845 0.73896 0.3351
vn 0.5845 0.73895 0.33513
vn -0.17356 0.73853 0.65149
vn -0.1735 0.73853 0.65152
vn -0.67435 0.73841 0
vn -0.47677 0.7385 -0.47677
vn 0.67421 0.73854 0
vn -0.47674 0.73854 0.47674
vn -0.47675 0.73855 0.47672
vn -0.58341 0.73851 0.33797
vn -0.58338 0.73851 0.33803
vn 0.47674 0.73857 0.47668
vn 0.47671 0.73857 0.47671
vn -0.33513 0.73897 0.58448
vn -0.65024 0.73899 0.17628
vn -0.65022 0.739 0.17634
vn -0.17631 0.73892 -0.65032
vn -0.17634 0.73893 -0.6503
vn 0.33513 0.73897 -0.58448
vn 0 0.73857 0.67418
vn 0.17625 0.73905 0.65018
vn 0.17637 0.73908 0.65012
vn -0.58451 0.73894 -0.33514
vn 0.33871 0.739 0.58237
vn 0.33873 0.73902 0.58233
vn -0.17231 0.73892 0.65139
vn -0.17231 0.7389 0.65141
vn -0.33877 0.739 -0.58234
vn -0.3387 0.73899 -0.58239
vn 0.65131 0.73899 0.17228
vn 0.65131 0.73899 0.17231
vn -0.47778 0.73899 -0.475
vn -0.47775 0.73896 -0.47506
vn 0.17231 0.73896 -0.65134
vn 0.17228 0.73897 -0.65134
vn 0.67379 0.73892 -0.00189
vn 0.67378 0.73893 -0.00186
vn 0.47784 0.73887 0.47512
vn 0.47781 0.73887 0.47515
vn 0.5824 0.73899 -0.33867
vn 0.58234 0.73899 -0.33879
vn -0.67379 0.73892 0.00192
vn -0.67378 0.73893 0.00189
vn 0 1 -4E-05
vn 0 1 1E-05
vn 0 1 -0
vn 0 1 3E-05
vn 0 1 -7E-05
vn 0 1 1E-05
vn 0 1 -1E-05
vn 0 1 -6E-05
vn -0.9228 0 0.38528
vn -0.9228 0 0.38527
vn -0.60623 0 0.79529
vn -0.86442 0 0.50277
vn 0.79527 0 0.60626
vn 0.50277 0 0.86442
vn 0.61222 0 0.79069
vn 0.26305 0 0.96478
vn 0.26308 0 0.96478
vn -0.50277 0 -0.86442
vn -0.13367 0 -0.99103
vn 0.86442 0 -0.50277
vn 0.99102 0 -0.1337
vn 0.1337 0 0.99102
vn 0.86531 0 -0.50124
vn 0.99125 0 -0.13196
vn -0.79529 0 -0.60623
vn 0.38531 0 0.92279
vn 0.00284 0 1
vn -0.60752 0 0.7943
vn -0.86527 0 0.5013
vn 0.2617 0 0.96515
vn -0.12751 0 0.99184
vn 0.38009 0 -0.92495
vn 0.38264 0 -0.9239
vn 0.70712 0 -0.70709
vn -0.79154 0 0.61111
vn -0.96515 0 0.2617
vn 0.96477 0 -0.2631
vn 0.99202 0 0.1261
vn 0.38264 0 0.9239
vn 0 0 1
vn -0.92386 0 0.38274
vn -0.92386 0 0.38273
vn -0.6123 0 -0.79062
vn -0.2631 0 -0.96477
vn -0.61111 0 -0.79154
vn -0.2617 0 -0.96515
vn -0.92386 0 -0.38273
vn -0.70709 0 -0.70712
vn 0.60763 0 -0.79422
vn -0.99102 0 0.1337
vn -0.79426 0 -0.60758
vn -0.5013 0 -0.86527
vn -0.99125 0 0.13199
vn 0.99184 0 0.12748
vn -0.13205 0 -0.99124
vn -0.38271 0 -0.92387
vn 0.5013 0 0.86527
vn 0.13196 0 0.99125
vn 0.60621 0 -0.79531
vn -0.38271 0 0.92387
vn 0.79429 0 0.60754
vn 1 0 0
vn -0.38003 0 0.92498
vn 0.12616 0 -0.99201
vn -0.99183 0 -0.12754
vn -0.79067 0 0.61225
vn 0.9239 0 0.38264
vn 0.92391 0 0.38262
vn 0.79062 0 -0.6123
vn 0.61111 0 0.79154
vn -0.1261 0 0.99202
vn -0.12613 0 0.99201
vn 0.12754 0 -0.99183
vn 0.58077 0.74334 0.33189
vn 0.58079 0.74334 0.33187
vn 0.17595 0.74331 0.6454
vn 0.176 0.74331 0.64538
vn -0.66929 0.743 0
vn -0.47332 0.74292 -0.47332
vn -0.4733 0.74291 -0.47336
vn -0.17103 0.74329 0.64673
vn -0.17109 0.74329 0.64673
vn -0.57825 0.74334 0.33626
vn -0.57819 0.74336 0.33632
vn -0.47442 0.74321 -0.47177
vn -0.00186 0.74329 -0.66897
vn -0.00192 0.7433 -0.66896
vn -0.47335 0.7429 0.47332
vn -0.47339 0.74288 0.47333
vn 0.33275 0.74333 -0.58029
vn 0.64552 0.74343 -0.175
vn 0.64551 0.74342 -0.17506
vn -1E-05 1 -4E-05
vn 0 1 -0
vn -1E-05 1 0
vn -2E-05 1 2E-05
vn 0 1 -3E-05
vn 0 1 1E-05
vn 0 1 -1E-05
vn 0 1 -1E-05
vn 0 1 -0
vn 0 1 -1E-05
vn -1E-05 1 0
vn -2E-05 1 0
vn 0 1 -0
vn 0 1 -3E-05
vn 0 1 2E-05
vn 0 1 3E-05
vn 0 1 1E-05
vn 0 1 -1E-05
vn 0 1 -5E-05
vn 0 1 -1E-05
vn 0 1 7E-05
vn 0 1 -4E-05
vn 0 1 2E-05
vn 0 1 -7E-05
vn 0 1 -1E-05
vn 0 1 5E-05
vn 0 1 2E-05
vn 0 1 3E-05
vn 0 1 1E-05
vn 0 1 -0
vn 0 1 -0
vn 0 1 1E-05
vn -1E-05 1 7E-05
vn -2E-05 1 -5E-05
vn 0 1 -2E-05
vn 0 1 1E-05
vn 0 1 1E-05
vn 0 1 4E-05
vn -2E-05 1 0
vn -1E-05 1 0
vn 0 1 -0
vn 0 1 0
vn 0 1 0
vn 0 1 -3E-05
vn 0 1 -1E-05
vn 0 1 -1E-05
vn 0 1 -4E-05
vn 1E-05 1 -0
vn -0.96477 0 0.2631
vn -0.99201 0 -0.12616
vn -0.96514 0 0.26173
vn 0.12757 0 -0.99183
vn 0.61115 0 0.79152
vn 0.26167 0 0.96516
vn -0.1276 0 0.99183
vn 0.57828 0.74329 -0.33632
vn 0.57825 0.7433 -0.33635
vn 0.6467 0.74332 0.17106
vn -0.64685 0.74289 -0.17231
vn -0.64686 0.74291 -0.17222
vn -0.33553 0.74291 -0.57923
vn -0.33556 0.74293 -0.57919
vn 0.5791 0.74302 -0.3355
vn 0.57908 0.74303 -0.3355
vn 0.64686 0.74287 0.17237
vn 0.64688 0.74287 0.17231
vn 0.47436 0.7433 0.47168
vn 0.47433 0.74329 0.47173
vn 0.00186 0.74329 0.66897
vn 0.00186 0.7433 0.66896
vn 0.17225 0.74304 -0.6467
vn 0.17219 0.74305 -0.6467
vn -0.17225 0.7429 0.64686
vn -0.17231 0.74289 0.64685
vn -0.57919 0.7429 0.33562
vn -0.57922 0.7429 0.33556
vn 0.33556 0.74297 0.57914
vn 0.3355 0.74295 0.57919
vn 0.47164 0.74333 -0.47436
vn 0.47165 0.74334 -0.47434
vn -0.17604 0.74339 -0.64527
vn -0.17597 0.74339 -0.6453
vn 0.33189 0.74331 -0.5808
vn 0.3319 0.7433 -0.58082
vn 0 0.74297 -0.66933
vn -3E-05 0.74298 -0.66931
vn 0.47342 0.74288 -0.4733
vn 0.47336 0.74288 -0.47336
vn 0.64538 0.74332 -0.17597
vn 0.6454 0.7433 -0.17598
vn 0.47339 0.74284 0.47339
vn 0 0.74295 0.66934
vn -0.3319 0.74333 0.58078
vn -0.3318 0.74335 0.58081
vn -0.64546 0.74324 0.17601
vn -0.64547 0.74323 0.176
vn -0.58084 0.74329 -0.33189
vn -0.58081 0.74326 -0.33199
vn 0.66892 0.74333 -0.00189
vn 0.66892 0.74333 -0.00186
vn -0.5803 0.74334 -0.33272
vn -0.58029 0.74336 -0.33269
vn -0.17509 0.74329 -0.64566
vn -0.17503 0.74327 -0.6457
vn -0.64661 0.74339 -0.17106
vn -0.64664 0.74338 -0.171
vn -0.66886 0.74339 0.00189
vn -0.66883 0.74342 0.00195
vn 0.33629 0.74333 0.57825
vn 0.33632 0.74333 0.57822
vn 0.58035 0.74329 0.33275
vn 0.58035 0.74327 0.33278
vn -0.47162 0.74336 0.47433
vn -0.47164 0.74335 0.47433
vn 0.171 0.74341 -0.64661
vn 0.171 0.7434 -0.64662
vn -0.33632 0.74327 -0.57831
vn -0.33635 0.74326 -0.5783
vn 0.66937 0.74293 0
vn 0.66939 0.74291 0
vn -0.6455 0.74344 0.17502
vn -0.64548 0.74345 0.17506
vn 0.17506 0.74332 0.64563
vn 0.17503 0.74329 0.64566
vn -0.33269 0.74341 0.58023
vn -0.33266 0.74342 0.58023
vn 0 -1 -1E-05
vn 0 -1 1E-05
vn 0 -1 -1E-05
vn 0 -1 0
vn 0 -1 -1E-05
vn 0.79158 0 -0.61106
vn 0.96515 0 -0.2617
vn -0.92389 0 0.38267
vn -0.92389 0 0.38267
vn -0.70913 0 -0.70507
vn -0.86444 0 0.50273
vn -0.9239 0 -0.38264
vn -0.70711 0 -0.70711
vn 0.61225 0 0.79067
vn -0.79431 0 -0.60751
vn -0.50128 0 -0.86528
vn 0.86527 0 -0.5013
vn 0.99125 0 -0.13202
vn 0.3853 0 0.92279
vn 0.00281 0 1
vn -0.1319 0 -0.99126
vn 0.50124 0 0.86531
vn 0.38005 0 -0.92497
vn 0.12604 0 -0.99202
vn 0.38262 0 -0.92391
vn 0.70711 0 -0.70711
vn 0.79421 0 0.60764
vn 0.96478 0 -0.26308
vn 0.99201 0 0.12613
vn 0.79067 0 -0.61225
vn -0.79057 0 0.61237
vn -0.61222 0 -0.79069
vn 0.92279 0 -0.38531
vn 1 0 -0.00281
vn -0.61117 0 -0.7915
vn 0.60756 0 -0.79428
vn 0.92495 0 0.38009
vn -0.99103 0 0.13364
vn -0.925 0 -0.37996
vn 0.79528 0 0.60624
vn 0.50275 0 0.86443
vn -0.92278 0 0.38533
vn -0.92278 0 0.38533
vn -0.38266 0 -0.92389
vn -0.13364 0 -0.99103
vn -0.38268 0 0.92388
vn -0.38009 0 0.92495
vn -0.79533 0 -0.60617
vn -0.99184 0 -0.12748
vn 0.79154 0 -0.61111
vn -0.79149 0 0.61118
vn -0.12757 0 0.99183
vn 0 -1 1E-05
vn 0 -1 -0
vn -1E-05 -1 -2E-05
vn 1E-05 -1 -2E-05
vn 0 -1 -1E-05
vn 0 -1 -1E-05
vn 0 -1 -1E-05
vn 0 -1 0
vn 0 -1 0
vn 0 -1 1E-05
vn 0 -1 -0
vn 0 -1 0
vn 0 -1 -1E-05
vn 0 -1 1E-05
vn 0 -1 -1E-05
vn 0 -1 1E-05
vn 0 -1 -1E-05
vn 0 -1 0
vn 0 -1 1E-05
vn 2E-05 -1 0
vn 1E-05 -1 2E-05
vn 0 -1 1E-05
vn 0 -1 0
vn 0 -1 -0
vn 0 -1 0
vn 0 -1 0
vn 0 -1 -1E-05
vn 0 -1 0
vn 0 -1 -1E-05
vn 0 -1 -0
vn 0 -1 -1E-05
vn 0 -1 -0
vn 0 -1 -0
vn 0 -1 1E-05
vn 0 -1 -1E-05
vn 0 -1 -1E-05
vn 0 -1 1E-05
vn 0 -1 0
vn 0 -1 -1E-05
vn 0 -1 -1E-05
vn 0 -1 1E-05
vn 0 -1 -0
vn 0 -1 1E-05
vn -0.39175 0.91385 0.10682
vn -0.35256 0.91384 -0.20149
vn -0.20198 0.91385 0.35226
vn -0.39189 0.91386 0.10624
vn -0.10627 0.91385 -0.39189
vn 0.20194 0.91386 -0.35225
vn 0.35225 0.91385 0.20197
vn 0.10624 0.91386 0.39189
vn 0.40649 0.91366 0
vn 0.28743 0.91366 0.28743
vn -0.92387 0 0.3827
vn -0.92387 0 0.3827
vn -0.00284 0 -1
vn -0.92388 0 -0.38268
vn 0.6123 0 0.79062
vn 0.2631 0 0.96477
vn -0.79422 0 -0.60763
vn -0.50124 0 -0.86531
vn 0.86525 0 -0.50134
vn 0.38536 0 0.92277
vn 0.00287 0 1
vn -0.13193 0 -0.99126
vn -0.60758 0 0.79426
vn 0.50128 0 0.86528
vn -0.26304 0 -0.96478
vn 0.38268 0 -0.92388
vn 0.79426 0 0.60758
vn 0.38268 0 0.92388
vn -0.7906 0 0.61234
vn -0.61115 0 -0.79152
vn -0.12616 0 0.99201
vn 0.60751 0 -0.79431
vn -0.99103 0 0.13361
vn -0.99124 0 0.13205
vn 0.99183 0 0.12754
vn -0.92278 0 0.38532
vn -0.92278 0 0.38532
vn -0.38268 0 -0.92388
vn 0.13373 0 0.99102
vn -0.50275 0 -0.86443
vn -0.13361 0 -0.99103
vn -0.38005 0 0.92497
vn -0.79531 0 -0.60621
vn -0.99183 0 -0.1276
vn 0.92388 0 0.38268
vn 0.39189 0.91385 -0.10627
vn -0.28743 0.91366 0.28743
vn -0.40649 0.91366 0
vn -0.28795 0.91384 -0.28633
vn -0.00113 0.91383 -0.40609
vn -0.10383 0.91386 0.39253
vn -0.351 0.91386 0.20411
vn -0.28743 0.91366 -0.28743
vn 0.35256 0.91385 0.20146
vn 0.10682 0.91386 0.39174
vn 0.351 0.91385 -0.20414
vn 0.39253 0.91386 0.10383
vn -0.39275 0.91368 -0.10462
vn -0.20371 0.91368 -0.3517
vn 0.35167 0.91368 -0.20375
vn 0.39275 0.91368 0.10459
vn 0.28795 0.91384 0.28633
vn 0.00116 0.91383 0.40609
vn 0.10459 0.91368 -0.39275
vn -0.10462 0.91366 0.39278
vn -0.35171 0.91366 0.20378
vn 0.20375 0.91367 0.35171
vn 0.2863 0.91385 -0.28795
vn -0.10682 0.91384 -0.39178
vn 0.20149 0.91383 -0.35259
vn 0 0.91366 -0.40649
vn 0.28743 0.91366 -0.28743
vn 0.39177 0.91384 -0.10685
vn 0 0.91366 0.40649
vn -0.20146 0.91385 0.35256
vn 0.40606 0.91384 -0.00113
vn -0.35225 0.91385 -0.20197
vn -0.39253 0.91386 -0.10383
vn -0.40609 0.91383 0.00116
vn 0.20414 0.91385 0.351
vn -0.28633 0.91384 0.28795
vn 0.10383 0.91385 -0.39255
vn -0.20414 0.91385 -0.351
vn 0 0.70784 0.70638
vn 0 -0.70268 0.7115
vn -0.00264 0.7071 0.70711
vn 0 0.703 0.71119
vn 0 0.70784 0.70637
vn 0 0.703 0.71119
vn 0.00267 0.70727 0.70694
vn 0 -0.70268 0.7115
vn 0 -0.70268 0.7115
vn -0.00014 -0.70302 0.71117
vn 0 -0.70302 0.71117
vn 0.00019 -0.70274 0.71145
vn -0.96593 -0.2588 0
vn -1 0 0
vn 0.49999 0.86603 0
vn 0.70714 0.70708 0
vn -0.49997 0.86604 0
vn 0.70706 -0.70715 0
vn 0.5 -0.86602 0
vn -0.5 -0.86602 0
vn -0.49999 -0.86603 0
vn -0.70703 -0.70718 0
vn -0.70711 0.70711 0
vn 0.96593 -0.2588 0
vn -0.96593 0.2588 0
vn 0.96593 0.2588 0
vn 0.6739 0 0.73882
vn 0.67392 0 0.7388
vn 0.5834 -0.33675 0.73908
vn 0.58337 -0.33684 0.73907
vn -0.1776 -0.6628 0.72743
vn -0.17778 -0.66319 0.72703
vn -0.67392 0 0.7388
vn -0.58372 0.33706 0.73869
vn -0.58375 0.337 0.7387
vn 0.58363 0.33688 0.73885
vn 0.58356 0.337 0.73884
vn 0.33693 -0.58365 0.73881
vn 0.33694 -0.58366 0.73879
vn 0.17765 -0.66282 0.7274
vn 0.17765 -0.66279 0.72743
vn -0.58347 -0.33696 0.73893
vn -0.58353 -0.33684 0.73894
vn 0.33693 0.58365 0.73881
vn 0.33694 0.58366 0.73879
vn -0.17771 0.66321 0.72703
vn -0.17775 0.6635 0.72675
vn -0.48547 -0.4855 0.72706
vn -0.48548 -0.48551 0.72704
vn 0.17778 0.66349 0.72676
vn 0.17777 0.66351 0.72674
vn -0.4855 0.4855 0.72703
vn -2E-05 0 1
vn 2E-05 0 1
vn 2E-05 0 1
vn -0 0 1
vn 2E-05 0 1
vn -3E-05 0 1
vn -0 0 1
vn -3E-05 0 1
vn 2E-05 0 1
vn -2E-05 0 1
vn -0 0 1
vn -3E-05 0 1
vn 2E-05 0 1
vn 1E-05 0 1
vn -0.00937 -0.53662 0.84377
vn -0.15461 -0.50362 0.84998
vn -0.23243 -0.37712 0.89652
vn -0.25093 -0.43499 0.86476
vn -0.70717 0.70705 0
vn -0.4995 0.86631 0
vn -0.49966 0.86622 0.00034
vn 0.96592 -0.25883 0
vn 0.26985 -0.44054 0.85621
vn 0.24028 -0.36214 0.90062
vn 0.11591 -0.4739 0.87291
vn 0.96592 0.25883 0
vn 0.00037 -1 0.00183
vn -0.49985 -0.86611 0.00034
vn -0.50003 -0.86601 0
vn 0.49984 0.86612 0.00034
vn 0.70715 0.70706 0
vn 0.0094 0.53659 0.84379
vn 0.15461 0.50362 0.84998
vn 0.23243 0.3771 0.89653
vn 0.25087 0.43496 0.8648
vn 0.70708 -0.70714 0
vn 0.4995 -0.86631 0
vn 0.49966 -0.86622 0.00034
vn -0.70709 -0.70712 0
vn -0.33171 -0.25343 0.9087
vn -0.36431 -0.36431 0.85707
vn -0.00037 1 0.00183
vn -0.36431 0.36428 0.85708
vn -0.33171 0.25343 0.9087
vn -0.24028 0.36208 0.90065
vn -0.26979 0.44045 0.85628
vn 0.50217 0 0.86477
vn 0.44201 0 0.89701
vn 0.38146 -0.21971 0.8979
vn 0.4349 -0.25108 0.86477
vn -0.50215 0 0.86478
vn -0.50217 0 0.86477
vn -0.49767 0.13334 0.85706
vn -0.49765 0.13334 0.85707
vn 0.4349 0.25108 0.86477
vn 0.38148 0.21967 0.89789
vn -0.49767 -0.13334 0.85706
vn -0.49765 -0.13334 0.85707
vn -0.11588 0.47387 0.87294
vn 1 1E-05 0
vn -1 0 -0
vn -1 -0 1E-05
vn -1 0 0
vn 1 -0 0
vn 1 -0 0
vn -1 0 1E-05
vn 1 -0 0
vn 1 -0 -0
vn 1 -0 0
vn -1 0 0
vn -1 0 -0
vn -0.23536 0.1608 0.95851
vn -0.28432 0 0.95873
vn -0.16871 0 0.98567
vn -0.16459 0.22053 0.96139
vn 0.23536 0.1608 0.95851
vn 0.16459 0.22053 0.96139
vn 0.16871 0 0.98567
vn 0.28429 0 0.95874
vn -0.35765 0 0.93385
vn -0.23536 -0.16083 0.95851
vn -0.16456 -0.2205 0.96141
vn 0.23533 -0.16084 0.95851
vn 0.16456 -0.2205 0.96141
vn 0 -1 -0
vn 0 -1 0
vn 0 -1 0
vn -7E-05 -1 1E-05
vn 0 -1 0
vn 0 -1 -0
vn 0 -1 -0
vn 0 -1 0
vn 0.00013 -1 -5E-05
vn -4E-05 -1 -2E-05
vn -1E-05 -1 0
vn 1E-05 -1 0
vn 0 -1 0
vn 0 -1 0
vn 0 -1 0
vn 0 -1 0
vn 0 1 3E-05
vn 0 1 0
vn 0 1 -1E-05
vn 0 1 -0
vn 0 1 0
vn 0 1 -0
vn -0.00025 1 0.0001
vn 0 1 1E-05
vn -2E-05 1 7E-05
vn -1E-05 1 -7E-05
vn -3E-05 1 -4E-05
vn -6E-05 1 -4E-05
vn 1E-05 1 2E-05
vn 2E-05 1 1E-05
vn 0 1 -0
vn 0.00014 1 -2E-05
vn 0 1 -1E-05
vn 0 1 -0
vn 0 1 0
vn -1E-05 1 1E-05
vn 0 1 0
vn 1E-05 1 -0
vn -0 1 -0
vt 0.20772 0.81463
vt 0.2073 0.81423
vt 0.20771 0.81387
vt 0.94616 0.81901
vt 0.94616 0.82563
vt 0.92165 0.82563
vt 0.92165 0.81901
vt 0.21569 0.90688
vt 0.21569 0.90068
vt 0.2402 0.90068
vt 0.2402 0.90688
vt 0.21569 0.93876
vt 0.21569 0.93294
vt 0.2402 0.93294
vt 0.2402 0.93876
vt 0.72432 0.39843
vt 0.72432 0.39053
vt 0.74884 0.39053
vt 0.74884 0.39843
vt 0.21569 0.89498
vt 0.2402 0.89498
vt 0.34751 0.91319
vt 0.34751 0.91982
vt 0.323 0.91982
vt 0.323 0.91319
vt 0.72432 0.38413
vt 0.74884 0.38413
vt 0.21569 0.88998
vt 0.2402 0.88998
vt 0.72432 0.41634
vt 0.72432 0.41023
vt 0.74693 0.41023
vt 0.74749 0.41633
vt 0.72432 0.37826
vt 0.74884 0.37826
vt 0.34751 0.88941
vt 0.34751 0.89455
vt 0.323 0.89455
vt 0.323 0.88941
vt 0.72433 0.37283
vt 0.74884 0.37283
vt 0.94616 0.79004
vt 0.94616 0.79466
vt 0.92165 0.79466
vt 0.92165 0.79004
vt 0.34751 0.90034
vt 0.323 0.90034
vt 0.94616 0.80003
vt 0.92165 0.80003
vt 0.34751 0.90661
vt 0.323 0.90661
vt 0.24936 0.93294
vt 0.24936 0.92663
vt 0.25768 0.92663
vt 0.25768 0.93294
vt 0.94616 0.806
vt 0.92165 0.806
vt 0.94616 0.8124
vt 0.92165 0.8124
vt 0.34751 0.92636
vt 0.323 0.92636
vt 0.34751 0.93261
vt 0.323 0.93261
vt 0.94616 0.83211
vt 0.92165 0.83211
vt 0.34751 0.93833
vt 0.323 0.93833
vt 0.94616 0.83819
vt 0.92165 0.83819
vt 0.34751 0.94413
vt 0.323 0.94413
vt 0.21569 0.92663
vt 0.21569 0.92006
vt 0.2402 0.92006
vt 0.2402 0.92663
vt 0.94616 0.84372
vt 0.92165 0.84372
vt 0.72432 0.421
vt 0.74884 0.421
vt 0.21569 0.91341
vt 0.2402 0.91341
vt 0.94616 0.84852
vt 0.92165 0.84852
vt 0.72432 0.40378
vt 0.74749 0.40379
vt 0.21569 0.94394
vt 0.2402 0.94394
vt 0.91249 0.84852
vt 0.91249 0.84372
vt 0.91249 0.8124
vt 0.91249 0.81901
vt 0.90417 0.81901
vt 0.90417 0.8124
vt 0.24936 0.90688
vt 0.24936 0.91341
vt 0.24936 0.93876
vt 0.24936 0.94394
vt 0.24936 0.90068
vt 0.758 0.39053
vt 0.758 0.39843
vt 0.24936 0.89498
vt 0.31384 0.91982
vt 0.31384 0.91319
vt 0.758 0.38413
vt 0.24936 0.88998
vt 0.758 0.37826
vt 0.31384 0.89455
vt 0.31384 0.88941
vt 0.758 0.37283
vt 0.91249 0.79466
vt 0.91249 0.79004
vt 0.31384 0.90034
vt 0.91249 0.82563
vt 0.91249 0.80003
vt 0.31384 0.90661
vt 0.91249 0.806
vt 0.31384 0.92636
vt 0.31384 0.93261
vt 0.91249 0.83211
vt 0.31384 0.93833
vt 0.91249 0.83819
vt 0.31384 0.94413
vt 0.24936 0.92006
vt 0.76632 0.37826
vt 0.76632 0.38413
vt 0.30552 0.93261
vt 0.30552 0.92636
vt 0.90417 0.83211
vt 0.90417 0.82563
vt 0.30552 0.93833
vt 0.90417 0.83819
vt 0.30552 0.94413
vt 0.25768 0.92006
vt 0.90417 0.84372
vt 0.758 0.421
vt 0.75936 0.41633
vt 0.76632 0.41634
vt 0.76632 0.421
vt 0.25768 0.91341
vt 0.90417 0.84852
vt 0.75991 0.41023
vt 0.75936 0.40379
vt 0.76632 0.40378
vt 0.76632 0.41023
vt 0.25768 0.90688
vt 0.25768 0.93876
vt 0.25768 0.94394
vt 0.76632 0.39843
vt 0.25768 0.90068
vt 0.76632 0.39053
vt 0.25768 0.89498
vt 0.30552 0.91982
vt 0.30552 0.91319
vt 0.25768 0.88998
vt 0.30552 0.89455
vt 0.30552 0.88941
vt 0.76632 0.37283
vt 0.90417 0.79466
vt 0.90417 0.79004
vt 0.30552 0.90034
vt 0.90417 0.80003
vt 0.30552 0.90661
vt 0.90417 0.806
vt 0.59353 0.84561
vt 0.59407 0.84621
vt 0.58897 0.85182
vt 0.58831 0.85134
vt 0.87342 0.41041
vt 0.87342 0.41367
vt 0.86868 0.41367
vt 0.86868 0.41041
vt 0.25852 0.92001
vt 0.25852 0.92644
vt 0.64987 0.89652
vt 0.64921 0.89604
vt 0.65258 0.89046
vt 0.65332 0.89083
vt 0.5979 0.84218
vt 0.59835 0.84286
vt 0.25852 0.91349
vt 0.64547 0.90151
vt 0.64491 0.90092
vt 0.76716 0.40366
vt 0.76716 0.40997
vt 0.25852 0.90711
vt 0.64028 0.90568
vt 0.63983 0.905
vt 0.76716 0.39842
vt 0.60219 0.90815
vt 0.60255 0.90742
vt 0.60862 0.90978
vt 0.60839 0.91056
vt 0.63445 0.90888
vt 0.63412 0.90813
vt 0.76716 0.39069
vt 0.5965 0.9047
vt 0.59698 0.90405
vt 0.30468 0.91974
vt 0.30468 0.91325
vt 0.6298 0.83729
vt 0.62957 0.83808
vt 0.62317 0.8368
vt 0.62326 0.83599
vt 0.59151 0.90031
vt 0.59209 0.89974
vt 0.60376 0.83902
vt 0.60408 0.83976
vt 0.63592 0.83983
vt 0.63556 0.84055
vt 0.58734 0.89512
vt 0.58802 0.89466
vt 0.64167 0.84315
vt 0.64119 0.8438
vt 0.64668 0.84755
vt 0.64609 0.84811
vt 0.58414 0.88928
vt 0.58488 0.88896
vt 0.90333 0.82551
vt 0.90333 0.81903
vt 0.65084 0.85274
vt 0.65016 0.85319
vt 0.58201 0.88298
vt 0.58281 0.88279
vt 0.65404 0.85857
vt 0.65329 0.8589
vt 0.30468 0.90681
vt 0.65617 0.86488
vt 0.65538 0.86508
vt 0.30468 0.92614
vt 0.90333 0.81256
vt 0.58487 0.85702
vt 0.5856 0.85738
vt 0.58323 0.86347
vt 0.58245 0.86324
vt 0.90333 0.83185
vt 0.62814 0.91101
vt 0.62795 0.91021
vt 0.65494 0.8844
vt 0.65572 0.88463
vt 0.59704 0.89502
vt 0.59366 0.89124
vt 0.63157 0.90232
vt 0.62645 0.90405
vt 0.61061 0.90367
vt 0.60557 0.90129
vt 0.60103 0.89854
vt 0.61195 0.84436
vt 0.61022 0.83764
vt 0.61541 0.83677
vt 0.61722 0.84355
vt 0.58938 0.88149
vt 0.58181 0.87634
vt 0.58893 0.87597
vt 0.58918 0.87064
vt 0.58212 0.86986
vt 0.59009 0.86538
vt 0.63252 0.84674
vt 0.63716 0.84942
vt 0.64956 0.87196
vt 0.65623 0.87152
vt 0.65623 0.878
vt 0.64956 0.87734
vt 0.62773 0.8447
vt 0.6411 0.85288
vt 0.6363 0.89972
vt 0.64901 0.86682
vt 0.64852 0.88252
vt 0.62151 0.9112
vt 0.62119 0.90484
vt 0.64044 0.89639
vt 0.59168 0.86059
vt 0.64475 0.85715
vt 0.64674 0.8878
vt 0.8803 0.40426
vt 0.8803 0.4077
vt 0.87946 0.40762
vt 0.87946 0.40431
vt 0.53365 0.73379
vt 0.53365 0.7369
vt 0.52891 0.7369
vt 0.52891 0.73379
vt 0.87342 0.40719
vt 0.86868 0.40719
vt 0.53365 0.73064
vt 0.52891 0.73064
vt 0.87342 0.39989
vt 0.87342 0.40352
vt 0.86868 0.40352
vt 0.86868 0.39989
vt 0.53365 0.72699
vt 0.52891 0.72699
vt 0.87342 0.39683
vt 0.86868 0.39683
vt 0.53365 0.72019
vt 0.53365 0.72338
vt 0.52891 0.72338
vt 0.52891 0.72019
vt 0.87342 0.39386
vt 0.86868 0.39386
vt 0.87378 0.68223
vt 0.87378 0.68551
vt 0.86904 0.68551
vt 0.86904 0.68223
vt 0.53365 0.71699
vt 0.52891 0.71699
vt 0.87342 0.39123
vt 0.86868 0.39123
vt 0.87378 0.67878
vt 0.86904 0.67878
vt 0.53365 0.71412
vt 0.52891 0.71412
vt 0.88066 0.68597
vt 0.88066 0.68882
vt 0.87592 0.68882
vt 0.87592 0.68597
vt 0.87378 0.67533
vt 0.86904 0.67533
vt 0.53365 0.71163
vt 0.52891 0.71163
vt 0.88066 0.67933
vt 0.88066 0.68274
vt 0.87592 0.68274
vt 0.87592 0.67933
vt 0.87378 0.67193
vt 0.86904 0.67193
vt 0.87378 0.68853
vt 0.87378 0.69125
vt 0.86904 0.69125
vt 0.86904 0.68853
vt 0.88066 0.67591
vt 0.87592 0.67591
vt 0.87378 0.66868
vt 0.86904 0.66868
vt 0.88066 0.67248
vt 0.87592 0.67248
vt 0.87378 0.66572
vt 0.86904 0.66572
vt 0.88066 0.66932
vt 0.87592 0.66932
vt 0.87378 0.66312
vt 0.86904 0.66312
vt 0.88066 0.66609
vt 0.87592 0.66609
vt 0.87342 0.41668
vt 0.87342 0.41937
vt 0.86868 0.41937
vt 0.86868 0.41668
vt 0.88066 0.66312
vt 0.87592 0.66312
vt 0.53365 0.73971
vt 0.53365 0.74198
vt 0.52891 0.74198
vt 0.52891 0.73971
vt 0.61027 0.89176
vt 0.60731 0.88997
vt 0.60777 0.88936
vt 0.61061 0.89108
vt 0.86654 0.40552
vt 0.86654 0.40917
vt 0.8657 0.40906
vt 0.8657 0.40554
vt 0.8803 0.41094
vt 0.87946 0.41074
vt 0.60472 0.88769
vt 0.60527 0.88716
vt 0.60801 0.85741
vt 0.6111 0.85574
vt 0.61141 0.85644
vt 0.60843 0.85805
vt 0.8803 0.41431
vt 0.87946 0.41398
vt 0.60253 0.88496
vt 0.60317 0.88454
vt 0.62786 0.85619
vt 0.631 0.858
vt 0.63054 0.85862
vt 0.62752 0.85687
vt 0.63347 0.86017
vt 0.63291 0.8607
vt 0.60087 0.88194
vt 0.60157 0.88163
vt 0.87167 0.10081
vt 0.87167 0.0972
vt 0.87251 0.09728
vt 0.87251 0.10075
vt 0.63564 0.86289
vt 0.63501 0.86331
vt 0.86654 0.40227
vt 0.8657 0.40242
vt 0.8657 0.39923
vt 0.86654 0.39895
vt 0.63731 0.86592
vt 0.6366 0.86623
vt 0.87167 0.10754
vt 0.87167 0.10444
vt 0.87251 0.10424
vt 0.87251 0.10722
vt 0.86654 0.41276
vt 0.8657 0.4125
vt 0.86654 0.41575
vt 0.8657 0.41538
vt 0.87167 0.09397
vt 0.87251 0.09417
vt 0.60126 0.8651
vt 0.60304 0.86215
vt 0.60366 0.86261
vt 0.60195 0.86544
vt 0.87855 0.10465
vt 0.87855 0.10129
vt 0.87939 0.10117
vt 0.87939 0.10441
vt 0.87167 0.0907
vt 0.87251 0.09103
vt 0.60533 0.85955
vt 0.60586 0.86011
vt 0.87855 0.0978
vt 0.87939 0.09782
vt 0.63693 0.88275
vt 0.63514 0.8857
vt 0.63452 0.88525
vt 0.63624 0.88241
vt 0.87855 0.09437
vt 0.87939 0.09452
vt 0.63285 0.8883
vt 0.63232 0.88775
vt 0.8803 0.39755
vt 0.8803 0.40087
vt 0.87946 0.40105
vt 0.87946 0.39786
vt 0.87855 0.09105
vt 0.87939 0.09133
vt 0.63013 0.89049
vt 0.6297 0.88985
vt 0.61352 0.89303
vt 0.61374 0.89229
vt 0.87855 0.10781
vt 0.87939 0.10745
vt 0.8657 0.39625
vt 0.8618 0.39923
vt 0.8618 0.39625
vt 0.87641 0.09728
vt 0.87641 0.10075
vt 0.87251 0.1127
vt 0.87251 0.11011
vt 0.87641 0.11011
vt 0.87641 0.1127
vt 0.8618 0.40242
vt 0.87641 0.10722
vt 0.8618 0.40554
vt 0.87641 0.10424
vt 0.8618 0.4125
vt 0.8618 0.40906
vt 0.8618 0.41538
vt 0.87641 0.09417
vt 0.8657 0.41814
vt 0.8618 0.41814
vt 0.88329 0.10117
vt 0.88329 0.10441
vt 0.87641 0.09103
vt 0.8657 0.42054
vt 0.8618 0.42054
vt 0.88329 0.09782
vt 0.87251 0.08817
vt 0.87641 0.08817
vt 0.87946 0.39232
vt 0.87946 0.39489
vt 0.87556 0.39489
vt 0.87556 0.39232
vt 0.88329 0.09452
vt 0.87251 0.08565
vt 0.87641 0.08565
vt 0.87556 0.40105
vt 0.87556 0.39786
vt 0.88329 0.09133
vt 0.87939 0.11024
vt 0.88329 0.10745
vt 0.88329 0.11024
vt 0.87556 0.40431
vt 0.87939 0.08832
vt 0.88329 0.08832
vt 0.87556 0.40762
vt 0.87939 0.08565
vt 0.88329 0.08565
vt 0.87556 0.41074
vt 0.8657 0.39123
vt 0.8657 0.39354
vt 0.8618 0.39354
vt 0.8618 0.39123
vt 0.87556 0.41398
vt 0.87946 0.417
vt 0.87556 0.417
vt 0.87946 0.41937
vt 0.87556 0.41937
vt 0.86681 0.68383
vt 0.83984 0.69942
vt 0.82893 0.68383
vt 0.61827 0.90733
vt 0.615 0.91107
vt 0.61543 0.90815
vt 0.61284 0.90673
vt 0.58979 0.88992
vt 0.58765 0.88787
vt 0.58759 0.88491
vt 0.59059 0.85652
vt 0.5913 0.85365
vt 0.59383 0.85212
vt 0.60546 0.84307
vt 0.60795 0.84301
vt 0.61995 0.84061
vt 0.62278 0.83978
vt 0.62537 0.8412
vt 0.64843 0.85798
vt 0.65056 0.86002
vt 0.65064 0.86298
vt 0.64761 0.89138
vt 0.6469 0.89426
vt 0.64437 0.89579
vt 0.60374 0.84487
vt 0.61628 0.90047
vt 0.61692 0.89371
vt 0.62037 0.89378
vt 0.61887 0.90189
vt 0.61344 0.90129
vt 0.59473 0.88476
vt 0.59479 0.88772
vt 0.59259 0.88272
vt 0.59977 0.87866
vt 0.59752 0.85823
vt 0.59499 0.85976
vt 0.59823 0.85536
vt 0.6098 0.84722
vt 0.61442 0.85459
vt 0.60808 0.84902
vt 0.62195 0.84745
vt 0.62126 0.85415
vt 0.61781 0.85407
vt 0.61936 0.84604
vt 0.62478 0.84662
vt 0.62449 0.8548
vt 0.6435 0.86315
vt 0.64343 0.86019
vt 0.64564 0.86519
vt 0.63836 0.86903
vt 0.64067 0.88968
vt 0.6432 0.88815
vt 0.63997 0.89255
vt 0.60559 0.84908
vt 0.6197 0.90473
vt 0.61201 0.90389
vt 0.59274 0.88986
vt 0.58963 0.88278
vt 0.59212 0.85905
vt 0.5967 0.85283
vt 0.59799 0.852
vt 0.60379 0.84736
vt 0.60214 0.84867
vt 0.60975 0.84473
vt 0.61853 0.8432
vt 0.6262 0.84403
vt 0.64547 0.85806
vt 0.6486 0.86512
vt 0.64608 0.88885
vt 0.6415 0.89508
vt 0.63884 0.87627
vt 0.63819 0.8795
vt 0.63884 0.87266
vt 0.6271 0.89215
vt 0.62382 0.89325
vt 0.59927 0.87543
vt 0.59945 0.87177
vt 0.60007 0.86815
vt 0.59391 0.8526
vt 0.5917 0.85394
vt 0.59492 0.85928
vt 0.59713 0.85794
vt 0.58983 0.88323
vt 0.58804 0.88509
vt 0.92503 0.85207
vt 0.92503 0.85818
vt 0.92323 0.85818
vt 0.92323 0.85207
vt 0.59108 0.85645
vt 0.59255 0.88941
vt 0.59433 0.88754
vt 0.64567 0.8585
vt 0.64389 0.86037
vt 0.92371 0.68317
vt 0.92672 0.68193
vt 0.92547 0.68494
vt 0.0209 0.9518
vt 0.0209 0.94569
vt 0.02339 0.94569
vt 0.02339 0.9518
vt 0.24911 0.9522
vt 0.24911 0.94609
vt 0.2516 0.94609
vt 0.2516 0.9522
vt 0.0191 0.9518
vt 0.0191 0.94569
vt 0.92925 0.85207
vt 0.92925 0.85818
vt 0.92753 0.85818
vt 0.92753 0.85207
vt 0.01447 0.94569
vt 0.01447 0.9518
vt 0.01259 0.9518
vt 0.01259 0.94569
vt 0.01695 0.94569
vt 0.01695 0.9518
vt 0.86868 0.12197
vt 0.86817 0.12197
vt 0.86817 0.11939
vt 0.86868 0.11939
vt 0.92796 0.68494
vt 0.92972 0.68317
vt 0.92972 0.68068
vt 0.92796 0.67892
vt 0.92371 0.68068
vt 0.92547 0.67892
vt 0.88327 0.5737
vt 0.88276 0.5737
vt 0.88276 0.57183
vt 0.88327 0.57183
vt 0.48202 0.94799
vt 0.48253 0.94799
vt 0.48253 0.95047
vt 0.48202 0.95047
vt 0.86868 0.12384
vt 0.86817 0.12384
vt 0.52716 0.9505
vt 0.52767 0.9505
vt 0.52767 0.9527
vt 0.52716 0.9527
vt 0.88327 0.57628
vt 0.88276 0.57628
vt 0.59241 0.85866
vt 0.59775 0.85543
vt 0.59641 0.85322
vt 0.62273 0.84027
vt 0.62025 0.84099
vt 0.61921 0.90468
vt 0.61849 0.9022
vt 0.61974 0.84573
vt 0.622 0.84697
vt 0.62499 0.8415
vt 0.61901 0.84325
vt 0.64045 0.89248
vt 0.64179 0.89469
vt 0.62448 0.84624
vt 0.65012 0.86022
vt 0.64825 0.85844
vt 0.64395 0.86295
vt 0.65018 0.8628
vt 0.62572 0.84398
vt 0.64582 0.86473
vt 0.64651 0.89397
vt 0.64712 0.89146
vt 0.64328 0.88863
vt 0.64107 0.88997
vt 0.6484 0.86467
vt 0.6443 0.8953
vt 0.64579 0.88925
vt 0.61549 0.90766
vt 0.61797 0.90694
vt 0.61623 0.90096
vt 0.61322 0.90642
vt 0.59241 0.88317
vt 0.61375 0.90168
vt 0.5881 0.88768
vt 0.58996 0.88946
vt 0.6125 0.90394
vt 0.59428 0.88496
vt 0.71564 0.57611
vt 0.7156 0.57602
vt 0.71737 0.57425
vt 0.71747 0.57429
vt 0.728 0.5717
vt 0.72809 0.57174
vt 0.72809 0.57425
vt 0.728 0.57429
vt 0.71306 0.56988
vt 0.7131 0.56997
vt 0.71133 0.57174
vt 0.71123 0.5717
vt 0.71306 0.57611
vt 0.7131 0.57602
vt 0.71747 0.5717
vt 0.71737 0.57174
vt 0.7156 0.56997
vt 0.71564 0.56988
vt 0.52891 0.75389
vt 0.52942 0.75389
vt 0.52942 0.75647
vt 0.52891 0.75647
vt 0.93053 0.68708
vt 0.93104 0.68708
vt 0.93104 0.68936
vt 0.93053 0.68936
vt 0.52236 0.95267
vt 0.52186 0.95267
vt 0.52186 0.95052
vt 0.52236 0.95052
vt 0.90412 0.09071
vt 0.90463 0.09071
vt 0.90463 0.09316
vt 0.90412 0.09316
vt 0.48468 0.95025
vt 0.48518 0.95025
vt 0.48518 0.95273
vt 0.48468 0.95273
vt 0.53297 0.9505
vt 0.53247 0.9505
vt 0.53247 0.94799
vt 0.53297 0.94799
vt 0.52186 0.94799
vt 0.52236 0.94799
vt 0.53032 0.95049
vt 0.52981 0.95049
vt 0.52981 0.94799
vt 0.53032 0.94799
vt 0.48468 0.94799
vt 0.48518 0.94799
vt 0.87745 0.57183
vt 0.87796 0.57183
vt 0.87796 0.57441
vt 0.87745 0.57441
vt 0.54042 0.94799
vt 0.54093 0.94799
vt 0.54093 0.95027
vt 0.54042 0.95027
vt 0.88295 0.3936
vt 0.88244 0.3936
vt 0.88244 0.39128
vt 0.88295 0.39128
vt 0.86817 0.1176
vt 0.86868 0.1176
vt 0.88295 0.41937
vt 0.88244 0.41937
vt 0.88244 0.41759
vt 0.88295 0.41759
vt 0.52451 0.94799
vt 0.52502 0.94799
vt 0.52502 0.9505
vt 0.52451 0.9505
vt 0.33726 0.94854
vt 0.33676 0.94854
vt 0.33676 0.94627
vt 0.33726 0.94627
vt 0.88061 0.57634
vt 0.88011 0.57634
vt 0.88011 0.57377
vt 0.88061 0.57377
vt 0.53157 0.75389
vt 0.53207 0.75389
vt 0.53207 0.75647
vt 0.53157 0.75647
vt 0.48733 0.94799
vt 0.48783 0.94799
vt 0.48783 0.9505
vt 0.48733 0.9505
vt 0.53563 0.9527
vt 0.53512 0.9527
vt 0.53512 0.9502
vt 0.53563 0.9502
vt 0.88541 0.57183
vt 0.88592 0.57183
vt 0.88592 0.5737
vt 0.88541 0.5737
vt 0.53032 0.9527
vt 0.52981 0.9527
vt 0.93104 0.69183
vt 0.93053 0.69183
vt 0.53777 0.94799
vt 0.53828 0.94799
vt 0.53828 0.95025
vt 0.53777 0.95025
vt 0.54093 0.95273
vt 0.54042 0.95273
vt 0.48253 0.95273
vt 0.48202 0.95273
vt 0.53828 0.95273
vt 0.53777 0.95273
vt 0.88592 0.57628
vt 0.88541 0.57628
vt 0.5192 0.95013
vt 0.51971 0.95013
vt 0.51971 0.95266
vt 0.5192 0.95266
vt 0.53297 0.9527
vt 0.53247 0.9527
vt 0.88011 0.57183
vt 0.88061 0.57183
vt 0.5192 0.94799
vt 0.51971 0.94799
vt 0.88244 0.41501
vt 0.88295 0.41501
vt 0.87796 0.57635
vt 0.87745 0.57635
vt 0.48783 0.95271
vt 0.48733 0.95271
vt 0.52502 0.9527
vt 0.52451 0.9527
vt 0.52716 0.94799
vt 0.52767 0.94799
vt 0.88244 0.41315
vt 0.88295 0.41315
vt 0.33726 0.95102
vt 0.33676 0.95102
vt 0.88295 0.39604
vt 0.88244 0.39604
vt 0.90463 0.09548
vt 0.90412 0.09548
vt 0.53512 0.94799
vt 0.53563 0.94799
vt 0.73414 0.57174
vt 0.73365 0.57194
vt 0.73216 0.57046
vt 0.73237 0.56997
vt 0.7575 0.57601
vt 0.7573 0.57552
vt 0.75878 0.57404
vt 0.75927 0.57424
vt 0.71971 0.57174
vt 0.7202 0.57195
vt 0.7202 0.57404
vt 0.71971 0.57425
vt 0.73824 0.57602
vt 0.73845 0.57553
vt 0.74054 0.57553
vt 0.74075 0.57602
vt 0.755 0.57601
vt 0.7552 0.57552
vt 0.7154 0.57553
vt 0.71688 0.57404
vt 0.75496 0.5761
vt 0.75754 0.5761
vt 0.7382 0.57611
vt 0.74079 0.57611
vt 0.71962 0.5717
vt 0.71962 0.57429
vt 0.75936 0.57428
vt 0.73423 0.5717
vt 0.73241 0.56988
vt 0.72585 0.5717
vt 0.72576 0.57174
vt 0.72399 0.56997
vt 0.72403 0.56988
vt 0.74658 0.56988
vt 0.74662 0.56997
vt 0.74486 0.57174
vt 0.74476 0.5717
vt 0.74658 0.5761
vt 0.74662 0.57601
vt 0.74912 0.57601
vt 0.74916 0.5761
vt 0.74079 0.56988
vt 0.74075 0.56997
vt 0.73824 0.56997
vt 0.7382 0.56988
vt 0.74486 0.57424
vt 0.74476 0.57428
vt 0.75099 0.5717
vt 0.75089 0.57174
vt 0.74912 0.56997
vt 0.74916 0.56988
vt 0.75099 0.57428
vt 0.75089 0.57424
vt 0.74252 0.57425
vt 0.74261 0.57428
vt 0.72982 0.57611
vt 0.72986 0.57602
vt 0.73237 0.57602
vt 0.73241 0.57611
vt 0.75936 0.5717
vt 0.75927 0.57174
vt 0.7575 0.56997
vt 0.75754 0.56988
vt 0.73423 0.57429
vt 0.73414 0.57425
vt 0.75313 0.5717
vt 0.75323 0.57174
vt 0.75323 0.57424
vt 0.75313 0.57428
vt 0.72982 0.56988
vt 0.72986 0.56997
vt 0.74252 0.57174
vt 0.74261 0.5717
vt 0.71123 0.57429
vt 0.71133 0.57425
vt 0.72148 0.57602
vt 0.72144 0.57611
vt 0.73638 0.57428
vt 0.73647 0.57425
vt 0.72148 0.56997
vt 0.72144 0.56988
vt 0.73638 0.5717
vt 0.73647 0.57174
vt 0.72585 0.57429
vt 0.72576 0.57425
vt 0.72403 0.57611
vt 0.72399 0.57602
vt 0.755 0.56997
vt 0.75496 0.56988
vt 0.94048 0.19988
vt 0.94048 0.2075
vt 0.93869 0.2075
vt 0.93869 0.19988
vt 0.94145 0.67671
vt 0.94145 0.66909
vt 0.94349 0.66909
vt 0.94349 0.67671
vt 0.93822 0.11821
vt 0.93822 0.11059
vt 0.94001 0.11059
vt 0.94001 0.11821
vt 0.56549 0.84366
vt 0.56549 0.85128
vt 0.5635 0.85128
vt 0.5635 0.84366
vt 0.56162 0.85128
vt 0.56162 0.84366
vt 0.68506 0.83338
vt 0.68506 0.82576
vt 0.68657 0.82576
vt 0.68657 0.83338
vt 0.72527 0.57195
vt 0.72378 0.57046
vt 0.74683 0.57046
vt 0.74534 0.57194
vt 0.74683 0.57552
vt 0.74892 0.57552
vt 0.74054 0.57046
vt 0.73845 0.57046
vt 0.74534 0.57404
vt 0.7504 0.57194
vt 0.74892 0.57046
vt 0.7504 0.57404
vt 0.74203 0.57404
vt 0.73007 0.57553
vt 0.73216 0.57553
vt 0.75878 0.57194
vt 0.7573 0.57046
vt 0.73365 0.57404
vt 0.75372 0.57194
vt 0.75372 0.57404
vt 0.73007 0.57046
vt 0.72858 0.57194
vt 0.72858 0.57404
vt 0.74203 0.57194
vt 0.71182 0.57404
vt 0.7133 0.57553
vt 0.72169 0.57553
vt 0.73696 0.57404
vt 0.72169 0.57046
vt 0.71688 0.57195
vt 0.73696 0.57194
vt 0.72527 0.57404
vt 0.72378 0.57553
vt 0.7552 0.57046
vt 0.71182 0.57195
vt 0.7154 0.57046
vt 0.7133 0.57046
vt 0.7884 0.5705
vt 0.78818 0.56996
vt 0.79072 0.56996
vt 0.7905 0.5705
vt 0.79879 0.5705
vt 0.79901 0.56996
vt 0.80081 0.57176
vt 0.80027 0.57198
vt 0.84871 0.38925
vt 0.84849 0.38871
vt 0.85103 0.38871
vt 0.85081 0.38925
vt 0.79198 0.57408
vt 0.79252 0.5743
vt 0.79072 0.5761
vt 0.7905 0.57556
vt 0.70113 0.83137
vt 0.70135 0.83191
vt 0.69881 0.83191
vt 0.69903 0.83137
vt 0.84723 0.39073
vt 0.84669 0.39051
vt 0.92438 0.87098
vt 0.92438 0.86336
vt 0.92639 0.86336
vt 0.92639 0.87098
vt 0.08493 0.85641
vt 0.08493 0.86403
vt 0.08283 0.86403
vt 0.08283 0.85641
vt 0.67785 0.82576
vt 0.67785 0.83338
vt 0.67576 0.83338
vt 0.67576 0.82576
vt 0.92803 0.10083
vt 0.92803 0.10845
vt 0.92618 0.10845
vt 0.92618 0.10083
vt 0.00683 0.95331
vt 0.00683 0.94569
vt 0.00835 0.94569
vt 0.00835 0.95331
vt 0.56162 0.86104
vt 0.56162 0.85343
vt 0.5636 0.85343
vt 0.5636 0.86104
vt 0.93842 0.86336
vt 0.93842 0.87098
vt 0.93638 0.87098
vt 0.93638 0.86336
vt 0.93139 0.85969
vt 0.93139 0.85207
vt 0.93323 0.85207
vt 0.93323 0.85969
vt 0.93918 0.85969
vt 0.93918 0.85207
vt 0.94121 0.85207
vt 0.94121 0.85969
vt 0.94741 0.67671
vt 0.94741 0.66909
vt 0.94951 0.66909
vt 0.94951 0.67671
vt 0.93524 0.85207
vt 0.93524 0.85969
vt 0.93018 0.11821
vt 0.93018 0.11059
vt 0.93203 0.11059
vt 0.93203 0.11821
vt 0.94409 0.87098
vt 0.94409 0.86336
vt 0.94615 0.86336
vt 0.94615 0.87098
vt 0.67431 0.83338
vt 0.67431 0.82576
vt 0.93726 0.66909
vt 0.93726 0.67671
vt 0.93547 0.67671
vt 0.93547 0.66909
vt 0.68152 0.83338
vt 0.68152 0.82576
vt 0.68297 0.82576
vt 0.68297 0.83338
vt 0.94235 0.87098
vt 0.94235 0.86336
vt 0.92602 0.11059
vt 0.92602 0.11821
vt 0.92418 0.11821
vt 0.92418 0.11059
vt 0.92803 0.11059
vt 0.92803 0.11821
vt 0.95176 0.11059
vt 0.95176 0.11821
vt 0.94967 0.11821
vt 0.94967 0.11059
vt 0.94252 0.19988
vt 0.94252 0.2075
vt 0.9393 0.66909
vt 0.9393 0.67671
vt 0.00107 0.95331
vt 0.00107 0.94569
vt 0.00317 0.94569
vt 0.00317 0.95331
vt 0.93618 0.11821
vt 0.93618 0.11059
vt 0.56549 0.85343
vt 0.56549 0.86104
vt 0.93739 0.85969
vt 0.93739 0.85207
vt 0.00469 0.94569
vt 0.00469 0.95331
vt 0.92418 0.10845
vt 0.92418 0.10083
vt 0.67937 0.82576
vt 0.67937 0.83338
vt 0.93403 0.11059
vt 0.93403 0.11821
vt 0.94595 0.11059
vt 0.94595 0.11821
vt 0.94421 0.11821
vt 0.94421 0.11059
vt 0.92823 0.86336
vt 0.92823 0.87098
vt 0.52891 0.75174
vt 0.52891 0.74413
vt 0.53101 0.74413
vt 0.53101 0.75174
vt 0.01045 0.94569
vt 0.01045 0.95331
vt 0.94216 0.11821
vt 0.94216 0.11059
vt 0.94021 0.86336
vt 0.94021 0.87098
vt 0.93222 0.87098
vt 0.93222 0.86336
vt 0.93423 0.86336
vt 0.93423 0.87098
vt 0.9481 0.11821
vt 0.9481 0.11059
vt 0.95109 0.66909
vt 0.95109 0.67671
vt 0.93038 0.87098
vt 0.93038 0.86336
vt 0.94527 0.66909
vt 0.94527 0.67671
vt 0.91567 0.26094
vt 0.91567 0.25624
vt 0.91811 0.25624
vt 0.91811 0.26094
vt 0.03449 0.94569
vt 0.03449 0.95039
vt 0.03233 0.95039
vt 0.03233 0.94569
vt 0.06486 0.94569
vt 0.06486 0.95039
vt 0.06238 0.95039
vt 0.06238 0.94569
vt 0.94191 0.50726
vt 0.94191 0.51195
vt 0.93974 0.51195
vt 0.93974 0.50726
vt 0.89304 0.25624
vt 0.89304 0.26094
vt 0.89063 0.26094
vt 0.89063 0.25624
vt 0.88834 0.26094
vt 0.88834 0.25624
vt 0.84253 0.39431
vt 0.84275 0.39485
vt 0.84021 0.39485
vt 0.84043 0.39431
vt 0.83895 0.39073
vt 0.83841 0.39051
vt 0.84021 0.38871
vt 0.84043 0.38925
vt 0.69903 0.8263
vt 0.69881 0.82576
vt 0.70135 0.82576
vt 0.70113 0.8263
vt 0.83841 0.39305
vt 0.83895 0.39283
vt 0.84401 0.39073
vt 0.84455 0.39051
vt 0.84455 0.39305
vt 0.84401 0.39283
vt 0.84253 0.38925
vt 0.84275 0.38871
vt 0.69701 0.83011
vt 0.69755 0.82988
vt 0.79521 0.57408
vt 0.79467 0.5743
vt 0.79467 0.57176
vt 0.79521 0.57198
vt 0.85229 0.39073
vt 0.85283 0.39051
vt 0.85283 0.39305
vt 0.85229 0.39282
vt 0.79669 0.5705
vt 0.79647 0.56996
vt 0.84871 0.39431
vt 0.84849 0.39485
vt 0.84669 0.39305
vt 0.84723 0.39282
vt 0.80027 0.57408
vt 0.80081 0.5743
vt 0.79901 0.5761
vt 0.79879 0.57556
vt 0.79669 0.57556
vt 0.79647 0.5761
vt 0.69701 0.82756
vt 0.69755 0.82779
vt 0.78011 0.57556
vt 0.77989 0.5761
vt 0.77809 0.5743
vt 0.77863 0.57408
vt 0.78818 0.5761
vt 0.7884 0.57556
vt 0.70261 0.82988
vt 0.70315 0.83011
vt 0.79252 0.57176
vt 0.79198 0.57198
vt 0.78011 0.5705
vt 0.77989 0.56996
vt 0.78243 0.56996
vt 0.78221 0.5705
vt 0.70261 0.82779
vt 0.70315 0.82756
vt 0.78692 0.57198
vt 0.78638 0.57176
vt 0.78692 0.57408
vt 0.78638 0.5743
vt 0.85103 0.39485
vt 0.85081 0.39431
vt 0.78221 0.57556
vt 0.78243 0.5761
vt 0.78369 0.57198
vt 0.78423 0.57176
vt 0.78423 0.5743
vt 0.78369 0.57408
vt 0.77809 0.57176
vt 0.77863 0.57198
vt 0.80475 0.5761
vt 0.80603 0.57303
vt 0.8073 0.5761
vt 0.7716 0.56996
vt 0.77287 0.57303
vt 0.7698 0.57176
vt 0.7716 0.5761
vt 0.77414 0.5761
vt 0.77594 0.57176
vt 0.77414 0.56996
vt 0.21174 0.88783
vt 0.21047 0.88476
vt 0.21354 0.88604
vt 0.47734 0.95268
vt 0.47734 0.94799
vt 0.47988 0.94799
vt 0.47988 0.95268
vt 0.93488 0.10661
vt 0.93018 0.10661
vt 0.93018 0.10406
vt 0.93488 0.10406
vt 0.9067 0.25624
vt 0.9067 0.26094
vt 0.90445 0.26094
vt 0.90445 0.25624
vt 0.23319 0.94609
vt 0.23319 0.95079
vt 0.23135 0.95079
vt 0.23135 0.94609
vt 0.89987 0.25624
vt 0.89987 0.26094
vt 0.89747 0.26094
vt 0.89747 0.25624
vt 0.94539 0.25624
vt 0.94539 0.26094
vt 0.94292 0.26094
vt 0.94292 0.25624
vt 0.93398 0.25624
vt 0.93398 0.26094
vt 0.93175 0.26094
vt 0.93175 0.25624
vt 0.02771 0.95039
vt 0.02771 0.94569
vt 0.03018 0.94569
vt 0.03018 0.95039
vt 0.05132 0.94569
vt 0.05132 0.95039
vt 0.04878 0.95039
vt 0.04878 0.94569
vt 0.92931 0.26094
vt 0.92931 0.25624
vt 0.92716 0.25624
vt 0.92716 0.26094
vt 0.92492 0.26094
vt 0.92492 0.25624
vt 0.0416 0.94569
vt 0.0416 0.95039
vt 0.03911 0.95039
vt 0.03911 0.94569
vt 0.93018 0.1023
vt 0.93488 0.1023
vt 0.9383 0.25624
vt 0.9383 0.26094
vt 0.93612 0.26094
vt 0.93612 0.25624
vt 0.93702 0.1023
vt 0.94172 0.1023
vt 0.94172 0.10406
vt 0.93702 0.10406
vt 0.04372 0.94569
vt 0.04372 0.95039
vt 0.91129 0.26094
vt 0.91129 0.25624
vt 0.91352 0.25624
vt 0.91352 0.26094
vt 0.90885 0.26094
vt 0.90885 0.25624
vt 0.22013 0.94609
vt 0.22013 0.95079
vt 0.2176 0.95079
vt 0.2176 0.94609
vt 0.03697 0.94569
vt 0.03697 0.95039
vt 0.94077 0.25624
vt 0.94077 0.26094
vt 0.22228 0.95079
vt 0.22228 0.94609
vt 0.22482 0.94609
vt 0.22482 0.95079
vt 0.94439 0.50726
vt 0.94439 0.51195
vt 0.89518 0.26094
vt 0.89518 0.25624
vt 0.02554 0.95039
vt 0.02554 0.94569
vt 0.22666 0.94609
vt 0.22666 0.95079
vt 0.90202 0.26094
vt 0.90202 0.25624
vt 0.93488 0.10845
vt 0.93018 0.10845
vt 0.92249 0.26094
vt 0.92249 0.25624
vt 0.05346 0.95039
vt 0.05346 0.94569
vt 0.05558 0.94569
vt 0.05558 0.95039
vt 0.92034 0.25624
vt 0.92034 0.26094
vt 0.94971 0.26094
vt 0.94971 0.25624
vt 0.95225 0.25624
vt 0.95225 0.26094
vt 0.22881 0.95079
vt 0.22881 0.94609
vt 0.05807 0.94569
vt 0.05807 0.95039
vt 0.94756 0.25624
vt 0.94756 0.26094
vt 0.92594 0.69178
vt 0.92594 0.68708
vt 0.92838 0.68708
vt 0.92838 0.69178
vt 0.21569 0.95079
vt 0.21569 0.94609
vt 0.94172 0.10661
vt 0.93702 0.10661
vt 0.04686 0.95039
vt 0.04686 0.94569
vt 0.92371 0.69178
vt 0.92371 0.68708
vt 0.06022 0.95039
vt 0.06022 0.94569
vt 0.94172 0.10844
vt 0.93702 0.10844
vt 0.77594 0.5743
vt 0.21174 0.8817
vt 0.2092 0.8817
vt 0.69052 0.83191
vt 0.69179 0.82884
vt 0.69306 0.83191
vt 0.76331 0.5761
vt 0.76458 0.57303
vt 0.76585 0.5761
vt 0.2074 0.88349
vt 0.80475 0.56996
vt 0.80296 0.57176
vt 0.76331 0.56996
vt 0.76151 0.57176
vt 0.83626 0.39051
vt 0.8332 0.39178
vt 0.83447 0.38871
vt 0.83013 0.39051
vt 0.83013 0.39305
vt 0.69306 0.82576
vt 0.69052 0.82576
vt 0.83193 0.38871
vt 0.83447 0.39485
vt 0.83626 0.39305
vt 0.83193 0.39485
vt 0.69486 0.83011
vt 0.8091 0.5743
vt 0.8091 0.57176
vt 0.2074 0.88604
vt 0.2092 0.88783
vt 0.8073 0.56996
vt 0.21354 0.88349
vt 0.80296 0.5743
vt 0.69486 0.82756
vt 0.7698 0.5743
vt 0.76765 0.5743
vt 0.68872 0.83011
vt 0.76151 0.5743
vt 0.68872 0.82756
vt 0.76585 0.56996
vt 0.76765 0.57176
vt 0.74884 0.41536
vt 0.758 0.41536
vt 0.92069 0.10604
vt 0.92203 0.10083
vt 0.92203 0.10679
vt 0.38072 0.87554
vt 0.38206 0.87479
vt 0.38206 0.88075
vt 0.758 0.40407
vt 0.74884 0.40407
vt 0.758 0.40971
vt 0.74884 0.40971
vt 0.92015 0.11265
vt 0.92203 0.11275
vt 0.92069 0.11928
vt 0.92203 0.11871
vt 0.92203 0.12467
vt 0.38206 0.85691
vt 0.38206 0.86287
vt 0.38072 0.8623
vt 0.38206 0.86883
vt 0.38018 0.86893
vt 0.37196 0.78025
vt 0.37564 0.78025
vt 0.37543 0.78214
vt 0.37175 0.78214
vt 0.94386 0.10705
vt 0.94791 0.10705
vt 0.94791 0.10844
vt 0.94386 0.10844
vt 0.94386 0.10326
vt 0.94791 0.10326
vt 0.94791 0.10515
vt 0.94386 0.10515
vt 0.85498 0.38871
vt 0.85902 0.38871
vt 0.85902 0.3901
vt 0.85497 0.3901
vt 0.85497 0.39389
vt 0.85902 0.39389
vt 0.85902 0.39528
vt 0.85498 0.39528
vt 0.94386 0.10187
vt 0.94791 0.10187
vt 0.86971 0.24689
vt 0.86971 0.24312
vt 0.87161 0.2433
vt 0.87161 0.24707
vt 0.85497 0.392
vt 0.85902 0.392
vt 0.37564 0.78404
vt 0.37196 0.78404
vt 0.86782 0.24707
vt 0.86782 0.2433
vt 0.82703 0.39467
vt 0.82688 0.39453
vt 0.82779 0.3929
vt 0.82798 0.39297
vt 0.85917 0.392
vt 0.85917 0.39381
vt 0.37564 0.78214
vt 0.37584 0.78396
vt 0.82537 0.39572
vt 0.8253 0.39553
vt 0.82798 0.39105
vt 0.82779 0.39107
vt 0.82688 0.38954
vt 0.82703 0.38945
vt 0.37584 0.78033
vt 0.82346 0.39583
vt 0.82347 0.39563
vt 0.94806 0.10334
vt 0.94806 0.10515
vt 0.37622 0.77886
vt 0.3764 0.779
vt 0.82181 0.39496
vt 0.82189 0.3948
vt 0.3764 0.78528
vt 0.37622 0.78543
vt 0.82098 0.39144
vt 0.82112 0.39147
vt 0.82112 0.39322
vt 0.82098 0.39327
vt 0.82677 0.39443
vt 0.82765 0.39287
vt 0.82677 0.38965
vt 0.82526 0.38886
vt 0.8253 0.38871
vt 0.82189 0.38981
vt 0.82199 0.38991
vt 0.82526 0.39539
vt 0.82765 0.39112
vt 0.82347 0.38881
vt 0.82351 0.38895
vt 0.82351 0.39549
vt 0.82199 0.39469
vt 0.66931 0.83271
vt 0.6699 0.8319
vt 0.67073 0.83155
vt 0.67096 0.83224
vt 0.86817 0.10944
vt 0.86915 0.10944
vt 0.86915 0.11071
vt 0.86817 0.11071
vt 0.87249 0.57464
vt 0.8734 0.57464
vt 0.87323 0.57637
vt 0.87232 0.57637
vt 0.66767 0.83224
vt 0.6682 0.83155
vt 0.66903 0.8319
vt 0.86838 0.57464
vt 0.86927 0.57464
vt 0.86946 0.57637
vt 0.86857 0.57637
vt 0.87232 0.5729
vt 0.87323 0.5729
vt 0.70627 0.82877
vt 0.7053 0.82877
vt 0.7053 0.82704
vt 0.70627 0.82704
vt 0.86857 0.5729
vt 0.86946 0.5729
vt 0.86817 0.11419
vt 0.86915 0.11419
vt 0.86915 0.11546
vt 0.86817 0.11546
vt 0.66931 0.82576
vt 0.66903 0.82657
vt 0.6682 0.82692
vt 0.66767 0.82623
vt 0.70627 0.83178
vt 0.7053 0.83178
vt 0.7053 0.83051
vt 0.70627 0.83051
vt 0.7053 0.82576
vt 0.70627 0.82576
vt 0.67165 0.83057
vt 0.67216 0.83097
vt 0.86817 0.11245
vt 0.86915 0.11245
vt 0.67216 0.8275
vt 0.67165 0.8279
vt 0.67073 0.82692
vt 0.67096 0.82623
vt 0.66602 0.82924
vt 0.66694 0.82924
vt 0.66727 0.83057
vt 0.66647 0.83097
vt 0.87003 0.57464
vt 0.87018 0.57597
vt 0.66647 0.8275
vt 0.66727 0.8279
vt 0.87018 0.5733
vt 0.6699 0.82657
vt 0.66903 0.83057
vt 0.6699 0.83057
vt 0.88301 0.407
vt 0.88259 0.40697
vt 0.88301 0.40567
vt 0.883 0.39952
vt 0.88259 0.39949
vt 0.883 0.39819
vt 0.883 0.40219
vt 0.88259 0.40221
vt 0.88244 0.40085
vt 0.883 0.40085
vt 0.88301 0.40967
vt 0.88259 0.40969
vt 0.88244 0.40833
vt 0.88301 0.40833
vt 0.66903 0.8279
vt 0.6699 0.8279
vt 0.6699 0.82924
vt 0.66903 0.82924
vt 0.883 0.40352
vt 0.88301 0.411
vt 0.67092 0.82828
vt 0.67121 0.82924
vt 0.67009 0.82924
vt 0.67004 0.82788
vt 0.66824 0.82828
vt 0.66918 0.82788
vt 0.66923 0.82924
vt 0.66796 0.82924
vt 0.67199 0.82924
vt 0.67092 0.83019
vt 0.67004 0.8306
vt 0.66824 0.83019
vt 0.66918 0.8306
vt 0.20731 0.81416
vt 0.20733 0.8141
vt 0.20737 0.81404
vt 0.20741 0.81399
vt 0.20746 0.81395
vt 0.20752 0.81391
vt 0.20758 0.81389
vt 0.20764 0.81387
vt 0.20778 0.81388
vt 0.20784 0.81391
vt 0.2079 0.81394
vt 0.20795 0.81398
vt 0.20802 0.81409
vt 0.20799 0.81403
vt 0.20805 0.81415
vt 0.20806 0.81421
vt 0.20806 0.81429
vt 0.20805 0.81435
vt 0.20803 0.81441
vt 0.208 0.81447
vt 0.20797 0.81451
vt 0.20791 0.81456
vt 0.20785 0.8146
vt 0.20779 0.81462
vt 0.20766 0.81463
vt 0.20759 0.81462
vt 0.20753 0.8146
vt 0.20747 0.81457
vt 0.20742 0.81453
vt 0.20737 0.81448
vt 0.20734 0.81442
vt 0.20732 0.81436
vt 0.2073 0.81429
vt 0.83978 0.66484
vt 0.84291 0.66371
vt 0.83691 0.66651
vt 0.84622 0.66312
vt 0.84954 0.66312
vt 0.85282 0.6637
vt 0.85597 0.66485
vt 0.85885 0.6665
vt 0.8614 0.66864
vt 0.86355 0.67121
vt 0.86522 0.67409
vt 0.86635 0.67721
vt 0.8669 0.6803
vt 0.86629 0.68732
vt 0.86521 0.69028
vt 0.86356 0.69315
vt 0.86142 0.6957
vt 0.85889 0.69782
vt 0.85596 0.69949
vt 0.85279 0.70066
vt 0.84955 0.70124
vt 0.84623 0.70124
vt 0.8431 0.70069
vt 0.83678 0.69775
vt 0.83436 0.69572
vt 0.83221 0.69316
vt 0.83055 0.69028
vt 0.82947 0.68731
vt 0.82885 0.68036
vt 0.8294 0.67724
vt 0.83054 0.67409
vt 0.8322 0.67121
vt 0.83434 0.66867
usemtl mat0
f 287/287/221 288/288/221 289/289/221
f 290/290/222 291/291/223 292/292/223
f 290/290/222 292/292/223 293/293/222
f 294/294/224 295/295/225 296/296/225
f 294/294/224 296/296/225 297/297/224
f 298/298/226 299/299/227 300/300/227
f 298/298/226 300/300/227 301/301/226
f 302/302/228 303/303/229 304/304/229
f 302/302/228 304/304/229 305/305/230
f 295/295/225 306/306/231 307/307/231
f 295/295/225 307/307/231 296/296/225
f 308/308/232 309/309/233 310/310/233
f 308/308/232 310/310/233 311/311/232
f 303/303/229 312/312/234 313/313/234
f 303/303/229 313/313/234 304/304/229
f 306/306/231 314/314/235 315/315/235
f 306/306/231 315/315/235 307/307/231
f 316/316/236 317/317/237 318/318/238
f 316/316/236 318/318/238 319/319/239
f 312/312/234 320/320/240 321/321/240
f 312/312/234 321/321/240 313/313/234
f 322/322/241 323/323/242 324/324/242
f 322/322/241 324/324/242 325/325/241
f 326/326/243 327/327/243 321/321/240
f 326/326/243 321/321/240 320/320/240
f 328/328/244 329/329/245 330/330/245
f 328/328/244 330/330/245 331/331/244
f 323/323/242 332/332/246 333/333/246
f 323/323/242 333/333/246 324/324/242
f 329/329/245 334/334/247 335/335/247
f 329/329/245 335/335/247 330/330/245
f 332/332/246 336/336/248 337/337/248
f 332/332/246 337/337/248 333/333/246
f 338/338/227 339/339/249 340/340/249
f 338/338/227 340/340/249 341/341/227
f 334/334/247 342/342/250 343/343/250
f 334/334/247 343/343/250 335/335/247
f 336/336/248 308/308/232 311/311/232
f 336/336/248 311/311/232 337/337/248
f 342/342/250 344/344/251 345/345/251
f 342/342/250 345/345/251 343/343/250
f 309/309/233 346/346/252 347/347/252
f 309/309/233 347/347/252 310/310/233
f 344/344/251 290/290/222 293/293/222
f 344/344/251 293/293/222 345/345/251
f 346/346/252 348/348/253 349/349/253
f 346/346/252 349/349/253 347/347/252
f 291/291/223 350/350/254 351/351/254
f 291/291/223 351/351/254 292/292/223
f 348/348/253 352/352/255 353/353/256
f 348/348/253 353/353/256 349/349/253
f 350/350/254 354/354/257 355/355/257
f 350/350/254 355/355/257 351/351/254
f 352/352/255 356/356/258 357/357/258
f 352/352/255 357/357/258 353/353/256
f 358/358/249 359/359/259 360/360/259
f 358/358/249 360/360/259 361/361/249
f 354/354/257 362/362/260 363/363/260
f 354/354/257 363/363/260 355/355/257
f 364/364/261 316/316/236 319/319/239
f 364/364/261 319/319/239 365/365/262
f 359/359/259 366/366/263 367/367/263
f 359/359/259 367/367/263 360/360/259
f 362/362/260 368/368/264 369/369/264
f 362/362/260 369/369/264 363/363/260
f 317/317/237 370/370/265 371/371/266
f 317/317/237 371/371/266 318/318/238
f 366/366/263 294/294/224 297/297/224
f 366/366/263 297/297/224 367/367/263
f 372/372/267 298/298/226 301/301/226
f 372/372/267 301/301/226 373/373/267
f 370/370/265 302/302/228 305/305/230
f 370/370/265 305/305/230 371/371/266
f 369/369/264 374/374/264 375/375/260
f 369/369/264 375/375/260 363/363/260
f 376/376/251 377/377/222 378/378/222
f 376/376/251 378/378/222 379/379/251
f 297/297/224 380/380/224 381/381/263
f 297/297/224 381/381/263 367/367/263
f 301/301/226 382/382/226 383/383/267
f 301/301/226 383/383/267 373/373/267
f 296/296/225 384/384/225 380/380/224
f 296/296/225 380/380/224 297/297/224
f 300/300/227 338/338/227 382/382/226
f 300/300/227 382/382/226 301/301/226
f 304/304/229 385/385/229 386/386/268
f 304/304/229 386/386/268 305/305/230
f 307/307/231 387/387/231 384/384/225
f 307/307/231 384/384/225 296/296/225
f 310/310/233 388/388/233 389/389/232
f 310/310/233 389/389/232 311/311/232
f 313/313/234 390/390/234 385/385/229
f 313/313/234 385/385/229 304/304/229
f 315/315/235 391/391/235 387/387/231
f 315/315/235 387/387/231 307/307/231
f 321/321/240 392/392/240 390/390/234
f 321/321/240 390/390/234 313/313/234
f 324/324/242 393/393/242 394/394/241
f 324/324/242 394/394/241 325/325/241
f 327/327/243 395/395/243 392/392/240
f 327/327/243 392/392/240 321/321/240
f 330/330/245 396/396/245 397/397/244
f 330/330/245 397/397/244 331/331/244
f 333/333/246 398/398/246 393/393/242
f 333/333/246 393/393/242 324/324/242
f 292/292/223 399/399/223 377/377/222
f 292/292/223 377/377/222 293/293/222
f 335/335/247 400/400/247 396/396/245
f 335/335/247 396/396/245 330/330/245
f 337/337/248 401/401/248 398/398/246
f 337/337/248 398/398/246 333/333/246
f 343/343/250 402/402/250 400/400/247
f 343/343/250 400/400/247 335/335/247
f 311/311/232 389/389/232 401/401/248
f 311/311/232 401/401/248 337/337/248
f 345/345/251 376/376/251 402/402/250
f 345/345/251 402/402/250 343/343/250
f 347/347/252 403/403/252 388/388/233
f 347/347/252 388/388/233 310/310/233
f 293/293/222 377/377/222 376/376/251
f 293/293/222 376/376/251 345/345/251
f 349/349/253 404/404/253 403/403/252
f 349/349/253 403/403/252 347/347/252
f 351/351/254 405/405/254 399/399/223
f 351/351/254 399/399/223 292/292/223
f 353/353/256 406/406/255 404/404/253
f 353/353/256 404/404/253 349/349/253
f 361/361/249 339/339/249 338/338/227
f 361/361/249 338/338/227 300/300/227
f 355/355/257 407/407/257 405/405/254
f 355/355/257 405/405/254 351/351/254
f 357/357/258 408/408/258 406/406/255
f 357/357/258 406/406/255 353/353/256
f 360/360/259 409/409/259 339/339/249
f 360/360/259 339/339/249 361/361/249
f 363/363/260 375/375/260 407/407/257
f 363/363/260 407/407/257 355/355/257
f 299/299/227 358/358/249 361/361/249
f 299/299/227 361/361/249 300/300/227
f 367/367/263 381/381/263 409/409/259
f 367/367/263 409/409/259 360/360/259
f 390/390/234 392/392/240 410/410/240
f 390/390/234 410/410/240 411/411/234
f 403/403/252 404/404/253 412/412/253
f 403/403/252 412/412/253 413/413/252
f 399/399/223 405/405/254 414/414/254
f 399/399/223 414/414/254 415/415/223
f 404/404/253 406/406/255 416/416/255
f 404/404/253 416/416/255 412/412/253
f 405/405/254 407/407/257 417/417/257
f 405/405/254 417/417/257 414/414/254
f 406/406/255 408/408/258 418/418/258
f 406/406/255 418/418/258 416/416/255
f 339/339/249 409/409/259 419/419/259
f 339/339/249 419/419/259 340/340/249
f 407/407/257 375/375/260 420/420/260
f 407/407/257 420/420/260 417/417/257
f 421/421/269 422/422/270 423/423/271
f 421/421/269 423/423/271 424/424/272
f 409/409/259 381/381/263 425/425/263
f 409/409/259 425/425/263 419/419/259
f 375/375/260 374/374/264 426/426/264
f 375/375/260 426/426/264 420/420/260
f 427/427/273 428/428/274 429/429/275
f 427/427/273 429/429/275 430/430/276
f 381/381/263 380/380/224 431/431/224
f 381/381/263 431/431/224 425/425/263
f 383/383/267 382/382/226 432/432/226
f 383/383/267 432/432/226 433/433/267
f 428/428/274 386/386/268 434/434/277
f 428/428/274 434/434/277 429/429/275
f 380/380/224 384/384/225 435/435/225
f 380/380/224 435/435/225 431/431/224
f 382/382/226 338/338/227 341/341/227
f 382/382/226 341/341/227 432/432/226
f 386/386/268 385/385/229 436/436/229
f 386/386/268 436/436/229 434/434/277
f 384/384/225 387/387/231 437/437/231
f 384/384/225 437/437/231 435/435/225
f 389/389/232 388/388/233 438/438/233
f 389/389/232 438/438/233 439/439/232
f 390/390/234 411/411/234 436/436/229
f 390/390/234 436/436/229 385/385/229
f 387/387/231 391/391/235 440/440/235
f 387/387/231 440/440/235 437/437/231
f 422/422/270 427/427/273 430/430/276
f 422/422/270 430/430/276 423/423/271
f 394/394/241 393/393/242 441/441/242
f 394/394/241 441/441/242 442/442/241
f 392/392/240 395/395/243 443/443/243
f 392/392/240 443/443/243 410/410/240
f 397/397/244 396/396/245 444/444/278
f 397/397/244 444/444/278 445/445/244
f 393/393/242 398/398/246 446/446/246
f 393/393/242 446/446/246 441/441/242
f 377/377/222 399/399/223 415/415/223
f 377/377/222 415/415/223 378/378/222
f 396/396/245 400/400/247 447/447/247
f 396/396/245 447/447/247 444/444/278
f 398/398/246 401/401/248 448/448/248
f 398/398/246 448/448/248 446/446/246
f 400/400/247 402/402/250 449/449/250
f 400/400/247 449/449/250 447/447/247
f 401/401/248 389/389/232 439/439/232
f 401/401/248 439/439/232 448/448/248
f 402/402/250 376/376/251 379/379/251
f 402/402/250 379/379/251 449/449/250
f 388/388/233 403/403/252 413/413/252
f 388/388/233 413/413/252 438/438/233
f 450/450/279 451/451/280 452/452/281
f 450/450/279 452/452/281 453/453/282
f 454/454/283 455/455/284 456/456/284
f 454/454/283 456/456/284 457/457/283
f 419/419/285 458/458/286 459/459/287
f 419/419/285 459/459/287 340/340/287
f 460/460/288 461/461/289 462/462/290
f 460/460/288 462/462/290 463/463/291
f 464/464/292 465/465/293 451/451/280
f 464/464/292 451/451/280 450/450/279
f 425/425/294 466/466/294 458/458/286
f 425/425/294 458/458/286 419/419/285
f 467/467/295 468/468/296 461/461/289
f 467/467/295 461/461/289 460/460/288
f 429/429/297 469/469/298 470/470/299
f 429/429/297 470/470/299 430/430/299
f 431/431/300 471/471/301 466/466/294
f 431/431/300 466/466/294 425/425/294
f 472/472/302 473/473/303 468/468/296
f 472/472/302 468/468/296 467/467/295
f 434/434/304 474/474/305 469/469/298
f 434/434/304 469/469/298 429/429/297
f 475/475/306 476/476/307 477/477/308
f 475/475/306 477/477/308 478/478/308
f 479/479/309 480/480/309 473/473/303
f 479/479/309 473/473/303 472/472/302
f 436/436/310 481/481/311 474/474/305
f 436/436/310 474/474/305 434/434/304
f 482/482/312 483/483/313 476/476/307
f 482/482/312 476/476/307 475/475/306
f 438/438/314 484/484/314 485/485/315
f 438/438/314 485/485/315 439/439/316
f 486/486/317 487/487/318 488/488/319
f 486/486/317 488/488/319 489/489/319
f 490/490/320 491/491/320 483/483/313
f 490/490/320 483/483/313 482/482/312
f 492/492/321 493/493/321 465/465/293
f 492/492/321 465/465/293 464/464/292
f 494/494/322 495/495/323 487/487/318
f 494/494/322 487/487/318 486/486/317
f 496/496/324 497/497/325 491/491/320
f 496/496/324 491/491/320 490/490/320
f 498/498/326 499/499/327 495/495/323
f 498/498/326 495/495/323 494/494/322
f 500/500/328 501/501/329 499/499/327
f 500/500/328 499/499/327 498/498/326
f 502/502/330 503/503/330 497/497/325
f 502/502/330 497/497/325 496/496/324
f 415/415/331 504/504/332 505/505/333
f 415/415/331 505/505/333 378/378/333
f 506/506/334 507/507/335 501/501/329
f 506/506/334 501/501/329 500/500/328
f 508/508/336 509/509/336 503/503/330
f 508/508/336 503/503/330 502/502/330
f 510/510/337 511/511/338 507/507/335
f 510/510/337 507/507/335 506/506/334
f 439/439/316 485/485/315 512/512/339
f 439/439/316 512/512/339 448/448/339
f 513/513/340 514/514/341 511/511/338
f 513/513/340 511/511/338 510/510/337
f 413/413/342 515/515/342 484/484/314
f 413/413/342 484/484/314 438/438/314
f 378/378/333 505/505/333 516/516/343
f 378/378/333 516/516/343 379/379/343
f 517/517/344 518/518/345 519/519/346
f 517/517/344 519/519/346 520/520/346
f 414/414/347 521/521/348 504/504/332
f 414/414/347 504/504/332 415/415/331
f 453/453/282 452/452/281 518/518/345
f 453/453/282 518/518/345 517/517/344
f 522/522/349 523/523/349 480/480/309
f 522/522/349 480/480/309 479/479/309
f 463/463/291 462/462/290 524/524/350
f 463/463/291 524/524/350 525/525/351
f 526/526/352 491/491/352 497/497/352
f 526/526/353 497/497/353 527/527/353
f 528/528/353 480/480/353 523/523/353
f 528/528/354 523/523/354 529/529/354
f 530/530/355 477/477/355 476/476/355
f 530/530/356 476/476/356 531/531/356
f 531/531/357 476/476/357 483/483/357
f 531/531/358 483/483/358 532/532/358
f 532/532/359 483/483/359 491/491/359
f 532/532/353 491/491/353 526/526/353
f 533/533/360 534/534/360 535/535/360
f 533/533/361 535/535/361 536/536/361
f 537/537/362 509/509/362 538/538/362
f 537/537/363 538/538/363 539/539/363
f 540/540/364 541/541/364 519/519/364
f 540/540/353 519/519/353 542/542/353
f 539/539/365 538/538/365 541/541/365
f 539/539/366 541/541/366 540/540/366
f 543/543/367 495/495/367 499/499/367
f 543/543/368 499/499/368 544/544/368
f 545/545/353 546/546/353 547/547/353
f 545/545/353 547/547/353 548/548/353
f 549/549/353 487/487/353 495/495/353
f 549/549/353 495/495/353 543/543/353
f 544/544/353 499/499/353 501/501/353
f 544/544/353 501/501/353 550/550/353
f 551/551/353 473/473/353 480/480/353
f 551/551/369 480/480/369 528/528/369
f 552/552/370 514/514/370 546/546/370
f 552/552/371 546/546/371 545/545/371
f 548/548/353 547/547/353 524/524/353
f 548/548/372 524/524/372 553/553/372
f 529/529/373 523/523/373 554/554/373
f 529/529/374 554/554/374 555/555/374
f 556/556/353 468/468/353 473/473/353
f 556/556/353 473/473/353 551/551/353
f 542/542/353 519/519/353 518/518/353
f 542/542/353 518/518/353 557/557/353
f 550/550/375 501/501/375 507/507/375
f 550/550/376 507/507/376 558/558/376
f 553/553/377 524/524/377 462/462/377
f 553/553/353 462/462/353 559/559/353
f 560/560/378 561/561/379 562/562/380
f 560/560/378 562/562/380 563/563/381
f 564/564/250 565/565/247 566/566/247
f 564/564/250 566/566/247 567/567/250
f 568/568/232 454/454/283 457/457/283
f 568/568/232 457/457/283 569/569/232
f 570/570/251 564/564/250 567/567/250
f 570/570/251 567/567/250 571/571/251
f 572/572/252 573/573/382 574/574/382
f 572/572/252 574/574/382 575/575/252
f 576/576/222 570/570/251 571/571/251
f 576/576/222 571/571/251 577/577/222
f 578/578/383 572/572/252 575/575/252
f 578/578/383 575/575/252 579/579/383
f 580/580/254 581/581/223 582/582/223
f 580/580/254 582/582/223 583/583/254
f 584/584/384 578/578/383 579/579/383
f 584/584/384 579/579/383 585/585/384
f 586/586/385 587/587/227 588/588/227
f 586/586/385 588/588/227 589/589/385
f 590/590/386 580/580/254 583/583/254
f 590/590/386 583/583/254 591/591/386
f 592/592/387 584/584/384 585/585/384
f 592/592/387 585/585/384 593/593/387
f 594/594/259 586/586/385 589/589/385
f 594/594/259 589/589/385 595/595/259
f 596/596/388 590/590/386 591/591/386
f 596/596/388 591/591/386 597/597/388
f 598/598/389 599/599/390 600/600/390
f 598/598/389 600/600/390 601/601/389
f 602/602/391 594/594/259 595/595/259
f 602/602/391 595/595/259 603/603/263
f 604/604/264 596/596/388 597/597/388
f 604/604/264 597/597/388 605/605/264
f 606/606/392 607/607/393 608/608/393
f 606/606/392 608/608/393 609/609/392
f 610/610/224 602/602/391 603/603/263
f 610/610/224 603/603/263 611/611/394
f 612/612/226 613/613/395 614/614/395
f 612/612/226 614/614/395 615/615/226
f 616/616/396 606/606/392 609/609/392
f 616/616/396 609/609/392 617/617/396
f 618/618/225 610/610/224 611/611/394
f 618/618/225 611/611/394 619/619/225
f 587/587/227 612/612/226 615/615/226
f 587/587/227 615/615/226 588/588/227
f 620/620/397 616/616/396 617/617/396
f 620/620/397 617/617/396 621/621/397
f 622/622/231 618/618/225 619/619/225
f 622/622/231 619/619/225 623/623/231
f 573/573/382 568/568/232 569/569/232
f 573/573/382 569/569/232 574/574/382
f 624/624/398 620/620/397 621/621/397
f 624/624/398 621/621/397 625/625/398
f 626/626/235 622/622/231 623/623/231
f 626/626/235 623/623/231 627/627/235
f 607/607/393 598/598/389 601/601/389
f 607/607/393 601/601/389 608/608/393
f 628/628/399 624/624/398 625/625/398
f 628/628/399 625/625/398 629/629/399
f 630/630/242 631/631/400 632/632/400
f 630/630/242 632/632/400 633/633/242
f 634/634/401 628/628/399 629/629/399
f 634/634/401 629/629/399 635/635/401
f 636/636/278 637/637/402 638/638/402
f 636/636/278 638/638/402 639/639/278
f 455/455/284 630/630/242 633/633/242
f 455/455/284 633/633/242 456/456/284
f 581/581/223 576/576/222 577/577/222
f 581/581/223 577/577/222 582/582/223
f 565/565/247 636/636/278 639/639/278
f 565/565/247 639/639/278 566/566/247
f 640/640/403 641/641/404 642/642/404
f 640/640/403 642/642/404 643/643/405
f 644/644/406 645/645/407 646/646/408
f 644/644/406 646/646/408 647/647/409
f 561/561/379 648/648/410 649/649/411
f 561/561/379 649/649/411 562/562/380
f 641/641/404 650/650/412 651/651/413
f 641/641/404 651/651/413 642/642/404
f 652/652/414 653/653/415 654/654/416
f 652/652/414 654/654/416 655/655/417
f 648/648/410 656/656/418 657/657/419
f 648/648/410 657/657/419 649/649/411
f 650/650/412 658/658/420 659/659/421
f 650/650/412 659/659/421 651/651/413
f 660/660/422 661/661/423 662/662/424
f 660/660/422 662/662/424 663/663/425
f 661/661/423 664/664/426 665/665/427
f 661/661/423 665/665/427 662/662/424
f 658/658/420 666/666/428 667/667/429
f 658/658/420 667/667/429 659/659/421
f 668/668/430 669/669/431 670/670/432
f 668/668/430 670/670/432 671/671/433
f 664/664/426 672/672/434 673/673/435
f 664/664/426 673/673/435 665/665/427
f 674/674/436 675/675/437 676/676/438
f 674/674/436 676/676/438 677/677/438
f 672/672/434 678/678/439 679/679/440
f 672/672/434 679/679/440 673/673/435
f 674/674/436 644/644/406 647/647/409
f 674/674/436 647/647/409 675/675/437
f 680/680/441 681/681/442 682/682/443
f 680/680/441 682/682/443 683/683/441
f 645/645/407 684/684/444 685/685/445
f 645/645/407 685/685/445 646/646/408
f 681/681/442 668/668/430 671/671/433
f 681/681/442 671/671/433 682/682/443
f 684/684/444 686/686/446 687/687/447
f 684/684/444 687/687/447 685/685/445
f 669/669/431 688/688/448 689/689/449
f 669/669/431 689/689/449 670/670/432
f 690/690/450 691/691/451 692/692/452
f 690/690/450 692/692/452 693/693/450
f 694/694/453 695/695/454 696/696/455
f 694/694/453 696/696/455 697/697/456
f 688/688/448 698/698/457 699/699/457
f 688/688/448 699/699/457 689/689/449
f 691/691/451 700/700/458 701/701/459
f 691/691/451 701/701/459 692/692/452
f 695/695/454 702/702/460 703/703/461
f 695/695/454 703/703/461 696/696/455
f 704/704/462 705/705/463 706/706/464
f 704/704/462 706/706/464 707/707/462
f 700/700/458 652/652/414 655/655/417
f 700/700/458 655/655/417 701/701/459
f 702/702/460 708/708/465 709/709/465
f 702/702/460 709/709/465 703/703/461
f 705/705/463 710/710/466 711/711/467
f 705/705/463 711/711/467 706/706/464
f 712/712/468 713/713/469 714/714/470
f 712/712/468 714/714/470 715/715/471
f 708/708/465 716/716/472 717/717/472
f 708/708/465 717/717/472 709/709/465
f 710/710/466 718/718/473 719/719/474
f 710/710/466 719/719/474 711/711/467
f 713/713/469 560/560/378 563/563/381
f 713/713/469 563/563/381 714/714/470
f 720/720/475 640/640/403 643/643/405
f 720/720/475 643/643/405 721/721/475
f 722/722/476 694/694/453 697/697/456
f 722/722/476 697/697/456 723/723/477
f 724/724/478 676/676/479 725/725/479
f 724/724/478 725/725/479 726/726/478
f 671/671/480 670/670/481 727/727/481
f 671/671/480 727/727/481 728/728/480
f 729/729/482 730/730/483 731/731/483
f 729/729/482 731/731/483 732/732/482
f 675/675/484 733/733/484 725/725/479
f 675/675/484 725/725/479 676/676/479
f 730/730/483 683/683/485 734/734/485
f 730/730/483 734/734/485 731/731/483
f 675/675/484 647/647/486 735/735/486
f 675/675/484 735/735/486 733/733/484
f 683/683/485 682/682/487 736/736/487
f 683/683/485 736/736/487 734/734/485
f 646/646/488 685/685/489 737/737/489
f 646/646/488 737/737/489 738/738/488
f 682/682/487 671/671/480 728/728/480
f 682/682/487 728/728/480 736/736/487
f 685/685/489 687/687/490 739/739/490
f 685/685/489 739/739/490 737/737/489
f 670/670/481 689/689/491 740/740/491
f 670/670/481 740/740/491 727/727/481
f 687/687/490 741/741/492 742/742/492
f 687/687/490 742/742/492 739/739/490
f 697/697/393 696/696/493 743/743/493
f 697/697/393 743/743/493 744/744/393
f 689/689/491 699/699/494 745/745/494
f 689/689/491 745/745/494 740/740/491
f 741/741/492 746/746/495 747/747/495
f 741/741/492 747/747/495 742/742/492
f 696/696/493 703/703/496 748/748/496
f 696/696/493 748/748/496 743/743/493
f 699/699/494 749/749/497 750/750/497
f 699/699/494 750/750/497 745/745/494
f 751/751/498 752/752/499 753/753/499
f 751/751/498 753/753/499 754/754/498
f 703/703/496 709/709/397 755/755/397
f 703/703/496 755/755/397 748/748/496
f 749/749/497 756/756/500 757/757/500
f 749/749/497 757/757/500 750/750/497
f 715/715/227 714/714/501 758/758/501
f 715/715/227 758/758/501 759/759/227
f 709/709/397 717/717/502 760/760/502
f 709/709/397 760/760/502 755/755/397
f 761/761/503 723/723/504 762/762/504
f 761/761/503 762/762/504 763/763/503
f 714/714/501 563/563/505 764/764/505
f 714/714/501 764/764/505 758/758/501
f 717/717/502 765/765/506 766/766/506
f 717/717/502 766/766/506 760/760/502
f 723/723/504 697/697/393 744/744/393
f 723/723/504 744/744/393 762/762/504
f 563/563/505 562/562/391 767/767/391
f 563/563/505 767/767/391 764/764/505
f 765/765/506 768/768/507 769/769/507
f 765/765/506 769/769/507 766/766/506
f 647/647/486 646/646/488 738/738/488
f 647/647/486 738/738/488 735/735/486
f 562/562/391 649/649/508 770/770/508
f 562/562/391 770/770/508 767/767/391
f 771/771/509 772/772/278 773/773/278
f 771/771/509 773/773/278 774/774/509
f 752/752/499 715/715/227 759/759/227
f 752/752/499 759/759/227 753/753/499
f 649/649/508 657/657/510 775/775/510
f 649/649/508 775/775/510 770/770/508
f 772/772/278 724/724/478 726/726/478
f 772/772/278 726/726/478 773/773/278
f 657/657/510 776/776/511 777/777/511
f 657/657/510 777/777/511 775/775/510
f 776/776/511 778/778/512 779/779/512
f 776/776/511 779/779/512 777/777/511
f 780/780/513 781/781/513 782/782/513
f 783/783/514 554/554/514 784/784/514
f 783/783/515 784/784/515 785/785/515
f 785/785/516 784/784/516 477/477/516
f 785/785/517 477/477/517 786/786/517
f 787/787/518 497/497/518 503/503/518
f 787/787/519 503/503/519 788/788/519
f 788/788/520 503/503/520 509/509/520
f 788/788/521 509/509/521 789/789/521
f 790/790/353 518/518/353 452/452/353
f 790/790/353 452/452/353 791/791/353
f 791/791/353 452/452/353 451/451/353
f 791/791/522 451/451/522 792/792/522
f 793/793/523 493/493/523 534/534/523
f 793/793/524 534/534/524 794/794/524
f 795/795/353 535/535/353 488/488/353
f 795/795/525 488/488/525 796/796/525
f 796/796/353 488/488/353 487/487/353
f 796/796/526 487/487/526 797/797/526
f 798/798/527 507/507/527 511/511/527
f 798/798/353 511/511/353 799/799/353
f 799/799/528 511/511/528 514/514/528
f 799/799/529 514/514/529 800/800/529
f 801/801/353 462/462/353 461/461/353
f 801/801/353 461/461/353 802/802/353
f 802/802/530 461/461/530 468/468/530
f 802/802/353 468/468/353 803/803/353
f 804/804/531 465/465/531 493/493/531
f 804/804/532 493/493/532 793/793/532
f 805/805/533 806/806/533 807/807/533
f 805/805/534 807/807/534 808/808/534
f 809/809/535 720/720/535 806/806/535
f 809/809/536 806/806/536 805/805/536
f 810/810/537 666/666/537 658/658/537
f 810/810/353 658/658/353 811/811/353
f 812/812/538 813/813/538 666/666/538
f 812/812/353 666/666/353 810/810/353
f 814/814/353 691/691/353 690/690/353
f 814/814/353 690/690/353 815/815/353
f 816/816/353 700/700/353 691/691/353
f 816/816/353 691/691/353 814/814/353
f 817/817/539 818/818/539 653/653/539
f 817/817/353 653/653/353 819/819/353
f 820/820/540 821/821/540 822/822/540
f 820/820/541 822/822/541 823/823/541
f 824/824/353 825/825/353 821/821/353
f 824/824/353 821/821/353 820/820/353
f 826/826/542 678/678/542 672/672/542
f 826/826/543 672/672/543 827/827/543
f 828/828/544 829/829/544 678/678/544
f 828/828/545 678/678/545 826/826/545
f 830/830/546 705/705/546 704/704/546
f 830/830/353 704/704/353 831/831/353
f 832/832/547 710/710/547 705/705/547
f 832/832/548 705/705/548 830/830/548
f 819/819/549 653/653/549 652/652/549
f 819/819/550 652/652/550 833/833/550
f 834/834/551 555/555/551 554/554/551
f 834/834/552 554/554/552 783/783/552
f 835/835/553 530/530/553 720/720/553
f 835/835/554 720/720/554 809/809/554
f 836/836/353 527/527/353 497/497/353
f 836/836/555 497/497/555 787/787/555
f 837/837/556 537/537/556 813/813/556
f 837/837/557 813/813/557 812/812/557
f 838/838/353 557/557/353 518/518/353
f 838/838/558 518/518/558 790/790/558
f 839/839/559 840/840/559 700/700/559
f 839/839/353 700/700/353 816/816/353
f 841/841/560 842/842/560 465/465/560
f 841/841/561 465/465/561 804/804/561
f 843/843/353 533/533/353 818/818/353
f 843/843/353 818/818/353 817/817/353
f 844/844/353 536/536/353 535/535/353
f 844/844/562 535/535/562 795/795/562
f 845/845/353 549/549/353 825/825/353
f 845/845/563 825/825/563 824/824/563
f 846/846/353 558/558/353 507/507/353
f 846/846/353 507/507/353 798/798/353
f 847/847/353 552/552/353 829/829/353
f 847/847/564 829/829/564 828/828/564
f 848/848/565 559/559/565 462/462/565
f 848/848/566 462/462/566 801/801/566
f 849/849/353 556/556/353 710/710/353
f 849/849/353 710/710/353 832/832/353
f 833/833/567 652/652/567 842/842/567
f 833/833/568 842/842/568 841/841/568
f 792/792/569 451/451/569 840/840/569
f 792/792/353 840/840/353 839/839/353
f 815/815/353 690/690/353 557/557/353
f 815/815/570 557/557/570 838/838/570
f 789/789/571 509/509/571 537/537/571
f 789/789/572 537/537/572 837/837/572
f 823/823/573 822/822/573 536/536/573
f 823/823/353 536/536/353 844/844/353
f 794/794/574 534/534/574 533/533/574
f 794/794/353 533/533/353 843/843/353
f 827/827/575 672/672/575 558/558/575
f 827/827/576 558/558/576 846/846/576
f 797/797/353 487/487/353 549/549/353
f 797/797/577 549/549/577 845/845/577
f 831/831/353 704/704/353 559/559/353
f 831/831/578 559/559/578 848/848/578
f 800/800/353 514/514/353 552/552/353
f 800/800/579 552/552/579 847/847/579
f 803/803/580 468/468/580 556/556/580
f 803/803/581 556/556/581 849/849/581
f 808/808/582 807/807/582 555/555/582
f 808/808/583 555/555/583 834/834/583
f 811/811/353 658/658/353 527/527/353
f 811/811/584 527/527/584 836/836/584
f 786/786/585 477/477/585 530/530/585
f 786/786/586 530/530/586 835/835/586
f 840/840/587 451/451/587 465/465/587
f 840/840/588 465/465/588 842/842/588
f 850/850/353 548/548/353 553/553/353
f 850/850/353 553/553/353 851/851/353
f 852/852/589 545/545/589 548/548/589
f 852/852/353 548/548/353 850/850/353
f 829/829/590 552/552/590 545/545/590
f 829/829/591 545/545/591 852/852/591
f 851/851/353 553/553/353 559/559/353
f 851/851/353 559/559/353 704/704/353
f 718/718/353 551/551/353 528/528/353
f 718/718/353 528/528/353 853/853/353
f 853/853/353 528/528/353 529/529/353
f 853/853/353 529/529/353 854/854/353
f 710/710/353 556/556/353 551/551/353
f 710/710/353 551/551/353 718/718/353
f 854/854/353 529/529/353 555/555/353
f 854/854/592 555/555/592 807/807/592
f 641/641/593 532/532/593 526/526/593
f 641/641/594 526/526/594 650/650/594
f 640/640/595 531/531/595 532/532/595
f 640/640/596 532/532/596 641/641/596
f 720/720/597 530/530/597 531/531/597
f 720/720/598 531/531/598 640/640/598
f 650/650/599 526/526/599 527/527/599
f 650/650/353 527/527/353 658/658/353
f 855/855/600 539/539/600 540/540/600
f 855/855/601 540/540/601 856/856/601
f 856/856/353 540/540/353 542/542/353
f 856/856/602 542/542/602 857/857/602
f 813/813/603 537/537/603 539/539/603
f 813/813/604 539/539/604 855/855/604
f 857/857/605 542/542/605 557/557/605
f 857/857/353 557/557/353 690/690/353
f 700/700/606 840/840/606 842/842/606
f 700/700/607 842/842/607 652/652/607
f 818/818/608 533/533/608 536/536/608
f 818/818/609 536/536/609 822/822/609
f 661/661/610 544/544/610 550/550/610
f 661/661/353 550/550/353 664/664/353
f 660/660/611 543/543/611 544/544/611
f 660/660/612 544/544/612 661/661/612
f 664/664/613 550/550/613 558/558/613
f 664/664/353 558/558/353 672/672/353
f 825/825/353 549/549/353 543/543/353
f 825/825/353 543/543/353 660/660/353
f 792/792/614 858/858/615 859/859/616
f 792/792/614 859/859/616 791/791/617
f 815/815/618 860/860/619 861/861/620
f 815/815/618 861/861/620 814/814/621
f 837/837/622 862/862/623 863/863/624
f 837/837/622 863/863/624 789/789/625
f 864/864/626 865/865/626 866/866/627
f 864/864/626 866/866/627 867/867/627
f 791/791/617 859/859/616 868/868/628
f 791/791/617 868/868/628 790/790/629
f 836/836/630 869/869/630 870/870/631
f 836/836/630 870/870/631 811/811/632
f 846/846/633 871/871/634 872/872/635
f 846/846/633 872/872/635 827/827/635
f 873/873/636 874/874/353 875/875/637
f 876/876/638 877/877/638 878/878/639
f 876/876/638 878/878/639 879/879/639
f 880/880/640 881/881/640 882/882/640
f 880/880/641 882/882/641 883/883/641
f 884/884/642 885/885/642 877/877/638
f 884/884/642 877/877/638 876/876/638
f 886/886/643 887/887/643 888/888/644
f 886/886/643 888/888/644 889/889/645
f 890/890/646 891/891/646 892/892/647
f 890/890/646 892/892/647 893/893/647
f 894/894/648 895/895/648 891/891/646
f 894/894/648 891/891/646 890/890/646
f 889/889/645 888/888/644 865/865/626
f 889/889/645 865/865/626 864/864/626
f 896/896/649 897/897/650 898/898/651
f 896/896/649 898/898/651 899/899/651
f 900/900/652 874/874/353 901/901/653
f 875/875/637 874/874/353 900/900/652
f 902/902/654 874/874/353 903/903/655
f 904/904/656 874/874/353 873/873/636
f 903/903/655 874/874/353 905/905/657
f 905/905/657 874/874/353 904/904/656
f 901/901/653 874/874/353 902/902/654
f 906/906/658 907/907/658 908/908/659
f 906/906/658 908/908/659 909/909/659
f 910/910/660 911/911/660 912/912/661
f 910/910/660 912/912/661 913/913/661
f 914/914/662 915/915/662 897/897/650
f 914/914/662 897/897/650 896/896/649
f 916/916/663 917/917/663 918/918/664
f 916/916/663 918/918/664 919/919/664
f 920/920/665 921/921/665 907/907/658
f 920/920/665 907/907/658 906/906/658
f 790/790/629 868/868/628 922/922/666
f 790/790/629 922/922/666 838/838/667
f 816/816/668 923/923/669 924/924/670
f 816/816/668 924/924/670 839/839/671
f 814/814/621 861/861/620 923/923/669
f 814/814/621 923/923/669 816/816/668
f 839/839/671 924/924/670 858/858/615
f 839/839/671 858/858/615 792/792/614
f 796/796/672 925/925/673 926/926/674
f 796/796/672 926/926/674 795/795/675
f 834/834/676 927/927/677 928/928/678
f 834/834/676 928/928/678 808/808/679
f 823/823/680 929/929/681 930/930/682
f 823/823/680 930/930/682 820/820/683
f 797/797/684 931/931/685 925/925/673
f 797/797/684 925/925/673 796/796/672
f 844/844/686 932/932/687 929/929/681
f 844/844/686 929/929/681 823/823/680
f 832/832/688 933/933/689 934/934/690
f 832/832/688 934/934/690 849/849/691
f 820/820/683 930/930/682 935/935/692
f 820/820/683 935/935/692 824/824/693
f 799/799/694 936/936/694 937/937/695
f 799/799/694 937/937/695 798/798/695
f 795/795/675 926/926/674 932/932/687
f 795/795/675 932/932/687 844/844/686
f 827/827/635 872/872/635 938/938/696
f 827/827/635 938/938/696 826/826/696
f 800/800/697 939/939/698 936/936/694
f 800/800/697 936/936/694 799/799/694
f 845/845/699 940/940/700 931/931/685
f 845/845/699 931/931/685 797/797/684
f 826/826/696 938/938/696 941/941/701
f 826/826/696 941/941/701 828/828/702
f 802/802/703 942/942/703 943/943/704
f 802/802/703 943/943/704 801/801/705
f 798/798/695 937/937/695 871/871/634
f 798/798/695 871/871/634 846/846/633
f 831/831/706 944/944/707 945/945/708
f 831/831/706 945/945/708 830/830/708
f 828/828/702 941/941/701 946/946/709
f 828/828/702 946/946/709 847/847/709
f 803/803/710 947/947/711 942/942/703
f 803/803/710 942/942/703 802/802/703
f 847/847/709 946/946/709 939/939/698
f 847/847/709 939/939/698 800/800/697
f 830/830/708 945/945/708 933/933/689
f 830/830/708 933/933/689 832/832/688
f 848/848/712 948/948/712 944/944/707
f 848/848/712 944/944/707 831/831/706
f 801/801/705 943/943/704 948/948/712
f 801/801/705 948/948/712 848/848/712
f 785/785/713 949/949/714 950/950/715
f 785/785/713 950/950/715 783/783/716
f 808/808/679 928/928/678 951/951/717
f 808/808/679 951/951/717 805/805/718
f 849/849/691 934/934/690 947/947/711
f 849/849/691 947/947/711 803/803/710
f 786/786/719 952/952/720 949/949/714
f 786/786/719 949/949/714 785/785/713
f 812/812/721 953/953/722 862/862/623
f 812/812/721 862/862/623 837/837/622
f 783/783/716 950/950/715 927/927/677
f 783/783/716 927/927/677 834/834/676
f 805/805/718 951/951/717 954/954/723
f 805/805/718 954/954/723 809/809/724
f 788/788/725 955/955/726 956/956/727
f 788/788/725 956/956/727 787/787/728
f 838/838/667 922/922/666 860/860/619
f 838/838/667 860/860/619 815/815/618
f 835/835/729 957/957/730 952/952/720
f 835/835/729 952/952/720 786/786/719
f 811/811/632 870/870/631 958/958/731
f 811/811/632 958/958/731 810/810/732
f 824/824/693 935/935/692 940/940/700
f 824/824/693 940/940/700 845/845/699
f 809/809/724 954/954/723 957/957/730
f 809/809/724 957/957/730 835/835/729
f 789/789/625 863/863/624 955/955/726
f 789/789/625 955/955/726 788/788/725
f 787/787/728 956/956/727 869/869/630
f 787/787/728 869/869/630 836/836/630
f 810/810/732 958/958/731 953/953/722
f 810/810/732 953/953/722 812/812/721
f 959/959/353 960/960/353 961/961/353
f 959/959/733 961/961/733 962/962/733
f 963/963/734 964/964/734 965/965/734
f 963/963/735 965/965/735 966/966/735
f 967/967/353 968/968/353 969/969/353
f 967/967/736 969/969/736 970/970/736
f 971/971/737 972/972/737 960/960/737
f 971/971/738 960/960/738 959/959/738
f 973/973/353 974/974/353 975/975/353
f 973/973/739 975/975/739 976/976/739
f 976/976/353 975/975/353 968/968/353
f 976/976/740 968/968/740 967/967/740
f 977/977/741 978/978/741 979/979/741
f 977/977/742 979/979/742 980/980/742
f 981/981/743 982/982/743 983/983/744
f 981/981/743 983/983/744 984/984/744
f 985/985/745 986/986/745 987/987/746
f 985/985/745 987/987/746 988/988/746
f 989/989/747 990/990/747 991/991/748
f 989/989/747 991/991/748 992/992/749
f 993/993/750 994/994/750 995/995/751
f 993/993/750 995/995/751 996/996/751
f 997/997/752 998/998/752 999/999/753
f 997/997/752 999/999/753 1000/1000/753
f 988/988/746 987/987/746 1001/1001/754
f 988/988/746 1001/1001/754 1002/1002/754
f 1003/1003/755 1004/1004/755 1005/1005/756
f 1003/1003/755 1005/1005/756 1006/1006/756
f 1007/1007/757 1008/1008/757 994/994/750
f 1007/1007/757 994/994/750 993/993/750
f 1009/1009/758 1010/1010/758 1011/1011/759
f 1009/1009/758 1011/1011/759 1012/1012/759
f 1013/1013/760 1014/1014/760 1015/1015/761
f 1013/1013/760 1015/1015/761 1016/1016/761
f 1017/1017/762 1018/1018/762 1019/1019/763
f 1017/1017/762 1019/1019/763 1020/1020/763
f 899/899/651 898/898/651 1021/1021/764
f 899/899/651 1021/1021/764 1022/1022/764
f 1023/1023/765 1024/1024/765 1025/1025/766
f 1023/1023/765 1025/1025/766 1026/1026/766
f 1027/1027/767 1028/1028/767 1029/1029/768
f 1027/1027/767 1029/1029/768 1030/1030/768
f 1031/1031/769 1032/1032/769 1033/1033/770
f 1031/1031/769 1033/1033/770 1034/1034/770
f 1035/1035/771 1036/1036/771 1037/1037/772
f 1035/1035/771 1037/1037/772 1038/1038/772
f 1039/1039/773 1040/1040/773 1041/1041/773
f 1039/1039/774 1041/1041/774 1042/1042/774
f 1043/1043/775 1044/1044/775 1045/1045/776
f 1043/1043/775 1045/1045/776 1046/1046/776
f 1047/1047/777 1048/1048/777 1049/1049/778
f 1047/1047/777 1049/1049/778 1050/1050/778
f 1051/1051/779 1052/1052/779 1053/1053/780
f 1051/1051/779 1053/1053/780 1054/1054/780
f 1055/1055/781 1056/1056/781 1004/1004/755
f 1055/1055/781 1004/1004/755 1003/1003/755
f 984/984/744 983/983/744 1057/1057/782
f 984/984/744 1057/1057/782 1058/1058/782
f 1059/1059/783 1060/1060/783 1061/1061/784
f 1059/1059/783 1061/1061/784 1062/1062/784
f 1016/1016/761 1015/1015/761 1063/1063/785
f 1016/1016/761 1063/1063/785 1064/1064/785
f 913/913/661 912/912/661 1065/1065/786
f 913/913/661 1065/1065/786 1066/1066/786
f 1062/1062/784 1061/1061/784 1067/1067/787
f 1062/1062/784 1067/1067/787 1068/1068/787
f 1054/1054/780 1053/1053/780 1069/1069/788
f 1054/1054/780 1069/1069/788 1070/1070/788
f 1071/1071/789 1072/1072/789 1073/1073/790
f 1071/1071/789 1073/1073/790 1074/1074/790
f 1075/1075/791 1076/1076/791 998/998/752
f 1075/1075/791 998/998/752 997/997/752
f 1038/1038/772 1037/1037/772 1077/1077/792
f 1038/1038/772 1077/1077/792 1078/1078/792
f 1079/1079/793 1080/1080/793 1072/1072/789
f 1079/1079/793 1072/1072/789 1071/1071/789
f 1026/1026/766 1025/1025/766 1081/1081/794
f 1026/1026/766 1081/1081/794 1082/1082/794
f 1012/1012/759 1011/1011/759 1083/1083/795
f 1012/1012/759 1083/1083/795 1084/1084/795
f 1046/1046/776 1045/1045/776 1085/1085/796
f 1046/1046/776 1085/1085/796 1086/1086/796
f 1030/1030/768 1029/1029/768 1087/1087/797
f 1030/1030/768 1087/1087/797 1088/1088/797
f 1089/1089/798 1090/1090/798 917/917/663
f 1089/1089/798 917/917/663 916/916/663
f 1082/1082/794 1081/1081/794 1091/1091/799
f 1082/1082/794 1091/1091/799 1092/1092/800
f 1093/1093/801 1094/1094/801 1032/1032/769
f 1093/1093/801 1032/1032/769 1031/1031/769
f 1095/1095/802 1096/1096/802 1018/1018/762
f 1095/1095/802 1018/1018/762 1017/1017/762
f 992/992/749 991/991/748 1097/1097/803
f 992/992/749 1097/1097/803 1098/1098/804
f 1050/1050/778 1049/1049/778 1099/1099/805
f 1050/1050/778 1099/1099/805 1100/1100/805
f 1101/1101/806 1102/1102/807 1103/1103/808
f 1101/1101/806 1103/1103/808 1104/1104/809
f 1105/1105/810 1106/1106/810 1107/1107/811
f 1105/1105/810 1107/1107/811 1108/1108/812
f 1109/1109/813 1110/1110/814 1111/1111/815
f 1109/1109/813 1111/1111/815 1112/1112/816
f 1113/1113/817 1114/1114/817 1115/1115/818
f 1113/1113/817 1115/1115/818 1116/1116/819
f 1117/1117/820 1118/1118/821 1106/1106/810
f 1117/1117/820 1106/1106/810 1105/1105/810
f 960/960/822 1119/1119/822 1120/1120/823
f 960/960/822 1120/1120/823 961/961/824
f 1121/1121/825 1117/1117/825 1105/1105/825
f 1121/1121/826 1105/1105/826 1122/1122/826
f 1123/1123/827 1113/1113/827 1116/1116/827
f 1123/1123/828 1116/1116/828 1124/1124/828
f 1125/1125/353 1109/1109/353 1112/1112/353
f 1125/1125/829 1112/1112/829 1126/1126/829
f 1122/1122/353 1105/1105/353 1108/1108/353
f 1122/1122/830 1108/1108/830 1127/1127/830
f 1128/1128/353 1101/1101/353 1104/1104/353
f 1128/1128/831 1104/1104/831 1129/1129/831
f 1130/1130/832 1131/1131/832 1132/1132/832
f 1130/1130/353 1132/1132/353 1133/1133/353
f 1134/1134/353 1135/1135/353 1136/1136/353
f 1134/1134/833 1136/1136/833 1137/1137/833
f 1138/1138/834 1139/1139/834 1140/1140/834
f 1138/1138/353 1140/1140/353 1141/1141/353
f 1142/1142/835 1143/1143/835 1144/1144/835
f 1142/1142/836 1144/1144/836 1145/1145/836
f 1137/1137/353 1136/1136/353 1146/1146/353
f 1137/1137/837 1146/1146/837 1147/1147/837
f 1148/1148/353 1149/1149/353 1150/1150/353
f 1148/1148/838 1150/1150/838 1151/1151/838
f 1152/1152/353 1153/1153/353 1149/1149/353
f 1152/1152/839 1149/1149/839 1148/1148/839
f 1124/1124/353 1116/1116/353 1154/1154/353
f 1124/1124/840 1154/1154/840 1155/1155/840
f 1156/1156/353 1157/1157/353 1158/1158/353
f 1156/1156/841 1158/1158/841 1159/1159/841
f 1160/1160/353 1161/1161/353 1162/1162/353
f 1160/1160/842 1162/1162/842 1163/1163/842
f 1141/1141/353 1140/1140/353 1153/1153/353
f 1141/1141/843 1153/1153/843 1152/1152/843
f 1164/1164/844 1165/1165/844 1101/1101/844
f 1164/1164/353 1101/1101/353 1128/1128/353
f 1159/1159/845 1158/1158/845 1165/1165/845
f 1159/1159/846 1165/1165/846 1164/1164/846
f 1166/1166/353 1167/1167/353 1168/1168/353
f 1166/1166/353 1168/1168/353 1169/1169/353
f 1170/1170/353 1171/1171/353 964/964/353
f 1170/1170/847 964/964/847 963/963/847
f 966/966/848 965/965/848 1157/1157/848
f 966/966/849 1157/1157/849 1156/1156/849
f 1155/1155/353 1154/1154/353 1172/1172/353
f 1155/1155/353 1172/1172/353 1173/1173/353
f 1174/1174/353 1175/1175/353 972/972/353
f 1174/1174/850 972/972/850 971/971/850
f 1129/1129/353 1104/1104/353 1171/1171/353
f 1129/1129/851 1171/1171/851 1170/1170/851
f 1147/1147/353 1146/1146/353 1139/1139/353
f 1147/1147/852 1139/1139/852 1138/1138/852
f 1173/1173/353 1172/1172/353 1143/1143/353
f 1173/1173/853 1143/1143/853 1142/1142/853
f 1126/1126/353 1112/1112/353 1176/1176/353
f 1126/1126/854 1176/1176/854 1177/1177/854
f 1178/1178/353 1179/1179/353 1113/1113/353
f 1178/1178/855 1113/1113/855 1123/1123/855
f 1151/1151/856 1150/1150/856 1135/1135/856
f 1151/1151/353 1135/1135/353 1134/1134/353
f 1133/1133/857 1132/1132/857 1180/1180/857
f 1133/1133/858 1180/1180/858 1181/1181/858
f 962/962/859 961/961/859 974/974/859
f 962/962/860 974/974/860 973/973/860
f 1182/1182/353 1183/1183/353 1179/1179/353
f 1182/1182/861 1179/1179/861 1178/1178/861
f 1127/1127/353 1108/1108/353 1161/1161/353
f 1127/1127/353 1161/1161/353 1160/1160/353
f 1181/1181/353 1180/1180/353 1109/1109/353
f 1181/1181/862 1109/1109/862 1125/1125/862
f 1184/1184/863 1185/1185/863 1131/1131/863
f 1184/1184/864 1131/1131/864 1130/1130/864
f 1186/1186/353 1187/1187/353 1185/1185/353
f 1186/1186/865 1185/1185/865 1184/1184/865
f 1169/1169/353 1168/1168/353 1117/1117/353
f 1169/1169/866 1117/1117/866 1121/1121/866
f 1163/1163/353 1162/1162/353 1188/1188/353
f 1163/1163/867 1188/1188/867 1189/1189/867
f 1145/1145/353 1144/1144/353 1183/1183/353
f 1145/1145/868 1183/1183/868 1182/1182/868
f 1177/1177/353 1176/1176/353 1187/1187/353
f 1177/1177/869 1187/1187/869 1186/1186/869
f 970/970/870 969/969/870 1175/1175/870
f 970/970/353 1175/1175/353 1174/1174/353
f 1189/1189/871 1188/1188/871 1167/1167/871
f 1189/1189/872 1167/1167/872 1166/1166/872
f 1190/1190/873 1191/1191/873 1192/1192/874
f 1190/1190/873 1192/1192/874 1193/1193/874
f 1194/1194/767 1195/1195/767 1196/1196/875
f 1194/1194/767 1196/1196/875 1197/1197/875
f 1198/1198/778 1199/1199/778 1200/1200/876
f 1198/1198/778 1200/1200/876 1201/1201/876
f 1202/1202/877 1203/1203/877 1204/1204/878
f 1202/1202/877 1204/1204/878 1205/1205/878
f 1205/1205/878 1204/1204/878 1206/1206/879
f 1205/1205/878 1206/1206/879 1207/1207/879
f 1208/1208/794 1209/1209/794 1210/1210/800
f 1208/1208/794 1210/1210/800 1211/1211/800
f 1131/1131/880 1212/1212/881 1213/1213/882
f 1131/1131/880 1213/1213/882 1132/1132/882
f 1135/1135/883 1214/1214/884 1215/1215/885
f 1135/1135/883 1215/1215/885 1136/1136/886
f 1139/1139/887 1216/1216/888 1217/1217/889
f 1139/1139/887 1217/1217/889 1140/1140/890
f 1143/1143/891 1218/1218/892 1219/1219/893
f 1143/1143/891 1219/1219/893 1144/1144/894
f 1136/1136/886 1215/1215/885 1220/1220/895
f 1136/1136/886 1220/1220/895 1146/1146/896
f 1149/1149/897 1221/1221/898 1222/1222/899
f 1149/1149/897 1222/1222/899 1150/1150/900
f 1153/1153/901 1223/1223/902 1221/1221/898
f 1153/1153/901 1221/1221/898 1149/1149/897
f 1116/1116/819 1115/1115/818 1224/1224/903
f 1116/1116/819 1224/1224/903 1154/1154/904
f 1157/1157/905 1225/1225/906 1226/1226/907
f 1157/1157/905 1226/1226/907 1158/1158/908
f 1161/1161/909 1227/1227/910 1228/1228/911
f 1161/1161/909 1228/1228/911 1162/1162/912
f 1140/1140/890 1217/1217/889 1223/1223/902
f 1140/1140/890 1223/1223/902 1153/1153/901
f 1165/1165/913 1229/1229/914 1102/1102/807
f 1165/1165/913 1102/1102/807 1101/1101/806
f 1158/1158/908 1226/1226/907 1229/1229/914
f 1158/1158/908 1229/1229/914 1165/1165/913
f 1167/1167/915 1230/1230/915 1231/1231/916
f 1167/1167/915 1231/1231/916 1168/1168/916
f 1171/1171/917 1232/1232/918 1233/1233/919
f 1171/1171/917 1233/1233/919 964/964/920
f 965/965/921 1234/1234/922 1225/1225/906
f 965/965/921 1225/1225/906 1157/1157/905
f 1154/1154/904 1224/1224/903 1235/1235/923
f 1154/1154/904 1235/1235/923 1172/1172/924
f 1175/1175/925 1236/1236/926 1237/1237/927
f 1175/1175/925 1237/1237/927 972/972/928
f 1104/1104/809 1103/1103/808 1232/1232/918
f 1104/1104/809 1232/1232/918 1171/1171/917
f 1146/1146/896 1220/1220/895 1216/1216/888
f 1146/1146/896 1216/1216/888 1139/1139/887
f 1172/1172/924 1235/1235/923 1218/1218/892
f 1172/1172/924 1218/1218/892 1143/1143/891
f 1112/1112/816 1111/1111/815 1238/1238/929
f 1112/1112/816 1238/1238/929 1176/1176/930
f 1179/1179/931 1239/1239/932 1114/1114/817
f 1179/1179/931 1114/1114/817 1113/1113/817
f 1150/1150/900 1222/1222/899 1214/1214/884
f 1150/1150/900 1214/1214/884 1135/1135/883
f 1132/1132/882 1213/1213/882 1240/1240/933
f 1132/1132/882 1240/1240/933 1180/1180/934
f 961/961/824 1120/1120/823 1241/1241/935
f 961/961/824 1241/1241/935 974/974/936
f 1183/1183/937 1242/1242/938 1239/1239/932
f 1183/1183/937 1239/1239/932 1179/1179/931
f 1108/1108/812 1107/1107/811 1227/1227/910
f 1108/1108/812 1227/1227/910 1161/1161/909
f 1180/1180/934 1240/1240/933 1110/1110/814
f 1180/1180/934 1110/1110/814 1109/1109/813
f 1185/1185/939 1243/1243/940 1212/1212/881
f 1185/1185/939 1212/1212/881 1131/1131/880
f 1187/1187/941 1244/1244/942 1243/1243/940
f 1187/1187/941 1243/1243/940 1185/1185/939
f 1168/1168/916 1231/1231/916 1118/1118/821
f 1168/1168/916 1118/1118/821 1117/1117/820
f 1162/1162/912 1228/1228/911 1245/1245/943
f 1162/1162/912 1245/1245/943 1188/1188/944
f 1144/1144/894 1219/1219/893 1242/1242/938
f 1144/1144/894 1242/1242/938 1183/1183/937
f 1176/1176/930 1238/1238/929 1244/1244/942
f 1176/1176/930 1244/1244/942 1187/1187/941
f 969/969/945 1246/1246/946 1236/1236/926
f 969/969/945 1236/1236/926 1175/1175/925
f 1188/1188/944 1245/1245/943 1230/1230/915
f 1188/1188/944 1230/1230/915 1167/1167/915
f 975/975/947 1247/1247/948 1248/1248/949
f 975/975/947 1248/1248/949 968/968/950
f 974/974/936 1241/1241/935 1247/1247/948
f 974/974/936 1247/1247/948 975/975/947
f 972/972/928 1237/1237/927 1119/1119/822
f 972/972/928 1119/1119/822 960/960/822
f 968/968/950 1248/1248/949 1246/1246/946
f 968/968/950 1246/1246/946 969/969/945
f 964/964/920 1233/1233/919 1234/1234/922
f 964/964/920 1234/1234/922 965/965/921
f 1249/1249/221 1250/1250/221 1251/1251/221
f 1249/1249/221 1251/1251/221 1252/1252/221
f 1253/1253/951 1254/1254/951 1255/1255/951
f 1253/1253/952 1255/1255/952 1256/1256/952
f 1257/1257/221 1258/1258/221 1259/1259/221
f 1257/1257/221 1259/1259/221 1260/1260/221
f 1261/1261/953 1262/1262/953 1263/1263/953
f 1261/1261/954 1263/1263/954 1264/1264/954
f 1265/1265/221 1266/1266/221 1267/1267/221
f 1265/1265/955 1267/1267/955 1268/1268/955
f 1269/1269/221 1270/1270/221 1258/1258/221
f 1269/1269/221 1258/1258/221 1257/1257/221
f 1271/1271/956 1272/1272/956 1273/1273/957
f 1271/1271/956 1273/1273/957 1274/1274/957
f 1275/1275/958 1276/1276/958 1277/1277/958
f 1275/1275/959 1277/1277/959 1278/1278/959
f 1279/1279/960 1280/1280/960 1281/1281/651
f 1279/1279/960 1281/1281/651 1282/1282/651
f 1283/1283/743 1284/1284/743 1285/1285/961
f 1283/1283/743 1285/1285/961 1286/1286/961
f 1287/1287/962 1288/1288/962 1289/1289/963
f 1287/1287/962 1289/1289/963 1290/1290/963
f 1291/1291/964 1292/1292/964 1293/1293/749
f 1291/1291/964 1293/1293/749 1294/1294/749
f 1295/1295/752 1296/1296/752 1297/1297/753
f 1295/1295/752 1297/1297/753 1298/1298/753
f 1299/1299/965 1300/1300/965 1301/1301/966
f 1299/1299/965 1301/1301/966 1302/1302/966
f 1303/1303/967 1304/1304/967 1305/1305/968
f 1303/1303/967 1305/1305/968 1306/1306/968
f 1307/1307/969 1308/1308/969 1309/1309/970
f 1307/1307/969 1309/1309/970 1310/1310/970
f 1302/1302/966 1301/1301/966 1311/1311/971
f 1302/1302/966 1311/1311/971 1312/1312/971
f 1313/1313/760 1314/1314/760 1315/1315/761
f 1313/1313/760 1315/1315/761 1316/1316/761
f 1317/1317/972 1318/1318/972 1319/1319/790
f 1317/1317/972 1319/1319/790 1320/1320/790
f 1282/1282/651 1281/1281/651 1321/1321/973
f 1282/1282/651 1321/1321/973 1322/1322/973
f 1323/1323/776 1324/1324/776 1325/1325/974
f 1323/1323/776 1325/1325/974 1326/1326/974
f 1327/1327/975 1328/1328/975 1329/1329/976
f 1327/1327/975 1329/1329/976 1330/1330/976
f 1331/1331/977 1332/1332/977 1318/1318/972
f 1331/1331/977 1318/1318/972 1317/1317/972
f 1333/1333/978 1334/1334/978 1335/1335/979
f 1333/1333/978 1335/1335/979 1336/1336/979
f 1337/1337/980 1338/1338/980 1334/1334/978
f 1337/1337/980 1334/1334/978 1333/1333/978
f 1339/1339/771 1340/1340/771 1341/1341/772
f 1339/1339/771 1341/1341/772 1342/1342/772
f 1343/1343/981 1344/1344/981 1191/1191/873
f 1343/1343/981 1191/1191/873 1190/1190/873
f 1345/1345/982 1346/1346/982 1324/1324/776
f 1345/1345/982 1324/1324/776 1323/1323/776
f 1347/1347/983 1348/1348/983 1349/1349/984
f 1347/1347/983 1349/1349/984 1350/1350/984
f 1351/1351/985 1352/1352/985 1199/1199/778
f 1351/1351/985 1199/1199/778 1198/1198/778
f 1294/1294/749 1293/1293/749 1353/1353/804
f 1294/1294/749 1353/1353/804 1354/1354/804
f 1355/1355/986 1356/1356/986 1304/1304/967
f 1355/1355/986 1304/1304/967 1303/1303/967
f 1350/1350/984 1349/1349/984 1357/1357/987
f 1350/1350/984 1357/1357/987 1358/1358/987
f 1286/1286/961 1285/1285/961 1359/1359/988
f 1286/1286/961 1359/1359/988 1360/1360/988
f 1361/1361/989 1362/1362/989 1280/1280/960
f 1361/1361/989 1280/1280/960 1279/1279/960
f 1316/1316/761 1315/1315/761 1363/1363/785
f 1316/1316/761 1363/1363/785 1364/1364/785
f 1365/1365/990 1366/1366/990 1367/1367/991
f 1365/1365/990 1367/1367/991 1368/1368/991
f 1274/1274/957 1273/1273/957 1369/1369/786
f 1274/1274/957 1369/1369/786 1370/1370/786
f 1371/1371/992 1372/1372/992 1373/1373/992
f 1371/1371/993 1373/1373/993 1374/1374/993
f 1290/1290/963 1289/1289/963 1375/1375/994
f 1290/1290/963 1375/1375/994 1376/1376/994
f 1368/1368/991 1367/1367/991 1377/1377/754
f 1368/1368/991 1377/1377/754 1378/1378/754
f 1379/1379/791 1380/1380/791 1296/1296/752
f 1379/1379/791 1296/1296/752 1295/1295/752
f 1381/1381/750 1382/1382/750 1383/1383/995
f 1381/1381/750 1383/1383/995 1384/1384/995
f 1342/1342/772 1341/1341/772 1385/1385/996
f 1342/1342/772 1385/1385/996 1386/1386/996
f 1330/1330/976 1329/1329/976 1209/1209/794
f 1330/1330/976 1209/1209/794 1208/1208/794
f 1310/1310/970 1309/1309/970 1387/1387/997
f 1310/1310/970 1387/1387/997 1388/1388/997
f 1389/1389/998 1390/1390/998 1382/1382/750
f 1389/1389/998 1382/1382/750 1381/1381/750
f 1197/1197/875 1196/1196/875 1391/1391/999
f 1197/1197/875 1391/1391/999 1392/1392/999
f 1393/1393/1000 1394/1394/1000 1395/1395/957
f 1393/1393/1000 1395/1395/957 1396/1396/957
f 1397/1397/873 1398/1398/873 1399/1399/664
f 1397/1397/873 1399/1399/664 1400/1400/664
f 1401/1401/1001 1402/1402/1001 1403/1403/768
f 1401/1401/1001 1403/1403/768 1404/1404/768
f 1405/1405/778 1406/1406/778 1407/1407/805
f 1405/1405/778 1407/1407/805 1408/1408/805
f 1409/1409/802 1410/1410/802 1411/1411/878
f 1409/1409/802 1411/1411/878 1412/1412/878
f 1412/1412/878 1411/1411/878 1413/1413/1002
f 1412/1412/878 1413/1413/1002 1414/1414/1002
f 1415/1415/1003 1416/1416/1003 1417/1417/1003
f 1415/1415/1004 1417/1417/1004 1418/1418/1004
f 1419/1419/1005 1420/1420/1005 1421/1421/1005
f 1419/1419/1006 1421/1421/1006 1422/1422/1006
f 1423/1423/221 1424/1424/221 1425/1425/221
f 1423/1423/1007 1425/1425/1007 1426/1426/1007
f 1418/1418/221 1417/1417/221 1427/1427/221
f 1418/1418/1008 1427/1427/1008 1428/1428/1008
f 1429/1429/221 1430/1430/221 1431/1431/221
f 1429/1429/221 1431/1431/221 1432/1432/221
f 1433/1433/1009 1434/1434/1009 1430/1430/1009
f 1433/1433/221 1430/1430/221 1429/1429/221
f 1268/1268/221 1267/1267/221 1435/1435/221
f 1268/1268/1010 1435/1435/1010 1436/1436/1010
f 1437/1437/221 1438/1438/221 1439/1439/221
f 1437/1437/1011 1439/1439/1011 1440/1440/1011
f 1441/1441/221 1442/1442/221 1443/1443/221
f 1441/1441/221 1443/1443/221 1444/1444/221
f 1422/1422/1012 1421/1421/1012 1434/1434/1012
f 1422/1422/1013 1434/1434/1013 1433/1433/1013
f 1445/1445/221 1446/1446/221 1254/1254/221
f 1445/1445/221 1254/1254/221 1253/1253/221
f 1440/1440/221 1439/1439/221 1446/1446/221
f 1440/1440/1014 1446/1446/1014 1445/1445/1014
f 1447/1447/221 1448/1448/221 1449/1449/221
f 1447/1447/221 1449/1449/221 1450/1450/221
f 1451/1451/1015 1452/1452/1015 1453/1453/1015
f 1451/1451/1016 1453/1453/1016 1454/1454/1016
f 1455/1455/221 1456/1456/221 1438/1438/221
f 1455/1455/1017 1438/1438/1017 1437/1437/1017
f 1436/1436/1018 1435/1435/1018 1457/1457/1018
f 1436/1436/1019 1457/1457/1019 1458/1458/1019
f 1459/1459/221 1460/1460/221 1461/1461/221
f 1459/1459/1020 1461/1461/1020 1462/1462/1020
f 1256/1256/221 1255/1255/221 1452/1452/221
f 1256/1256/1021 1452/1452/1021 1451/1451/1021
f 1428/1428/1022 1427/1427/1022 1420/1420/1022
f 1428/1428/1023 1420/1420/1023 1419/1419/1023
f 1458/1458/221 1457/1457/221 1424/1424/221
f 1458/1458/221 1424/1424/221 1423/1423/221
f 1264/1264/221 1263/1263/221 1463/1463/221
f 1264/1264/221 1463/1463/221 1464/1464/221
f 1465/1465/1024 1466/1466/1024 1266/1266/1024
f 1465/1465/221 1266/1266/221 1265/1265/221
f 1432/1432/1025 1431/1431/1025 1416/1416/1025
f 1432/1432/1026 1416/1416/1026 1415/1415/1026
f 1252/1252/221 1251/1251/221 1467/1467/221
f 1252/1252/1027 1467/1467/1027 1468/1468/1027
f 1469/1469/1028 1470/1470/1028 1471/1471/1028
f 1469/1469/221 1471/1471/221 1472/1472/221
f 1473/1473/1029 1474/1474/1029 1466/1466/1029
f 1473/1473/1030 1466/1466/1030 1465/1465/1030
f 1260/1260/221 1259/1259/221 1442/1442/221
f 1260/1260/221 1442/1442/221 1441/1441/221
f 1468/1468/221 1467/1467/221 1262/1262/221
f 1468/1468/1031 1262/1262/1031 1261/1261/1031
f 1475/1475/221 1476/1476/221 1250/1250/221
f 1475/1475/1032 1250/1250/1032 1249/1249/1032
f 1477/1477/221 1478/1478/221 1476/1476/221
f 1477/1477/1033 1476/1476/1033 1475/1475/1033
f 1450/1450/221 1449/1449/221 1270/1270/221
f 1450/1450/221 1270/1270/221 1269/1269/221
f 1444/1444/221 1443/1443/221 1479/1479/221
f 1444/1444/1034 1479/1479/1034 1480/1480/1034
f 1426/1426/221 1425/1425/221 1474/1474/221
f 1426/1426/1035 1474/1474/1035 1473/1473/1035
f 1464/1464/1036 1463/1463/1036 1478/1478/1036
f 1464/1464/1037 1478/1478/1037 1477/1477/1037
f 1481/1481/221 1482/1482/221 1460/1460/221
f 1481/1481/221 1460/1460/221 1459/1459/221
f 1480/1480/221 1479/1479/221 1448/1448/221
f 1480/1480/221 1448/1448/221 1447/1447/221
f 1483/1483/1038 1484/1484/1038 1485/1485/1038
f 1483/1483/1039 1485/1485/1039 1486/1486/1039
f 1472/1472/221 1471/1471/221 1484/1484/221
f 1472/1472/1040 1484/1484/1040 1483/1483/1040
f 1462/1462/221 1461/1461/221 1487/1487/221
f 1462/1462/1041 1487/1487/1041 1488/1488/1041
f 1486/1486/1042 1485/1485/1042 1482/1482/1042
f 1486/1486/1043 1482/1482/1043 1481/1481/1043
f 1454/1454/1044 1453/1453/1044 1456/1456/1044
f 1454/1454/221 1456/1456/221 1455/1455/221
f 1488/1488/221 1487/1487/221 1470/1470/221
f 1488/1488/1045 1470/1470/1045 1469/1469/1045
f 1489/1489/1046 1490/1490/353 1491/1491/1047
f 1492/1492/1048 1493/1493/353 1494/1494/1049
f 1495/1495/1050 1493/1493/353 1496/1496/1051
f 1497/1497/1052 1493/1493/353 1498/1498/1053
f 1498/1498/1053 1493/1493/353 1492/1492/1048
f 1499/1499/1054 1500/1500/353 1501/1501/1055
f 1502/1502/1056 1503/1503/1056 1504/1504/1056
f 1502/1502/1057 1504/1504/1057 1505/1505/1057
f 1506/1506/649 1507/1507/649 1508/1508/1058
f 1506/1506/649 1508/1508/1058 1509/1509/1058
f 1510/1510/743 1511/1511/743 1512/1512/961
f 1510/1510/743 1512/1512/961 1513/1513/961
f 1514/1514/1059 1515/1515/1059 1516/1516/963
f 1514/1514/1059 1516/1516/963 1517/1517/963
f 1518/1518/1060 1519/1519/1060 1520/1520/1061
f 1518/1518/1060 1520/1520/1061 1521/1521/1061
f 1522/1522/752 1523/1523/752 1524/1524/753
f 1522/1522/752 1524/1524/753 1525/1525/753
f 1526/1526/1062 1527/1527/1062 1528/1528/1063
f 1526/1526/1062 1528/1528/1063 1529/1529/1063
f 1530/1530/1064 1531/1531/1064 1532/1532/968
f 1530/1530/1064 1532/1532/968 1533/1533/968
f 1534/1534/1065 1535/1535/1065 1536/1536/1066
f 1534/1534/1065 1536/1536/1066 1537/1537/1066
f 1529/1529/1063 1528/1528/1063 1538/1538/1067
f 1529/1529/1063 1538/1538/1067 1539/1539/1067
f 1540/1540/1068 1541/1541/1068 1542/1542/761
f 1540/1540/1068 1542/1542/761 1543/1543/761
f 1544/1544/1069 1545/1545/1069 1546/1546/790
f 1544/1544/1069 1546/1546/790 1547/1547/790
f 1509/1509/1058 1508/1508/1058 1548/1548/973
f 1509/1509/1058 1548/1548/973 1549/1549/973
f 1550/1550/1070 1551/1551/1070 1552/1552/796
f 1550/1550/1070 1552/1552/796 1553/1553/796
f 1554/1554/1071 1555/1555/1071 1556/1556/976
f 1554/1554/1071 1556/1556/976 1557/1557/976
f 1558/1558/1072 1559/1559/1072 1545/1545/1069
f 1558/1558/1072 1545/1545/1069 1544/1544/1069
f 1560/1560/769 1561/1561/769 1562/1562/770
f 1560/1560/769 1562/1562/770 1563/1563/770
f 1564/1564/801 1565/1565/801 1561/1561/769
f 1564/1564/801 1561/1561/769 1560/1560/769
f 1566/1566/1073 1567/1567/1073 1568/1568/772
f 1566/1566/1073 1568/1568/772 1569/1569/772
f 1570/1570/1074 1571/1571/1074 1398/1398/873
f 1570/1570/1074 1398/1398/873 1397/1397/873
f 1572/1572/982 1573/1573/982 1551/1551/1070
f 1572/1572/982 1551/1551/1070 1550/1550/1070
f 1574/1574/983 1575/1575/983 1576/1576/984
f 1574/1574/983 1576/1576/984 1577/1577/984
f 1578/1578/1075 1579/1579/1075 1406/1406/778
f 1578/1578/1075 1406/1406/778 1405/1405/778
f 1521/1521/1061 1520/1520/1061 1580/1580/1076
f 1521/1521/1061 1580/1580/1076 1581/1581/1076
f 1582/1582/1077 1583/1583/1077 1531/1531/1064
f 1582/1582/1077 1531/1531/1064 1530/1530/1064
f 1577/1577/984 1576/1576/984 1584/1584/987
f 1577/1577/984 1584/1584/987 1585/1585/987
f 1513/1513/961 1512/1512/961 1586/1586/1078
f 1513/1513/961 1586/1586/1078 1587/1587/1078
f 1588/1588/662 1589/1589/662 1507/1507/649
f 1588/1588/662 1507/1507/649 1506/1506/649
f 1543/1543/761 1542/1542/761 1590/1590/1079
f 1543/1543/761 1590/1590/1079 1591/1591/1079
f 1592/1592/745 1593/1593/745 1594/1594/746
f 1592/1592/745 1594/1594/746 1595/1595/746
f 1396/1396/957 1395/1395/957 1596/1596/1080
f 1396/1396/957 1596/1596/1080 1597/1597/1080
f 1598/1598/1081 1599/1599/1081 1600/1600/1081
f 1598/1598/1082 1600/1600/1082 1601/1601/1082
f 1517/1517/963 1516/1516/963 1602/1602/1083
f 1517/1517/963 1602/1602/1083 1603/1603/1083
f 1595/1595/746 1594/1594/746 1604/1604/1084
f 1595/1595/746 1604/1604/1084 1605/1605/1084
f 1606/1606/791 1607/1607/791 1523/1523/752
f 1606/1606/791 1523/1523/752 1522/1522/752
f 1608/1608/1085 1609/1609/1085 1610/1610/1086
f 1608/1608/1085 1610/1610/1086 1611/1611/1086
f 1569/1569/772 1568/1568/772 1612/1612/996
f 1569/1569/772 1612/1612/996 1613/1613/996
f 1557/1557/976 1556/1556/976 1614/1614/794
f 1557/1557/976 1614/1614/794 1615/1615/794
f 1537/1537/1066 1536/1536/1066 1616/1616/1087
f 1537/1537/1066 1616/1616/1087 1617/1617/1087
f 1618/1618/757 1619/1619/1088 1609/1609/1085
f 1618/1618/757 1609/1609/1085 1608/1608/1085
f 1404/1404/768 1403/1403/768 1620/1620/1089
f 1404/1404/768 1620/1620/1089 1621/1621/1089
f 1615/1615/794 1614/1614/794 1622/1622/1090
f 1615/1615/794 1622/1622/1090 1623/1623/1090
f 1496/1496/1051 1493/1493/353 1624/1624/1091
f 1625/1625/1092 1500/1500/353 1626/1626/1093
f 1627/1627/1094 1628/1628/353 1629/1629/1095
f 1630/1630/1096 1631/1631/353 1632/1632/1097
f 1626/1626/1093 1500/1500/353 1633/1633/1098
f 1634/1634/1099 1490/1490/353 1635/1635/1100
f 1636/1636/1101 1631/1631/353 1637/1637/1102
f 1638/1638/1103 1639/1639/353 1640/1640/1104
f 1641/1641/1105 1639/1639/353 1642/1642/1106
f 1643/1643/1107 1628/1628/353 1644/1644/1108
f 1640/1640/1104 1639/1639/353 1645/1645/1109
f 1646/1646/1110 1639/1639/353 1647/1647/1111
f 1648/1648/1112 1639/1639/353 1646/1646/1110
f 1629/1629/1095 1628/1628/353 1649/1649/1113
f 1650/1650/1114 1490/1490/353 1651/1651/1115
f 1652/1652/1116 1500/1500/353 1653/1653/1117
f 1642/1642/1106 1639/1639/353 1648/1648/1112
f 1654/1654/1118 1490/1490/353 1634/1634/1099
f 1651/1651/1115 1490/1490/353 1654/1654/1118
f 1501/1501/1055 1500/1500/353 1655/1655/1119
f 1656/1656/1120 1490/1490/353 1489/1489/1046
f 1491/1491/1047 1490/1490/353 1650/1650/1114
f 1649/1649/1113 1628/1628/353 1657/1657/1121
f 1658/1658/1122 1493/1493/353 1495/1495/1050
f 1635/1635/1100 1490/1490/353 1656/1656/1120
f 1645/1645/1109 1639/1639/353 1641/1641/1105
f 1657/1657/1121 1628/1628/353 1643/1643/1107
f 1632/1632/1097 1631/1631/353 1659/1659/1123
f 1660/1660/1124 1628/1628/353 1627/1627/1094
f 1647/1647/1111 1639/1639/353 1638/1638/1103
f 1637/1637/1102 1631/1631/353 1661/1661/1125
f 1624/1624/1091 1493/1493/353 1497/1497/1052
f 1662/1662/1126 1628/1628/353 1660/1660/1124
f 1633/1633/1098 1500/1500/353 1652/1652/1116
f 1661/1661/1125 1631/1631/353 1630/1630/1096
f 1663/1663/1127 1631/1631/353 1636/1636/1101
f 1664/1664/1128 1631/1631/353 1663/1663/1127
f 1655/1655/1119 1500/1500/353 1625/1625/1092
f 1653/1653/1117 1500/1500/353 1499/1499/1054
f 1644/1644/1108 1628/1628/353 1662/1662/1126
f 1659/1659/1123 1631/1631/353 1664/1664/1128
f 1494/1494/1049 1493/1493/353 1658/1658/1122
f 1665/1665/772 1666/1666/772 421/421/269
f 1665/1665/772 421/421/269 365/365/772
f 1667/1667/1129 1668/1668/1129 1669/1669/1129
f 1670/1670/1130 1671/1671/1130 1672/1672/1130
f 305/305/230 386/386/268 1673/1673/772
f 305/305/230 1673/1673/772 1674/1674/772
f 1674/1674/772 1673/1673/772 1675/1675/772
f 1674/1674/772 1675/1675/772 1676/1676/772
f 1676/1676/772 1675/1675/772 1666/1666/772
f 1676/1676/772 1666/1666/772 1665/1665/772
f 1677/1677/1131 1667/1667/1131 1669/1669/1131
f 1677/1677/1132 1669/1669/1132 1678/1678/1132
f 1679/1679/1133 1680/1680/1133 1681/1681/1133
f 1677/1677/1134 1678/1678/1134 1680/1680/1134
f 1677/1677/1135 1680/1680/1135 1679/1679/1135
f 1682/1682/1136 1683/1683/1136 1684/1684/1136
f 1684/1684/1137 1683/1683/1137 1685/1685/1137
f 1684/1684/1138 1685/1685/1138 1686/1686/1138
f 1686/1686/1139 1685/1685/1139 1671/1671/1139
f 1686/1686/1140 1671/1671/1140 1670/1670/1140
f 1687/1687/1141 1688/1688/1141 1689/1689/1142
f 1687/1687/1141 1689/1689/1142 1690/1690/1142
f 1691/1691/1143 1692/1692/1143 1693/1693/1144
f 1691/1691/1143 1693/1693/1144 1694/1694/1144
f 1695/1695/1145 1696/1696/1145 1697/1697/353
f 1695/1695/1145 1697/1697/353 1698/1698/353
f 1699/1699/1146 1700/1700/1146 1701/1701/1147
f 1699/1699/1146 1701/1701/1147 1702/1702/1147
f 1703/1703/1148 1704/1704/1149 1705/1705/1150
f 1703/1703/1148 1705/1705/1150 1706/1706/1150
f 1698/1698/353 1697/1697/353 1692/1692/1143
f 1698/1698/353 1692/1692/1143 1691/1691/1143
f 1707/1707/1151 1708/1708/1151 1696/1696/1145
f 1707/1707/1151 1696/1696/1145 1695/1695/1145
f 1709/1709/794 1710/1710/794 1711/1711/1152
f 1709/1709/794 1711/1711/1152 1712/1712/1152
f 1713/1713/221 1714/1714/221 1704/1704/1149
f 1713/1713/221 1704/1704/1149 1703/1703/1148
f 1690/1690/1142 1689/1689/1142 1715/1715/1153
f 1690/1690/1142 1715/1715/1153 1716/1716/1153
f 1717/1717/1154 1718/1718/1154 1710/1710/794
f 1717/1717/1154 1710/1710/794 1709/1709/794
f 1702/1702/1147 1701/1701/1147 1714/1714/221
f 1702/1702/1147 1714/1714/221 1713/1713/221
f 1719/1719/1155 1720/1720/1156 1721/1721/1157
f 1719/1719/1155 1721/1721/1157 1722/1722/1158
f 1714/1714/1159 1723/1723/1159 1724/1724/1159
f 1714/1714/1160 1724/1724/1160 1704/1704/1160
f 1689/1689/1161 1725/1725/1161 1726/1726/1162
f 1689/1689/1161 1726/1726/1162 1715/1715/1163
f 1727/1727/1164 1728/1728/1165 1720/1720/1156
f 1727/1727/1164 1720/1720/1156 1719/1719/1155
f 1729/1729/1166 1730/1730/1167 1731/1731/1168
f 1729/1729/1166 1731/1731/1168 1732/1732/1169
f 1688/1688/1170 1733/1733/1171 1725/1725/1161
f 1688/1688/1170 1725/1725/1161 1689/1689/1161
f 1734/1734/1172 1735/1735/1173 1728/1728/1165
f 1734/1734/1172 1728/1728/1165 1727/1727/1164
f 1696/1696/1174 1736/1736/1174 1737/1737/1174
f 1696/1696/1175 1737/1737/1175 1697/1697/1175
f 1722/1722/1158 1721/1721/1157 1730/1730/1167
f 1722/1722/1158 1730/1730/1167 1729/1729/1166
f 1738/1738/1176 1739/1739/1177 1733/1733/1171
f 1738/1738/1176 1733/1733/1171 1688/1688/1170
f 1740/1740/1178 1741/1741/1179 1735/1735/1173
f 1740/1740/1178 1735/1735/1173 1734/1734/1172
f 1715/1715/1163 1726/1726/1162 1742/1742/1180
f 1715/1715/1163 1742/1742/1180 1743/1743/1180
f 1744/1744/772 1745/1745/772 1746/1746/772
f 1744/1744/1181 1746/1746/1181 1747/1747/1181
f 1720/1720/772 1748/1748/772 1749/1749/772
f 1720/1720/1182 1749/1749/1182 1721/1721/1182
f 1731/1731/1183 1750/1750/1183 1751/1751/1183
f 1731/1731/1184 1751/1751/1184 1752/1752/1184
f 1753/1753/772 1754/1754/772 1745/1745/772
f 1753/1753/1185 1745/1745/1185 1744/1744/1185
f 1728/1728/1186 1755/1755/1186 1748/1748/1186
f 1728/1728/772 1748/1748/772 1720/1720/772
f 1730/1730/772 1756/1756/772 1750/1750/772
f 1730/1730/1187 1750/1750/1187 1731/1731/1187
f 1757/1757/1188 1758/1758/1188 1754/1754/1188
f 1757/1757/772 1754/1754/772 1753/1753/772
f 1735/1735/772 1759/1759/772 1755/1755/772
f 1735/1735/1189 1755/1755/1189 1728/1728/1189
f 1747/1747/1190 1746/1746/1190 1760/1760/1190
f 1747/1747/772 1760/1760/772 1741/1741/772
f 1721/1721/772 1749/1749/772 1756/1756/772
f 1721/1721/1191 1756/1756/1191 1730/1730/1191
f 1752/1752/1192 1751/1751/1192 1758/1758/1192
f 1752/1752/1193 1758/1758/1193 1757/1757/1193
f 1741/1741/772 1760/1760/772 1759/1759/772
f 1741/1741/1194 1759/1759/1194 1735/1735/1194
f 1761/1761/1195 1762/1762/1196 1763/1763/1197
f 1761/1761/1195 1763/1763/1197 1764/1764/1198
f 1765/1765/1199 1766/1766/1199 1767/1767/1200
f 1765/1765/1199 1767/1767/1200 1768/1768/1201
f 1769/1769/794 1770/1770/794 1771/1771/1202
f 1769/1769/794 1771/1771/1202 1772/1772/1202
f 1773/1773/1203 1774/1774/1204 1775/1775/1205
f 1773/1773/1203 1775/1775/1205 1761/1761/1195
f 1776/1776/1142 1777/1777/1142 1778/1778/1153
f 1776/1776/1142 1778/1778/1153 1779/1779/1153
f 1780/1780/1206 1781/1781/1206 1770/1770/794
f 1780/1780/1206 1770/1770/794 1769/1769/794
f 1782/1782/1207 1783/1783/1207 1784/1784/1208
f 1782/1782/1207 1784/1784/1208 1785/1785/1209
f 1786/1786/1141 1787/1787/1141 1777/1777/1142
f 1786/1786/1141 1777/1777/1142 1776/1776/1142
f 1788/1788/1143 1789/1789/1210 1790/1790/1211
f 1788/1788/1143 1790/1790/1211 1791/1791/1211
f 1792/1792/1212 1793/1793/1213 1794/1794/1214
f 1792/1792/1212 1794/1794/1214 1795/1795/1215
f 1796/1796/1216 1797/1797/1216 1798/1798/1217
f 1796/1796/1216 1798/1798/1217 1799/1799/1218
f 1785/1785/1209 1784/1784/1208 1800/1800/1219
f 1785/1785/1209 1800/1800/1219 1801/1801/1219
f 1764/1764/1198 1763/1763/1197 1802/1802/1220
f 1764/1764/1198 1802/1802/1220 1803/1803/1221
f 1804/1804/1222 1805/1805/1222 1789/1789/1210
f 1804/1804/1222 1789/1789/1210 1788/1788/1143
f 1806/1806/1223 1807/1807/1224 1808/1808/1225
f 1806/1806/1223 1808/1808/1225 1809/1809/1226
f 1810/1810/1227 1811/1811/1228 1812/1812/1229
f 1810/1810/1227 1812/1812/1229 1813/1813/1230
f 1799/1799/1218 1798/1798/1217 1783/1783/1207
f 1799/1799/1218 1783/1783/1207 1782/1782/1207
f 1777/1777/1231 1814/1814/1232 1815/1815/1233
f 1777/1777/1231 1815/1815/1233 1778/1778/1234
f 1816/1816/1235 1817/1817/1236 1811/1811/1228
f 1816/1816/1235 1811/1811/1228 1810/1810/1227
f 1787/1787/1237 1818/1818/1238 1814/1814/1232
f 1787/1787/1237 1814/1814/1232 1777/1777/1231
f 1795/1795/1215 1794/1794/1214 1817/1817/1236
f 1795/1795/1215 1817/1817/1236 1816/1816/1235
f 1768/1768/1201 1767/1767/1200 1805/1805/1222
f 1768/1768/1201 1805/1805/1222 1804/1804/1222
f 1813/1813/1230 1812/1812/1229 1774/1774/1204
f 1813/1813/1230 1774/1774/1204 1773/1773/1203
f 1819/1819/1239 1793/1793/1213 1792/1792/1212
f 1775/1775/1205 1762/1762/1196 1761/1761/1195
f 1809/1809/1226 1808/1808/1225 1819/1819/1239
f 1809/1809/1226 1819/1819/1239 1792/1792/1212
f 1820/1820/772 1821/1821/772 1762/1762/772
f 1820/1820/772 1762/1762/772 1775/1775/772
f 1822/1822/1240 1823/1823/1240 1824/1824/1240
f 1825/1825/1241 1826/1826/1241 1827/1827/1241
f 1828/1828/1242 1829/1829/1242 1830/1830/1242
f 1828/1828/1243 1830/1830/1243 1831/1831/1243
f 1832/1832/1244 1833/1833/1244 1834/1834/1244
f 1832/1832/1245 1834/1834/1245 1835/1835/1245
f 1836/1836/772 1837/1837/772 1838/1838/772
f 1836/1836/772 1838/1838/772 1839/1839/772
f 1840/1840/1246 1829/1829/1246 1828/1828/1246
f 1835/1835/1247 1834/1834/1247 1823/1823/1247
f 1835/1835/1248 1823/1823/1248 1822/1822/1248
f 1839/1839/772 1838/1838/772 1821/1821/772
f 1839/1839/772 1821/1821/772 1820/1820/772
f 1793/1793/772 1819/1819/772 1837/1837/772
f 1793/1793/772 1837/1837/772 1836/1836/772
f 1841/1841/1249 1833/1833/1249 1832/1832/1249
f 1831/1831/1250 1830/1830/1250 1826/1826/1250
f 1831/1831/1251 1826/1826/1251 1825/1825/1251
f 1842/1842/1252 1843/1843/1253 1844/1844/1254
f 1842/1842/1252 1844/1844/1254 1845/1845/1255
f 1846/1846/1256 1847/1847/1257 1848/1848/1258
f 1846/1846/1256 1848/1848/1258 1849/1849/1259
f 1808/1808/1225 1842/1842/1252 1845/1845/1255
f 1808/1808/1225 1845/1845/1255 1819/1819/1239
f 1807/1807/1224 1850/1850/1260 1843/1843/1253
f 1807/1807/1224 1843/1843/1253 1842/1842/1252
f 1808/1808/1225 1807/1807/1224 1842/1842/1252
f 1794/1794/1214 1793/1793/1213 1847/1847/1257
f 1794/1794/1214 1847/1847/1257 1846/1846/1256
f 1817/1817/1236 1846/1846/1256 1849/1849/1259
f 1817/1817/1236 1849/1849/1259 1811/1811/1228
f 1817/1817/1236 1794/1794/1214 1846/1846/1256
f 1851/1851/1261 1852/1852/1262 1844/1844/1254
f 1851/1851/1261 1844/1844/1254 1843/1843/1253
f 1853/1853/1263 1849/1849/1259 1848/1848/1258
f 1853/1853/1263 1848/1848/1258 1854/1854/1264
f 1763/1763/1197 1762/1762/1196 1852/1852/1262
f 1763/1763/1197 1852/1852/1262 1851/1851/1261
f 1802/1802/1220 1851/1851/1261 1843/1843/1253
f 1802/1802/1220 1843/1843/1253 1850/1850/1260
f 1763/1763/1197 1851/1851/1261 1802/1802/1220
f 1774/1774/1204 1853/1853/1263 1854/1854/1264
f 1774/1774/1204 1854/1854/1264 1775/1775/1205
f 1812/1812/1229 1811/1811/1228 1849/1849/1259
f 1812/1812/1229 1849/1849/1259 1853/1853/1263
f 1812/1812/1229 1853/1853/1263 1774/1774/1204
f 288/288/1265 1855/1855/1265 289/289/1265
f 1855/1855/1266 1856/1856/1266 1857/1857/1266
f 289/289/221 1857/1857/221 1858/1858/221
f 1855/1855/221 1857/1857/221 289/289/221
f 1858/1858/221 1859/1859/221 1860/1860/221
f 1860/1860/221 1861/1861/221 289/289/221
f 1861/1861/1267 1862/1862/1267 289/289/1267
f 289/289/1268 1863/1863/1268 1864/1864/1268
f 1865/1865/221 289/289/221 1864/1864/221
f 1865/1865/221 1866/1866/221 1867/1867/221
f 1866/1866/221 1868/1868/221 1867/1867/221
f 1867/1867/221 1869/1869/221 1870/1870/221
f 1865/1865/221 1867/1867/221 289/289/221
f 1870/1870/1269 1871/1871/1269 1867/1867/1269
f 1871/1871/221 1872/1872/221 1873/1873/221
f 1873/1873/1270 1874/1874/1270 1875/1875/1270
f 1875/1875/1271 1876/1876/1271 287/287/1271
f 1876/1876/1272 1877/1877/1272 287/287/1272
f 1877/1877/221 1878/1878/221 287/287/221
f 287/287/1273 1879/1879/1273 1880/1880/1273
f 1880/1880/221 1881/1881/221 287/287/221
f 1881/1881/221 1882/1882/221 287/287/221
f 1882/1882/221 1883/1883/221 287/287/221
f 1883/1883/1274 1884/1884/1274 1885/1885/1274
f 287/287/1275 1883/1883/1275 1885/1885/1275
f 1885/1885/1276 1886/1886/1276 287/287/1276
f 1886/1886/1277 1887/1887/1277 288/288/1277
f 1858/1858/1278 1860/1860/1278 289/289/1278
f 287/287/1279 1873/1873/1279 1875/1875/1279
f 289/289/221 1867/1867/221 287/287/221
f 1871/1871/221 1873/1873/221 1867/1867/221
f 1886/1886/221 288/288/221 287/287/221
f 1873/1873/1280 287/287/1280 1867/1867/1280
f 1888/1888/1281 1889/1889/1281 1890/1890/1281
f 1889/1889/1282 1891/1891/1282 782/782/1282
f 1891/1891/1283 1892/1892/1283 1893/1893/1283
f 1893/1893/1284 1894/1894/1284 780/780/1284
f 1894/1894/353 1895/1895/353 780/780/353
f 1895/1895/353 1896/1896/353 780/780/353
f 1896/1896/353 1897/1897/353 780/780/353
f 1897/1897/1285 1898/1898/1285 780/780/1285
f 1898/1898/1286 1899/1899/1286 780/780/1286
f 1899/1899/1287 1900/1900/1287 780/780/1287
f 780/780/353 1901/1901/353 1902/1902/353
f 1902/1902/353 1903/1903/353 780/780/353
f 1903/1903/1288 1904/1904/1288 780/780/1288
f 1904/1904/1289 1905/1905/1289 1906/1906/1289
f 1906/1906/1290 1907/1907/1290 1908/1908/1290
f 1908/1908/1291 1909/1909/1291 781/781/1291
f 1909/1909/353 1910/1910/353 781/781/353
f 781/781/1292 1911/1911/1292 1912/1912/1292
f 1908/1908/1293 781/781/1293 1906/1906/1293
f 1912/1912/1294 1913/1913/1294 781/781/1294
f 1913/1913/1295 1914/1914/1295 782/782/1295
f 1914/1914/1296 1915/1915/1296 782/782/1296
f 782/782/1297 1916/1916/1297 1917/1917/1297
f 1918/1918/353 782/782/353 1917/1917/353
f 1918/1918/353 1919/1919/353 1920/1920/353
f 1920/1920/353 1890/1890/353 782/782/353
f 782/782/1298 1890/1890/1298 1889/1889/1298
f 1891/1891/1299 1893/1893/1299 780/780/1299
f 1904/1904/1300 1906/1906/1300 780/780/1300
f 782/782/1301 1918/1918/1301 1920/1920/1301
f 1891/1891/353 780/780/353 782/782/353
f 782/782/1302 781/781/1302 1913/1913/1302
f 1906/1906/1303 781/781/1303 780/780/1303
# Vertices: 1634, normals: 1083, texture coordinates: 1634, faces: 1698

