# File generated by ImageToStl.com - Free Image and 3D model conversion tools

mtllib wrist2.mtl

o obj1
v -0.00019753 -0.05340706 0.03545171
v 0.00799484 -0.053137 0.0360987
v 0.00788231 -0.05357784 0.03697555
v -0.00019493 -0.05383901 0.0363413
v -0.03931246 -0.02797798 0.10054592
v -0.02948246 -0.04954044 0.04716595
v 0.0425813 -0.04236693 0.06492998
v -0.02490889 0.03396369 0.11801671
v -0.02488167 0.00889296 0.11798071
v -0.01698739 0.00950438 0.1215239
v -0.01702082 0.03426837 0.1216621
v 0.02484112 0.05383514 0.03127375
v 0.03206717 0.05027155 0.03619304
v 0.03307895 0.04202298 0.03533986
v 0.02509867 0.04874133 0.0308589
v -0.03201217 0.03355182 0.11311892
v -0.0320536 0.00806964 0.11324742
v 0.03206717 0.05027155 0.03619304
v 0.03833418 0.04586974 0.04229118
v 0.04047959 0.03363237 0.04141732
v 0.03307895 0.04202298 0.03533986
v -0.03815866 0.03304548 0.10705812
v -0.03831746 0.00706 0.10735122
v -0.0320536 0.00806964 0.11324742
v -0.03201217 0.03355182 0.11311892
v -0.03846991 0.0590325 0.04265537
v -0.04350762 0.05903346 0.04991123
v -0.04344962 0.0716489 0.04981187
v -0.0384618 0.0716489 0.04266271
v 0.04933215 0.02947978 0.06559492
v 0.05020022 -5.83E-05 0.06529093
v 0.0497511 0.0093451 0.05871428
v 0.04746699 0.03414301 0.05810065
v -0.04310657 0.03244406 0.10008933
v -0.04333761 0.0058616 0.10048803
v 0.04991283 0.03036443 0.07541574
v 0.05020685 0.00169681 0.07603908
v -0.04909792 0.03110499 0.08416495
v -0.04926017 0.00317545 0.08468053
v -0.04700008 0.00457485 0.09283635
v -0.04676929 0.03180725 0.09238478
v 0.0490221 0.03108189 0.083897
v 0.04926957 0.00313143 0.08443034
v -0.05003033 0.03038855 0.07569334
v -0.05027418 0.00174357 0.07630882
v 0.04675898 0.03177915 0.09210873
v 0.04708351 0.00452594 0.09259844
v 0.04569261 0.02465997 0.04794384
v 0.04307615 0.04140237 0.04879238
v -0.04946952 0.02947712 0.06572304
v -0.05035632 -5.823E-05 0.06528995
v 0.0431482 0.03243354 0.09987021
v 0.04344323 0.00584285 0.10030065
v 0.03822933 0.03301618 0.10689196
v 0.03843669 0.00700329 0.10724126
v -0.04766339 0.03395737 0.05835859
v -0.04992139 0.00900413 0.0589619
v 0.03214507 0.03353874 0.11295196
v 0.03224645 0.00804798 0.11314886
v 0.03843669 0.00700329 0.10724126
v 0.03822933 0.03301618 0.10689196
v -0.00861162 0.03445076 0.123899
v -0.00859666 0.00987047 0.1237443
v 8.277E-05 0.00998097 0.12451169
v 8.594E-05 0.03450644 0.12466029
v -0.0438717 0.04019738 0.04993096
v -0.04689402 0.02212078 0.04978595
v 0.02503568 0.03395145 0.11792397
v 0.02505677 0.00887 0.11797487
v 0.01718789 0.03425758 0.12159317
v 0.01718853 0.00948261 0.12155887
v 0.00876063 0.03445016 0.12387628
v 0.00875651 0.00986796 0.12378258
v -0.03864611 0.04571736 0.04250767
v -0.03240306 0.05013609 0.03638044
v -0.03347761 0.0417536 0.03556206
v -0.04081727 0.03336669 0.04164961
v -0.03240306 0.05013609 0.03638044
v -0.02521724 0.05373156 0.03141375
v -0.0254733 0.04853481 0.03100725
v -0.03347761 0.0417536 0.03556206
v 7.581E-05 -0.01808708 0.12281729
v -0.008132 -0.01830536 0.1221764
v -0.00801642 -0.01925069 0.12184569
v 7.357E-05 -0.0190339 0.12247089
v 0.04088606 -0.02687032 0.10083375
v 0.03611466 -0.02449585 0.10707666
v 0.03559592 -0.02534611 0.10695656
v 0.04030342 -0.02768887 0.10080675
v -0.0235637 -0.02039073 0.11701321
v -0.03029271 -0.02215068 0.11265522
v -0.0298641 -0.02303909 0.11246092
v -0.02322479 -0.02130197 0.11674791
v -0.03628262 -0.04702744 0.05114552
v -0.03048692 -0.04921356 0.04575463
v -0.03006575 -0.04971233 0.04649802
v -0.03577163 -0.0475491 0.05181708
v -0.04653419 -0.0387185 0.07164368
v -0.04442437 -0.04168913 0.06429383
v -0.04379739 -0.04228905 0.06478187
v -0.04587621 -0.03935645 0.07203194
v 0.03597471 -0.04711628 0.05096085
v 0.04074135 -0.04454434 0.05715944
v 0.0401685 -0.04510636 0.0577466
v 0.03546401 -0.04763884 0.05163111
v 0.01622359 -0.01913481 0.12013357
v 0.00826333 -0.01830101 0.12214018
v 0.00814388 -0.01924586 0.12180898
v 0.01598916 -0.02006494 0.11982417
v 0.03041622 -0.02217275 0.11249066
v 0.02998426 -0.02306307 0.11230176
v -0.03617677 -0.02427778 0.10727362
v -0.03565594 -0.025129 0.10715572
v 0.01594586 -0.05234718 0.03804592
v 0.01572074 -0.05279201 0.03889964
v 0.04412357 -0.04186178 0.06411481
v 0.04638897 -0.03878809 0.07137454
v 0.04572861 -0.03942764 0.0717628
v 0.04349945 -0.04245914 0.06460548
v -0.02377084 -0.05099873 0.04136778
v -0.02343688 -0.0514621 0.04217602
v -0.03617677 -0.02427778 0.10727362
v -0.04077211 -0.0269442 0.10103783
v -0.04017154 -0.02777038 0.10099823
v -0.03565594 -0.025129 0.10715572
v 0.04638897 -0.03878809 0.07137454
v 0.04709255 -0.03574837 0.07898033
v 0.04643213 -0.03643805 0.07926631
v 0.04572861 -0.03942764 0.0717628
v 0.02340747 -0.05104899 0.04124347
v 0.02307697 -0.05151104 0.04205356
v -0.04437725 -0.02956293 0.09415611
v -0.04649024 -0.03259203 0.08679887
v -0.04582708 -0.03332267 0.08696827
v -0.04374532 -0.03033939 0.09422215
v -0.01632718 -0.05231147 0.0381319
v -0.01609836 -0.05275713 0.0389843
v 0.04641617 -0.03268225 0.08656145
v 0.04575486 -0.03341198 0.08673013
v -0.01608773 -0.0190842 0.1202288
v -0.01585706 -0.02001505 0.1199181
v -0.04096958 -0.04448519 0.05739185
v -0.04039516 -0.04504774 0.05797579
v -0.04722571 -0.03564165 0.07922539
v -0.04656529 -0.0363352 0.07950255
v 0.03015544 -0.04927648 0.04559329
v 0.029736 -0.04977119 0.04633972
v 0.02365307 -0.02044607 0.11689587
v 0.02331117 -0.02135611 0.11663217
v 0.04431141 -0.02971077 0.09391046
v 0.04367883 -0.03048552 0.09397996
v -0.00838857 -0.0531178 0.03614336
v -0.00827198 -0.05355774 0.03701967
v -0.03628262 -0.04702744 0.05114552
v -0.03577163 -0.0475491 0.05181708
v 0.04431141 -0.02971077 0.09391046
v 0.04367883 -0.03048552 0.09397996
v 0.02284274 -0.02176124 0.11592247
v 0.02940031 -0.02345092 0.11173506
v 0.02998426 -0.02306307 0.11230176
v 0.02331117 -0.02135611 0.11663217
v -0.04295216 -0.0306125 0.09400579
v -0.04017154 -0.02777038 0.10099823
v -0.04374532 -0.03033939 0.09422215
v -0.03508833 -0.04743144 0.05238392
v -0.03963079 -0.04499045 0.0584242
v -0.04039516 -0.04504774 0.05797579
v -0.02298216 -0.05125259 0.04292806
v -0.01578627 -0.05251662 0.03979928
v -0.0001943 -0.05356245 0.03721219
v -0.00811248 -0.0532947 0.03787446
v 0.01566199 -0.02049714 0.11905167
v 0.01598916 -0.02006494 0.11982417
v 0.00772805 -0.053312 0.03783225
v 0.00798462 -0.01970285 0.12101558
v 0.00814388 -0.01924586 0.12180898
v 0.01541384 -0.05255001 0.03971664
v 0.03943077 -0.04508502 0.0581875
v 7.309E-05 -0.01947116 0.12159399
v 7.357E-05 -0.0190339 0.12247089
v 0.02262791 -0.05130136 0.04280755
v 0.04554009 -0.03655243 0.07930828
v 0.04489778 -0.03951657 0.0719682
v 0.04643213 -0.03643805 0.07926631
v -0.01554193 -0.0204538 0.1191576
v -0.00786044 -0.01969945 0.12102679
v -0.00801642 -0.01925069 0.12184569
v -0.01585706 -0.02001505 0.1199181
v 0.02915914 -0.04960377 0.04700866
v 0.03477624 -0.04750324 0.05220754
v -0.02275892 -0.02171104 0.11604671
v -0.02322479 -0.02130197 0.11674791
v -0.02926906 -0.02341096 0.11183981
v -0.0298641 -0.02303909 0.11246092
v -0.04567944 -0.03645513 0.07954987
v -0.04494528 -0.03349624 0.08687505
v -0.04582708 -0.03332267 0.08696827
v -0.04656529 -0.0363352 0.07950255
v -0.03497973 -0.0254846 0.10670082
v -0.03565594 -0.025129 0.10715572
v 0.04487896 -0.0335899 0.0866412
v 0.04575486 -0.03341198 0.08673013
v 0.04283459 -0.03071756 0.09375227
v 0.04367883 -0.03048552 0.09397996
v -0.04500676 -0.03941826 0.0722166
v -0.04587621 -0.03935645 0.07203194
v 0.03956009 -0.02800423 0.10046265
v 0.04030342 -0.02768887 0.10080675
v 0.03481862 -0.02562321 0.10637296
v 0.03559592 -0.02534611 0.10695656
v -0.0429702 -0.04229275 0.06510254
v -0.04379739 -0.04228905 0.06478187
v -0.00876968 -0.05169789 0.03327423
v -0.00020345 -0.0519949 0.03255707
v 0.04637433 -0.02718694 0.09368325
v 0.04279371 -0.02420944 0.10092935
v 0.02475969 -0.01747323 0.11774087
v 0.01698438 -0.01609838 0.12112867
v 0.03154059 -0.04767401 0.04315111
v 0.03762295 -0.04541153 0.04876246
v -0.04940921 -0.03339789 0.07831833
v -0.04867298 -0.0366141 0.07038948
v -0.04285106 -0.04266057 0.05548653
v -0.03794476 -0.0453221 0.04895713
v -0.01683815 -0.01604556 0.1212301
v -0.02466007 -0.01741515 0.11786201
v 0.04262164 -0.04272563 0.05524673
v 0.04615912 -0.03991509 0.06251574
v -0.04267011 -0.02428857 0.10114633
v -0.04643469 -0.02703134 0.09394201
v -0.01706915 -0.05084853 0.03535873
v 0.04856396 -0.03029413 0.08598817
v 0.04637433 -0.02718694 0.09368325
v 0.03184214 -0.01928473 0.11313486
v 0.02447756 -0.0495277 0.03860875
v -0.04863863 -0.0302035 0.08624085
v -0.04646923 -0.03973303 0.06270406
v -0.00851031 -0.0152285 0.1232712
v 0.04927545 -0.03350968 0.07806218
v -0.024851 -0.0494756 0.03873684
v 0.01667882 -0.05088526 0.03526804
v 0.04852764 -0.03669364 0.07010758
v 0.00865422 -0.0152266 0.12324118
v 8.262E-05 -0.01499974 0.12394069
v -0.03785595 -0.02148781 0.10766832
v -0.03188244 -0.0476096 0.04331966
v 0.04852764 -0.03669364 0.07010758
v 0.00836302 -0.05171275 0.0332319
v -0.03170552 -0.01926111 0.11330442
v -0.03785595 -0.02148781 0.10766832
v 0.03780189 -0.02172024 0.10746366
v -0.03794476 -0.0453221 0.04895713
v -0.00020519 -0.05166547 0.0318647
v 0.00845076 -0.05138361 0.03255253
v 8.352E-05 -0.01427882 0.12417459
v -0.0085931 -0.01452547 0.1234996
v 0.0431688 -0.02362824 0.10092315
v 0.03818824 -0.02106399 0.10754476
v -0.02489622 -0.01673935 0.11803101
v -0.03200641 -0.01860254 0.11342452
v -0.03829166 -0.04495898 0.04849723
v -0.03217879 -0.04727147 0.04279824
v -0.04910768 -0.03615729 0.0701215
v -0.04687609 -0.03933821 0.06237951
v 0.03797355 -0.0450458 0.0482948
v 0.04298535 -0.04235048 0.05486311
v 0.01715062 -0.01540476 0.12133457
v 0.00873785 -0.01452887 0.12345888
v 0.03212621 -0.01865304 0.11324186
v -0.03818204 -0.02088669 0.10772042
v 0.01684678 -0.05055445 0.03463158
v 0.04662285 -0.03946609 0.06214899
v 0.04891948 -0.03627426 0.06985915
v -0.02509264 -0.04913788 0.03814913
v -0.03818204 -0.02088669 0.10772042
v -0.04310516 -0.02366594 0.10116533
v 0.04891948 -0.03627426 0.06985915
v 0.04970657 -0.03304214 0.0778724
v 0.02471145 -0.04919189 0.03803208
v -0.04681735 -0.02651319 0.09388372
v -0.04907112 -0.02968804 0.08611832
v -0.01724325 -0.05050759 0.03470928
v 0.04899026 -0.02977866 0.08585942
v -0.01699836 -0.01535289 0.1214316
v -0.04323706 -0.0422692 0.05508849
v -0.04983437 -0.03293786 0.07812903
v 0.03183807 -0.04733193 0.04262736
v 0.02499948 -0.01679606 0.11790897
v 0.04678548 -0.02663506 0.09361971
v -0.0088607 -0.05137353 0.03259915
v -0.03829166 -0.04495898 0.04849723
v 0.0431688 -0.02362824 0.10092315
v 0.04279371 -0.02420944 0.10092935
v 8.393E-05 -0.01379024 0.12421389
v 0.00874244 -0.01404291 0.12349198
v -0.01700653 -0.01487057 0.1214588
v -0.00859739 -0.01403987 0.1235316
v -0.0249104 -0.01625501 0.11805771
v -0.0320293 -0.01812522 0.11345462
v -0.03821089 -0.02040974 0.10774302
v -0.04316804 -0.02316544 0.10118413
v -0.03821089 -0.02040974 0.10774302
v 0.04977393 -0.03258837 0.07785738
v 0.04899173 -0.03585166 0.06981123
v -0.04912274 -0.02922825 0.0861151
v -0.04686265 -0.02604262 0.09388777
v 0.04904628 -0.02933187 0.08586264
v -0.04989463 -0.03248194 0.07811818
v 0.04683179 -0.02616942 0.09362984
v -0.04917419 -0.03574607 0.07007668
v 0.04320099 -0.02317745 0.10094625
v 0.0382345 -0.02056665 0.10757266
v 0.03818824 -0.02106399 0.10754476
v 0.03214857 -0.01816988 0.11326806
v 0.0382345 -0.02056665 0.10757266
v 0.02501467 -0.01631016 0.11793827
v 0.01716111 -0.01491934 0.12136837
v -0.04635228 0.02016968 0.04030362
v -0.04094698 0.02997423 0.03527495
v 0.04936061 0.00896696 0.04583705
v 0.04994438 -0.00012586 0.05006636
v 0.04877762 -0.01113255 0.0476001
v 0.04927443 -0.01169492 0.0572213
v -0.00912403 -0.05007218 0.02785999
v 6.152E-05 -0.05068104 0.02758342
v 9.869E-05 -0.05111741 0.02967685
v -0.0087847 -0.05064897 0.0300526
v -0.02634965 -0.04427378 0.03050204
v -0.01804404 -0.04796122 0.02883417
v -0.01750951 -0.04900984 0.03132082
v -0.02585743 -0.04590516 0.03345563
v 2.335E-05 -0.05034481 0.02547752
v -5.001E-05 -0.05000339 0.01329988
v 0.00990945 -0.04899907 0.01329987
v 0.00945139 -0.04941833 0.02567403
v 0.00918669 -0.04986006 0.02790473
v 0.01798374 -0.04758441 0.02893577
v 0.01757867 -0.0486235 0.03143648
v 0.00893713 -0.05044674 0.03011172
v 0.0332929 -0.03876782 0.03300908
v 0.04028012 -0.03109628 0.03701593
v 0.04079172 -0.0330273 0.04231383
v 0.03310408 -0.04088027 0.03683873
v 0.04528585 -0.02226759 0.04157443
v 0.04598251 -0.02381892 0.04877377
v -0.04897584 -0.01105312 0.04765079
v -0.04954947 -0.01169333 0.05721364
v -0.05007513 -6.02E-06 0.05013446
v -0.03358844 -0.03909705 0.03289708
v -0.02634965 -0.04427378 0.03050204
v -0.02585743 -0.04590516 0.03345563
v -0.03339676 -0.04131517 0.03659942
v 0.0261255 -0.04389859 0.03063639
v 0.0332929 -0.03876782 0.03300908
v 0.03310408 -0.04088027 0.03683873
v 0.02570934 -0.04548352 0.03366151
v -0.04069636 -0.03120623 0.03698346
v -0.04127362 -0.03323064 0.04217305
v -0.01811077 0.0478692 0.02566511
v -0.0173768 0.05249536 0.02756221
v -0.00890179 0.05479454 0.02539289
v -0.00934734 0.05037438 0.02401788
v -0.02627696 0.0437916 0.02813073
v -0.03411467 0.03776444 0.0312514
v -0.03347761 0.0417536 0.03556206
v -0.0254733 0.04853481 0.03100725
v -0.02627696 0.0437916 0.02813073
v -0.03411467 0.03776444 0.0312514
v 0.0406606 0.03008214 0.03504308
v 0.04554067 0.02162645 0.03914477
v -0.04950465 0.00886192 0.04605589
v -0.04635337 0.01892019 0.01329992
v -0.0462388 0.01940907 0.02944324
v -0.04125568 0.02851886 0.02659985
v -0.04186485 0.02745379 0.01329992
v -0.02831542 -0.04125629 0.0132999
v -0.0195837 -0.04603712 0.0132999
v -0.01856409 -0.04704808 0.0263095
v -0.02690171 -0.04285042 0.02739348
v 0.04622232 -0.0189274 0.01329984
v 0.04898221 -0.00974359 0.01329984
v 0.04875084 -0.01060458 0.03789187
v 0.04538043 -0.02088589 0.03411271
v -0.04918806 -0.0093588 0.01329992
v -0.04892227 -0.01041648 0.03800819
v -0.0500724 5.709E-05 0.03497235
v -0.05006962 0.00019275 0.01329992
v -0.03587627 -0.03489826 0.01329991
v -0.02831542 -0.04125629 0.0132999
v -0.02690171 -0.04285042 0.02739348
v -0.0341088 -0.03717337 0.02889034
v 0.02810215 -0.04132391 0.01329985
v 0.03562659 -0.03502703 0.01329985
v 0.03389586 -0.03703863 0.028824
v 0.02670134 -0.04265607 0.02738729
v -0.04199105 -0.02725146 0.01329992
v -0.04071633 -0.02943174 0.03138873
v -0.04557082 -0.02231494 0.04157386
v -0.04635867 -0.02394996 0.04866306
v -0.0195575 0.04607373 0.0132999
v -0.01872422 0.04651802 0.02107746
v -0.00961884 0.04919987 0.02021236
v -0.01002898 0.04902619 0.01329989
v -0.02825126 0.0413282 0.0132999
v -0.02712418 0.04218931 0.02246459
v -0.03577123 0.03503067 0.01329991
v -0.03480038 0.03611821 0.02431216
v -0.04186485 0.02745379 0.01329992
v -0.04125568 0.02851886 0.02659985
v -0.01002586 -0.04900222 0.01329989
v -0.00944638 -0.04954724 0.02566952
v -0.04911712 0.00972922 0.01329992
v -0.04925814 0.00920941 0.03265057
v 0.03383133 0.03784141 0.03108558
v 0.01854793 0.04653083 0.02098445
v 0.02696649 0.04219495 0.0223352
v 0.02821514 0.04125302 0.01329985
v 0.01948151 0.04603843 0.01329986
v 0.02597634 0.04384504 0.02800682
v 0.02509867 0.04874133 0.0308589
v -0.00011335 0.05011868 0.01990067
v 0.00940761 0.04922216 0.02016591
v 0.00992092 0.04900973 0.01329987
v -5.997E-05 0.05002892 0.01329988
v 0.00902979 0.05037151 0.02395706
v 0.008494 0.05479406 0.02534018
v 0.0169879 0.05250077 0.02744237
v 0.01782767 0.04786347 0.02556292
v 0.01942801 -0.04605174 0.01329986
v 0.01847137 -0.04681313 0.02630947
v -0.04647093 -0.01864383 0.01329992
v -0.04556898 -0.02078674 0.03420899
v 0.03562659 -0.03502703 0.01329985
v 0.0417273 -0.02745522 0.01329984
v 0.04048266 -0.02948022 0.03129251
v 0.03389586 -0.03703863 0.028824
v -0.00016759 0.05118947 0.02335113
v 0.00902979 0.05037151 0.02395706
v -0.00881587 -0.05094032 0.03108638
v -0.01738523 -0.04962169 0.03278971
v -0.02545016 -0.04734646 0.03561695
v -0.00014011 -0.05153351 0.03139042
v 0.00853653 -0.05118381 0.0321192
v -0.0002065 0.0572127 0.02467083
v 0.00848143 0.05691163 0.02541332
v -0.00020823 0.05539696 0.02461141
v -0.03974255 -0.03888122 0.04517111
v -0.04478809 -0.03293553 0.05169865
v 0.01691703 0.05575477 0.02762691
v -0.00884764 -0.051226 0.03212141
v -0.00888915 0.05691158 0.02546526
v -0.01731022 0.0557546 0.0277297
v -0.02545016 -0.04734646 0.03561695
v -0.03271088 -0.04405454 0.03953591
v 0.00873352 -0.05079287 0.03111546
v 0.01722891 -0.0494045 0.03285859
v 0.02517903 -0.04707849 0.03571084
v 0.03236486 -0.04381717 0.03965207
v 0.03236486 -0.04381717 0.03965207
v 0.03925129 -0.03876675 0.04521443
v 0.04432949 -0.03284365 0.05173983
v -0.04697163 -0.03890566 0.06228617
v 0.04800574 -0.02536119 0.05959958
v -0.00934734 0.05037438 0.02401788
v 0.03468158 0.03610728 0.02414837
v 0.03577615 0.03488938 0.01329985
v 0.03577615 0.03488938 0.01329985
v 0.03468158 0.03610728 0.02414837
v 0.0411596 0.02847264 0.02641167
v 0.04188927 0.02723799 0.01329984
v 0.04636575 0.01861528 0.01329984
v 0.04584988 0.01999793 0.02872767
v 0.049153 0.00908778 0.03243912
v 0.04906978 0.00933091 0.01329983
v 0.04662285 -0.03946609 0.06214899
v 0.04673508 -0.03901989 0.0620488
v -0.0483904 -0.02533547 0.05967066
v -0.04333969 -0.04188172 0.05492904
v 0.04298535 -0.04235048 0.05486311
v 0.04306522 -0.04196245 0.05472834
v 0.03797355 -0.0450458 0.0482948
v 0.03806671 -0.04465998 0.04809494
v 0.03183807 -0.04733193 0.04262736
v 0.03188922 -0.04699153 0.04232934
v 0.02477624 -0.04887712 0.03769591
v 0.03188922 -0.04699153 0.04232934
v 0.0169282 -0.05029273 0.03424243
v 0.04980694 -0.01797231 0.06752682
v -0.03217879 -0.04727147 0.04279824
v -0.03839907 -0.04457734 0.0482721
v -0.0322359 -0.04694596 0.04245599
v -0.05005873 -0.01791975 0.06765804
v -0.0322359 -0.04694596 0.04245599
v -0.02514557 -0.04886441 0.03776743
v -0.01727132 -0.0503103 0.03428054
v -2.157E-05 -0.05131958 0.03053259
v 0.00875788 -0.00208879 0.12369088
v 0.01719318 -0.00271893 0.12151857
v 0.02506731 -0.00372017 0.11801387
v -0.04706261 -0.01074061 0.09341606
v -0.04335483 -0.00864546 0.10089763
v 0.03225312 -0.0050645 0.11328196
v -0.00859786 -0.00208473 0.1236425
v 8.451E-05 -0.00190377 0.12440369
v 0.03842058 -0.00678034 0.10748476
v 0.03842058 -0.00678034 0.10748476
v 0.04343918 -0.00867166 0.10069675
v 0.04711856 -0.01082481 0.09318102
v -0.0503093 -0.01537875 0.07722089
v 0.04934604 -0.01310422 0.08518255
v -0.04934774 -0.0130308 0.08542893
v 0.05021971 -0.01545699 0.07695199
v -0.03834459 -0.00667857 0.10762232
v -0.0320293 -0.01812522 0.11345462
v -0.03208961 -0.005028 0.11341262
v -0.03208961 -0.005028 0.11341262
v -0.02491333 -0.00368189 0.11804751
v -0.01699841 -0.00268411 0.1214964
v 0.01782767 0.04786347 0.02556292
v 0.02597634 0.04384504 0.02800682
v 0.0499489 -0.00020211 0.03484691
v 0.04994917 -0.00022065 0.01329983
v -0.01702629 0.07164889 0.1217346
v -0.01703153 0.05903249 0.1217318
v -0.00861393 0.05903255 0.1239767
v -0.00860564 0.07164889 0.1239672
v 0.01690482 0.07164888 0.02765993
v 0.02482002 0.07164887 0.03130897
v 0.0248193 0.05903243 0.03131023
v 0.01690452 0.05903237 0.02766046
v -0.02519501 0.07164889 0.03145231
v -0.01730073 0.07164889 0.02775533
v -0.01730443 0.05903249 0.02774388
v -0.02518946 0.05903249 0.03146137
v -0.00888682 0.07164889 0.0254773
v -0.00888731 0.05903249 0.02547545
v -0.00020624 0.07164888 0.02468043
v -0.00020626 0.05903248 0.02467978
v 0.00847917 0.07164888 0.02542548
v 0.00848113 0.05903248 0.02541487
v 0.04318888 0.07164887 0.04957904
v 0.043028 0.05903671 0.04932518
v 0.03815448 0.05903247 0.04243042
v 0.03814017 0.07164887 0.04244198
v -0.03231418 0.07164889 0.03648319
v -0.03232277 0.0590325 0.03647336
v 8.462E-05 0.07164888 0.12465189
v 8.728E-05 0.05903254 0.12471249
v 0.00875647 0.05903254 0.12391808
v 0.00875016 0.07164888 0.12391708
v -0.0384618 0.0716489 0.04266271
v -0.03846991 0.0590325 0.04265537
v 0.01719237 0.05903248 0.12164397
v 0.01718313 0.07164888 0.12163427
v 0.02505077 0.05903248 0.11793827
v 0.02505214 0.07164887 0.11793417
v -0.04699946 0.07164878 0.09194776
v -0.04696007 0.05903388 0.09208652
v -0.04324604 0.0590325 0.0999113
v -0.04310513 0.0716489 0.09971389
v 0.03219091 0.05903253 0.11292336
v 0.03219969 0.07164887 0.11289876
v -0.04718046 0.05903549 0.05795715
v -0.04709951 0.0716489 0.05772815
v 0.03830123 0.05903277 0.10678656
v 0.03819042 0.07164887 0.10661756
v -0.04932324 0.05903471 0.06604431
v -0.0493339 0.0716489 0.06615386
v 0.03819042 0.07164887 0.10661756
v 0.03830123 0.05903277 0.10678656
v 0.04326581 0.05903337 0.09967196
v 0.04331707 0.07164887 0.0995915
v 0.04692332 0.05903379 0.09180129
v 0.04697459 0.07164887 0.09165979
v -0.05007252 0.05903525 0.07508907
v -0.05007895 0.0716489 0.07484076
v 0.04670335 0.07164887 0.0575158
v 0.04696698 0.05903528 0.05768157
v 0.04917905 0.0590342 0.08343828
v 0.04920737 0.07164887 0.08323873
v -0.0492502 0.05903417 0.08371148
v -0.0492809 0.0716489 0.08351335
v 0.04995468 0.05903528 0.07480789
v 0.04994562 0.07164886 0.07455791
v 0.04914434 0.05903396 0.06579972
v 0.04915328 0.07164881 0.06586254
v -0.03826051 0.05903268 0.10698672
v -0.0382871 0.0716489 0.10693442
v -0.03207868 0.0590325 0.11312492
v -0.03208612 0.07164889 0.11309822
v 0.03197222 0.07164887 0.03629985
v 0.03814017 0.07164887 0.04244198
v 0.03815448 0.05903247 0.04243042
v 0.03197973 0.05903247 0.03629139
v -0.03208612 0.07164889 0.11309822
v -0.03207868 0.0590325 0.11312492
v -0.02495079 0.05903249 0.11807941
v -0.02495257 0.07164889 0.11807851
v 0.02597634 0.04384504 0.02800682
v -0.00016759 0.05118947 0.02335113
v 0.03383133 0.03784141 0.03108558
v -0.04094698 0.02997423 0.03527495
v -0.01811077 0.0478692 0.02566511
v -0.02514557 -0.04886441 0.03776743
v -0.03864611 0.04571736 0.04250767
v 0.03833418 0.04586974 0.04229118
v 0.02505214 0.08268294 0.11793417
v 0.03219969 0.08268294 0.11289876
v 0.03210039 0.08268294 0.11278126
v 0.02497483 0.08268294 0.11780117
v -0.04344962 0.08268297 0.04981187
v -0.04709951 0.08268297 0.05772815
v -0.04695479 0.08268297 0.05778006
v -0.04331635 0.08268297 0.04988876
v -0.00860564 0.08268295 0.1239672
v 8.463E-05 0.08268295 0.12465189
v 8.416E-05 0.08268295 0.12449789
v -0.00857935 0.08268295 0.1238155
v 0.03819042 0.08268294 0.10661756
v 0.03807234 0.08268294 0.10651936
v -0.04709951 0.08268297 0.05772815
v -0.04933389 0.08268297 0.06615386
v -0.0491825 0.08268297 0.06618009
v -0.04695479 0.08268297 0.05778006
v 0.04331708 0.08268294 0.0995915
v 0.0431838 0.08268294 0.09951485
v 0.04697459 0.08268293 0.09165979
v 0.04682987 0.08268293 0.09160758
v -0.05007894 0.08268297 0.07484076
v -0.04992498 0.08268297 0.0748404
v 0.04670335 0.08268293 0.0575158
v 0.04318888 0.08268294 0.04957904
v 0.04305602 0.08268294 0.04965629
v 0.04655971 0.08268293 0.05756861
v 0.04697459 0.08268293 0.09165979
v 0.04920737 0.08268293 0.08323873
v 0.04905591 0.08268293 0.0832125
v 0.04682987 0.08268293 0.09160758
v -0.0492809 0.08268297 0.08351335
v -0.04912914 0.08268297 0.08348617
v 0.04994563 0.08268293 0.07455791
v 0.04979161 0.08268293 0.07455826
v -0.04699946 0.08268285 0.09194776
v -0.04685498 0.08268285 0.09189459
v 0.04915329 0.08268287 0.06586254
v 0.04900208 0.08268287 0.06588972
v -0.04310512 0.08268297 0.09971389
v -0.03828709 0.08268297 0.10693442
v -0.03816944 0.08268297 0.10683512
v -0.04297262 0.08268297 0.09963688
v -0.03208612 0.08268296 0.11309822
v -0.03198723 0.08268296 0.11297992
v 0.03814018 0.08268294 0.04244198
v 0.03802258 0.08268294 0.04254128
v -0.02495256 0.08268296 0.11807851
v -0.02487628 0.08268296 0.11794501
v -0.00020624 0.08268295 0.02468043
v -0.00888682 0.08268295 0.0254773
v -0.0088597 0.08268295 0.02562911
v -0.00020581 0.08268295 0.02483433
v 0.03197222 0.08268294 0.03629985
v 0.03187394 0.08268294 0.03641799
v -0.01702628 0.08268296 0.1217346
v -0.01697407 0.08268296 0.1215898
v -0.01730073 0.08268296 0.02775533
v -0.01724738 0.08268296 0.02789981
v 0.02482003 0.08268294 0.03130897
v 0.02474314 0.08268294 0.03144291
v -0.025195 0.08268296 0.03145231
v -0.02511763 0.08268296 0.03158577
v 0.01690482 0.08268295 0.02765993
v 0.0168523 0.08268295 0.02780465
v 8.463E-05 0.08268295 0.12465189
v 0.00875016 0.08268295 0.12391708
v 0.00872304 0.08268295 0.12376548
v 8.416E-05 0.08268295 0.12449789
v -0.025195 0.08268296 0.03145231
v -0.03231418 0.08268296 0.03648319
v -0.03221476 0.08268296 0.03660073
v -0.02511763 0.08268296 0.03158577
v 0.00847917 0.08268295 0.02542548
v 0.00845288 0.08268295 0.02557681
v 0.01718314 0.08268295 0.12163427
v 0.01712974 0.08268295 0.12148977
v -0.03846179 0.08268297 0.04266271
v -0.03834329 0.08268297 0.04276111
v 0.00847917 0.08268295 0.02542548
v 0.00845288 0.08268295 0.02557681
v 0.03197222 0.08176342 0.03629985
v 0.03814018 0.08176342 0.04244198
v -0.00888682 0.08176344 0.0254773
v -0.00020624 0.08176343 0.02468043
v -0.02495257 0.08176344 0.11807851
v -0.03208612 0.08176344 0.11309822
v 0.03814018 0.08176342 0.04244198
v 0.04318888 0.08176348 0.04957904
v -0.03208612 0.08176344 0.11309822
v -0.0382871 0.08176345 0.10693442
v 0.04670335 0.08176347 0.0575158
v 0.04915329 0.08176335 0.06586254
v -0.04310512 0.08176345 0.09971389
v 0.04994563 0.08176347 0.07455791
v -0.04699946 0.08176333 0.09194776
v -0.0492809 0.08176345 0.08351335
v 0.04920737 0.08176347 0.08323873
v -0.05007894 0.08176345 0.07484076
v 0.04697459 0.08176341 0.09165979
v -0.04933389 0.08176345 0.06615386
v 0.04331708 0.08176348 0.0995915
v 0.03819042 0.08176348 0.10661756
v -0.04709951 0.08176345 0.05772815
v 0.03819042 0.08176348 0.10661756
v 0.03219969 0.08176348 0.11289876
v 8.463E-05 0.08176349 0.12465189
v -0.00860564 0.08176343 0.1239672
v -0.04344962 0.08176345 0.04981187
v 0.02505214 0.08176342 0.11793417
v -0.03846179 0.08176345 0.04266271
v 0.01718314 0.08176343 0.12163427
v 0.00847917 0.08176343 0.02542548
v -0.03846179 0.08176345 0.04266271
v -0.03231418 0.08176344 0.03648319
v 0.00875016 0.08176349 0.12391708
v 0.01690482 0.08176343 0.02765993
v -0.025195 0.08176344 0.03145231
v 0.02482003 0.08176342 0.03130897
v -0.01730073 0.08176344 0.02775533
v -0.01702628 0.08176344 0.1217346
v -0.02487628 0.08268296 0.11794501
v -0.01697407 0.08268296 0.1215898
v -0.01697407 0.08288294 0.1215898
v -0.02487628 0.08288294 0.11794501
v -0.04992498 0.08288295 0.0748404
v -0.04912914 0.08288295 0.08348617
v -0.0492775 0.08288295 0.08351276
v -0.05007555 0.08288295 0.07484076
v -0.0088597 0.08268295 0.02562911
v -0.01724738 0.08268296 0.02789981
v -0.01724738 0.08288294 0.02789981
v -0.0088597 0.08288293 0.02562911
v 0.03187394 0.08268294 0.03641799
v 0.02474314 0.08268294 0.03144291
v 0.02474314 0.08288298 0.03144291
v 0.03187394 0.08288298 0.03641799
v -0.00857935 0.08268295 0.1238155
v -0.00857935 0.08288293 0.1238155
v -0.02511763 0.08268296 0.03158577
v -0.02511763 0.08288294 0.03158577
v 0.0168523 0.08268295 0.02780465
v 0.0168523 0.08288299 0.02780465
v 8.416E-05 0.08268295 0.12449789
v 0.00872304 0.08268295 0.12376548
v 0.00872304 0.08288299 0.12376548
v 8.416E-05 0.08288299 0.12449789
v -0.03221476 0.08268296 0.03660073
v -0.03221476 0.08288294 0.03660073
v 0.00845288 0.08268295 0.02557681
v 0.00845288 0.08288293 0.02557681
v 0.01712974 0.08268295 0.12148977
v 0.01712974 0.08288293 0.12148977
v -0.03834329 0.08268297 0.04276111
v -0.03834329 0.08288295 0.04276111
v -0.00020581 0.08268295 0.02483433
v -0.00020581 0.08288299 0.02483433
v 0.02497483 0.08268294 0.11780117
v 0.02497483 0.08288298 0.11780117
v -0.04331635 0.08268297 0.04988876
v -0.04331635 0.08288295 0.04988876
v -0.04685498 0.08268285 0.09189459
v -0.04297262 0.08268297 0.09963688
v -0.04297262 0.08288295 0.09963688
v -0.04685498 0.08288283 0.09189459
v 0.03210039 0.08268294 0.11278126
v 0.03210039 0.08288298 0.11278126
v -0.04695479 0.08268297 0.05778006
v -0.04695479 0.08288295 0.05778006
v 8.416E-05 0.08268295 0.12449789
v 8.416E-05 0.08288299 0.12449789
v 0.03807234 0.08268294 0.10651936
v 0.03807234 0.08288298 0.10651936
v -0.0491825 0.08268297 0.06618009
v -0.0491825 0.08288295 0.06618009
v 0.0431838 0.08268294 0.09951485
v 0.0431838 0.08288298 0.09951485
v 0.04682987 0.08268293 0.09160758
v 0.04682987 0.08288297 0.09160758
v -0.04992498 0.08268297 0.0748404
v -0.04992498 0.08288295 0.0748404
v 0.04655971 0.08268293 0.05756861
v 0.04305602 0.08268294 0.04965629
v 0.04305602 0.08288298 0.04965629
v 0.04655971 0.08288297 0.05756861
v 0.04905591 0.08268293 0.0832125
v 0.04905591 0.08288297 0.0832125
v -0.04992498 0.08268297 0.0748404
v -0.04912914 0.08268297 0.08348617
v -0.04912914 0.08288295 0.08348617
v -0.04992498 0.08288295 0.0748404
v 0.04979161 0.08268293 0.07455826
v 0.04979161 0.08288297 0.07455826
v 0.04979161 0.08268293 0.07455826
v 0.04900208 0.08268287 0.06588972
v 0.04900208 0.08288291 0.06588972
v 0.04979161 0.08288297 0.07455826
v -0.03816944 0.08268297 0.10683512
v -0.03816943 0.08288295 0.10683512
v -0.03198723 0.08268296 0.11297992
v -0.03198723 0.08288294 0.11297992
v 0.03802258 0.08268294 0.04254128
v 0.03802258 0.08288298 0.04254128
v -0.00020581 0.08268295 0.02483433
v -0.00020581 0.08288299 0.02483433
v -0.03231161 0.08288294 0.036486
v -0.03845917 0.08288295 0.04266497
v -0.03845917 0.0843829 0.04266497
v -0.03231161 0.08438289 0.036486
v 0.04905591 0.08288297 0.0832125
v 0.04979161 0.08288297 0.07455826
v 0.04994181 0.08288297 0.07455791
v 0.04920421 0.08288297 0.08323825
v -0.04685498 0.08288283 0.09189459
v -0.04699588 0.08288283 0.09194657
v 0.04900208 0.08288291 0.06588972
v 0.04915008 0.08288291 0.06586314
v -0.04297262 0.08288295 0.09963688
v -0.03816943 0.08288295 0.10683512
v -0.03828441 0.08288295 0.10693222
v -0.04310214 0.08288295 0.09971222
v 0.04655971 0.08288297 0.05756861
v 0.04670014 0.08288297 0.05751724
v -0.03816943 0.08288295 0.10683512
v -0.03198723 0.08288294 0.11297992
v -0.03208356 0.08288294 0.11309552
v -0.03828441 0.08288295 0.10693222
v 0.04305602 0.08288298 0.04965629
v 0.03802258 0.08288298 0.04254128
v 0.03813786 0.08288298 0.04244401
v 0.0431859 0.08288298 0.04958071
v -0.02487628 0.08288294 0.11794501
v -0.02495096 0.08288294 0.11807541
v -0.00020581 0.08288299 0.02483433
v -0.0088597 0.08288293 0.02562911
v -0.00888622 0.08288293 0.02548093
v -0.00020623 0.08288299 0.02468377
v 0.03187394 0.08288298 0.03641799
v 0.03197032 0.08288298 0.03630217
v -0.01697407 0.08288294 0.1215898
v -0.01702509 0.08288294 0.1217313
v -0.01724738 0.08288294 0.02789981
v -0.01729954 0.08288294 0.02775831
v 0.02474314 0.08288298 0.03144291
v 0.02481836 0.08288298 0.03131207
v -0.00857935 0.08288293 0.1238155
v -0.00860504 0.08288293 0.1239638
v -0.02511763 0.08288294 0.03158577
v -0.02519321 0.08288294 0.03145529
v 0.02474314 0.08288298 0.03144291
v 0.0168523 0.08288299 0.02780465
v 0.01690351 0.08288299 0.02766315
v 0.02481836 0.08288298 0.03131207
v 8.416E-05 0.08288299 0.12449789
v 0.00872304 0.08288299 0.12376548
v 0.00874957 0.08288299 0.12391348
v 8.462E-05 0.08288299 0.12464829
v -0.02511763 0.08288294 0.03158577
v -0.03221476 0.08288294 0.03660073
v -0.03231161 0.08288294 0.036486
v -0.02519321 0.08288294 0.03145529
v 0.00845288 0.08288293 0.02557681
v 0.00847857 0.08288293 0.02542882
v 0.01712974 0.08288293 0.12148977
v 0.01718195 0.08288293 0.12163087
v -0.03834329 0.08288295 0.04276111
v -0.03845917 0.08288295 0.04266497
v 0.02497483 0.08288298 0.11780117
v 0.02505041 0.08288298 0.11793137
v -0.04331635 0.08288295 0.04988876
v -0.04344659 0.08288295 0.04981365
v 0.03210039 0.08288298 0.11278126
v 0.03219718 0.08288298 0.11289616
v -0.04695479 0.08288295 0.05778006
v -0.04709647 0.08288295 0.05772934
v 8.416E-05 0.08288299 0.12449789
v 8.462E-05 0.08288299 0.12464829
v 0.03210039 0.08288298 0.11278126
v 0.03807234 0.08288298 0.10651936
v 0.03818774 0.08288298 0.10661536
v 0.03219718 0.08288298 0.11289616
v -0.0491825 0.08288295 0.06618009
v -0.0493308 0.08288295 0.06615446
v 0.0431838 0.08288298 0.09951485
v 0.0433141 0.08288298 0.09958971
v 0.04682987 0.08288297 0.09160758
v 0.04697155 0.08288297 0.0916586
v 0.00847857 0.08288293 0.02542882
v -0.00020623 0.08288299 0.02468377
v -0.00020623 0.08438294 0.02468377
v 0.00847858 0.08438288 0.02542882
v 0.01718195 0.08288293 0.12163087
v 0.02505041 0.08288298 0.11793137
v 0.02505042 0.08438293 0.11793137
v 0.01718195 0.08438288 0.12163087
v -0.04344659 0.08288295 0.04981365
v -0.04344659 0.0843829 0.04981365
v -0.04699588 0.08288283 0.09194657
v -0.04310214 0.08288295 0.09971222
v -0.04310214 0.0843829 0.09971222
v -0.04699588 0.08438278 0.09194657
v 0.03219718 0.08288298 0.11289616
v 0.03219718 0.08438293 0.11289616
v -0.04709647 0.08288295 0.05772934
v -0.04709647 0.0843829 0.05772934
v -0.00860504 0.08288293 0.1239638
v 8.462E-05 0.08288299 0.12464829
v 8.462E-05 0.08438294 0.12464829
v -0.00860504 0.08438288 0.1239638
v 0.03818774 0.08288298 0.10661536
v 0.03818775 0.08438293 0.10661536
v -0.0493308 0.08288295 0.06615446
v -0.0493308 0.0843829 0.06615446
v 0.0433141 0.08288298 0.09958971
v 0.0433141 0.08438293 0.09958971
v 0.04697155 0.08288297 0.0916586
v 0.04697155 0.08438292 0.0916586
v -0.05007555 0.08288295 0.07484076
v -0.05007555 0.0843829 0.07484076
v 0.04670014 0.08288297 0.05751724
v 0.0431859 0.08288298 0.04958071
v 0.0431859 0.08438293 0.04958071
v 0.04670014 0.08438292 0.05751724
v 0.04920421 0.08288297 0.08323825
v 0.04920421 0.08438292 0.08323825
v -0.05007555 0.08288295 0.07484076
v -0.0492775 0.08288295 0.08351276
v -0.0492775 0.0843829 0.08351276
v -0.05007555 0.0843829 0.07484076
v 0.04994181 0.08288297 0.07455791
v 0.04994181 0.08438292 0.07455791
v 0.04994181 0.08288297 0.07455791
v 0.04915008 0.08288291 0.06586314
v 0.04915008 0.08438286 0.06586314
v 0.04994181 0.08438292 0.07455791
v -0.03828441 0.08288295 0.10693222
v -0.03828441 0.0843829 0.10693222
v -0.03208356 0.08288294 0.11309552
v -0.03208356 0.08438289 0.11309552
v 0.03813786 0.08288298 0.04244401
v 0.03813786 0.08438293 0.04244401
v -0.02495096 0.08288294 0.11807541
v -0.02495096 0.08438289 0.11807541
v -0.00020623 0.08288299 0.02468377
v -0.00888622 0.08288293 0.02548093
v -0.00888622 0.08438288 0.02548093
v -0.00020623 0.08438294 0.02468377
v 0.03197032 0.08288298 0.03630217
v 0.03197032 0.08438293 0.03630217
v -0.01702509 0.08288294 0.1217313
v -0.01702509 0.08438289 0.1217313
v -0.01729954 0.08288294 0.02775831
v -0.01729953 0.08438289 0.02775831
v 0.02481836 0.08288298 0.03131207
v 0.02481836 0.08438293 0.03131207
v -0.02519321 0.08288294 0.03145529
v -0.02519321 0.08438289 0.03145529
v 0.01690351 0.08288299 0.02766315
v 0.01690352 0.08438294 0.02766315
v 8.462E-05 0.08288299 0.12464829
v 0.00874957 0.08288299 0.12391348
v 0.00874957 0.08438294 0.12391348
v 8.462E-05 0.08438294 0.12464829
vn -0.0022 -0.89915 -0.43764
vn 0.12797 -0.89372 -0.42998
vn 0.07972 -0.99276 -0.08982
vn -0.00174 -0.99589 -0.09055
vn -0.01077 -0.92288 0.38494
vn -0.03473 -0.94106 0.33644
vn 0.01901 -0.931 0.36452
vn -0.49494 -0.0029 0.86892
vn -0.48191 0.00226 0.87622
vn -0.33327 -0.00394 0.94282
vn -0.33931 -0.00436 0.94066
vn 0.50084 0.05487 -0.8638
vn 0.63893 0.06839 -0.76622
vn 0.58894 0.13651 -0.79656
vn 0.52463 0.24251 -0.81606
vn -0.56585 -0.00098 0.8245
vn -0.54983 0.00671 0.83525
vn 0.73833 0.16822 -0.65312
vn 0.79883 0.11597 -0.59027
vn 0.86361 0.31734 -0.39175
vn 0.74842 0.38064 -0.54312
vn -0.76118 0.00403 0.64853
vn -0.75071 0.01346 0.6605
vn -0.68808 0.01096 0.72555
vn -0.70247 0.00174 0.71171
vn -0.82115 0.00855 -0.57065
vn -0.86959 0.00726 -0.49371
vn -0.86769 -9E-05 -0.4971
vn -0.82013 0.00043 -0.57218
vn 0.99134 0.03504 -0.12656
vn 0.99972 -0.00851 -0.02213
vn 0.99552 0.07059 -0.0629
vn 0.95854 0.06522 -0.27739
vn -0.8624 0.0061 0.50619
vn -0.85918 0.01468 0.51147
vn 0.99967 0.0079 0.02451
vn 0.99871 0.00351 0.05069
vn -0.98173 0.00485 0.19022
vn -0.9814 0.01181 0.19163
vn -0.93687 0.01376 0.34941
vn -0.93621 0.00601 0.3514
vn 0.98267 0.00485 0.18528
vn 0.98313 0.01267 0.18247
vn -0.99966 0.00516 0.02542
vn -0.99827 0.0127 0.05744
vn 0.93895 0.00723 0.34398
vn 0.93972 0.01676 0.34154
vn 0.95305 0.20603 -0.2219
vn 0.88451 0.09119 -0.45752
vn -0.99029 0.01767 -0.13789
vn -0.99976 0.00104 -0.02176
vn 0.86642 0.00894 0.49924
vn 0.86231 0.01605 0.50613
vn 0.81862 0.00845 0.57428
vn 0.81105 0.01395 0.58481
vn -0.95463 0.04093 -0.29497
vn -0.99593 0.08939 -0.01126
vn 0.64129 0.00525 0.76728
vn 0.6272 0.00781 0.77882
vn 0.69279 0.01093 0.72105
vn 0.70631 0.00772 0.70786
vn -0.17277 -0.00458 0.98495
vn -0.17234 -0.00729 0.98501
vn -0.00229 -0.00739 0.99997
vn 0.00122 -0.00385 0.99999
vn -0.89726 0.08329 -0.43358
vn -0.96619 0.22276 -0.12986
vn 0.49956 0.00168 0.86628
vn 0.48757 0.00281 0.87308
vn 0.34322 -0.00089 0.93926
vn 0.33543 -0.00168 0.94206
vn 0.1761 -0.00232 0.98437
vn 0.16963 -0.00543 0.98549
vn -0.80291 0.11008 -0.58585
vn -0.74654 0.15876 -0.64613
vn -0.78514 0.30657 -0.53812
vn -0.87377 0.31734 -0.36855
vn -0.6341 0.06156 -0.7708
vn -0.50716 0.04758 -0.86054
vn -0.54868 0.25423 -0.79644
vn -0.58331 0.15266 -0.79777
vn 0.00217 -0.34276 0.93942
vn -0.12794 -0.34413 0.93016
vn -0.12836 -0.34166 0.93102
vn 0.00253 -0.34337 0.9392
vn 0.64535 -0.48168 0.59289
vn 0.57046 -0.44405 0.69094
vn 0.57011 -0.44504 0.6906
vn 0.64628 -0.47973 0.59345
vn -0.36959 -0.38079 0.84759
vn -0.47726 -0.4049 0.77992
vn -0.47879 -0.40215 0.78041
vn -0.36815 -0.38347 0.847
vn -0.52744 -0.81646 -0.23497
vn -0.48088 -0.83148 -0.27818
vn -0.3044 -0.95254 -0.00354
vn -0.25939 -0.95816 0.12104
vn -0.73149 -0.66871 0.13325
vn -0.6984 -0.7155 0.01724
vn -0.69816 -0.71574 0.01737
vn -0.72993 -0.67008 0.13487
vn 0.56815 -0.80004 -0.1927
vn 0.64319 -0.7598 -0.09491
vn 0.43209 -0.89678 0.09531
vn 0.35674 -0.93275 0.05207
vn 0.25582 -0.36025 0.89709
vn 0.13194 -0.34591 0.92895
vn 0.13169 -0.34297 0.93007
vn 0.25557 -0.3626 0.89622
vn 0.48095 -0.40511 0.77754
vn 0.48307 -0.40014 0.7788
vn -0.52435 -0.42196 0.7396
vn -0.52393 -0.42236 0.73967
vn 0.25187 -0.88304 -0.39598
vn 0.15708 -0.98506 -0.07062
vn 0.69673 -0.71721 0.01373
vn 0.71689 -0.69364 0.07025
vn 0.39217 -0.88268 0.25899
vn 0.41054 -0.89103 0.19373
vn -0.37313 -0.86207 -0.34294
vn -0.23369 -0.97149 -0.04007
vn -0.60945 -0.46051 0.64537
vn -0.63888 -0.48635 0.59606
vn -0.63581 -0.49039 0.59604
vn -0.609 -0.46193 0.64477
vn 0.74047 -0.6451 0.18855
vn 0.74556 -0.61872 0.24764
vn 0.74871 -0.61509 0.24718
vn 0.73823 -0.64759 0.18879
vn 0.36947 -0.86278 -0.34511
vn 0.23124 -0.97201 -0.04151
vn -0.69681 -0.52548 0.48818
vn -0.73021 -0.5727 0.37258
vn -0.72838 -0.57441 0.37353
vn -0.69633 -0.52566 0.48868
vn -0.25587 -0.88234 -0.39498
vn -0.15959 -0.98471 -0.06983
vn 0.73155 -0.57361 0.36852
vn 0.72999 -0.57562 0.36849
vn -0.25184 -0.36019 0.89824
vn -0.25148 -0.36163 0.89777
vn -0.64539 -0.75831 -0.09192
vn -0.64649 -0.75721 -0.09324
vn -0.74559 -0.61713 0.25148
vn -0.74882 -0.61398 0.24959
vn 0.47717 -0.83308 -0.2798
vn 0.30321 -0.95291 -0.00583
vn 0.37309 -0.38216 0.84543
vn 0.37237 -0.38409 0.84488
vn 0.71898 -0.5484 0.427
vn 0.71849 -0.54862 0.42755
vn -0.13193 -0.89408 -0.42803
vn -0.08197 -0.9926 -0.08963
vn -0.611 -0.77889 -0.14149
vn -0.61069 -0.77919 -0.14115
vn 0.67502 -0.50274 0.54
vn 0.67512 -0.50283 0.53979
vn 0.03244 -0.90525 0.42363
vn 0.05344 -0.89783 0.43709
vn 0.09961 -0.86717 0.48794
vn 0.06046 -0.88349 0.46454
vn -0.10117 -0.90992 0.40227
vn -0.02167 -0.9188 0.39412
vn -0.18738 -0.8865 0.42308
vn -0.04734 -0.94003 0.33779
vn -0.05973 -0.93772 0.34221
vn -0.11207 -0.94329 0.31249
vn -0.02579 -0.94255 0.33306
vn -0.01675 -0.94303 0.33229
vn -0.00034 -0.9416 0.33674
vn -0.00806 -0.94268 0.33361
vn 0.02158 -0.9034 0.42825
vn 0.04093 -0.87893 0.47519
vn 0.00751 -0.94224 0.33485
vn 0.01212 -0.89783 0.44018
vn 0.02261 -0.86944 0.49353
vn 0.01639 -0.94289 0.33269
vn 0.08042 -0.93962 0.33263
vn 0.00177 -0.91047 0.41356
vn 0.00314 -0.89428 0.4475
vn 0.02573 -0.94267 0.33275
vn 0.07279 -0.92524 0.37233
vn 0.09772 -0.92769 0.36034
vn 0.13566 -0.91955 0.36883
vn -0.0239 -0.90066 0.43387
vn -0.01126 -0.90324 0.42898
vn -0.02167 -0.8782 0.47781
vn -0.04505 -0.8734 0.48492
vn 0.03617 -0.94182 0.33416
vn 0.04016 -0.93878 0.34216
vn -0.03278 -0.90362 0.42709
vn -0.06165 -0.87951 0.47186
vn -0.04032 -0.90692 0.41937
vn -0.07773 -0.88514 0.45879
vn -0.07648 -0.92441 0.37364
vn -0.07355 -0.91911 0.38707
vn -0.137 -0.90787 0.39623
vn -0.1439 -0.91743 0.37096
vn -0.07618 -0.90005 0.42907
vn -0.13456 -0.87261 0.46951
vn 0.07657 -0.91927 0.3861
vn 0.1442 -0.9076 0.3943
vn 0.07175 -0.91493 0.39718
vn 0.13657 -0.89906 0.41598
vn -0.07422 -0.92937 0.36162
vn -0.13978 -0.92684 0.34847
vn 0.08683 -0.9028 0.4212
vn 0.15482 -0.87746 0.45397
vn 0.01978 -0.92274 0.38491
vn 0.03723 -0.91824 0.39428
vn -0.06937 -0.93404 0.35036
vn -0.13065 -0.93581 0.32741
vn -0.13126 -0.89781 -0.42037
vn -0.00171 -0.90099 -0.43383
vn 0.67474 -0.50295 0.54015
vn 0.64485 -0.45718 0.6125
vn 0.37996 -0.36339 0.85063
vn 0.25996 -0.34487 0.90193
vn 0.47527 -0.83509 -0.27702
vn 0.56948 -0.79861 -0.19471
vn -0.75193 -0.61038 0.24907
vn -0.74372 -0.65652 0.12595
vn -0.64957 -0.75416 -0.09644
vn -0.61396 -0.77599 -0.14451
vn -0.25682 -0.34114 0.90425
vn -0.37634 -0.36257 0.85259
vn 0.64923 -0.75388 -0.1008
vn 0.69861 -0.7154 0.01209
vn -0.64539 -0.47629 0.59717
vn -0.71406 -0.50451 0.48538
vn -0.25603 -0.8821 -0.39541
vn 0.7477 -0.55524 0.36422
vn 0.72629 -0.50781 0.46328
vn 0.49088 -0.38369 0.78219
vn 0.37105 -0.8608 -0.34835
vn -0.74339 -0.55796 0.36886
vn -0.70082 -0.71315 0.01642
vn -0.12888 -0.33266 0.9342
vn 0.752 -0.61216 0.24446
vn -0.37306 -0.86179 -0.3437
vn 0.25185 -0.88333 -0.39535
vn 0.75595 -0.62911 0.18101
vn 0.13398 -0.32869 0.93489
vn 0.0018 -0.32476 0.9458
vn -0.62781 -0.4312 0.64801
vn -0.47834 -0.83475 -0.27275
vn 0.73206 -0.67847 0.06128
vn 0.1269 -0.89695 -0.42354
vn -0.48535 -0.38793 0.78355
vn -0.54068 -0.39288 0.74385
vn 0.57645 -0.43499 0.69172
vn -0.52906 -0.81439 -0.23848
vn -0.004 -0.93778 -0.34721
vn 0.12803 -0.90482 -0.40608
vn 0.00198 -0.19255 0.98129
vn -0.14567 -0.19081 0.97076
vn 0.64247 -0.41067 0.64698
vn 0.61238 -0.3327 0.71715
vn -0.43077 -0.20325 0.87927
vn -0.55862 -0.2227 0.79896
vn -0.53052 -0.81282 -0.24055
vn -0.49872 -0.78798 -0.36107
vn -0.753 -0.64691 0.1204
vn -0.70271 -0.71132 0.01495
vn 0.57078 -0.79726 -0.19642
vn 0.6559 -0.74712 -0.10773
vn 0.29506 -0.20024 0.93426
vn 0.15101 -0.18696 0.97069
vn 0.56577 -0.21309 0.79656
vn -0.61179 -0.23335 0.75581
vn 0.26869 -0.85307 -0.44729
vn 0.70055 -0.71352 0.01032
vn 0.74518 -0.66474 0.05319
vn -0.40899 -0.81157 -0.41723
vn -0.7303 -0.22737 0.64418
vn -0.75493 -0.29988 0.58323
vn 0.76833 -0.61589 0.17421
vn 0.9124 -0.3843 0.14085
vn 0.41928 -0.78081 -0.46319
vn -0.84898 -0.2903 0.44155
vn -0.89519 -0.33306 0.29616
vn -0.26238 -0.88158 -0.39239
vn 0.8954 -0.33644 0.29164
vn -0.29231 -0.18965 0.93733
vn -0.77751 -0.57703 -0.25002
vn -0.76031 -0.60157 0.24504
vn 0.50463 -0.77173 -0.38701
vn 0.43463 -0.20674 0.87656
vn 0.84873 -0.29683 0.43767
vn -0.12769 -0.92628 -0.35454
vn -0.71555 -0.59048 -0.37325
vn 0.81358 -0.20844 0.54281
vn 0.71038 -0.45334 0.53837
vn 0.00125 -0.0463 0.99893
vn 0.16154 -0.04187 0.98598
vn -0.31508 -0.0296 0.9486
vn -0.15781 -0.0362 0.98681
vn -0.46556 -0.03027 0.8845
vn -0.57313 -0.05451 0.81765
vn -0.66138 -0.07544 0.74625
vn -0.83679 -0.06043 0.54418
vn -0.76075 -0.02149 0.64869
vn 0.99592 -0.08448 0.03189
vn 0.97439 -0.1826 -0.13123
vn 0.98408 -0.12839 -0.12293
vn -0.97544 -0.05802 0.2125
vn -0.92284 -0.04535 0.3825
vn 0.97565 -0.06711 0.20881
vn -0.99567 -0.08261 0.04254
vn -0.99082 -0.13059 0.03494
vn 0.92392 -0.0535 0.37884
vn -0.98373 -0.12086 -0.13294
vn -0.9762 -0.17237 -0.13163
vn 0.84227 -0.04642 0.53705
vn 0.78998 -0.04737 0.6113
vn 0.77426 -0.10691 0.62377
vn 0.61035 -0.03818 0.79121
vn 0.66907 -0.06235 0.74058
vn 0.46972 -0.03769 0.88201
vn 0.31847 -0.04245 0.94698
vn -0.93876 0.33537 -0.07907
vn -0.86993 0.4635 -0.16847
vn 0.98625 0.16361 -0.02341
vn 0.99968 -0.02207 -0.01242
vn 0.98211 -0.18495 -0.03552
vn 0.99106 -0.09644 -0.0922
vn -0.16315 -0.96183 -0.21968
vn 0.00989 -0.98284 -0.18418
vn 0.01361 -0.97502 -0.22172
vn -0.14143 -0.95611 -0.25661
vn -0.42642 -0.84026 -0.33486
vn -0.34484 -0.89648 -0.27822
vn -0.31404 -0.89003 -0.33049
vn -0.39877 -0.81798 -0.4146
vn 0.00513 -0.9955 -0.09461
vn -0.00012 -0.99961 -0.02802
vn 0.19773 -0.97981 -0.02942
vn 0.18947 -0.97681 -0.09974
vn 0.17255 -0.96303 -0.20689
vn 0.35506 -0.89845 -0.25831
vn 0.33772 -0.87629 -0.34358
vn 0.16398 -0.95071 -0.26317
vn 0.7744 -0.59567 -0.21327
vn 0.84092 -0.5089 -0.18406
vn 0.8633 -0.42342 -0.27464
vn 0.77846 -0.5452 -0.31105
vn 0.93241 -0.34639 -0.10309
vn 0.95553 -0.24956 -0.15714
vn -0.98638 -0.15772 -0.0466
vn -0.99426 -0.09363 -0.05176
vn -0.99972 -0.0188 -0.01425
vn -0.7001 -0.65576 -0.28254
vn -0.62287 -0.73335 -0.27248
vn -0.6007 -0.71988 -0.34776
vn -0.69511 -0.61882 -0.3659
vn 0.53362 -0.7989 -0.27751
vn 0.62339 -0.72984 -0.28056
vn 0.5997 -0.6854 -0.41302
vn 0.51927 -0.76486 -0.38125
vn -0.84129 -0.49633 -0.21421
vn -0.86227 -0.42578 -0.27425
vn -0.39141 0.39086 -0.83308
vn -0.38341 0.23732 -0.89257
vn -0.18528 0.17277 -0.96738
vn -0.19038 0.30907 -0.93179
vn -0.5079 0.47232 -0.72038
vn -0.71726 0.66395 -0.21144
vn -0.71393 0.56338 -0.41582
vn -0.65792 0.51543 -0.54906
vn -0.6084 0.7136 -0.34731
vn -0.78621 0.50714 -0.35311
vn 0.84371 0.51749 -0.14265
vn 0.9327 0.35308 -0.07358
vn -0.98976 0.13944 -0.03046
vn -0.92521 0.37944 -0.00177
vn -0.92582 0.3774 -0.0206
vn -0.8817 0.47121 -0.02387
vn -0.88503 0.46551 0.00324
vn -0.46991 -0.88179 -0.04035
vn -0.39061 -0.9199 -0.03461
vn -0.37242 -0.91667 -0.145
vn -0.45217 -0.87666 -0.16437
vn 0.92636 -0.37664 -0.00296
vn 0.98084 -0.19483 0.00027
vn 0.97793 -0.2089 -0.00427
vn 0.91964 -0.39196 -0.02506
vn -0.98161 -0.19084 0.00439
vn -0.97998 -0.19877 -0.01151
vn -0.99997 -0.0083 0.00058
vn -0.99999 0.00412 -9E-05
vn -0.7207 -0.69308 -0.0148
vn -0.64344 -0.76518 -0.02197
vn -0.63401 -0.76085 -0.13837
vn -0.7103 -0.69269 -0.12516
vn 0.56491 -0.82465 -0.02872
vn 0.64153 -0.7666 -0.0278
vn 0.63003 -0.7684 -0.11234
vn 0.54971 -0.82692 -0.11838
vn -0.84019 -0.54229 -0.00113
vn -0.8335 -0.54522 -0.08957
vn -0.93649 -0.32812 -0.12379
vn -0.95563 -0.25166 -0.15312
vn -0.39349 0.9193 -0.00726
vn -0.39 0.91353 -0.11561
vn -0.20133 0.96864 -0.14564
vn -0.20292 0.97911 -0.01254
vn -0.5671 0.82364 -0.00272
vn -0.55832 0.82551 -0.08252
vn -0.71583 0.69828 -0.00015
vn -0.70619 0.70586 -0.0553
vn -0.77234 0.63519 -0.00427
vn -0.76777 0.63886 -0.04892
vn -0.19935 -0.97945 -0.03049
vn -0.18287 -0.97576 -0.12018
vn -0.98101 0.19398 -0.00092
vn -0.98364 0.17997 -0.00842
vn 0.76236 0.58551 -0.27565
vn 0.38902 0.91499 -0.10706
vn 0.55335 0.82946 -0.07618
vn 0.56241 0.82677 -0.01202
vn 0.39852 0.9171 -0.01032
vn 0.68238 0.49496 -0.53793
vn 0.69449 0.45104 -0.56057
vn -0.00095 0.98781 -0.15565
vn 0.20045 0.96979 -0.13902
vn 0.19883 0.97988 -0.01752
vn 0.00229 0.99989 -0.0145
vn 0.21394 0.32757 -0.92029
vn 0.18467 0.16914 -0.96814
vn 0.36141 0.23048 -0.90347
vn 0.37898 0.40572 -0.83173
vn 0.38897 -0.9207 -0.03174
vn 0.37405 -0.92034 -0.11426
vn -0.92873 -0.37069 0.00702
vn -0.92426 -0.37914 -0.04462
vn 0.77087 -0.63689 -0.01169
vn 0.83709 -0.54697 -0.01022
vn 0.82805 -0.55746 -0.05979
vn 0.76361 -0.6412 -0.07587
vn -0.00452 0.95558 -0.29469
vn 0.20442 0.94225 -0.2653
vn -0.13416 -0.95286 -0.27214
vn -0.29689 -0.88156 -0.36703
vn -0.37689 -0.79632 -0.47311
vn 9E-05 -0.96669 -0.25593
vn 0.13996 -0.92 -0.36608
vn -0.00308 0.01859 -0.99982
vn 0.16981 0.01886 -0.9853
vn -0.00531 0.15843 -0.98736
vn -0.80888 -0.42019 -0.41128
vn -0.91438 -0.25999 -0.31035
vn 0.34089 0.03732 -0.93936
vn -0.12437 -0.95046 -0.2849
vn -0.17744 0.01923 -0.98394
vn -0.34651 0.02893 -0.9376
vn -0.57014 -0.71038 -0.41269
vn -0.6567 -0.60103 -0.45554
vn 0.15522 -0.93622 -0.31527
vn 0.31536 -0.84496 -0.43197
vn 0.49072 -0.71784 -0.49386
vn 0.56253 -0.62183 -0.54486
vn 0.75188 -0.50067 -0.42895
vn 0.80855 -0.39926 -0.43225
vn 0.9115 -0.25035 -0.32632
vn -0.94128 -0.19896 -0.27278
vn -0.92699 -0.26173 -0.26869
vn 0.96359 -0.12415 -0.23683
vn -0.20179 0.94079 -0.27239
vn 0.63276 0.77192 -0.06125
vn 0.64377 0.76493 -0.02091
vn 0.77325 0.63406 -0.00717
vn 0.7654 0.64274 -0.0322
vn 0.82848 0.55921 -0.02994
vn 0.83918 0.54375 -0.01056
vn 0.92958 0.36858 -0.00461
vn 0.92428 0.38143 -0.01483
vn 0.98283 0.18446 -0.00513
vn 0.98248 0.18638 -0.00073
vn 0.92065 -0.29033 -0.26097
vn 0.93505 -0.21568 -0.28136
vn -0.97177 -0.12873 -0.1977
vn -0.86654 -0.31695 -0.38555
vn 0.85283 -0.31899 -0.41344
vn 0.86782 -0.27553 -0.41348
vn 0.74503 -0.43853 -0.50262
vn 0.7624 -0.40636 -0.5036
vn 0.67429 -0.53903 -0.50476
vn 0.70191 -0.50369 -0.5036
vn 0.46447 -0.69023 -0.55484
vn 0.5415 -0.59463 -0.5943
vn 0.29369 -0.82325 -0.4858
vn 0.99588 -0.05301 -0.07358
vn -0.66105 -0.59351 -0.45908
vn -0.75905 -0.44677 -0.47354
vn -0.64818 -0.58207 -0.49097
vn -0.99439 -0.04349 -0.09644
vn -0.52575 -0.66071 -0.53576
vn -0.405 -0.77129 -0.491
vn -0.27416 -0.87807 -0.3922
vn 0.0051 -0.97131 -0.23778
vn 0.16538 -0.01166 0.98616
vn 0.32839 -0.00754 0.94451
vn 0.48007 -0.00256 0.87722
vn -0.93321 0.008 0.35924
vn -0.85365 0.00812 0.52078
vn 0.62026 0.00076 0.78439
vn -0.16761 -0.00876 0.98581
vn -0.00269 -0.01248 0.99992
vn 0.68592 0.00153 0.72767
vn 0.80393 0.00348 0.59472
vn 0.85533 0.00403 0.51806
vn 0.93518 0.00381 0.35415
vn -0.99871 -0.01047 0.04975
vn 0.98252 -9E-05 0.18616
vn -0.98056 0.00354 0.19617
vn 0.99939 -0.01389 0.03214
vn -0.74519 0.00742 0.66681
vn -0.6788 -0.00037 0.73432
vn -0.68146 0.00754 0.73182
vn -0.54337 0.00568 0.83947
vn -0.47348 0.00381 0.8808
vn -0.32463 -0.00195 0.94584
vn 0.38597 0.89981 -0.20338
vn 0.55558 0.81936 -0.1414
vn 0.99991 -0.01312 0.00089
vn 0.99999 -0.00473 0
vn -0.33894 9E-05 0.94081
vn -0.33946 -0.00146 0.94062
vn -0.17164 -0.00107 0.98516
vn -0.16862 0.00104 0.98568
vn 0.33876 -3E-05 -0.94087
vn 0.49728 9E-05 -0.86759
vn 0.49606 0.00488 -0.86827
vn 0.33956 0.00534 -0.94057
vn -0.50281 -0.00012 -0.8644
vn -0.34392 0.00034 -0.939
vn -0.34444 0.00253 -0.9388
vn -0.50238 0.00473 -0.86464
vn -0.17701 6E-05 -0.98421
vn -0.17649 0.00262 -0.9843
vn -0.00308 0.00012 -1
vn -0.00327 0.00232 -0.99999
vn 0.17167 0.00027 -0.98515
vn 0.171 0.00125 -0.98527
vn 0.87006 -0.00055 -0.49294
vn 0.8648 0.01038 -0.50201
vn 0.81652 0.00928 -0.57725
vn 0.81638 0.0007 -0.57751
vn -0.64523 0.00021 -0.76398
vn -0.64419 0.00708 -0.76483
vn 0.0036 0.00168 0.99999
vn 0.004 0.00079 0.99999
vn 0.17582 -9E-05 0.98442
vn 0.17347 0.00018 0.98484
vn -0.70897 0.00046 -0.70524
vn -0.70847 0.00815 -0.70569
vn 0.34468 -0.00037 0.93872
vn 0.3448 0.00037 0.93867
vn 0.50229 0 0.8647
vn 0.5025 0.00024 0.86458
vn -0.93516 0.00275 0.3542
vn -0.93773 -0.00067 0.34737
vn -0.86244 0.00568 0.50613
vn -0.86336 0.00607 0.50455
vn 0.64411 0.00049 0.76493
vn 0.65136 0.00278 0.75876
vn -0.94176 0.00528 -0.33626
vn -0.9407 -6E-05 -0.33925
vn 0.71154 0.00369 0.70263
vn 0.72361 0.00778 0.69016
vn -0.98568 0.00189 -0.16862
vn -0.98527 0 -0.171
vn 0.8102 0.00299 0.58615
vn 0.81995 0.00766 0.57238
vn 0.86574 0.00208 0.50049
vn 0.86217 0.00015 0.50662
vn 0.93965 -0.00082 0.34215
vn 0.94084 0.00043 0.33885
vn -0.99998 -0.00143 0.00656
vn -1 -0.00055 0.00284
vn 0.93799 0.00485 -0.34664
vn 0.93828 0.01224 -0.34566
vn 0.98441 -0.00052 0.17588
vn 0.98524 0.00076 0.17118
vn -0.98365 -0.00122 0.18009
vn -0.98424 -9E-05 0.17686
vn 1 0.00122 0.00104
vn 0.99999 0.00043 -0.00345
vn 0.98474 0.00513 -0.17396
vn 0.98278 0.00253 -0.18476
vn -0.76539 0.00235 0.64356
vn -0.77232 0.00043 0.63523
vn -0.70466 -0.00034 0.70954
vn -0.70497 0.00052 0.70924
vn 0.6413 0.00052 -0.76729
vn 0.70562 0.0007 -0.70859
vn 0.70514 0.00909 -0.70901
vn 0.64035 0.00812 -0.76804
vn -0.57211 0.00024 0.82017
vn -0.5704 -0.00064 0.82136
vn -0.49688 -0.00122 0.86782
vn -0.49758 0 0.86742
vn 0.49804 0.46966 -0.72895
vn -0.0065 0.28987 -0.95704
vn 0.6315 0.76697 -0.11384
vn -0.76933 0.63395 -0.07895
vn -0.39349 0.8955 -0.20796
vn -0.55062 -0.69739 -0.45876
vn -0.70653 0.01718 -0.70748
vn 0.7039 0.01611 -0.71012
vn 0 1 -2E-05
vn 0 1 0
vn 0 1 1E-05
vn 0 1 4E-05
vn 0 1 -3E-05
vn 0 1 0
vn 0 1 -2E-05
vn 0 1 2E-05
vn 0 1 -1E-05
vn 0 1 -0
vn 0 1 3E-05
vn 0 1 0
vn 0 1 0
vn 0 1 1E-05
vn 0 1 2E-05
vn -0 1 -1E-05
vn 0 1 1E-05
vn 0 1 -1E-05
vn 0 1 2E-05
vn 0 1 2E-05
vn 0 1 -9E-05
vn 0 1 2E-05
vn 0 1 4E-05
vn 0 1 -6E-05
vn 0 1 -7E-05
vn 0 1 -3E-05
vn 0 1 1E-05
vn 0 1 9E-05
vn 0 1 4E-05
vn 0 1 -5E-05
vn 0 1 -4E-05
vn 0 1 -1E-05
vn 0 1 -3E-05
vn 0 1 -1E-05
vn 0 1 9E-05
vn 0 1 -3E-05
vn 0 1 5E-05
vn 0 1 -9E-05
vn 0 1 -5E-05
vn 0 1 5E-05
vn 0 1 -9E-05
vn 0 1 2E-05
vn 0 1 -9E-05
vn 0 1 2E-05
vn -1E-05 1 -0
vn -0 1 0
vn 0.64135 0 -0.76724
vn 0.70563 0 -0.70859
vn -0.17701 0 -0.98421
vn -0.00296 0 -1
vn -0.57245 0 0.81994
vn 0.81638 0 -0.57751
vn 0.86968 0 -0.49362
vn -0.70498 0 0.70922
vn -0.77225 0 0.63531
vn 0.93897 0 -0.34401
vn 0.98235 0 -0.18705
vn -0.86452 0 0.50259
vn 1 0 -0.00299
vn -0.93431 0 0.35646
vn -0.98421 0 0.17701
vn 0.98524 0 0.17115
vn -1 0 0.00308
vn 0.94087 0 0.33876
vn -0.98518 0 -0.17152
vn 0.86219 0 0.50658
vn 0.80781 0 0.58944
vn -0.94087 0 -0.33876
vn 0.72363 0 0.69018
vn 0.65289 0 0.75745
vn 0.00296 0 1
vn -0.1681 0 0.98577
vn -0.86752 0 -0.49739
vn 0.50262 0 0.86451
vn -0.82013 0 -0.57218
vn 0.34471 0 0.93871
vn 0.17155 0 -0.98518
vn -0.70894 0 -0.70527
vn -0.64542 0 -0.76383
vn 0.17359 0 0.98482
vn 0.33876 0 -0.94087
vn -0.50258 0 -0.86453
vn 0.49741 0 -0.86752
vn -0.34401 0 -0.93897
vn -0.33883 0 0.94085
vn -0.49761 0 0.8674
vn -0.33879 0 0.94086
vn -0.3388 0 0.94086
vn 0 -1 -1E-05
vn 0 -1 0
vn -0.17704 0 -0.9842
vn 0.49737 0 -0.86754
vn -0.16807 0 0.98578
vn -0.50256 0 -0.86454
vn 0.3388 0 -0.94086
vn 0.08448 0 0.99643
vn -0.76741 0 -0.64115
vn 0.08542 0 -0.99634
vn -0.86752 0 -0.49741
vn -0.86451 0 0.50262
vn -0.93432 0 0.35644
vn -0.94086 0 -0.33879
vn -0.0785 0 0.99691
vn 0.76739 0 0.64119
vn -0.99634 0 -0.08542
vn 0.93898 0 -0.34398
vn 0.86967 0 -0.49364
vn -0.99579 0 0.09165
vn 0.99641 0 0.08469
vn 0.99588 0 -0.0907
vn 0.99588 0 -0.09067
vn -0.64112 0 0.76744
vn 0.76383 0 -0.64542
vn -0.09144 0 -0.99581
vn 0 -1 -1E-05
vn -0 -1 0
vn -0 -1 -2E-05
vn 0 -1 1E-05
vn 0 -1 -3E-05
vn 0 -1 4E-05
vn -0 -1 -1E-05
vn -0 -1 0
vn 0 -1 1E-05
vn 0 -1 -9E-05
vn 0 -1 2E-05
vn 0 -1 -2E-05
vn 0 -1 9E-05
vn 1E-05 -1 1E-05
vn 1E-05 -1 0
vn 0 -1 -0
vn 0 -1 -1E-05
vn 0 -1 -9E-05
vn 0 -1 2E-05
vn 0 -1 -4E-05
vn 0 -1 2E-05
vn 0 -1 5E-05
vn 0 -1 4E-05
vn 0 -1 -9E-05
vn 0 -1 -1E-05
vn 0 -1 9E-05
vn 0 -1 4E-05
vn 0 -1 -9E-05
vn 1E-05 -1 -2E-05
vn 1E-05 -1 9E-05
vn -1E-05 -1 -1E-05
vn -1E-05 -1 0
vn 0 -1 4E-05
vn 0 -1 9E-05
vn -1E-05 -1 -3E-05
vn -1E-05 -1 0
vn 1E-05 -1 4E-05
vn 1E-05 -1 0
vn 0 -1 -1E-05
vn 1E-05 -1 1E-05
vn 0 -1 0
vn 0 -1 3E-05
vn 0 -1 1E-05
vn 1E-05 -1 -5E-05
vn 1E-05 -1 0
vn 0 -1 -1E-05
vn 0 -1 1E-05
vn 0 -1 3E-05
vn 0 -1 -0
vn 0 -1 1E-05
vn 0 -1 0
vn 0 -1 -1E-05
vn 0.08545 0 -0.99634
vn -0.07853 0 0.99691
vn 0.76737 0 0.6412
vn 0.94086 0 0.33879
vn 0.98525 0 0.17112
vn -0.99579 0 0.09162
vn -0.9842 0 0.17704
vn 0.99641 0 0.08466
vn -0.64109 0 0.76747
vn -0.64111 0 0.76745
vn 0.64134 0 -0.76726
vn 0.49739 0 -0.86752
vn -0.50259 0 -0.86452
vt 0.86645 0.85619
vt 0.86019 0.85569
vt 0.86029 0.85502
vt 0.86646 0.85551
vt 0.89534 0.80674
vt 0.88864 0.8473
vt 0.83342 0.83374
vt 0.77662 0.87278
vt 0.77554 0.89175
vt 0.76981 0.89059
vt 0.77089 0.87183
vt 0.36907 0.75436
vt 0.36659 0.75987
vt 0.36026 0.76064
vt 0.36517 0.75456
vt 0.78166 0.87387
vt 0.78063 0.89315
vt 0.35915 0.8635
vt 0.3545 0.85989
vt 0.35517 0.85047
vt 0.35981 0.85717
vt 0.07299 0.83032
vt 0.07313 0.81099
vt 0.07777 0.8107
vt 0.07774 0.82967
vt 0.0239 0.8496
vt 0.02933 0.85046
vt 0.02929 0.85985
vt 0.02394 0.85899
vt 0.33672 0.84694
vt 0.33696 0.82438
vt 0.34198 0.83157
vt 0.34244 0.85057
vt 0.06756 0.83069
vt 0.06779 0.81093
vt 0.32922 0.84758
vt 0.32875 0.82571
vt 0.05527 0.83067
vt 0.05559 0.8099
vt 0.06186 0.81057
vt 0.0616 0.83082
vt 0.32274 0.84816
vt 0.32235 0.82684
vt 0.04879 0.83027
vt 0.04917 0.80898
vt 0.31647 0.84879
vt 0.31611 0.82799
vt 0.3502 0.84342
vt 0.34954 0.85629
vt 0.04119 0.82948
vt 0.04075 0.80763
vt 0.31054 0.84943
vt 0.31022 0.82914
vt 0.30518 0.85007
vt 0.30492 0.83023
vt 0.03562 0.8325
vt 0.03596 0.8143
vt 0.73293 0.87071
vt 0.7318 0.88998
vt 0.72665 0.89098
vt 0.72788 0.87133
vt 0.76466 0.87108
vt 0.76361 0.8897
vt 0.75707 0.88912
vt 0.75811 0.87054
vt 0.02928 0.83649
vt 0.02906 0.82354
vt 0.73868 0.87031
vt 0.73762 0.88929
vt 0.7449 0.87015
vt 0.74386 0.8889
vt 0.75147 0.87022
vt 0.75043 0.88883
vt 0.02374 0.83971
vt 0.01921 0.84194
vt 0.01854 0.83588
vt 0.02301 0.83088
vt 0.36648 0.71064
vt 0.36899 0.71614
vt 0.36501 0.71594
vt 0.36006 0.70982
vt 0.75578 0.91051
vt 0.76196 0.91114
vt 0.76181 0.91188
vt 0.75572 0.91126
vt 0.72294 0.91706
vt 0.72708 0.91495
vt 0.72743 0.91563
vt 0.72334 0.91771
vt 0.77325 0.91394
vt 0.77799 0.91598
vt 0.77761 0.91665
vt 0.77293 0.91463
vt 0.89373 0.84429
vt 0.88939 0.84839
vt 0.88909 0.84781
vt 0.89336 0.84377
vt 0.04558 0.77821
vt 0.04001 0.77563
vt 0.04039 0.77507
vt 0.04589 0.77762
vt 0.83863 0.84437
vt 0.8349 0.83966
vt 0.83536 0.83921
vt 0.83904 0.84386
vt 0.7433 0.91074
vt 0.74951 0.91032
vt 0.74954 0.91107
vt 0.74341 0.91148
vt 0.73187 0.913
vt 0.73215 0.91371
vt 0.782 0.91836
vt 0.78156 0.91899
vt 0.8541 0.85421
vt 0.85428 0.85355
vt 0.83222 0.83437
vt 0.83038 0.82885
vt 0.83091 0.82855
vt 0.83272 0.83399
vt 0.88434 0.85171
vt 0.8841 0.85109
vt 0.07303 0.78729
vt 0.06817 0.78607
vt 0.06815 0.78535
vt 0.07295 0.78657
vt 0.33233 0.795
vt 0.32652 0.79729
vt 0.3263 0.79679
vt 0.33203 0.79454
vt 0.84836 0.85177
vt 0.84863 0.85115
vt 0.06283 0.78471
vt 0.05716 0.78279
vt 0.0573 0.78214
vt 0.06289 0.78402
vt 0.87871 0.85417
vt 0.87855 0.85351
vt 0.32073 0.79965
vt 0.3206 0.79912
vt 0.76784 0.91229
vt 0.76761 0.91301
vt 0.0348 0.77295
vt 0.03526 0.77243
vt 0.05136 0.78063
vt 0.05158 0.78
vt 0.84315 0.84846
vt 0.84349 0.84789
vt 0.73738 0.91164
vt 0.73758 0.91237
vt 0.31512 0.802
vt 0.31506 0.80143
vt 0.87268 0.85567
vt 0.87261 0.855
vt 0.03013 0.77025
vt 0.03065 0.76978
vt 0.71975 0.91965
vt 0.7202 0.92026
vt 0.84772 0.795
vt 0.84278 0.79817
vt 0.84232 0.79774
vt 0.84734 0.79446
vt 0.89822 0.81171
vt 0.89599 0.80639
vt 0.89881 0.81155
vt 0.89284 0.84334
vt 0.89621 0.83875
vt 0.8968 0.8391
vt 0.88374 0.85052
vt 0.8783 0.85289
vt 0.86645 0.85485
vt 0.87248 0.85435
vt 0.85314 0.79262
vt 0.85288 0.79204
vt 0.8604 0.85437
vt 0.85897 0.79114
vt 0.85883 0.79054
vt 0.85451 0.85293
vt 0.83592 0.83887
vt 0.865 0.7907
vt 0.86498 0.79004
vt 0.84896 0.85058
vt 0.83095 0.82281
vt 0.83155 0.82839
vt 0.83026 0.82284
vt 0.87694 0.79257
vt 0.87105 0.79114
vt 0.87116 0.79052
vt 0.87716 0.79199
vt 0.84392 0.84738
vt 0.83956 0.84342
vt 0.88249 0.79494
vt 0.88283 0.79441
vt 0.88752 0.79814
vt 0.88796 0.79767
vt 0.90051 0.8227
vt 0.89984 0.81713
vt 0.90051 0.81706
vt 0.90118 0.82274
vt 0.89195 0.80205
vt 0.89245 0.80171
vt 0.83134 0.81724
vt 0.83067 0.81717
vt 0.8328 0.81183
vt 0.83214 0.81166
vt 0.90011 0.82827
vt 0.90077 0.82842
vt 0.83519 0.80674
vt 0.83462 0.80647
vt 0.83872 0.80225
vt 0.83812 0.8018
vt 0.89866 0.83368
vt 0.89929 0.83393
vt 0.87292 0.85788
vt 0.8664 0.85841
vt 0.71827 0.91766
vt 0.72161 0.91494
vt 0.73672 0.90926
vt 0.74291 0.90831
vt 0.84203 0.85034
vt 0.83731 0.84607
vt 0.05063 0.78267
vt 0.04458 0.78013
vt 0.03331 0.77462
vt 0.02843 0.7718
vt 0.76861 0.90994
vt 0.77426 0.91166
vt 0.8334 0.84113
vt 0.8306 0.8356
vt 0.06822 0.78836
vt 0.06263 0.78694
vt 0.87922 0.8563
vt 0.32117 0.80139
vt 0.31529 0.80384
vt 0.73096 0.91069
vt 0.84748 0.85379
vt 0.0567 0.78493
vt 0.03875 0.77742
vt 0.76245 0.90873
vt 0.32722 0.79891
vt 0.8851 0.85374
vt 0.85348 0.85634
vt 0.33329 0.79651
vt 0.74942 0.90788
vt 0.75598 0.90807
vt 0.07331 0.78965
vt 0.89039 0.85026
vt 0.82867 0.82983
vt 0.85985 0.85789
vt 0.77923 0.91381
vt 0.78342 0.9163
vt 0.72594 0.91273
vt 0.89493 0.84598
vt 0.86638 0.85895
vt 0.85977 0.85842
vt 0.75603 0.90751
vt 0.76256 0.90818
vt 0.72135 0.91448
vt 0.72568 0.91221
vt 0.77448 0.91115
vt 0.77949 0.91332
vt 0.89518 0.84633
vt 0.89061 0.85066
vt 0.04437 0.78055
vt 0.0385 0.77779
vt 0.83703 0.84643
vt 0.8331 0.84143
vt 0.74283 0.90776
vt 0.7494 0.90733
vt 0.73077 0.91019
vt 0.7837 0.91585
vt 0.85334 0.85683
vt 0.83023 0.83589
vt 0.82836 0.83002
vt 0.88527 0.85419
vt 0.07334 0.79016
vt 0.06823 0.7889
vt 0.33348 0.79682
vt 0.32737 0.79925
vt 0.84729 0.85424
vt 0.06258 0.78739
vt 0.0566 0.78539
vt 0.87934 0.8568
vt 0.32127 0.80176
vt 0.76877 0.90941
vt 0.033 0.77498
vt 0.05047 0.78308
vt 0.84179 0.85074
vt 0.73658 0.90872
vt 0.31534 0.80424
vt 0.87297 0.85839
vt 0.02807 0.77213
vt 0.30976 0.80668
vt 0.30975 0.80625
vt 0.75605 0.90713
vt 0.74942 0.90696
vt 0.7688 0.90904
vt 0.76259 0.90781
vt 0.77451 0.91078
vt 0.77953 0.91295
vt 0.78374 0.91549
vt 0.06824 0.78928
vt 0.07336 0.79052
vt 0.32738 0.79959
vt 0.33352 0.79714
vt 0.05659 0.78574
vt 0.06258 0.78775
vt 0.32126 0.8021
vt 0.05047 0.78343
vt 0.31533 0.8046
vt 0.04433 0.78086
vt 0.30974 0.80702
vt 0.30468 0.80921
vt 0.3047 0.80884
vt 0.73078 0.90982
vt 0.72567 0.91183
vt 0.73659 0.90835
vt 0.74284 0.90739
vt 0.02183 0.82197
vt 0.01813 0.82836
vt 0.35181 0.8313
vt 0.34859 0.82434
vt 0.35047 0.816
vt 0.34313 0.81555
vt 0.87312 0.86202
vt 0.86614 0.86222
vt 0.86613 0.86062
vt 0.87289 0.86034
vt 0.88604 0.86007
vt 0.87985 0.8613
vt 0.87948 0.8594
vt 0.88573 0.8578
vt 0.86616 0.86383
vt 0.8662 0.87313
vt 0.85856 0.87313
vt 0.85893 0.86368
vt 0.85915 0.86198
vt 0.85236 0.8612
vt 0.85271 0.85928
vt 0.85937 0.86029
vt 0.36161 0.79556
vt 0.35856 0.80113
vt 0.35451 0.79963
vt 0.35869 0.79396
vt 0.35507 0.80765
vt 0.34958 0.80644
vt 0.02729 0.79918
vt 0.03458 0.79881
vt 0.02919 0.80759
vt 0.01628 0.77567
vt 0.01459 0.77059
vt 0.01685 0.7693
vt 0.0191 0.77399
vt 0.84601 0.85993
vt 0.84035 0.85815
vt 0.84058 0.85521
vt 0.84639 0.8576
vt 0.01927 0.78275
vt 0.02321 0.78135
vt 0.36426 0.72158
vt 0.36787 0.72213
vt 0.36953 0.72861
vt 0.3661 0.72827
vt 0.36127 0.71534
vt 0.93119 0.56879
vt 0.92781 0.56829
vt 0.93113 0.56219
vt 0.93344 0.56281
vt 0.01523 0.833
vt 0.36004 0.84776
vt 0.35692 0.84111
vt 0.02612 0.81409
vt 0.00121 0.82099
vt 0.01354 0.82137
vt 0.0115 0.82731
vt 0.00133 0.82659
vt 0.88742 0.87323
vt 0.88094 0.87318
vt 0.88021 0.86324
vt 0.88641 0.86245
vt 0.37666 0.81017
vt 0.37666 0.81706
vt 0.35788 0.81641
vt 0.36077 0.80871
vt 0.00107 0.80041
vt 0.01993 0.79962
vt 0.01762 0.80761
vt 0.00108 0.80767
vt 0.00129 0.77914
vt 0.00143 0.77314
vt 0.01221 0.77174
vt 0.01322 0.77718
vt 0.8444 0.87318
vt 0.83842 0.87323
vt 0.83983 0.86136
vt 0.84552 0.86242
vt 0.00118 0.78587
vt 0.015 0.78407
vt 0.02269 0.7902
vt 0.02808 0.78913
vt 0.94472 0.55772
vt 0.93878 0.55706
vt 0.93939 0.55011
vt 0.94467 0.55044
vt 0.94482 0.56436
vt 0.9378 0.56347
vt 0.94495 0.5701
vt 0.93652 0.56933
vt 0.94512 0.57475
vt 0.93495 0.57426
vt 0.87377 0.87315
vt 0.87335 0.8637
vt 0.00113 0.81461
vt 0.01589 0.81429
vt 0.36306 0.85395
vt 0.93894 0.5286
vt 0.93803 0.52217
vt 0.94495 0.52124
vt 0.94481 0.52791
vt 0.3654 0.85885
vt 0.36322 0.86262
vt 0.93963 0.54285
vt 0.93947 0.53558
vt 0.94472 0.53521
vt 0.94467 0.54283
vt 0.36609 0.7423
vt 0.36953 0.74189
vt 0.36788 0.74837
vt 0.36426 0.74902
vt 0.85119 0.87315
vt 0.85196 0.86321
vt 0.0011 0.79303
vt 0.01708 0.79133
vt 0.37666 0.79833
vt 0.37666 0.80385
vt 0.36292 0.80235
vt 0.36481 0.79686
vt 0.93697 0.54289
vt 0.93655 0.53586
vt 0.87292 0.85955
vt 0.87941 0.85827
vt 0.88548 0.85614
vt 0.86633 0.85931
vt 0.8597 0.85875
vt 0.37134 0.73525
vt 0.37114 0.74188
vt 0.36995 0.73525
vt 0.02552 0.77689
vt 0.03041 0.78218
vt 0.37037 0.74832
vt 0.87296 0.85876
vt 0.37114 0.72862
vt 0.37037 0.72218
vt 0.01851 0.76816
vt 0.02135 0.77185
vt 0.85953 0.85952
vt 0.853 0.85819
vt 0.84685 0.85603
vt 0.84125 0.85304
vt 0.35654 0.79175
vt 0.3523 0.79532
vt 0.34732 0.79962
vt 0.03843 0.77812
vt 0.34131 0.80518
vt 0.93646 0.5499
vt 0.93681 0.51628
vt 0.94512 0.51547
vt 0.37664 0.85163
vt 0.36836 0.8526
vt 0.36663 0.84651
vt 0.37665 0.84555
vt 0.37665 0.83879
vt 0.36487 0.83986
vt 0.36204 0.83141
vt 0.37666 0.8316
vt 0.33937 0.79448
vt 0.33945 0.79481
vt 0.03644 0.78846
vt 0.03288 0.77528
vt 0.34493 0.79243
vt 0.34504 0.79272
vt 0.34995 0.79058
vt 0.3501 0.79087
vt 0.35427 0.78909
vt 0.3545 0.78935
vt 0.84723 0.8545
vt 0.84174 0.85097
vt 0.85327 0.85713
vt 0.33526 0.81074
vt 0.02384 0.76937
vt 0.0279 0.77243
vt 0.02358 0.76962
vt 0.04252 0.79428
vt 0.89064 0.85092
vt 0.8853 0.85448
vt 0.87935 0.85713
vt 0.86623 0.85997
vt 0.74992 0.89789
vt 0.74334 0.89814
vt 0.73708 0.89882
vt 0.06226 0.79918
vt 0.06806 0.80013
vt 0.73125 0.89989
vt 0.7631 0.89876
vt 0.75656 0.89812
vt 0.7261 0.90139
vt 0.30474 0.81972
vt 0.30993 0.81807
vt 0.31567 0.81629
vt 0.04982 0.79624
vt 0.32178 0.81446
vt 0.05611 0.79784
vt 0.32806 0.81263
vt 0.0733 0.80077
vt 0.07786 0.79119
vt 0.07786 0.80095
vt 0.78012 0.90305
vt 0.77504 0.90127
vt 0.76931 0.89981
vt 0.93541 0.52914
vt 0.93366 0.52292
vt 0.36021 0.82429
vt 0.37666 0.82428
vt 0.77247 0.84354
vt 0.77194 0.85308
vt 0.7657 0.85247
vt 0.76622 0.84292
vt 0.38248 0.74831
vt 0.38265 0.75434
vt 0.37304 0.75434
vt 0.37287 0.74831
vt 0.38265 0.71616
vt 0.38248 0.72219
vt 0.37287 0.72219
vt 0.37304 0.71616
vt 0.38238 0.72862
vt 0.37276 0.72862
vt 0.38234 0.73525
vt 0.37273 0.73525
vt 0.38238 0.74188
vt 0.37276 0.74188
vt 0.34893 0.87934
vt 0.34913 0.86973
vt 0.35439 0.86993
vt 0.35438 0.87955
vt 0.38288 0.71071
vt 0.37327 0.7107
vt 0.75967 0.84243
vt 0.75914 0.85197
vt 0.7525 0.85161
vt 0.75304 0.84206
vt 0.38317 0.706
vt 0.37355 0.706
vt 0.74594 0.85139
vt 0.74648 0.84185
vt 0.73973 0.85133
vt 0.74025 0.84178
vt 0.06137 0.86053
vt 0.06144 0.85113
vt 0.06749 0.85052
vt 0.06738 0.85989
vt 0.73396 0.85141
vt 0.73449 0.84187
vt 0.03539 0.8511
vt 0.03525 0.86048
vt 0.72891 0.85165
vt 0.72951 0.84212
vt 0.04152 0.85147
vt 0.04163 0.86087
vt 0.30538 0.87953
vt 0.30525 0.8699
vt 0.31069 0.86971
vt 0.31075 0.87932
vt 0.3167 0.86956
vt 0.3168 0.87918
vt 0.0484 0.85162
vt 0.04825 0.86101
vt 0.34287 0.8792
vt 0.34275 0.86957
vt 0.32309 0.86947
vt 0.32323 0.87909
vt 0.055 0.85149
vt 0.05488 0.86089
vt 0.32968 0.86944
vt 0.32986 0.87906
vt 0.33655 0.86948
vt 0.3365 0.8791
vt 0.073 0.84969
vt 0.073 0.85909
vt 0.07782 0.84866
vt 0.07783 0.85806
vt 0.38288 0.7598
vt 0.38317 0.76449
vt 0.37355 0.7645
vt 0.37327 0.7598
vt 0.78332 0.84504
vt 0.78278 0.85459
vt 0.77771 0.8538
vt 0.77824 0.84425
vt 0.36131 0.75523
vt 0.36669 0.73528
vt 0.93147 0.51691
vt 0.92829 0.574
vt 0.93525 0.55658
vt 0.02015 0.76699
vt 0.3634 0.70586
vt 0.36351 0.76464
vt 0.12711 0.97432
vt 0.12924 0.96847
vt 0.12934 0.96852
vt 0.12722 0.97435
vt 0.34452 0.98654
vt 0.33977 0.99052
vt 0.3397 0.99043
vt 0.34445 0.98646
vt 0.02302 0.96024
vt 0.02094 0.95439
vt 0.02104 0.95436
vt 0.02312 0.96019
vt 0.13244 0.96319
vt 0.13253 0.96325
vt 0.07566 0.97438
vt 0.07029 0.97748
vt 0.07025 0.97738
vt 0.0756 0.97429
vt 0.13631 0.95836
vt 0.13639 0.95844
vt 0.14108 0.95438
vt 0.14114 0.95447
vt 0.06447 0.9796
vt 0.06444 0.9795
vt 0.22132 0.97544
vt 0.22743 0.97638
vt 0.2274 0.97649
vt 0.22132 0.97555
vt 0.19783 0.9816
vt 0.2032 0.9785
vt 0.20324 0.9786
vt 0.19789 0.98169
vt 0.05836 0.98066
vt 0.05835 0.98056
vt 0.20902 0.97638
vt 0.20905 0.97649
vt 0.05215 0.98066
vt 0.05216 0.98056
vt 0.21514 0.97531
vt 0.21515 0.97542
vt 0.04609 0.97943
vt 0.04024 0.97746
vt 0.04028 0.97736
vt 0.04612 0.97933
vt 0.03485 0.97435
vt 0.03491 0.97426
vt 0.23327 0.97852
vt 0.23322 0.97862
vt 0.03011 0.97037
vt 0.03018 0.9703
vt 0.31479 0.96514
vt 0.31586 0.97125
vt 0.31575 0.97126
vt 0.31469 0.96517
vt 0.23863 0.98162
vt 0.23857 0.98171
vt 0.02612 0.96561
vt 0.02621 0.96554
vt 0.31586 0.97746
vt 0.31575 0.97745
vt 0.24339 0.98561
vt 0.24331 0.98569
vt 0.31479 0.98357
vt 0.31468 0.98354
vt 0.24737 0.99037
vt 0.24728 0.99043
vt 0.12714 0.99272
vt 0.12603 0.98663
vt 0.12614 0.98662
vt 0.12724 0.99269
vt 0.35374 0.97058
vt 0.35161 0.97641
vt 0.35151 0.97636
vt 0.35363 0.97056
vt 0.25047 0.99574
vt 0.25037 0.99579
vt 0.12603 0.98041
vt 0.12614 0.98042
vt 0.34851 0.98178
vt 0.34842 0.98172
vt 0.31267 0.95931
vt 0.31257 0.95936
vt 0.39059 0.7598
vt 0.39088 0.76449
vt 0.39009 0.72862
vt 0.39005 0.73525
vt 0.77866 0.83659
vt 0.78374 0.83739
vt 0.35438 0.88726
vt 0.34893 0.88706
vt 0.07786 0.86559
vt 0.07302 0.86663
vt 0.34287 0.88691
vt 0.3365 0.88681
vt 0.06741 0.86742
vt 0.32986 0.88677
vt 0.0614 0.86806
vt 0.05491 0.86843
vt 0.32323 0.8868
vt 0.04828 0.86854
vt 0.3168 0.88689
vt 0.04166 0.8684
vt 0.31074 0.88703
vt 0.30537 0.88724
vt 0.03528 0.86801
vt 0.72994 0.83447
vt 0.73491 0.83421
vt 0.76009 0.83477
vt 0.76665 0.83527
vt 0.02931 0.86738
vt 0.74068 0.83412
vt 0.02396 0.86653
vt 0.7469 0.83419
vt 0.39009 0.74188
vt 0.39088 0.706
vt 0.39059 0.71071
vt 0.75346 0.83441
vt 0.39019 0.74831
vt 0.39036 0.71616
vt 0.39036 0.75434
vt 0.39019 0.72219
vt 0.77289 0.83588
vt 0.93259 0.95965
vt 0.93259 0.95341
vt 0.93274 0.95341
vt 0.93274 0.95965
vt 0.04661 0.97801
vt 0.05248 0.97903
vt 0.05247 0.97914
vt 0.04658 0.97811
vt 0.21339 0.93873
vt 0.21339 0.93299
vt 0.21354 0.93299
vt 0.21354 0.93873
vt 0.9267 0.96622
vt 0.9267 0.95968
vt 0.92686 0.95968
vt 0.92686 0.96622
vt 0.93259 0.94767
vt 0.93274 0.94767
vt 0.21339 0.92675
vt 0.21354 0.92675
vt 0.9267 0.95345
vt 0.92686 0.95345
vt 0.929 0.99641
vt 0.929 0.99137
vt 0.92916 0.99137
vt 0.92916 0.99641
vt 0.21339 0.92022
vt 0.21354 0.92022
vt 0.9267 0.9477
vt 0.92686 0.9477
vt 0.929 0.98561
vt 0.92916 0.98561
vt 0.21339 0.91358
vt 0.21354 0.91358
vt 0.9267 0.94261
vt 0.92686 0.94261
vt 0.929 0.97939
vt 0.92916 0.97939
vt 0.21339 0.90705
vt 0.21354 0.90705
vt 0.93259 0.98558
vt 0.93259 0.97931
vt 0.93274 0.97931
vt 0.93274 0.98558
vt 0.929 0.97283
vt 0.92916 0.97283
vt 0.21339 0.90081
vt 0.21354 0.90081
vt 0.93259 0.94261
vt 0.93274 0.94261
vt 0.929 0.96623
vt 0.92916 0.96623
vt 0.21339 0.89507
vt 0.21354 0.89507
vt 0.929 0.95968
vt 0.92916 0.95968
vt 0.929 0.95344
vt 0.92916 0.95344
vt 0.21339 0.88998
vt 0.21354 0.88998
vt 0.9267 0.98555
vt 0.9267 0.9794
vt 0.92686 0.9794
vt 0.92686 0.98555
vt 0.929 0.94769
vt 0.92916 0.94769
vt 0.93259 0.99642
vt 0.93259 0.99134
vt 0.93274 0.99134
vt 0.93274 0.99642
vt 0.929 0.94261
vt 0.92916 0.94261
vt 0.9267 0.99645
vt 0.9267 0.99136
vt 0.92686 0.99136
vt 0.92686 0.99645
vt 0.93259 0.97283
vt 0.93274 0.97283
vt 0.93259 0.96618
vt 0.93274 0.96618
vt 0.9267 0.97284
vt 0.92686 0.97284
vt 0.21339 0.94382
vt 0.21354 0.94382
vt 0.89711 0.97294
vt 0.89711 0.96629
vt 0.89826 0.96629
vt 0.89826 0.97294
vt 0.23289 0.97941
vt 0.22728 0.97736
vt 0.2273 0.97726
vt 0.23293 0.97931
vt 0.05847 0.97904
vt 0.05848 0.97914
vt 0.22139 0.97633
vt 0.22139 0.97623
vt 0.0643 0.97785
vt 0.06994 0.97596
vt 0.06998 0.97605
vt 0.06433 0.97795
vt 0.21543 0.97646
vt 0.21542 0.97636
vt 0.33404 0.9921
vt 0.33923 0.9891
vt 0.33929 0.98918
vt 0.33409 0.99219
vt 0.20955 0.97736
vt 0.20393 0.97942
vt 0.20388 0.97933
vt 0.20952 0.97726
vt 0.3438 0.98527
vt 0.34387 0.98535
vt 0.12856 0.97438
vt 0.12754 0.98026
vt 0.12743 0.98025
vt 0.12846 0.97435
vt 0.19876 0.9824
vt 0.1987 0.98232
vt 0.34764 0.98069
vt 0.34772 0.98075
vt 0.12754 0.98623
vt 0.12743 0.98624
vt 0.19418 0.98624
vt 0.19411 0.98617
vt 0.35062 0.97552
vt 0.35071 0.97556
vt 0.12857 0.99212
vt 0.12847 0.99214
vt 0.13743 0.95902
vt 0.1336 0.9636
vt 0.13351 0.96354
vt 0.13735 0.95894
vt 0.31368 0.98288
vt 0.31475 0.97701
vt 0.31485 0.97702
vt 0.31378 0.9829
vt 0.02237 0.95379
vt 0.02442 0.9594
vt 0.02433 0.95944
vt 0.02227 0.95381
vt 0.13061 0.96877
vt 0.13052 0.96873
vt 0.31475 0.97103
vt 0.31485 0.97102
vt 0.02741 0.96457
vt 0.02732 0.96463
vt 0.31371 0.96516
vt 0.31381 0.96514
vt 0.03124 0.96915
vt 0.03117 0.96922
vt 0.31166 0.95953
vt 0.31175 0.95949
vt 0.03582 0.97298
vt 0.03576 0.97306
vt 0.35263 0.96989
vt 0.35273 0.96992
vt 0.24946 0.99596
vt 0.24637 0.99088
vt 0.24646 0.99082
vt 0.24955 0.99592
vt 0.04099 0.97596
vt 0.04095 0.97606
vt 0.24265 0.98623
vt 0.24272 0.98616
vt 0.23806 0.98239
vt 0.23811 0.98231
vt 0.90041 0.94771
vt 0.90041 0.94261
vt 0.90155 0.94261
vt 0.90155 0.94771
vt 0.90699 0.98574
vt 0.90699 0.9795
vt 0.90813 0.9795
vt 0.90813 0.98574
vt 0.89711 0.95973
vt 0.89826 0.95973
vt 0.9037 0.98571
vt 0.9037 0.97942
vt 0.90484 0.97942
vt 0.90484 0.98571
vt 0.90699 0.97292
vt 0.90813 0.97292
vt 0.89711 0.95348
vt 0.89826 0.95348
vt 0.9037 0.94768
vt 0.9037 0.94261
vt 0.90484 0.94261
vt 0.90484 0.94768
vt 0.90699 0.9663
vt 0.90813 0.9663
vt 0.89711 0.94772
vt 0.89826 0.94772
vt 0.90699 0.95973
vt 0.90813 0.95973
vt 0.90699 0.95347
vt 0.90813 0.95347
vt 0.89711 0.94261
vt 0.89826 0.94261
vt 0.90041 0.98568
vt 0.90041 0.97951
vt 0.90155 0.97951
vt 0.90155 0.98568
vt 0.90699 0.94771
vt 0.90813 0.94771
vt 0.9037 0.99659
vt 0.9037 0.99148
vt 0.90484 0.99148
vt 0.90484 0.99659
vt 0.90699 0.94261
vt 0.90813 0.94261
vt 0.90041 0.99662
vt 0.90041 0.9915
vt 0.90155 0.9915
vt 0.90155 0.99662
vt 0.9037 0.97292
vt 0.90484 0.97292
vt 0.9037 0.96625
vt 0.90484 0.96625
vt 0.90041 0.97293
vt 0.90155 0.97293
vt 0.9037 0.9597
vt 0.90484 0.9597
vt 0.89711 0.99662
vt 0.89711 0.99151
vt 0.89826 0.99151
vt 0.89826 0.99662
vt 0.90041 0.96629
vt 0.90155 0.96629
vt 0.9037 0.95345
vt 0.90484 0.95345
vt 0.89711 0.98575
vt 0.89826 0.98575
vt 0.90041 0.95973
vt 0.90155 0.95973
vt 0.89711 0.9795
vt 0.89826 0.9795
vt 0.90041 0.95348
vt 0.90155 0.95348
vt 0.90699 0.99658
vt 0.90699 0.99151
vt 0.90813 0.99151
vt 0.90813 0.99658
usemtl mat0
f 1/1/1 2/2/2 3/3/3
f 1/1/1 3/3/3 4/4/4
f 5/5/5 6/6/6 7/7/7
f 8/8/8 9/9/9 10/10/10
f 8/8/8 10/10/10 11/11/11
f 12/12/12 13/13/13 14/14/14
f 12/12/12 14/14/14 15/15/15
f 16/16/16 17/17/17 9/9/9
f 16/16/16 9/9/9 8/8/8
f 18/18/18 19/19/19 20/20/20
f 18/18/18 20/20/20 21/21/21
f 22/22/22 23/23/23 24/24/24
f 22/22/22 24/24/24 25/25/25
f 26/26/26 27/27/27 28/28/28
f 26/26/26 28/28/28 29/29/29
f 30/30/30 31/31/31 32/32/32
f 30/30/30 32/32/32 33/33/33
f 34/34/34 35/35/35 23/23/23
f 34/34/34 23/23/23 22/22/22
f 36/36/36 37/37/37 31/31/31
f 36/36/36 31/31/31 30/30/30
f 38/38/38 39/39/39 40/40/40
f 38/38/38 40/40/40 41/41/41
f 42/42/42 43/43/43 37/37/37
f 42/42/42 37/37/37 36/36/36
f 44/44/44 45/45/45 39/39/39
f 44/44/44 39/39/39 38/38/38
f 46/46/46 47/47/47 43/43/43
f 46/46/46 43/43/43 42/42/42
f 33/33/33 32/32/32 48/48/48
f 33/33/33 48/48/48 49/49/49
f 50/50/50 51/51/51 45/45/45
f 50/50/50 45/45/45 44/44/44
f 52/52/52 53/53/53 47/47/47
f 52/52/52 47/47/47 46/46/46
f 54/54/54 55/55/55 53/53/53
f 54/54/54 53/53/53 52/52/52
f 56/56/56 57/57/57 51/51/51
f 56/56/56 51/51/51 50/50/50
f 58/58/58 59/59/59 60/60/60
f 58/58/58 60/60/60 61/61/61
f 62/62/62 63/63/63 64/64/64
f 62/62/62 64/64/64 65/65/65
f 66/66/66 67/67/67 57/57/57
f 66/66/66 57/57/57 56/56/56
f 68/68/68 69/69/69 59/59/59
f 68/68/68 59/59/59 58/58/58
f 41/41/41 40/40/40 35/35/35
f 41/41/41 35/35/35 34/34/34
f 70/70/70 71/71/71 69/69/69
f 70/70/70 69/69/69 68/68/68
f 72/72/72 73/73/73 71/71/71
f 72/72/72 71/71/71 70/70/70
f 74/74/74 75/75/75 76/76/76
f 74/74/74 76/76/76 77/77/77
f 65/65/65 64/64/64 73/73/73
f 65/65/65 73/73/73 72/72/72
f 78/78/78 79/79/79 80/80/80
f 78/78/78 80/80/80 81/81/81
f 49/49/49 48/48/48 20/20/20
f 49/49/49 20/20/20 19/19/19
f 82/82/82 83/83/83 84/84/84
f 82/82/82 84/84/84 85/85/85
f 86/86/86 87/87/87 88/88/88
f 86/86/86 88/88/88 89/89/89
f 90/90/90 91/91/91 92/92/92
f 90/90/90 92/92/92 93/93/93
f 94/94/94 95/95/95 96/96/96
f 94/94/94 96/96/96 97/97/97
f 98/98/98 99/99/99 100/100/100
f 98/98/98 100/100/100 101/101/101
f 102/102/102 103/103/103 104/104/104
f 102/102/102 104/104/104 105/105/105
f 106/106/106 107/107/107 108/108/108
f 106/106/106 108/108/108 109/109/109
f 87/87/87 110/110/110 111/111/111
f 87/87/87 111/111/111 88/88/88
f 91/91/91 112/112/112 113/113/113
f 91/91/91 113/113/113 92/92/92
f 2/2/2 114/114/114 115/115/115
f 2/2/2 115/115/115 3/3/3
f 116/116/116 117/117/117 118/118/118
f 116/116/116 118/118/118 119/119/119
f 95/95/95 120/120/120 121/121/121
f 95/95/95 121/121/121 96/96/96
f 122/122/122 123/123/123 124/124/124
f 122/122/122 124/124/124 125/125/125
f 107/107/107 82/82/82 85/85/85
f 107/107/107 85/85/85 108/108/108
f 126/126/126 127/127/127 128/128/128
f 126/126/126 128/128/128 129/129/129
f 114/114/114 130/130/130 131/131/131
f 114/114/114 131/131/131 115/115/115
f 132/132/132 133/133/133 134/134/134
f 132/132/132 134/134/134 135/135/135
f 120/120/120 136/136/136 137/137/137
f 120/120/120 137/137/137 121/121/121
f 127/127/127 138/138/138 139/139/139
f 127/127/127 139/139/139 128/128/128
f 83/83/83 140/140/140 141/141/141
f 83/83/83 141/141/141 84/84/84
f 99/99/99 142/142/142 143/143/143
f 99/99/99 143/143/143 100/100/100
f 133/133/133 144/144/144 145/145/145
f 133/133/133 145/145/145 134/134/134
f 130/130/130 146/146/146 147/147/147
f 130/130/130 147/147/147 131/131/131
f 110/110/110 148/148/148 149/149/149
f 110/110/110 149/149/149 111/111/111
f 138/138/138 150/150/150 151/151/151
f 138/138/138 151/151/151 139/139/139
f 136/136/136 152/152/152 153/153/153
f 136/136/136 153/153/153 137/137/137
f 123/123/123 132/132/132 135/135/135
f 123/123/123 135/135/135 124/124/124
f 103/103/103 116/116/116 119/119/119
f 103/103/103 119/119/119 104/104/104
f 140/140/140 90/90/90 93/93/93
f 140/140/140 93/93/93 141/141/141
f 142/142/142 154/154/154 155/155/155
f 142/142/142 155/155/155 143/143/143
f 144/144/144 98/98/98 101/101/101
f 144/144/144 101/101/101 145/145/145
f 146/146/146 102/102/102 105/105/105
f 146/146/146 105/105/105 147/147/147
f 148/148/148 106/106/106 109/109/109
f 148/148/148 109/109/109 149/149/149
f 156/156/156 86/86/86 89/89/89
f 156/156/156 89/89/89 157/157/157
f 152/152/152 1/1/1 4/4/4
f 152/152/152 4/4/4 153/153/153
f 158/158/158 159/159/159 160/160/160
f 158/158/158 160/160/160 161/161/161
f 162/162/162 5/5/5 163/163/163
f 162/162/162 163/163/163 164/164/164
f 165/165/165 166/166/166 167/167/167
f 165/165/165 167/167/167 97/97/97
f 168/168/168 6/6/6 96/96/96
f 168/168/168 96/96/96 121/121/121
f 169/169/169 168/168/168 121/121/121
f 169/169/169 121/121/121 137/137/137
f 170/170/170 171/171/171 153/153/153
f 170/170/170 153/153/153 4/4/4
f 172/172/172 158/158/158 161/161/161
f 172/172/172 161/161/161 173/173/173
f 174/174/174 170/170/170 4/4/4
f 174/174/174 4/4/4 3/3/3
f 6/6/6 165/165/165 97/97/97
f 6/6/6 97/97/97 96/96/96
f 175/175/175 172/172/172 173/173/173
f 175/175/175 173/173/173 176/176/176
f 177/177/177 174/174/174 3/3/3
f 177/177/177 3/3/3 115/115/115
f 7/7/7 178/178/178 104/104/104
f 7/7/7 104/104/104 119/119/119
f 179/179/179 175/175/175 176/176/176
f 179/179/179 176/176/176 180/180/180
f 181/181/181 177/177/177 115/115/115
f 181/181/181 115/115/115 131/131/131
f 182/182/182 183/183/183 118/118/118
f 182/182/182 118/118/118 184/184/184
f 185/185/185 186/186/186 187/187/187
f 185/185/185 187/187/187 188/188/188
f 189/189/189 181/181/181 131/131/131
f 189/189/189 131/131/131 147/147/147
f 171/171/171 169/169/169 137/137/137
f 171/171/171 137/137/137 153/153/153
f 190/190/190 189/189/189 147/147/147
f 190/190/190 147/147/147 105/105/105
f 191/191/191 185/185/185 188/188/188
f 191/191/191 188/188/188 192/192/192
f 193/193/193 191/191/191 192/192/192
f 193/193/193 192/192/192 194/194/194
f 178/178/178 190/190/190 105/105/105
f 178/178/178 105/105/105 104/104/104
f 195/195/195 196/196/196 197/197/197
f 195/195/195 197/197/197 198/198/198
f 199/199/199 193/193/193 194/194/194
f 199/199/199 194/194/194 200/200/200
f 183/183/183 7/7/7 119/119/119
f 183/183/183 119/119/119 118/118/118
f 5/5/5 199/199/199 200/200/200
f 5/5/5 200/200/200 163/163/163
f 196/196/196 162/162/162 164/164/164
f 196/196/196 164/164/164 197/197/197
f 201/201/201 182/182/182 184/184/184
f 201/201/201 184/184/184 202/202/202
f 203/203/203 201/201/201 202/202/202
f 203/203/203 202/202/202 204/204/204
f 205/205/205 195/195/195 198/198/198
f 205/205/205 198/198/198 206/206/206
f 207/207/207 203/203/203 204/204/204
f 207/207/207 204/204/204 208/208/208
f 209/209/209 207/207/207 208/208/208
f 209/209/209 208/208/208 210/210/210
f 211/211/211 205/205/205 206/206/206
f 211/211/211 206/206/206 212/212/212
f 159/159/159 209/209/209 210/210/210
f 159/159/159 210/210/210 160/160/160
f 186/186/186 179/179/179 180/180/180
f 186/186/186 180/180/180 187/187/187
f 166/166/166 211/211/211 212/212/212
f 166/166/166 212/212/212 167/167/167
f 213/213/213 214/214/214 1/1/1
f 213/213/213 1/1/1 152/152/152
f 215/215/215 216/216/216 86/86/86
f 215/215/215 86/86/86 156/156/156
f 217/217/217 218/218/218 106/106/106
f 217/217/217 106/106/106 148/148/148
f 219/219/219 220/220/220 102/102/102
f 219/219/219 102/102/102 146/146/146
f 221/221/221 222/222/222 98/98/98
f 221/221/221 98/98/98 144/144/144
f 223/223/223 224/224/224 154/154/154
f 223/223/223 154/154/154 142/142/142
f 225/225/225 226/226/226 90/90/90
f 225/225/225 90/90/90 140/140/140
f 227/227/227 228/228/228 116/116/116
f 227/227/227 116/116/116 103/103/103
f 229/229/229 230/230/230 132/132/132
f 229/229/229 132/132/132 123/123/123
f 231/231/231 213/213/213 152/152/152
f 231/231/231 152/152/152 136/136/136
f 232/232/232 233/233/233 150/150/150
f 232/232/232 150/150/150 138/138/138
f 234/234/234 217/217/217 148/148/148
f 234/234/234 148/148/148 110/110/110
f 235/235/235 219/219/219 146/146/146
f 235/235/235 146/146/146 130/130/130
f 236/236/236 221/221/221 144/144/144
f 236/236/236 144/144/144 133/133/133
f 237/237/237 223/223/223 142/142/142
f 237/237/237 142/142/142 99/99/99
f 238/238/238 225/225/225 140/140/140
f 238/238/238 140/140/140 83/83/83
f 239/239/239 232/232/232 138/138/138
f 239/239/239 138/138/138 127/127/127
f 240/240/240 231/231/231 136/136/136
f 240/240/240 136/136/136 120/120/120
f 230/230/230 236/236/236 133/133/133
f 230/230/230 133/133/133 132/132/132
f 241/241/241 235/235/235 130/130/130
f 241/241/241 130/130/130 114/114/114
f 242/242/242 239/239/239 127/127/127
f 242/242/242 127/127/127 126/126/126
f 243/243/243 244/244/244 82/82/82
f 243/243/243 82/82/82 107/107/107
f 245/245/245 229/229/229 123/123/123
f 245/245/245 123/123/123 122/122/122
f 246/246/246 240/240/240 120/120/120
f 246/246/246 120/120/120 95/95/95
f 228/228/228 247/247/247 117/117/117
f 228/228/228 117/117/117 116/116/116
f 248/248/248 241/241/241 114/114/114
f 248/248/248 114/114/114 2/2/2
f 249/249/249 250/250/250 112/112/112
f 249/249/249 112/112/112 91/91/91
f 251/251/251 234/234/234 110/110/110
f 251/251/251 110/110/110 87/87/87
f 218/218/218 243/243/243 107/107/107
f 218/218/218 107/107/107 106/106/106
f 220/220/220 227/227/227 103/103/103
f 220/220/220 103/103/103 102/102/102
f 222/222/222 237/237/237 99/99/99
f 222/222/222 99/99/99 98/98/98
f 252/252/252 246/246/246 95/95/95
f 252/252/252 95/95/95 94/94/94
f 226/226/226 249/249/249 91/91/91
f 226/226/226 91/91/91 90/90/90
f 216/216/216 251/251/251 87/87/87
f 216/216/216 87/87/87 86/86/86
f 244/244/244 238/238/238 83/83/83
f 244/244/244 83/83/83 82/82/82
f 214/214/214 248/248/248 2/2/2
f 214/214/214 2/2/2 1/1/1
f 253/253/253 254/254/254 248/248/248
f 253/253/253 248/248/248 214/214/214
f 255/255/255 256/256/256 238/238/238
f 255/255/255 238/238/238 244/244/244
f 257/257/257 258/258/258 251/251/251
f 257/257/257 251/251/251 216/216/216
f 259/259/259 260/260/260 249/249/249
f 259/259/259 249/249/249 226/226/226
f 261/261/261 262/262/262 246/246/246
f 261/261/261 246/246/246 252/252/252
f 263/263/263 264/264/264 237/237/237
f 263/263/263 237/237/237 222/222/222
f 265/265/265 266/266/266 227/227/227
f 265/265/265 227/227/227 220/220/220
f 267/267/267 268/268/268 243/243/243
f 267/267/267 243/243/243 218/218/218
f 258/258/258 269/269/269 234/234/234
f 258/258/258 234/234/234 251/251/251
f 260/260/260 270/270/270 250/250/250
f 260/260/260 250/250/250 249/249/249
f 254/254/254 271/271/271 241/241/241
f 254/254/254 241/241/241 248/248/248
f 272/272/272 273/273/273 247/247/247
f 272/272/272 247/247/247 228/228/228
f 262/262/262 274/274/274 240/240/240
f 262/262/262 240/240/240 246/246/246
f 275/275/275 276/276/276 229/229/229
f 275/275/275 229/229/229 245/245/245
f 268/268/268 255/255/255 244/244/244
f 268/268/268 244/244/244 243/243/243
f 277/277/277 278/278/278 239/239/239
f 277/277/277 239/239/239 242/242/242
f 271/271/271 279/279/279 235/235/235
f 271/271/271 235/235/235 241/241/241
f 280/280/280 281/281/281 236/236/236
f 280/280/280 236/236/236 230/230/230
f 274/274/274 282/282/282 231/231/231
f 274/274/274 231/231/231 240/240/240
f 278/278/278 283/283/283 232/232/232
f 278/278/278 232/232/232 239/239/239
f 256/256/256 284/284/284 225/225/225
f 256/256/256 225/225/225 238/238/238
f 264/264/264 285/285/285 223/223/223
f 264/264/264 223/223/223 237/237/237
f 281/281/281 286/286/286 221/221/221
f 281/281/281 221/221/221 236/236/236
f 279/279/279 287/287/287 219/219/219
f 279/279/279 219/219/219 235/235/235
f 269/269/269 288/288/288 217/217/217
f 269/269/269 217/217/217 234/234/234
f 283/283/283 289/289/289 233/233/233
f 283/283/283 233/233/233 232/232/232
f 282/282/282 290/290/290 213/213/213
f 282/282/282 213/213/213 231/231/231
f 276/276/276 280/280/280 230/230/230
f 276/276/276 230/230/230 229/229/229
f 266/266/266 272/272/272 228/228/228
f 266/266/266 228/228/228 227/227/227
f 284/284/284 259/259/259 226/226/226
f 284/284/284 226/226/226 225/225/225
f 285/285/285 291/291/291 224/224/224
f 285/285/285 224/224/224 223/223/223
f 286/286/286 263/263/263 222/222/222
f 286/286/286 222/222/222 221/221/221
f 287/287/287 265/265/265 220/220/220
f 287/287/287 220/220/220 219/219/219
f 288/288/288 267/267/267 218/218/218
f 288/288/288 218/218/218 217/217/217
f 289/289/289 292/292/292 293/293/293
f 289/289/289 293/293/293 233/233/233
f 290/290/290 253/253/253 214/214/214
f 290/290/290 214/214/214 213/213/213
f 294/294/294 255/255/255 268/268/268
f 294/294/294 268/268/268 295/295/295
f 296/296/296 284/284/284 256/256/256
f 296/296/296 256/256/256 297/297/297
f 298/298/298 259/259/259 284/284/284
f 298/298/298 284/284/284 296/296/296
f 299/299/299 260/260/260 259/259/259
f 299/299/299 259/259/259 298/298/298
f 300/300/300 270/270/270 260/260/260
f 300/300/300 260/260/260 299/299/299
f 301/301/301 276/276/276 275/275/275
f 301/301/301 275/275/275 302/302/302
f 303/303/303 278/278/278 277/277/304
f 303/303/303 277/277/304 304/304/305
f 305/305/306 281/281/281 280/280/280
f 305/305/306 280/280/280 306/306/307
f 307/307/308 283/283/283 278/278/278
f 307/307/308 278/278/278 303/303/303
f 308/308/309 286/286/310 281/281/281
f 308/308/309 281/281/281 305/305/306
f 309/309/311 289/289/289 283/283/283
f 309/309/311 283/283/283 307/307/308
f 310/310/312 263/263/313 286/286/310
f 310/310/312 286/286/310 308/308/309
f 311/311/314 292/292/292 289/289/289
f 311/311/314 289/289/289 309/309/311
f 312/312/315 313/313/316 292/292/292
f 312/312/315 292/292/292 311/311/314
f 314/314/317 269/269/269 258/258/258
f 314/314/317 258/258/258 315/315/318
f 297/297/297 256/256/256 255/255/255
f 297/297/297 255/255/255 294/294/294
f 316/316/319 288/288/288 269/269/269
f 316/316/319 269/269/269 314/314/317
f 306/306/307 280/280/280 276/276/276
f 306/306/307 276/276/276 301/301/301
f 317/317/320 267/267/267 288/288/288
f 317/317/320 288/288/288 316/316/319
f 295/295/295 268/268/268 267/267/267
f 295/295/295 267/267/267 317/317/320
f 318/318/321 67/67/67 77/77/77
f 318/318/321 77/77/77 319/319/322
f 320/320/323 32/32/32 31/31/31
f 320/320/323 31/31/31 321/321/324
f 322/322/325 321/321/324 31/31/31
f 322/322/325 31/31/31 323/323/326
f 324/324/327 325/325/328 326/326/329
f 324/324/327 326/326/329 327/327/330
f 328/328/331 329/329/332 330/330/333
f 328/328/331 330/330/333 331/331/334
f 332/332/335 333/333/336 334/334/337
f 332/332/335 334/334/337 335/335/338
f 329/329/332 324/324/327 327/327/330
f 329/329/332 327/327/330 330/330/333
f 336/336/339 337/337/340 338/338/341
f 336/336/339 338/338/341 339/339/342
f 340/340/343 341/341/344 342/342/345
f 340/340/343 342/342/345 343/343/346
f 344/344/347 322/322/325 323/323/326
f 344/344/347 323/323/326 345/345/348
f 346/346/349 347/347/350 51/51/51
f 346/346/349 51/51/51 348/348/351
f 349/349/352 350/350/353 351/351/354
f 349/349/352 351/351/354 352/352/355
f 353/353/356 354/354/357 355/355/358
f 353/353/356 355/355/358 356/356/359
f 357/357/360 349/349/352 352/352/355
f 357/357/360 352/352/355 358/358/361
f 359/359/362 360/360/363 361/361/364
f 359/359/362 361/361/364 362/362/365
f 363/363/366 80/80/80 360/360/363
f 363/363/366 360/360/363 359/359/362
f 364/364/367 365/365/368 366/366/369
f 364/364/367 366/366/369 367/367/370
f 319/319/322 77/77/77 76/76/76
f 319/319/322 76/76/76 368/368/371
f 369/369/372 20/20/20 48/48/48
f 369/369/372 48/48/48 370/370/373
f 371/371/374 57/57/57 67/67/67
f 371/371/374 67/67/67 318/318/321
f 372/372/375 373/373/376 374/374/377
f 372/372/375 374/374/377 375/375/378
f 371/371/374 348/348/351 51/51/51
f 371/371/374 51/51/51 57/57/57
f 376/376/379 377/377/380 378/378/381
f 376/376/379 378/378/381 379/379/382
f 380/380/383 381/381/384 382/382/385
f 380/380/383 382/382/385 383/383/386
f 384/384/387 385/385/388 386/386/389
f 384/384/387 386/386/389 387/387/390
f 388/388/391 389/389/392 390/390/393
f 388/388/391 390/390/393 391/391/394
f 392/392/395 393/393/396 394/394/397
f 392/392/395 394/394/397 395/395/398
f 396/396/399 388/388/391 391/391/394
f 396/396/399 391/391/394 397/397/400
f 398/398/401 357/357/360 358/358/361
f 398/398/401 358/358/361 399/399/402
f 400/400/403 401/401/404 402/402/405
f 400/400/403 402/402/405 403/403/406
f 404/404/407 405/405/408 401/401/404
f 404/404/407 401/401/404 400/400/403
f 406/406/409 407/407/410 405/405/408
f 406/406/409 405/405/408 404/404/407
f 408/408/411 409/409/412 407/407/410
f 408/408/411 407/407/410 406/406/409
f 410/410/413 333/333/336 332/332/335
f 410/410/413 332/332/335 411/411/414
f 412/412/415 413/413/416 373/373/376
f 412/412/415 373/373/376 372/372/375
f 337/337/340 353/353/356 356/356/359
f 337/337/340 356/356/359 338/338/341
f 370/370/373 48/48/48 32/32/32
f 370/370/373 32/32/32 320/320/323
f 414/414/417 21/21/21 20/20/20
f 414/414/417 20/20/20 369/369/372
f 415/415/418 416/416/419 417/417/420
f 415/415/418 417/417/420 418/418/421
f 419/419/422 420/420/423 21/21/21
f 419/419/422 21/21/21 414/414/417
f 421/421/424 422/422/425 423/423/426
f 421/421/424 423/423/426 424/424/427
f 425/425/428 426/426/429 427/427/430
f 425/425/428 427/427/430 428/428/431
f 346/346/349 398/398/401 399/399/402
f 346/346/349 399/399/402 347/347/350
f 423/423/426 422/422/425 415/415/418
f 423/423/426 415/415/418 418/418/421
f 341/341/344 344/344/347 345/345/348
f 341/341/344 345/345/348 342/342/345
f 325/325/328 332/332/335 335/335/338
f 325/325/328 335/335/338 336/336/339
f 334/334/337 429/429/432 430/430/433
f 334/334/337 430/430/433 335/335/338
f 384/384/387 431/431/434 432/432/435
f 384/384/387 432/432/435 385/385/388
f 433/433/436 434/434/437 435/435/438
f 433/433/436 435/435/438 436/436/439
f 437/437/440 438/438/441 422/422/425
f 437/437/440 422/422/425 421/421/424
f 377/377/380 410/410/413 411/411/414
f 377/377/380 411/411/414 378/378/381
f 439/439/442 440/440/443 330/330/333
f 439/439/442 330/330/333 327/327/330
f 440/440/443 441/441/444 331/331/334
f 440/440/443 331/331/334 330/330/333
f 442/442/445 443/443/446 254/254/254
f 442/442/445 254/254/254 253/253/253
f 444/444/447 445/445/448 426/426/429
f 444/444/447 426/426/429 446/446/449
f 447/447/450 448/448/451 399/399/402
f 447/447/450 399/399/402 358/358/361
f 445/445/448 449/449/452 427/427/430
f 445/445/448 427/427/430 426/426/429
f 442/442/445 253/253/253 290/290/290
f 442/442/445 290/290/290 450/450/453
f 451/451/454 444/444/447 446/446/449
f 451/451/454 446/446/449 361/361/364
f 452/452/455 451/451/454 361/361/364
f 452/452/455 361/361/364 360/360/363
f 79/79/79 452/452/455 360/360/363
f 79/79/79 360/360/363 80/80/80
f 449/449/452 12/12/12 15/15/15
f 449/449/452 15/15/15 427/427/430
f 453/453/456 454/454/457 352/352/355
f 453/453/456 352/352/355 351/351/354
f 454/454/457 447/447/450 358/358/361
f 454/454/457 358/358/361 352/352/355
f 455/455/458 339/339/342 338/338/341
f 455/455/458 338/338/341 456/456/459
f 456/456/459 338/338/341 356/356/359
f 456/456/459 356/356/359 457/457/460
f 457/457/460 356/356/359 355/355/358
f 457/457/460 355/355/358 458/458/461
f 459/459/462 343/343/346 342/342/345
f 459/459/462 342/342/345 460/460/463
f 460/460/463 342/342/345 345/345/348
f 460/460/463 345/345/348 461/461/464
f 310/310/312 462/462/465 264/264/466
f 310/310/312 264/264/466 263/263/313
f 461/461/464 345/345/348 323/323/326
f 461/461/464 323/323/326 463/463/467
f 464/464/468 437/437/440 421/421/424
f 464/464/468 421/421/424 402/402/405
f 417/417/420 416/416/419 465/465/469
f 417/417/420 465/465/469 466/466/470
f 467/467/471 468/468/472 469/469/473
f 467/467/471 469/469/473 470/470/474
f 471/471/475 472/472/476 473/473/477
f 471/471/475 473/473/477 474/474/478
f 429/429/432 392/392/395 395/395/398
f 429/429/432 395/395/398 430/430/433
f 434/434/437 380/380/383 383/383/386
f 434/434/437 383/383/386 435/435/438
f 431/431/434 396/396/399 397/397/400
f 431/431/434 397/397/400 432/432/435
f 412/412/415 387/387/390 386/386/389
f 412/412/415 386/386/389 413/413/416
f 402/402/405 421/421/424 424/424/427
f 402/402/405 424/424/427 403/403/406
f 277/277/304 475/475/479 476/476/480
f 277/277/304 476/476/480 304/304/305
f 448/448/451 477/477/481 347/347/350
f 448/448/451 347/347/350 399/399/402
f 285/285/285 264/264/466 462/462/465
f 285/285/285 462/462/465 478/478/482
f 479/479/483 480/480/484 476/476/480
f 479/479/483 476/476/480 475/475/479
f 481/481/485 482/482/486 480/480/484
f 481/481/485 480/480/484 479/479/483
f 483/483/487 484/484/488 482/482/486
f 483/483/487 482/482/486 481/481/485
f 279/279/279 485/485/489 486/486/490
f 279/279/279 486/486/490 287/287/287
f 271/271/271 487/487/491 485/485/489
f 271/271/271 485/485/489 279/279/279
f 254/254/254 443/443/446 487/487/491
f 254/254/254 487/487/491 271/271/271
f 488/488/492 463/463/467 323/323/326
f 488/488/492 323/323/326 31/31/31
f 489/489/493 291/291/291 490/490/494
f 489/489/493 490/490/494 491/491/495
f 492/492/496 477/477/481 462/462/465
f 492/492/496 462/462/465 310/310/312
f 274/274/274 262/262/262 493/493/497
f 274/274/274 493/493/497 494/494/498
f 291/291/291 285/285/285 478/478/482
f 291/291/291 478/478/482 490/490/494
f 282/282/282 274/274/274 494/494/498
f 282/282/282 494/494/498 495/495/499
f 290/290/290 282/282/282 495/495/499
f 290/290/290 495/495/499 450/450/453
f 496/496/500 442/442/445 450/450/453
f 496/496/500 450/450/453 439/439/442
f 496/496/500 455/455/458 443/443/446
f 496/496/500 443/443/446 442/442/445
f 497/497/501 295/295/295 317/317/320
f 497/497/501 317/317/320 498/498/502
f 498/498/502 317/317/320 316/316/319
f 498/498/502 316/316/319 499/499/503
f 500/500/504 306/306/307 301/301/301
f 500/500/504 301/301/301 501/501/505
f 499/499/503 316/316/319 314/314/317
f 499/499/503 314/314/317 502/502/506
f 503/503/507 297/297/297 294/294/294
f 503/503/507 294/294/294 504/504/508
f 502/502/506 314/314/317 315/315/318
f 502/502/506 315/315/318 505/505/509
f 506/506/510 312/312/315 311/311/314
f 506/506/510 311/311/314 507/507/511
f 507/507/511 311/311/314 309/309/311
f 507/507/511 309/309/311 508/508/512
f 492/492/496 310/310/312 308/308/309
f 492/492/496 308/308/309 509/509/513
f 508/508/512 309/309/311 307/307/308
f 508/508/512 307/307/308 510/510/514
f 509/509/513 308/308/309 305/305/306
f 509/509/513 305/305/306 511/511/515
f 510/510/514 307/307/308 303/303/303
f 510/510/514 303/303/303 512/512/516
f 511/511/515 305/305/306 306/306/307
f 511/511/515 306/306/307 500/500/504
f 512/512/516 303/303/303 304/304/305
f 512/512/516 304/304/305 488/488/492
f 501/501/505 301/301/301 302/302/302
f 501/501/505 302/302/302 513/513/517
f 513/513/517 302/302/302 514/514/518
f 513/513/517 514/514/518 515/515/519
f 516/516/520 299/299/299 298/298/298
f 516/516/520 298/298/298 517/517/521
f 517/517/521 298/298/298 296/296/296
f 517/517/521 296/296/296 518/518/522
f 519/519/523 520/520/524 416/416/419
f 519/519/523 416/416/419 415/415/418
f 474/474/478 473/473/477 521/521/525
f 474/474/478 521/521/525 522/522/526
f 381/381/384 522/522/526 521/521/525
f 381/381/384 521/521/525 382/382/385
f 11/11/11 10/10/10 63/63/63
f 11/11/11 63/63/63 62/62/62
f 470/470/474 469/469/473 472/472/476
f 470/470/474 472/472/476 471/471/475
f 523/523/527 524/524/528 525/525/529
f 523/523/527 525/525/529 526/526/530
f 527/527/531 528/528/532 529/529/533
f 527/527/531 529/529/533 530/530/534
f 531/531/535 532/532/536 533/533/537
f 531/531/535 533/533/537 534/534/538
f 532/532/536 535/535/539 536/536/540
f 532/532/536 536/536/540 533/533/537
f 535/535/539 537/537/541 538/538/542
f 535/535/539 538/538/542 536/536/540
f 539/539/543 527/527/531 530/530/534
f 539/539/543 530/530/534 540/540/544
f 537/537/541 539/539/543 540/540/544
f 537/537/541 540/540/544 538/538/542
f 541/541/545 542/542/546 543/543/547
f 541/541/545 543/543/547 544/544/548
f 545/545/549 531/531/535 534/534/538
f 545/545/549 534/534/538 546/546/550
f 547/547/551 548/548/552 549/549/553
f 547/547/551 549/549/553 550/550/554
f 551/551/555 545/545/549 546/546/550
f 551/551/555 546/546/550 552/552/556
f 550/550/554 549/549/553 553/553/557
f 550/550/554 553/553/557 554/554/558
f 554/554/558 553/553/557 555/555/559
f 554/554/558 555/555/559 556/556/560
f 557/557/561 558/558/562 559/559/563
f 557/557/561 559/559/563 560/560/564
f 556/556/560 555/555/559 561/561/565
f 556/556/560 561/561/565 562/562/566
f 28/28/28 27/27/27 563/563/567
f 28/28/28 563/563/567 564/564/568
f 526/526/530 525/525/529 548/548/552
f 526/526/530 548/548/552 547/547/551
f 562/562/566 561/561/565 565/565/569
f 562/562/566 565/565/569 566/566/570
f 564/564/568 563/563/567 567/567/571
f 564/564/568 567/567/571 568/568/572
f 569/569/573 570/570/574 571/571/575
f 569/569/573 571/571/575 572/572/576
f 572/572/576 571/571/575 573/573/577
f 572/572/576 573/573/577 574/574/578
f 568/568/572 567/567/571 575/575/579
f 568/568/572 575/575/579 576/576/580
f 577/577/581 578/578/582 542/542/546
f 577/577/581 542/542/546 541/541/545
f 574/574/578 573/573/577 579/579/583
f 574/574/578 579/579/583 580/580/584
f 576/576/580 575/575/579 581/581/585
f 576/576/580 581/581/585 582/582/586
f 580/580/584 579/579/583 583/583/587
f 580/580/584 583/583/587 584/584/588
f 582/582/586 581/581/585 558/558/562
f 582/582/586 558/558/562 557/557/561
f 584/584/588 583/583/587 585/585/589
f 584/584/588 585/585/589 586/586/590
f 560/560/564 559/559/563 587/587/591
f 560/560/564 587/587/591 588/588/592
f 586/586/590 585/585/589 578/578/582
f 586/586/590 578/578/582 577/577/581
f 74/74/74 66/66/66 27/27/27
f 74/74/74 27/27/27 26/26/26
f 588/588/592 587/587/591 589/589/593
f 588/588/592 589/589/593 590/590/594
f 591/591/595 592/592/596 593/593/597
f 591/591/595 593/593/597 594/594/598
f 595/595/599 596/596/600 597/597/601
f 595/595/599 597/597/601 598/598/602
f 528/528/532 591/591/595 594/594/598
f 528/528/532 594/594/598 529/529/533
f 598/598/602 597/597/601 524/524/528
f 598/598/602 524/524/528 523/523/527
f 427/427/430 15/15/15 599/599/603
f 427/427/430 599/599/603 428/428/431
f 361/361/364 446/446/449 600/600/604
f 361/361/364 600/600/604 362/362/365
f 446/446/449 426/426/429 425/425/428
f 446/446/449 425/425/428 600/600/604
f 326/326/329 325/325/328 336/336/339
f 326/326/329 336/336/339 339/339/342
f 435/435/438 383/383/386 344/344/347
f 435/435/438 344/344/347 341/341/344
f 385/385/388 432/432/435 398/398/401
f 385/385/388 398/398/401 346/346/349
f 422/422/425 438/438/441 519/519/523
f 422/422/425 519/519/523 415/415/418
f 416/416/419 520/520/524 601/601/605
f 416/416/419 601/601/605 465/465/469
f 468/468/472 414/414/417 369/369/372
f 468/468/472 369/369/372 469/469/473
f 472/472/476 370/370/373 320/320/323
f 472/472/476 320/320/323 473/473/477
f 430/430/433 395/395/398 353/353/356
f 430/430/433 353/353/356 337/337/340
f 432/432/435 397/397/400 357/357/360
f 432/432/435 357/357/360 398/398/401
f 413/413/416 386/386/389 348/348/351
f 413/413/416 348/348/351 371/371/374
f 413/413/416 371/371/374 318/318/321
f 413/413/416 318/318/321 373/373/376
f 469/469/473 369/369/372 370/370/373
f 469/469/473 370/370/373 472/472/476
f 409/409/412 602/602/606 364/364/367
f 409/409/412 364/364/367 407/407/410
f 407/407/410 364/364/367 367/367/370
f 407/407/410 367/367/370 405/405/408
f 405/405/408 367/367/370 603/603/607
f 405/405/408 603/603/607 401/401/404
f 401/401/404 603/603/607 464/464/468
f 401/401/404 464/464/468 402/402/405
f 397/397/400 391/391/394 349/349/352
f 397/397/400 349/349/352 357/357/360
f 395/395/398 394/394/397 354/354/357
f 395/395/398 354/354/357 353/353/356
f 391/391/394 390/390/393 350/350/353
f 391/391/394 350/350/353 349/349/352
f 385/385/388 346/346/349 348/348/351
f 385/385/388 348/348/351 386/386/389
f 383/383/386 382/382/385 322/322/325
f 383/383/386 322/322/325 344/344/347
f 436/436/439 435/435/438 341/341/344
f 436/436/439 341/341/344 340/340/343
f 335/335/338 430/430/433 337/337/340
f 335/335/338 337/337/340 336/336/339
f 378/378/381 411/411/414 324/324/327
f 378/378/381 324/324/327 329/329/332
f 379/379/382 378/378/381 329/329/332
f 379/379/382 329/329/332 328/328/331
f 411/411/414 332/332/335 325/325/328
f 411/411/414 325/325/328 324/324/327
f 382/382/385 521/521/525 321/321/324
f 382/382/385 321/321/324 322/322/325
f 473/473/477 320/320/323 321/321/324
f 473/473/477 321/321/324 521/521/525
f 373/373/376 318/318/321 319/319/322
f 373/373/376 319/319/322 374/374/377
f 518/518/522 296/296/296 297/297/297
f 518/518/522 297/297/297 503/503/507
f 504/504/508 294/294/294 295/295/295
f 504/504/508 295/295/295 497/497/501
f 64/64/64 504/504/508 497/497/501
f 64/64/64 497/497/501 73/73/73
f 10/10/10 518/518/522 503/503/507
f 10/10/10 503/503/507 63/63/63
f 9/9/9 517/517/521 518/518/522
f 9/9/9 518/518/522 10/10/10
f 17/17/17 516/516/520 517/517/521
f 17/17/17 517/517/521 9/9/9
f 23/23/23 513/513/517 515/515/519
f 23/23/23 515/515/519 24/24/24
f 35/35/35 501/501/505 513/513/517
f 35/35/35 513/513/517 23/23/23
f 37/37/37 512/512/516 488/488/492
f 37/37/37 488/488/492 31/31/31
f 39/39/39 511/511/515 500/500/504
f 39/39/39 500/500/504 40/40/40
f 43/43/43 510/510/514 512/512/516
f 43/43/43 512/512/516 37/37/37
f 45/45/45 509/509/513 511/511/515
f 45/45/45 511/511/515 39/39/39
f 47/47/47 508/508/512 510/510/514
f 47/47/47 510/510/514 43/43/43
f 51/51/51 492/492/496 509/509/513
f 51/51/51 509/509/513 45/45/45
f 53/53/53 507/507/511 508/508/512
f 53/53/53 508/508/512 47/47/47
f 55/55/55 506/506/510 507/507/511
f 55/55/55 507/507/511 53/53/53
f 59/59/59 502/502/506 505/505/509
f 59/59/59 505/505/509 60/60/60
f 63/63/63 503/503/507 504/504/508
f 63/63/63 504/504/508 64/64/64
f 69/69/69 499/499/503 502/502/506
f 69/69/69 502/502/506 59/59/59
f 40/40/40 500/500/504 501/501/505
f 40/40/40 501/501/505 35/35/35
f 71/71/71 498/498/502 499/499/503
f 71/71/71 499/499/503 69/69/69
f 73/73/73 497/497/501 498/498/502
f 73/73/73 498/498/502 71/71/71
f 326/326/329 339/339/342 455/455/458
f 326/326/329 455/455/458 496/496/500
f 326/326/329 496/496/500 439/439/442
f 326/326/329 439/439/442 327/327/330
f 51/51/51 347/347/350 477/477/481
f 51/51/51 477/477/481 492/492/496
f 304/304/305 476/476/480 463/463/467
f 304/304/305 463/463/467 488/488/492
f 478/478/482 462/462/465 477/477/481
f 478/478/482 477/477/481 448/448/451
f 480/480/484 461/461/464 463/463/467
f 480/480/484 463/463/467 476/476/480
f 482/482/486 460/460/463 461/461/464
f 482/482/486 461/461/464 480/480/484
f 484/484/488 459/459/462 460/460/463
f 484/484/488 460/460/463 482/482/486
f 485/485/489 457/457/460 458/458/461
f 485/485/489 458/458/461 486/486/490
f 487/487/491 456/456/459 457/457/460
f 487/487/491 457/457/460 485/485/489
f 443/443/446 455/455/458 456/456/459
f 443/443/446 456/456/459 487/487/491
f 491/491/495 490/490/494 447/447/450
f 491/491/495 447/447/450 454/454/457
f 604/604/608 491/491/495 454/454/457
f 604/604/608 454/454/457 453/453/456
f 490/490/494 478/478/482 448/448/451
f 490/490/494 448/448/451 447/447/450
f 495/495/499 494/494/498 441/441/444
f 495/495/499 441/441/444 440/440/443
f 450/450/453 495/495/499 440/440/443
f 450/450/453 440/440/443 439/439/442
f 77/77/77 67/67/67 66/66/66
f 77/77/77 66/66/66 74/74/74
f 524/524/528 11/11/11 62/62/62
f 524/524/528 62/62/62 525/525/529
f 530/530/534 529/529/533 12/12/12
f 530/530/534 12/12/12 449/449/452
f 534/534/538 533/533/537 452/452/455
f 534/534/538 452/452/455 79/79/79
f 533/533/537 536/536/540 451/451/454
f 533/533/537 451/451/454 452/452/455
f 536/536/540 538/538/542 444/444/447
f 536/536/540 444/444/447 451/451/454
f 540/540/544 530/530/534 449/449/452
f 540/540/544 449/449/452 445/445/448
f 538/538/542 540/540/544 445/445/448
f 538/538/542 445/445/448 444/444/447
f 542/542/546 49/49/49 19/19/19
f 542/542/546 19/19/19 543/543/547
f 546/546/550 534/534/538 79/79/79
f 546/546/550 79/79/79 78/78/78
f 548/548/552 65/65/65 72/72/72
f 548/548/552 72/72/72 549/549/553
f 552/552/556 546/546/550 78/78/78
f 552/552/556 78/78/78 605/605/609
f 549/549/553 72/72/72 70/70/70
f 549/549/553 70/70/70 553/553/557
f 553/553/557 70/70/70 68/68/68
f 553/553/557 68/68/68 555/555/559
f 558/558/562 41/41/41 34/34/34
f 558/558/562 34/34/34 559/559/563
f 555/555/559 68/68/68 58/58/58
f 555/555/559 58/58/58 561/561/565
f 27/27/27 66/66/66 56/56/56
f 27/27/27 56/56/56 563/563/567
f 525/525/529 62/62/62 65/65/65
f 525/525/529 65/65/65 548/548/552
f 561/561/565 58/58/58 61/61/61
f 561/561/565 61/61/61 565/565/569
f 563/563/567 56/56/56 50/50/50
f 563/563/567 50/50/50 567/567/571
f 570/570/574 54/54/54 52/52/52
f 570/570/574 52/52/52 571/571/575
f 571/571/575 52/52/52 46/46/46
f 571/571/575 46/46/46 573/573/577
f 567/567/571 50/50/50 44/44/44
f 567/567/571 44/44/44 575/575/579
f 578/578/582 33/33/33 49/49/49
f 578/578/582 49/49/49 542/542/546
f 573/573/577 46/46/46 42/42/42
f 573/573/577 42/42/42 579/579/583
f 575/575/579 44/44/44 38/38/38
f 575/575/579 38/38/38 581/581/585
f 579/579/583 42/42/42 36/36/36
f 579/579/583 36/36/36 583/583/587
f 581/581/585 38/38/38 41/41/41
f 581/581/585 41/41/41 558/558/562
f 583/583/587 36/36/36 30/30/30
f 583/583/587 30/30/30 585/585/589
f 559/559/563 34/34/34 22/22/22
f 559/559/563 22/22/22 587/587/591
f 585/585/589 30/30/30 33/33/33
f 585/585/589 33/33/33 578/578/582
f 587/587/591 22/22/22 25/25/25
f 587/587/591 25/25/25 589/589/593
f 594/594/598 593/593/597 606/606/610
f 594/594/598 606/606/610 13/13/13
f 596/596/600 16/16/16 8/8/8
f 596/596/600 8/8/8 597/597/601
f 529/529/533 594/594/598 13/13/13
f 529/529/533 13/13/13 12/12/12
f 597/597/601 8/8/8 11/11/11
f 597/597/601 11/11/11 524/524/528
f 607/607/611 608/608/611 609/609/611
f 607/607/612 609/609/612 610/610/612
f 611/611/613 612/612/613 613/613/613
f 611/611/612 613/613/612 614/614/612
f 615/615/614 616/616/614 617/617/614
f 615/615/612 617/617/612 618/618/612
f 608/608/615 619/619/615 620/620/615
f 608/608/612 620/620/612 609/609/612
f 621/621/616 622/622/616 623/623/616
f 621/621/617 623/623/617 624/624/617
f 619/619/618 625/625/618 626/626/618
f 619/619/612 626/626/612 620/620/612
f 625/625/619 627/627/619 628/628/619
f 625/625/612 628/628/612 626/626/612
f 622/622/620 629/629/620 630/630/620
f 622/622/612 630/630/612 623/623/612
f 631/631/621 632/632/621 633/633/621
f 631/631/612 633/633/612 634/634/612
f 635/635/622 636/636/622 637/637/622
f 635/635/612 637/637/612 638/638/612
f 629/629/623 639/639/623 640/640/623
f 629/629/612 640/640/612 630/630/612
f 636/636/612 641/641/612 642/642/612
f 636/636/612 642/642/612 637/637/612
f 639/639/624 643/643/624 644/644/624
f 639/639/625 644/644/625 640/640/625
f 641/641/626 645/645/626 646/646/626
f 641/641/612 646/646/612 642/642/612
f 647/647/627 648/648/627 649/649/627
f 647/647/612 649/649/612 650/650/612
f 645/645/628 631/631/628 634/634/628
f 645/645/629 634/634/629 646/646/629
f 648/648/630 651/651/630 652/652/630
f 648/648/631 652/652/631 649/649/631
f 632/632/632 653/653/632 654/654/632
f 632/632/612 654/654/612 633/633/612
f 651/651/633 655/655/633 656/656/633
f 651/651/612 656/656/612 652/652/612
f 657/657/634 658/658/634 659/659/634
f 657/657/612 659/659/612 660/660/612
f 653/653/635 661/661/635 662/662/635
f 653/653/612 662/662/612 654/654/612
f 655/655/636 663/663/636 664/664/636
f 655/655/612 664/664/612 656/656/612
f 658/658/637 665/665/637 666/666/637
f 658/658/638 666/666/638 659/659/638
f 661/661/639 667/667/639 668/668/639
f 661/661/612 668/668/612 662/662/612
f 663/663/640 615/615/640 618/618/640
f 663/663/612 618/618/612 664/664/612
f 665/665/641 669/669/641 670/670/641
f 665/665/612 670/670/612 666/666/612
f 667/667/642 671/671/642 672/672/642
f 667/667/612 672/672/612 668/668/612
f 673/673/643 674/674/643 675/675/643
f 673/673/612 675/675/612 676/676/612
f 677/677/644 678/678/644 679/679/644
f 677/677/645 679/679/645 680/680/645
f 671/671/646 681/681/646 682/682/646
f 671/671/612 682/682/612 672/672/612
f 674/674/647 683/683/647 684/684/647
f 674/674/648 684/684/648 675/675/648
f 678/678/649 685/685/649 686/686/649
f 678/678/612 686/686/612 679/679/612
f 687/687/650 657/657/650 660/660/650
f 687/687/651 660/660/651 688/688/651
f 683/683/652 607/607/652 610/610/652
f 683/683/653 610/610/653 684/684/653
f 685/685/654 611/611/654 614/614/654
f 685/685/612 614/614/612 686/686/612
f 643/643/655 647/647/655 650/650/655
f 643/643/656 650/650/656 644/644/656
f 169/169/169 171/171/171 7/7/7
f 171/171/171 170/170/170 7/7/7
f 170/170/170 174/174/174 7/7/7
f 174/174/174 177/177/177 7/7/7
f 177/177/177 181/181/181 7/7/7
f 181/181/181 189/189/189 7/7/7
f 189/189/189 190/190/190 7/7/7
f 190/190/190 178/178/178 7/7/7
f 7/7/7 183/183/183 182/182/182
f 201/201/201 7/7/7 182/182/182
f 201/201/201 203/203/203 209/209/209
f 203/203/203 207/207/207 209/209/209
f 209/209/209 159/159/159 158/158/158
f 201/201/201 209/209/209 7/7/7
f 158/158/158 172/172/172 209/209/209
f 172/172/172 175/175/175 179/179/179
f 179/179/179 186/186/186 185/185/185
f 185/185/185 191/191/191 179/179/179
f 191/191/191 193/193/193 5/5/5
f 179/179/179 191/191/191 5/5/5
f 193/193/193 199/199/199 5/5/5
f 5/5/5 162/162/162 196/196/196
f 196/196/196 195/195/195 5/5/5
f 195/195/195 205/205/205 5/5/5
f 205/205/205 211/211/211 5/5/5
f 211/211/211 166/166/166 5/5/5
f 166/166/166 165/165/165 5/5/5
f 165/165/165 6/6/6 5/5/5
f 6/6/6 168/168/168 7/7/7
f 168/168/168 169/169/169 7/7/7
f 7/7/7 209/209/209 5/5/5
f 172/172/172 179/179/179 209/209/209
f 179/179/179 5/5/5 209/209/209
f 592/592/596 591/591/595 689/689/657
f 592/592/596 689/689/657 690/690/658
f 537/537/541 535/535/539 691/691/659
f 537/537/541 691/691/659 692/692/660
f 595/595/599 598/598/602 693/693/602
f 595/595/599 693/693/602 694/694/661
f 541/541/545 544/544/548 695/695/662
f 541/541/545 695/695/662 696/696/663
f 588/588/592 590/590/594 697/697/664
f 588/588/592 697/697/664 698/698/665
f 586/586/590 577/577/581 699/699/666
f 586/586/590 699/699/666 700/700/667
f 560/560/564 588/588/592 698/698/665
f 560/560/564 698/698/665 701/701/668
f 584/584/588 586/586/590 700/700/667
f 584/584/588 700/700/667 702/702/669
f 582/582/586 557/557/561 703/703/670
f 582/582/586 703/703/670 704/704/671
f 580/580/584 584/584/588 702/702/669
f 580/580/584 702/702/669 705/705/672
f 576/576/580 582/582/586 704/704/671
f 576/576/580 704/704/671 706/706/673
f 574/574/578 580/580/584 705/705/672
f 574/574/578 705/705/672 707/707/674
f 577/577/581 541/541/545 696/696/663
f 577/577/581 696/696/663 699/699/666
f 568/568/572 576/576/580 706/706/673
f 568/568/572 706/706/673 708/708/675
f 572/572/576 574/574/578 707/707/674
f 572/572/576 707/707/674 709/709/676
f 569/569/573 572/572/576 709/709/676
f 569/569/573 709/709/676 710/710/677
f 564/564/568 568/568/572 708/708/675
f 564/564/568 708/708/675 711/711/678
f 562/562/566 566/566/570 712/712/679
f 562/562/566 712/712/679 713/713/680
f 526/526/530 547/547/551 714/714/681
f 526/526/530 714/714/681 715/715/682
f 28/28/28 564/564/568 711/711/678
f 28/28/28 711/711/678 716/716/683
f 556/556/560 562/562/566 713/713/680
f 556/556/560 713/713/680 717/717/684
f 557/557/561 560/560/564 701/701/668
f 557/557/561 701/701/668 703/703/670
f 29/29/29 28/28/28 716/716/683
f 29/29/29 716/716/683 718/718/685
f 554/554/558 556/556/560 717/717/684
f 554/554/558 717/717/684 719/719/686
f 539/539/543 537/537/541 692/692/660
f 539/539/543 692/692/660 720/720/687
f 545/545/549 551/551/555 721/721/688
f 545/545/549 721/721/688 722/722/689
f 550/550/554 554/554/558 719/719/686
f 550/550/554 719/719/686 723/723/690
f 527/527/531 539/539/543 720/720/687
f 527/527/531 720/720/687 724/724/691
f 531/531/535 545/545/549 722/722/689
f 531/531/535 722/722/689 725/725/692
f 547/547/551 550/550/554 723/723/690
f 547/547/551 723/723/690 714/714/681
f 528/528/532 527/527/531 724/724/691
f 528/528/532 724/724/691 726/726/693
f 532/532/536 531/531/535 725/725/692
f 532/532/536 725/725/692 727/727/694
f 523/523/527 526/526/530 715/715/682
f 523/523/527 715/715/682 728/728/695
f 591/591/595 528/528/532 726/726/693
f 591/591/595 726/726/693 689/689/657
f 535/535/539 532/532/536 727/727/694
f 535/535/539 727/727/694 691/691/659
f 598/598/602 523/523/527 728/728/695
f 598/598/602 728/728/695 693/693/602
f 729/729/696 730/730/697 731/731/698
f 729/729/696 731/731/698 732/732/696
f 733/733/699 734/734/699 735/735/699
f 733/733/700 735/735/700 736/736/700
f 737/737/701 738/738/694 739/739/694
f 737/737/701 739/739/694 740/740/701
f 741/741/657 742/742/702 743/743/702
f 741/741/657 743/743/702 744/744/657
f 730/730/697 745/745/703 746/746/703
f 730/730/697 746/746/703 731/731/698
f 738/738/694 747/747/704 748/748/704
f 738/738/694 748/748/704 739/739/694
f 742/742/702 749/749/705 750/750/705
f 742/742/702 750/750/705 743/743/702
f 751/751/706 752/752/690 753/753/690
f 751/751/706 753/753/690 754/754/706
f 747/747/704 755/755/689 756/756/689
f 747/747/704 756/756/689 748/748/704
f 749/749/705 757/757/687 758/758/687
f 749/749/705 758/758/687 750/750/705
f 752/752/690 759/759/686 760/760/686
f 752/752/690 760/760/686 753/753/690
f 755/755/689 761/761/707 762/762/707
f 755/755/689 762/762/707 756/756/689
f 757/757/687 763/763/708 764/764/708
f 757/757/687 764/764/708 758/758/687
f 759/759/686 765/765/684 766/766/684
f 759/759/686 766/766/684 760/760/686
f 761/761/707 767/767/709 768/768/709
f 761/761/707 768/768/709 762/762/707
f 769/769/670 770/770/710 771/771/710
f 769/769/670 771/771/710 772/772/711
f 765/765/684 773/773/680 774/774/680
f 765/765/684 774/774/680 766/766/684
f 767/767/709 775/775/712 776/776/712
f 767/767/709 776/776/712 768/768/709
f 745/745/703 777/777/713 778/778/713
f 745/745/703 778/778/713 746/746/703
f 773/773/680 779/779/714 780/780/714
f 773/773/680 780/780/714 774/774/680
f 775/775/712 781/781/675 782/782/675
f 775/775/712 782/782/675 776/776/712
f 779/779/714 783/783/676 784/784/676
f 779/779/714 784/784/676 780/780/714
f 783/783/676 785/785/674 786/786/674
f 783/783/676 786/786/674 784/784/676
f 781/781/675 787/787/715 788/788/715
f 781/781/675 788/788/715 782/782/675
f 789/789/716 790/790/717 791/791/717
f 789/789/716 791/791/717 792/792/716
f 785/785/674 793/793/672 794/794/672
f 785/785/674 794/794/672 786/786/674
f 795/795/718 796/796/671 797/797/671
f 795/795/718 797/797/671 798/798/718
f 793/793/672 799/799/719 800/800/719
f 793/793/672 800/800/719 794/794/672
f 796/796/671 769/769/670 772/772/711
f 796/796/671 772/772/711 797/797/671
f 801/801/720 802/802/667 803/803/667
f 801/801/720 803/803/667 804/804/721
f 770/770/710 805/805/665 806/806/665
f 770/770/710 806/806/665 771/771/710
f 802/802/667 789/789/716 792/792/716
f 802/802/667 792/792/716 803/803/667
f 805/805/665 807/807/722 808/808/722
f 805/805/665 808/808/722 806/806/665
f 790/790/717 809/809/723 810/810/723
f 790/790/717 810/810/723 791/791/717
f 807/807/722 729/729/696 732/732/696
f 807/807/722 732/732/696 808/808/722
f 811/811/724 737/737/701 740/740/701
f 811/811/724 740/740/701 812/812/724
f 809/809/723 741/741/657 744/744/657
f 809/809/723 744/744/657 810/810/723
f 813/813/689 814/814/707 815/815/707
f 813/813/689 815/815/707 816/816/689
f 817/817/700 818/818/700 819/819/700
f 817/817/725 819/819/725 820/820/725
f 734/734/726 821/821/726 822/822/726
f 734/734/727 822/822/727 735/735/727
f 818/818/728 823/823/728 824/824/728
f 818/818/700 824/824/700 819/819/700
f 825/825/729 826/826/729 827/827/729
f 825/825/730 827/827/730 828/828/730
f 823/823/731 829/829/731 830/830/731
f 823/823/732 830/830/732 824/824/732
f 831/831/733 832/832/733 833/833/733
f 831/831/734 833/833/734 834/834/734
f 835/835/735 836/836/735 837/837/735
f 835/835/700 837/837/700 838/838/700
f 832/832/736 839/839/736 840/840/736
f 832/832/737 840/840/737 833/833/737
f 841/841/738 842/842/738 843/843/738
f 841/841/739 843/843/739 844/844/739
f 836/836/740 845/845/740 846/846/740
f 836/836/700 846/846/700 837/837/700
f 839/839/741 847/847/741 848/848/741
f 839/839/742 848/848/742 840/840/742
f 842/842/743 849/849/743 850/850/743
f 842/842/700 850/850/700 843/843/700
f 845/845/744 851/851/744 852/852/744
f 845/845/700 852/852/700 846/846/700
f 847/847/745 853/853/745 854/854/745
f 847/847/700 854/854/700 848/848/700
f 849/849/746 855/855/746 856/856/746
f 849/849/700 856/856/700 850/850/700
f 857/857/747 858/858/747 859/859/747
f 857/857/748 859/859/748 860/860/748
f 861/861/749 862/862/749 863/863/749
f 861/861/750 863/863/750 864/864/750
f 865/865/751 866/866/751 867/867/751
f 865/865/752 867/867/752 868/868/752
f 858/858/753 869/869/753 870/870/753
f 858/858/754 870/870/754 859/859/754
f 862/862/755 871/871/755 872/872/755
f 862/862/756 872/872/756 863/863/756
f 866/866/757 873/873/757 874/874/757
f 866/866/758 874/874/758 867/867/758
f 869/869/759 841/841/759 844/844/759
f 869/869/760 844/844/760 870/870/760
f 871/871/761 875/875/761 876/876/761
f 871/871/762 876/876/762 872/872/762
f 873/873/763 877/877/763 878/878/763
f 873/873/700 878/878/700 874/874/700
f 821/821/764 825/825/764 828/828/764
f 821/821/765 828/828/765 822/822/765
f 875/875/766 879/879/766 880/880/766
f 875/875/700 880/880/700 876/876/700
f 877/877/767 881/881/767 882/882/767
f 877/877/700 882/882/700 878/878/700
f 853/853/768 883/883/768 884/884/768
f 853/853/769 884/884/769 854/854/769
f 885/885/700 886/886/700 887/887/700
f 885/885/700 887/887/700 888/888/700
f 881/881/770 889/889/770 890/890/770
f 881/881/700 890/890/700 882/882/700
f 886/886/771 891/891/771 892/892/771
f 886/886/700 892/892/700 887/887/700
f 891/891/772 893/893/772 894/894/772
f 891/891/700 894/894/700 892/892/700
f 889/889/773 733/733/773 736/736/773
f 889/889/774 736/736/774 890/890/774
f 829/829/775 835/835/775 838/838/775
f 829/829/700 838/838/700 830/830/700
f 893/893/776 817/817/776 820/820/776
f 893/893/700 820/820/700 894/894/700
f 895/895/687 896/896/777 897/897/777
f 895/895/687 897/897/777 898/898/687
f 899/899/686 900/900/684 901/901/684
f 899/899/686 901/901/684 902/902/686
f 814/814/707 903/903/683 904/904/683
f 814/814/707 904/904/683 815/815/707
f 905/905/670 906/906/668 907/907/668
f 905/905/670 907/907/668 908/908/670
f 900/900/684 909/909/680 910/910/680
f 900/900/684 910/910/680 901/901/684
f 903/903/683 911/911/712 912/912/712
f 903/903/683 912/912/712 904/904/683
f 913/913/703 914/914/778 915/915/778
f 913/913/703 915/915/778 916/916/703
f 909/909/680 917/917/779 918/918/779
f 909/909/680 918/918/779 910/910/680
f 911/911/712 919/919/675 920/920/675
f 911/911/712 920/920/675 912/912/712
f 917/917/779 921/921/676 922/922/676
f 917/917/779 922/922/676 918/918/779
f 921/921/676 923/923/780 924/924/780
f 921/921/676 924/924/780 922/922/676
f 919/919/675 925/925/715 926/926/715
f 919/919/675 926/926/715 920/920/675
f 927/927/666 928/928/663 929/929/663
f 927/927/666 929/929/663 930/930/666
f 923/923/780 931/931/781 932/932/781
f 923/923/780 932/932/781 924/924/780
f 933/933/782 934/934/783 935/935/783
f 933/933/782 935/935/783 936/936/782
f 931/931/781 937/937/784 938/938/784
f 931/931/781 938/938/784 932/932/781
f 934/934/783 905/905/670 908/908/670
f 934/934/783 908/908/670 935/935/783
f 939/939/721 940/940/667 941/941/667
f 939/939/721 941/941/667 942/942/721
f 906/906/668 943/943/665 944/944/665
f 906/906/668 944/944/665 907/907/668
f 940/940/667 927/927/666 930/930/666
f 940/940/667 930/930/666 941/941/667
f 943/943/665 945/945/785 946/946/786
f 943/943/665 946/946/786 944/944/665
f 928/928/663 947/947/723 948/948/723
f 928/928/663 948/948/723 929/929/663
f 945/945/785 949/949/696 950/950/696
f 945/945/785 950/950/696 946/946/786
f 951/951/724 952/952/659 953/953/659
f 951/951/724 953/953/659 954/954/724
f 947/947/723 955/955/787 956/956/787
f 947/947/723 956/956/787 948/948/723
f 949/949/696 957/957/695 958/958/695
f 949/949/696 958/958/695 950/950/696
f 952/952/659 959/959/694 960/960/694
f 952/952/659 960/960/694 953/953/659
f 955/955/787 961/961/788 962/962/788
f 955/955/787 962/962/788 956/956/787
f 957/957/695 913/913/703 916/916/703
f 957/957/695 916/916/703 958/958/695
f 959/959/694 963/963/789 964/964/789
f 959/959/694 964/964/789 960/960/694
f 961/961/788 965/965/691 966/966/691
f 961/961/788 966/966/691 962/962/788
f 967/967/706 968/968/690 969/969/690
f 967/967/706 969/969/690 970/970/706
f 963/963/789 813/813/689 816/816/689
f 963/963/789 816/816/689 964/964/789
f 965/965/691 895/895/687 898/898/687
f 965/965/691 898/898/687 966/966/691
f 968/968/690 899/899/686 902/902/686
f 968/968/690 902/902/686 969/969/690
# Vertices: 970, normals: 789, texture coordinates: 970, faces: 1306

o obj2
v 9.644E-05 0.04998897 -9E-08
v -0.00987308 0.04904031 4E-08
v -0.00999937 0.04902654 0.01329992
v -3.005E-05 0.05002987 0.01329991
v -0.04642422 -0.01865504 8.5E-07
v -0.04194357 -0.0272902 -5E-08
v -0.04196113 -0.0272505 0.01329995
v -0.04644083 -0.01864312 0.01329995
v 9.491E-05 -0.05000615 -9E-08
v 0.0100486 -0.04897511 -1E-07
v 0.00993936 -0.04899805 0.0132999
v -2.01E-05 -0.05000298 0.01329991
v 0.0462601 -0.01888955 -1.3E-07
v 0.0490139 -0.00973834 9.4E-07
v 0.04901212 -0.00974293 0.01329987
v 0.04625231 -0.01892669 0.01329987
v -0.03578414 -0.03495721 -6E-08
v -0.02819957 -0.04130523 -6E-08
v -0.02828551 -0.04125594 0.01329994
v -0.03584636 -0.0348973 0.01329994
v 0.01007087 0.04898797 -1E-07
v 0.00995084 0.04901014 0.0132999
v 0.04195225 0.02719442 -1.3E-07
v 0.03585876 0.0348278 -1.2E-07
v 0.03580607 0.03489039 0.01329988
v 0.04191925 0.02723834 0.01329987
v -0.01944925 -0.04606991 -7E-08
v -0.01955379 -0.04603671 0.01329993
v -0.01940601 0.04610794 2.3E-07
v -0.01952759 0.04607439 0.01329993
v 0.02832628 0.04119252 -1.1E-07
v 0.02824529 0.04125379 0.01329989
v -0.00987973 -0.04900657 -8E-08
v -0.00999625 -0.04900162 0.01329992
v -0.0281096 0.04138721 -6E-08
v -0.02822111 0.04132861 0.01329994
v 0.01961655 0.04599302 -1.1E-07
v 0.0195116 0.04603939 0.01329989
v -0.0281096 0.04138721 -6E-08
v -0.03565697 0.03511102 -6E-08
v -0.03574113 0.03503109 0.01329994
v -0.02822111 0.04132861 0.01329994
v 0.01954577 -0.04600203 3.7E-07
v 0.01945792 -0.04605108 0.01329989
v -0.04180151 0.02751738 -5E-08
v -0.04183493 0.02745474 0.01329995
v 0.02820001 -0.04125882 -1.1E-07
v 0.02813219 -0.04132319 0.01329989
v 0.04195225 0.02719442 -1.3E-07
v 0.04191925 0.02723834 0.01329987
v 0.04639566 0.01861594 0.01329987
v 0.04640913 0.01855085 9.4E-07
v 0.02820001 -0.04125882 -1.1E-07
v 0.03569296 -0.03498239 6.5E-07
v 0.03565656 -0.03502656 0.01329988
v 0.02813219 -0.04132319 0.01329989
v 0.04179898 -0.02740318 7.7E-07
v 0.04175692 -0.0274545 0.01329987
v -0.04630327 0.01896799 2.5E-07
v -0.04907912 0.00976731 -5E-08
v -0.04908751 0.00972988 0.01329995
v -0.04632346 0.01892067 0.01329995
v -0.05004865 0.0001714 -4E-08
v -0.05003963 0.00019342 0.01329995
v 0.04998086 -0.0001832 -1.3E-07
v 0.04997916 -0.00021997 0.01329987
v 0.04909342 0.00932948 -1.3E-07
v 0.04909969 0.00933156 0.01329987
v -0.04914481 -0.00939302 1.03E-06
v -0.04915845 -0.00935809 0.01329995
v -0.04194357 -0.0272902 -5E-08
v -0.04196113 -0.0272505 0.01329995
v -0.02492295 0.0817641 0.11807861
v -0.01699637 0.0817641 0.1217347
v -0.01699637 0.08268362 0.1217347
v -0.02492295 0.08268362 0.11807861
v -0.00885691 0.0817641 0.02547732
v -0.01727081 0.0817641 0.02775518
v -0.01727081 0.08268362 0.02775518
v -0.00885691 0.08268361 0.02547732
v 0.03200233 0.08176408 0.03629988
v 0.02485 0.08176408 0.03130931
v 0.02485 0.0826836 0.03130931
v 0.03200233 0.0826836 0.03629988
v -0.00857572 0.08176409 0.1239673
v -0.00857572 0.08268361 0.1239673
v -0.02516509 0.0817641 0.03145264
v -0.02516509 0.08268362 0.03145264
v 0.01693474 0.08176409 0.02765996
v 0.01693474 0.08268361 0.02765996
v 0.00011454 0.08176415 0.12465189
v 0.00878008 0.08176415 0.12391718
v 0.00878008 0.08268361 0.12391718
v 0.00011454 0.08268361 0.12465189
v -0.03228414 0.0817641 0.03648352
v -0.03228414 0.08268362 0.03648352
v 0.00850909 0.08176409 0.02542551
v 0.00850909 0.08268361 0.02542551
v 0.01721275 0.08176409 0.12163427
v 0.01721275 0.08268361 0.12163427
v -0.03843188 0.08176411 0.04266256
v -0.03843188 0.08268363 0.04266256
v -0.00017632 0.08176409 0.02468046
v -0.00017632 0.08268361 0.02468046
v 0.02508206 0.08176408 0.11793427
v 0.02508206 0.0826836 0.11793427
v -0.0434197 0.08176411 0.04981189
v -0.0434197 0.08268363 0.04981189
v -0.04696954 0.08176399 0.09194779
v -0.04307521 0.08176411 0.09971392
v -0.04307521 0.08268363 0.09971392
v -0.04696954 0.08268351 0.09194779
v 0.0322296 0.08176414 0.11289886
v 0.0322296 0.0826836 0.11289886
v -0.04706952 0.08176411 0.05772818
v -0.04706952 0.08268363 0.05772818
v 0.00011454 0.08176415 0.12465189
v 0.00011454 0.08268361 0.12465189
v 0.03822004 0.08176414 0.10661761
v 0.03822004 0.0826836 0.10661761
v -0.04930398 0.08176411 0.06615389
v -0.04930398 0.08268363 0.06615389
v 0.04334723 0.08176414 0.09959153
v 0.04334723 0.0826836 0.09959153
v 0.04700469 0.08176407 0.09165982
v 0.04700469 0.08268359 0.09165982
v -0.05004933 0.08176411 0.07484079
v -0.05004933 0.08268363 0.07484079
v 0.04673333 0.08176413 0.05751583
v 0.04321904 0.08176414 0.04957907
v 0.04321904 0.0826836 0.04957907
v 0.04673334 0.08268359 0.05751583
v 0.04923753 0.08176413 0.08323875
v 0.04923753 0.08268359 0.08323875
v -0.05004933 0.08176411 0.07484079
v -0.04925086 0.08176411 0.08351338
v -0.04925086 0.08268363 0.08351338
v -0.05004933 0.08268363 0.07484079
v 0.04997554 0.08176413 0.07455793
v 0.04997554 0.08268359 0.07455793
v 0.04997554 0.08176413 0.07455793
v 0.04918321 0.08176401 0.06586257
v 0.04918321 0.08268353 0.06586257
v 0.04997554 0.08268359 0.07455793
v -0.03825718 0.08176411 0.10693452
v -0.03825718 0.08268363 0.10693452
v -0.03205621 0.0817641 0.11309822
v -0.03205621 0.08268362 0.11309822
v 0.03817009 0.08176408 0.04244201
v 0.03817009 0.0826836 0.04244201
v -0.00017632 0.08176409 0.02468046
v -0.00017632 0.08268361 0.02468046
vn 0.00204 1 -0.00183
vn -0.19517 0.98077 -0.00037
vn -0.19853 0.98009 -0.00204
vn -0.00021 1 -0.00266
vn -0.92774 -0.37322 -0.00055
vn -0.88762 -0.46057 0.00018
vn -0.88728 -0.46123 -0.00034
vn -0.92777 -0.37315 -0.00061
vn 0.00165 -1 -0.00034
vn 0.20179 -0.97943 -0.00073
vn 0.19907 -0.97998 0.00052
vn -0.00024 -1 0.00024
vn 0.92596 -0.37762 -0.0004
vn 0.98073 -0.19535 0
vn 0.98073 -0.19538 0
vn 0.92559 -0.37853 0
vn -0.71421 -0.69993 -0.0007
vn -0.56277 -0.82661 -0.00107
vn -0.5647 -0.8253 -6E-05
vn -0.71574 -0.69837 0.00027
vn 0.20158 0.97947 -0.00021
vn 0.20015 0.97977 -0.00043
vn 0.78143 0.62399 3E-05
vn 0.7169 0.69718 0
vn 0.71586 0.69825 -0.00052
vn 0.78129 0.62417 -0.00012
vn -0.38783 -0.92173 -0.0014
vn -0.39025 -0.92071 -0.00024
vn -0.38725 0.92197 -0.00061
vn -0.38963 0.92097 -0.00168
vn 0.5668 0.82386 0.00018
vn 0.56493 0.82514 -0.00076
vn -0.197 -0.9804 -0.00137
vn -0.19899 -0.98 -0.00067
vn -0.47678 0.87902 -0.00012
vn -0.47818 0.87826 -0.00131
vn 0.39297 0.91955 0.00049
vn 0.39053 0.92059 -0.00067
vn -0.64045 0.768 -0.00046
vn -0.71185 0.70233 0.00034
vn -0.71397 0.70018 -0.00104
vn -0.64203 0.76667 -0.00198
vn 0.39159 -0.92014 -0.00131
vn 0.38924 -0.92113 -0.00012
vn -0.83497 0.55029 0.00058
vn -0.83589 0.54889 -0.00015
vn 0.48061 -0.87693 -0.00177
vn 0.47939 -0.8776 -0.00076
vn 0.88829 0.45928 -0.00052
vn 0.88753 0.46075 0.00067
vn 0.92836 0.37169 -0.00027
vn 0.92891 0.37032 -0.00085
vn 0.64197 -0.76673 -0.00064
vn 0.71402 -0.70013 -0.00037
vn 0.71353 -0.70062 -0.00024
vn 0.64175 -0.76691 -0.00043
vn 0.83614 -0.54852 0
vn 0.8354 -0.54965 0.00052
vn -0.92533 0.37917 0.00012
vn -0.9807 0.19551 0.00018
vn -0.98089 0.19456 -0.00024
vn -0.92567 0.37834 -0.00015
vn -0.99999 0.00357 0.00018
vn -0.99999 0.00409 0.0004
vn 0.99999 -0.00397 -0.00012
vn 0.99999 -0.00479 0.00018
vn 0.98235 0.18705 -0.00046
vn 0.98241 0.18675 -0.00021
vn -0.98202 -0.18879 -0.0007
vn -0.98226 -0.18751 0
vn -0.78016 -0.62558 -0.00015
vn -0.78101 -0.62451 0.00082
vn -0.49761 0 0.8674
vn -0.33883 0 0.94085
vn -0.17701 0 -0.98421
vn -0.34402 0 -0.93896
vn 0.64135 0 -0.76724
vn 0.49741 0 -0.86752
vn -0.16807 0 0.98578
vn -0.50259 0 -0.86452
vn 0.33876 0 -0.94087
vn 0.08448 0 0.99643
vn 0.17359 0 0.98482
vn -0.64542 0 -0.76383
vn 0.17155 0 -0.98518
vn 0.34471 0 0.93871
vn -0.76741 0 -0.64115
vn 0.08545 0 -0.99634
vn 0.50262 0 0.86451
vn -0.86754 0 -0.49737
vn -0.93431 0 0.35646
vn -0.86452 0 0.50259
vn 0.65289 0 0.75745
vn 0.65291 0 0.75744
vn -0.94087 0 -0.33876
vn -0.07853 0 0.99691
vn 0.76737 0 0.6412
vn -0.98518 0 -0.17155
vn 0.86219 0 0.50658
vn 0.94087 0 0.33876
vn -0.99634 0 -0.08545
vn 0.93898 0 -0.34398
vn 0.86968 0 -0.49362
vn 0.98524 0 0.17115
vn -0.99579 0 0.09168
vn -0.9842 0 0.17704
vn 0.99641 0 0.08469
vn 0.99588 0 -0.09073
vn 0.98235 0 -0.18705
vn -0.77225 0 0.63531
vn -0.64112 0 0.76744
vn 0.76383 0 -0.64542
vn -0.09141 0 -0.99581
vt 0.43869 0.97272
vt 0.43869 0.98022
vt 0.42854 0.98032
vt 0.42854 0.97282
vt 0.99423 0.9793
vt 0.99423 0.98532
vt 0.98408 0.98529
vt 0.98408 0.97929
vt 0.99423 0.90907
vt 0.99423 0.91655
vt 0.98408 0.91647
vt 0.98408 0.90898
vt 0.99469 0.14609
vt 0.99469 0.15331
vt 0.98454 0.15331
vt 0.98454 0.14606
vt 0.99423 0.88066
vt 0.99423 0.88691
vt 0.98408 0.88684
vt 0.98408 0.88061
vt 0.43869 0.96507
vt 0.42854 0.96516
vt 0.4387 0.93919
vt 0.43869 0.9444
vt 0.42854 0.94444
vt 0.42854 0.93922
vt 0.99423 0.89392
vt 0.98408 0.89384
vt 0.43869 0.98724
vt 0.42854 0.98733
vt 0.43869 0.95061
vt 0.42854 0.95067
vt 0.99423 0.90141
vt 0.98408 0.90133
vt 0.4387 0.9935
vt 0.42854 0.99358
vt 0.43869 0.95759
vt 0.42854 0.95767
vt 0.99423 0.9319
vt 0.99423 0.93748
vt 0.98408 0.93755
vt 0.98408 0.93195
vt 0.99423 0.92354
vt 0.98408 0.92348
vt 0.99423 0.94391
vt 0.98408 0.94396
vt 0.99424 0.92975
vt 0.98408 0.9297
vt 0.99469 0.1804
vt 0.98454 0.18043
vt 0.98454 0.17442
vt 0.99469 0.17438
vt 0.99469 0.12715
vt 0.99469 0.13274
vt 0.98454 0.1327
vt 0.98454 0.12709
vt 0.99469 0.13915
vt 0.98454 0.13911
vt 0.99423 0.95087
vt 0.99423 0.95813
vt 0.98408 0.95816
vt 0.98408 0.95091
vt 0.99423 0.96549
vt 0.98408 0.96547
vt 0.99469 0.16063
vt 0.98454 0.16061
vt 0.99469 0.16772
vt 0.98454 0.16772
vt 0.99423 0.97261
vt 0.98408 0.97259
vt 0.99424 0.87539
vt 0.98408 0.87537
vt 0.91313 0.95971
vt 0.91313 0.95345
vt 0.91383 0.95345
vt 0.91383 0.95971
vt 0.94662 0.94772
vt 0.94662 0.95348
vt 0.94592 0.95348
vt 0.94592 0.94772
vt 0.91028 0.96629
vt 0.91028 0.95973
vt 0.91098 0.95973
vt 0.91098 0.96629
vt 0.91313 0.94768
vt 0.91383 0.94768
vt 0.94662 0.95973
vt 0.94592 0.95973
vt 0.91028 0.95348
vt 0.91098 0.95348
vt 0.94307 0.99658
vt 0.94307 0.99152
vt 0.94377 0.99152
vt 0.94377 0.99658
vt 0.94662 0.96629
vt 0.94592 0.96629
vt 0.91028 0.94772
vt 0.91098 0.94772
vt 0.94307 0.98574
vt 0.94377 0.98574
vt 0.94662 0.97294
vt 0.94592 0.97294
vt 0.91028 0.94261
vt 0.91098 0.94261
vt 0.94307 0.9795
vt 0.94377 0.9795
vt 0.94662 0.9795
vt 0.94592 0.9795
vt 0.91313 0.98571
vt 0.91313 0.97942
vt 0.91383 0.97942
vt 0.91383 0.98571
vt 0.94307 0.97293
vt 0.94377 0.97293
vt 0.94662 0.98575
vt 0.94592 0.98575
vt 0.91313 0.94261
vt 0.91383 0.94261
vt 0.94307 0.9663
vt 0.94377 0.9663
vt 0.94662 0.99152
vt 0.94592 0.99152
vt 0.94307 0.95973
vt 0.94377 0.95973
vt 0.94307 0.95347
vt 0.94377 0.95347
vt 0.94662 0.99662
vt 0.94592 0.99662
vt 0.91028 0.98569
vt 0.91028 0.97951
vt 0.91098 0.97951
vt 0.91098 0.98569
vt 0.94307 0.94771
vt 0.94377 0.94771
vt 0.91313 0.99659
vt 0.91313 0.99149
vt 0.91383 0.99149
vt 0.91383 0.99659
vt 0.94307 0.94261
vt 0.94377 0.94261
vt 0.91028 0.99662
vt 0.91028 0.99151
vt 0.91098 0.99151
vt 0.91098 0.99662
vt 0.91313 0.97292
vt 0.91383 0.97292
vt 0.91313 0.96625
vt 0.91383 0.96625
vt 0.91028 0.97293
vt 0.91098 0.97293
vt 0.94662 0.94261
vt 0.94592 0.94261
usemtl mat0
f 971/971/790 972/972/791 973/973/792
f 971/971/790 973/973/792 974/974/793
f 975/975/794 976/976/795 977/977/796
f 975/975/794 977/977/796 978/978/797
f 979/979/798 980/980/799 981/981/800
f 979/979/798 981/981/800 982/982/801
f 983/983/802 984/984/803 985/985/804
f 983/983/802 985/985/804 986/986/805
f 987/987/806 988/988/807 989/989/808
f 987/987/806 989/989/808 990/990/809
f 991/991/810 971/971/790 974/974/793
f 991/991/810 974/974/793 992/992/811
f 993/993/812 994/994/813 995/995/814
f 993/993/812 995/995/814 996/996/815
f 988/988/807 997/997/816 998/998/817
f 988/988/807 998/998/817 989/989/808
f 972/972/791 999/999/818 1000/1000/819
f 972/972/791 1000/1000/819 973/973/792
f 994/994/813 1001/1001/820 1002/1002/821
f 994/994/813 1002/1002/821 995/995/814
f 997/997/816 1003/1003/822 1004/1004/823
f 997/997/816 1004/1004/823 998/998/817
f 999/999/818 1005/1005/824 1006/1006/825
f 999/999/818 1006/1006/825 1000/1000/819
f 1001/1001/820 1007/1007/826 1008/1008/827
f 1001/1001/820 1008/1008/827 1002/1002/821
f 1003/1003/822 979/979/798 982/982/801
f 1003/1003/822 982/982/801 1004/1004/823
f 1009/1009/828 1010/1010/829 1011/1011/830
f 1009/1009/828 1011/1011/830 1012/1012/831
f 1007/1007/826 991/991/810 992/992/811
f 1007/1007/826 992/992/811 1008/1008/827
f 980/980/799 1013/1013/832 1014/1014/833
f 980/980/799 1014/1014/833 981/981/800
f 1010/1010/829 1015/1015/834 1016/1016/835
f 1010/1010/829 1016/1016/835 1011/1011/830
f 1013/1013/832 1017/1017/836 1018/1018/837
f 1013/1013/832 1018/1018/837 1014/1014/833
f 1019/1019/838 1020/1020/839 1021/1021/840
f 1019/1019/838 1021/1021/840 1022/1022/841
f 1023/1023/842 1024/1024/843 1025/1025/844
f 1023/1023/842 1025/1025/844 1026/1026/845
f 1024/1024/843 1027/1027/846 1028/1028/847
f 1024/1024/843 1028/1028/847 1025/1025/844
f 1029/1029/848 1030/1030/849 1031/1031/850
f 1029/1029/848 1031/1031/850 1032/1032/851
f 1027/1027/846 983/983/802 986/986/805
f 1027/1027/846 986/986/805 1028/1028/847
f 1030/1030/849 1033/1033/852 1034/1034/853
f 1030/1030/849 1034/1034/853 1031/1031/850
f 984/984/803 1035/1035/854 1036/1036/855
f 984/984/803 1036/1036/855 985/985/804
f 1035/1035/854 1037/1037/856 1038/1038/857
f 1035/1035/854 1038/1038/857 1036/1036/855
f 1039/1039/858 975/975/794 978/978/797
f 1039/1039/858 978/978/797 1040/1040/859
f 1037/1037/856 1022/1022/841 1021/1021/840
f 1037/1037/856 1021/1021/840 1038/1038/857
f 1041/1041/860 987/987/806 990/990/809
f 1041/1041/860 990/990/809 1042/1042/861
f 1015/1015/834 1029/1029/848 1032/1032/851
f 1015/1015/834 1032/1032/851 1016/1016/835
f 1033/1033/852 1039/1039/858 1040/1040/859
f 1033/1033/852 1040/1040/859 1034/1034/853
f 1043/1043/862 1044/1044/863 1045/1045/863
f 1043/1043/862 1045/1045/863 1046/1046/862
f 1047/1047/864 1048/1048/865 1049/1049/865
f 1047/1047/864 1049/1049/865 1050/1050/864
f 1051/1051/866 1052/1052/867 1053/1053/867
f 1051/1051/866 1053/1053/867 1054/1054/866
f 1044/1044/863 1055/1055/868 1056/1056/868
f 1044/1044/863 1056/1056/868 1045/1045/863
f 1048/1048/865 1057/1057/869 1058/1058/869
f 1048/1048/865 1058/1058/869 1049/1049/865
f 1052/1052/867 1059/1059/870 1060/1060/870
f 1052/1052/867 1060/1060/870 1053/1053/867
f 1061/1061/871 1062/1062/872 1063/1063/872
f 1061/1061/871 1063/1063/872 1064/1064/871
f 1057/1057/869 1065/1065/873 1066/1066/873
f 1057/1057/869 1066/1066/873 1058/1058/869
f 1059/1059/870 1067/1067/874 1068/1068/874
f 1059/1059/870 1068/1068/874 1060/1060/870
f 1062/1062/872 1069/1069/875 1070/1070/875
f 1062/1062/872 1070/1070/875 1063/1063/872
f 1065/1065/873 1071/1071/876 1072/1072/876
f 1065/1065/873 1072/1072/876 1066/1066/873
f 1067/1067/874 1073/1073/877 1074/1074/877
f 1067/1067/874 1074/1074/877 1068/1068/874
f 1069/1069/875 1075/1075/878 1076/1076/878
f 1069/1069/875 1076/1076/878 1070/1070/875
f 1071/1071/876 1077/1077/879 1078/1078/879
f 1071/1071/876 1078/1078/879 1072/1072/876
f 1079/1079/880 1080/1080/881 1081/1081/881
f 1079/1079/880 1081/1081/881 1082/1082/880
f 1075/1075/878 1083/1083/882 1084/1084/883
f 1075/1075/878 1084/1084/883 1076/1076/878
f 1077/1077/879 1085/1085/884 1086/1086/884
f 1077/1077/879 1086/1086/884 1078/1078/879
f 1055/1055/868 1087/1087/885 1088/1088/885
f 1055/1055/868 1088/1088/885 1056/1056/868
f 1083/1083/882 1089/1089/886 1090/1090/886
f 1083/1083/882 1090/1090/886 1084/1084/883
f 1085/1085/884 1091/1091/887 1092/1092/887
f 1085/1085/884 1092/1092/887 1086/1086/884
f 1089/1089/886 1093/1093/888 1094/1094/888
f 1089/1089/886 1094/1094/888 1090/1090/886
f 1093/1093/888 1095/1095/889 1096/1096/889
f 1093/1093/888 1096/1096/889 1094/1094/888
f 1091/1091/887 1097/1097/890 1098/1098/890
f 1091/1091/887 1098/1098/890 1092/1092/887
f 1099/1099/891 1100/1100/892 1101/1101/892
f 1099/1099/891 1101/1101/892 1102/1102/891
f 1095/1095/889 1103/1103/893 1104/1104/893
f 1095/1095/889 1104/1104/893 1096/1096/889
f 1105/1105/894 1106/1106/895 1107/1107/895
f 1105/1105/894 1107/1107/895 1108/1108/894
f 1103/1103/893 1109/1109/896 1110/1110/896
f 1103/1103/893 1110/1110/896 1104/1104/893
f 1106/1106/895 1079/1079/880 1082/1082/880
f 1106/1106/895 1082/1082/880 1107/1107/895
f 1111/1111/897 1112/1112/898 1113/1113/898
f 1111/1111/897 1113/1113/898 1114/1114/897
f 1080/1080/881 1115/1115/899 1116/1116/899
f 1080/1080/881 1116/1116/899 1081/1081/881
f 1112/1112/898 1099/1099/891 1102/1102/891
f 1112/1112/898 1102/1102/891 1113/1113/898
f 1115/1115/899 1117/1117/900 1118/1118/900
f 1115/1115/899 1118/1118/900 1116/1116/899
f 1100/1100/892 1119/1119/901 1120/1120/901
f 1100/1100/892 1120/1120/901 1101/1101/892
f 1117/1117/900 1043/1043/862 1046/1046/862
f 1117/1117/900 1046/1046/862 1118/1118/900
f 1121/1121/902 1047/1047/864 1050/1050/864
f 1121/1121/902 1050/1050/864 1122/1122/902
f 1119/1119/901 1051/1051/866 1054/1054/866
f 1119/1119/901 1054/1054/866 1120/1120/901
# Vertices: 152, normals: 113, texture coordinates: 152, faces: 136

